PF_RENDER
pf_path_count=2
path[0] segments=9 open=true
vertex[0]=PF_PathVertex { x: 0.0, y: 100.0, tan_in_x: 0.0, tan_in_y: 100.0, tan_out_x: 0.0, tan_out_y: 100.0 }
vertex[1]=PF_PathVertex { x: 1.0, y: 100.25, tan_in_x: 1.0, tan_in_y: 100.25, tan_out_x: 1.0, tan_out_y: 100.25 }
vertex[2]=PF_PathVertex { x: 0.0039215087890625, y: 100.0009765625, tan_in_x: 0.0039215087890625, tan_in_y: 100.0009765625, tan_out_x: 0.0039215087890625, tan_out_y: 100.0009765625 }
vertex[3]=PF_PathVertex { x: 0.5019683837890625, y: 100.12548828125, tan_in_x: 0.5019683837890625, tan_in_y: 100.12548828125, tan_out_x: 0.5019683837890625, tan_out_y: 100.12548828125 }
vertex[4]=PF_PathVertex { x: 3.0517578125e-5, y: 100.00001525878906, tan_in_x: 3.0517578125e-5, tan_in_y: 100.00001525878906, tan_out_x: 3.0517578125e-5, tan_out_y: 100.00001525878906 }
vertex[5]=PF_PathVertex { x: 0.501953125, y: 100.12548828125, tan_in_x: 0.501953125, tan_in_y: 100.12548828125, tan_out_x: 0.501953125, tan_out_y: 100.12548828125 }
vertex[6]=PF_PathVertex { x: 0.1234588623046875, y: 100.03086853027344, tan_in_x: 0.1234588623046875, tan_in_y: 100.03086853027344, tan_out_x: 0.1234588623046875, tan_out_y: 100.03086853027344 }
vertex[7]=PF_PathVertex { x: 0.0, y: 100.0, tan_in_x: 0.0, tan_in_y: 100.0, tan_out_x: 0.0, tan_out_y: 100.0 }
vertex[8]=PF_PathVertex { x: 1.0, y: 100.25, tan_in_x: 1.0, tan_in_y: 100.25, tan_out_x: 1.0, tan_out_y: 100.25 }
vertex[9]=PF_PathVertex { x: 0.0, y: 100.0, tan_in_x: 0.0, tan_in_y: 100.0, tan_out_x: 0.0, tan_out_y: 100.0 }
path[1] segments=1054 open=true
vertex[0]=PF_PathVertex { x: -1234.0, y: -5680.0, tan_in_x: -1234.0, tan_in_y: -5680.0, tan_out_x: -1234.0, tan_out_y: -5680.0 }
vertex[1]=PF_PathVertex { x: 128.0, y: 96.0, tan_in_x: 128.0, tan_in_y: 96.0, tan_out_x: 128.0, tan_out_y: 96.0 }
vertex[2]=PF_PathVertex { x: 41.0, y: 9.0, tan_in_x: 41.0, tan_in_y: 9.0, tan_out_x: 41.0, tan_out_y: 9.0 }
vertex[3]=PF_PathVertex { x: 1.0, y: 1.0, tan_in_x: 1.0, tan_in_y: 1.0, tan_out_x: 1.0, tan_out_y: 1.0 }
vertex[4]=PF_PathVertex { x: 15664.0, y: 22616.5, tan_in_x: 15664.0, tan_in_y: 22616.5, tan_out_x: 15664.0, tan_out_y: 22616.5 }
vertex[5]=PF_PathVertex { x: 42.0, y: 9.0, tan_in_x: 42.0, tan_in_y: 9.0, tan_out_x: 42.0, tan_out_y: 9.0 }
vertex[6]=PF_PathVertex { x: 1.0, y: 1.0, tan_in_x: 1.0, tan_in_y: 1.0, tan_out_x: 1.0, tan_out_y: 1.0 }
vertex[7]=PF_PathVertex { x: 15848.0, y: 29813.0, tan_in_x: 15848.0, tan_in_y: 29813.0, tan_out_x: 15848.0, tan_out_y: 29813.0 }
vertex[8]=PF_PathVertex { x: 43.0, y: 9.0, tan_in_x: 43.0, tan_in_y: 9.0, tan_out_x: 43.0, tan_out_y: 9.0 }
vertex[9]=PF_PathVertex { x: 1.0, y: 1.0, tan_in_x: 1.0, tan_in_y: 1.0, tan_out_x: 1.0, tan_out_y: 1.0 }
vertex[10]=PF_PathVertex { x: 15880.0, y: 17476.5, tan_in_x: 15880.0, tan_in_y: 17476.5, tan_out_x: 15880.0, tan_out_y: 17476.5 }
vertex[11]=PF_PathVertex { x: 44.0, y: 9.0, tan_in_x: 44.0, tan_in_y: 9.0, tan_out_x: 44.0, tan_out_y: 9.0 }
vertex[12]=PF_PathVertex { x: 1.0, y: 1.0, tan_in_x: 1.0, tan_in_y: 1.0, tan_out_x: 1.0, tan_out_y: 1.0 }
vertex[13]=PF_PathVertex { x: 15936.0, y: 24673.0, tan_in_x: 15936.0, tan_in_y: 24673.0, tan_out_x: 15936.0, tan_out_y: 24673.0 }
vertex[14]=PF_PathVertex { x: 45.0, y: 9.0, tan_in_x: 45.0, tan_in_y: 9.0, tan_out_x: 45.0, tan_out_y: 9.0 }
vertex[15]=PF_PathVertex { x: 1.0, y: 1.0, tan_in_x: 1.0, tan_in_y: 1.0, tan_out_x: 1.0, tan_out_y: 1.0 }
vertex[16]=PF_PathVertex { x: 15960.0, y: 27757.0, tan_in_x: 15960.0, tan_in_y: 27757.0, tan_out_x: 15960.0, tan_out_y: 27757.0 }
vertex[17]=PF_PathVertex { x: 46.0, y: 9.0, tan_in_x: 46.0, tan_in_y: 9.0, tan_out_x: 46.0, tan_out_y: 9.0 }
vertex[18]=PF_PathVertex { x: 1.0, y: 1.0, tan_in_x: 1.0, tan_in_y: 1.0, tan_out_x: 1.0, tan_out_y: 1.0 }
vertex[19]=PF_PathVertex { x: 16000.0, y: 16448.5, tan_in_x: 16000.0, tan_in_y: 16448.5, tan_out_x: 16000.0, tan_out_y: 16448.5 }
vertex[20]=PF_PathVertex { x: 47.0, y: 9.0, tan_in_x: 47.0, tan_in_y: 9.0, tan_out_x: 47.0, tan_out_y: 9.0 }
vertex[21]=PF_PathVertex { x: 1.0, y: 1.0, tan_in_x: 1.0, tan_in_y: 1.0, tan_out_x: 1.0, tan_out_y: 1.0 }
vertex[22]=PF_PathVertex { x: 16020.0, y: 19018.5, tan_in_x: 16020.0, tan_in_y: 19018.5, tan_out_x: 16020.0, tan_out_y: 19018.5 }
vertex[23]=PF_PathVertex { x: 48.0, y: 9.0, tan_in_x: 48.0, tan_in_y: 9.0, tan_out_x: 48.0, tan_out_y: 9.0 }
vertex[24]=PF_PathVertex { x: 1.0, y: 1.0, tan_in_x: 1.0, tan_in_y: 1.0, tan_out_x: 1.0, tan_out_y: 1.0 }
vertex[25]=PF_PathVertex { x: 16032.0, y: 20560.5, tan_in_x: 16032.0, tan_in_y: 20560.5, tan_out_x: 16032.0, tan_out_y: 20560.5 }
vertex[26]=PF_PathVertex { x: 49.0, y: 9.0, tan_in_x: 49.0, tan_in_y: 9.0, tan_out_x: 49.0, tan_out_y: 9.0 }
vertex[27]=PF_PathVertex { x: 1.0, y: 1.0, tan_in_x: 1.0, tan_in_y: 1.0, tan_out_x: 1.0, tan_out_y: 1.0 }
vertex[28]=PF_PathVertex { x: 16060.0, y: 24158.5, tan_in_x: 16060.0, tan_in_y: 24158.5, tan_out_x: 16060.0, tan_out_y: 24158.5 }
vertex[29]=PF_PathVertex { x: 50.0, y: 9.0, tan_in_x: 50.0, tan_in_y: 9.0, tan_out_x: 50.0, tan_out_y: 9.0 }
vertex[30]=PF_PathVertex { x: 1.0, y: 1.0, tan_in_x: 1.0, tan_in_y: 1.0, tan_out_x: 1.0, tan_out_y: 1.0 }
vertex[31]=PF_PathVertex { x: 16036.0, y: 21074.5, tan_in_x: 16036.0, tan_in_y: 21074.5, tan_out_x: 16036.0, tan_out_y: 21074.5 }
vertex[32]=PF_PathVertex { x: 51.0, y: 9.0, tan_in_x: 51.0, tan_in_y: 9.0, tan_out_x: 51.0, tan_out_y: 9.0 }
vertex[33]=PF_PathVertex { x: 6.0, y: 1.0, tan_in_x: 6.0, tan_in_y: 1.0, tan_out_x: 6.0, tan_out_y: 1.0 }
vertex[34]=PF_PathVertex { x: 16032.0, y: 20560.5, tan_in_x: 16032.0, tan_in_y: 20560.5, tan_out_x: 16032.0, tan_out_y: 20560.5 }
vertex[35]=PF_PathVertex { x: 57.0, y: 9.0, tan_in_x: 57.0, tan_in_y: 9.0, tan_out_x: 57.0, tan_out_y: 9.0 }
vertex[36]=PF_PathVertex { x: 1.0, y: 1.0, tan_in_x: 1.0, tan_in_y: 1.0, tan_out_x: 1.0, tan_out_y: 1.0 }
vertex[37]=PF_PathVertex { x: 16008.0, y: 17476.5, tan_in_x: 16008.0, tan_in_y: 17476.5, tan_out_x: 16008.0, tan_out_y: 17476.5 }
vertex[38]=PF_PathVertex { x: 58.0, y: 9.0, tan_in_x: 58.0, tan_in_y: 9.0, tan_out_x: 58.0, tan_out_y: 9.0 }
vertex[39]=PF_PathVertex { x: 1.0, y: 1.0, tan_in_x: 1.0, tan_in_y: 1.0, tan_out_x: 1.0, tan_out_y: 1.0 }
vertex[40]=PF_PathVertex { x: 15992.0, y: 31869.0, tan_in_x: 15992.0, tan_in_y: 31869.0, tan_out_x: 15992.0, tan_out_y: 31869.0 }
vertex[41]=PF_PathVertex { x: 59.0, y: 9.0, tan_in_x: 59.0, tan_in_y: 9.0, tan_out_x: 59.0, tan_out_y: 9.0 }
vertex[42]=PF_PathVertex { x: 1.0, y: 1.0, tan_in_x: 1.0, tan_in_y: 1.0, tan_out_x: 1.0, tan_out_y: 1.0 }
vertex[43]=PF_PathVertex { x: 15936.0, y: 24673.0, tan_in_x: 15936.0, tan_in_y: 24673.0, tan_out_x: 15936.0, tan_out_y: 24673.0 }
vertex[44]=PF_PathVertex { x: 60.0, y: 9.0, tan_in_x: 60.0, tan_in_y: 9.0, tan_out_x: 60.0, tan_out_y: 9.0 }
vertex[45]=PF_PathVertex { x: 1.0, y: 1.0, tan_in_x: 1.0, tan_in_y: 1.0, tan_out_x: 1.0, tan_out_y: 1.0 }
vertex[46]=PF_PathVertex { x: 15904.0, y: 20560.5, tan_in_x: 15904.0, tan_in_y: 20560.5, tan_out_x: 15904.0, tan_out_y: 20560.5 }
vertex[47]=PF_PathVertex { x: 61.0, y: 9.0, tan_in_x: 61.0, tan_in_y: 9.0, tan_out_x: 61.0, tan_out_y: 9.0 }
vertex[48]=PF_PathVertex { x: 1.0, y: 1.0, tan_in_x: 1.0, tan_in_y: 1.0, tan_out_x: 1.0, tan_out_y: 1.0 }
vertex[49]=PF_PathVertex { x: 15872.0, y: 16448.5, tan_in_x: 15872.0, tan_in_y: 16448.5, tan_out_x: 15872.0, tan_out_y: 16448.5 }
vertex[50]=PF_PathVertex { x: 62.0, y: 9.0, tan_in_x: 62.0, tan_in_y: 9.0, tan_out_x: 62.0, tan_out_y: 9.0 }
vertex[51]=PF_PathVertex { x: 1.0, y: 1.0, tan_in_x: 1.0, tan_in_y: 1.0, tan_out_x: 1.0, tan_out_y: 1.0 }
vertex[52]=PF_PathVertex { x: 15752.0, y: 17476.5, tan_in_x: 15752.0, tan_in_y: 17476.5, tan_out_x: 15752.0, tan_out_y: 17476.5 }
vertex[53]=PF_PathVertex { x: 63.0, y: 9.0, tan_in_x: 63.0, tan_in_y: 9.0, tan_out_x: 63.0, tan_out_y: 9.0 }
vertex[54]=PF_PathVertex { x: 1.0, y: 1.0, tan_in_x: 1.0, tan_in_y: 1.0, tan_out_x: 1.0, tan_out_y: 1.0 }
vertex[55]=PF_PathVertex { x: 15664.0, y: 22616.5, tan_in_x: 15664.0, tan_in_y: 22616.5, tan_out_x: 15664.0, tan_out_y: 22616.5 }
vertex[56]=PF_PathVertex { x: 31.9998779296875, y: 10.0, tan_in_x: 31.9998779296875, tan_in_y: 10.0, tan_out_x: 31.9998779296875, tan_out_y: 10.0 }
vertex[57]=PF_PathVertex { x: 1.0, y: 1.0, tan_in_x: 1.0, tan_in_y: 1.0, tan_out_x: 1.0, tan_out_y: 1.0 }
vertex[58]=PF_PathVertex { x: 15696.0, y: 26729.0, tan_in_x: 15696.0, tan_in_y: 26729.0, tan_out_x: 15696.0, tan_out_y: 26729.0 }
vertex[59]=PF_PathVertex { x: 33.0, y: 10.0, tan_in_x: 33.0, tan_in_y: 10.0, tan_out_x: 33.0, tan_out_y: 10.0 }
vertex[60]=PF_PathVertex { x: 1.0, y: 1.0, tan_in_x: 1.0, tan_in_y: 1.0, tan_out_x: 1.0, tan_out_y: 1.0 }
vertex[61]=PF_PathVertex { x: 15940.0, y: 25187.001953125, tan_in_x: 15940.0, tan_in_y: 25187.001953125, tan_out_x: 15940.0, tan_out_y: 25187.001953125 }
vertex[62]=PF_PathVertex { x: 34.0, y: 10.0, tan_in_x: 34.0, tan_in_y: 10.0, tan_out_x: 34.0, tan_out_y: 10.0 }
vertex[63]=PF_PathVertex { x: 1.0, y: 1.0, tan_in_x: 1.0, tan_in_y: 1.0, tan_out_x: 1.0, tan_out_y: 1.0 }
vertex[64]=PF_PathVertex { x: 16046.0, y: 22359.5, tan_in_x: 16046.0, tan_in_y: 22359.5, tan_out_x: 16046.0, tan_out_y: 22359.5 }
vertex[65]=PF_PathVertex { x: 35.0, y: 10.0, tan_in_x: 35.0, tan_in_y: 10.0, tan_out_x: 35.0, tan_out_y: 10.0 }
vertex[66]=PF_PathVertex { x: 1.0, y: 1.0, tan_in_x: 1.0, tan_in_y: 1.0, tan_out_x: 1.0, tan_out_y: 1.0 }
vertex[67]=PF_PathVertex { x: 16118.0, y: 31612.0, tan_in_x: 16118.0, tan_in_y: 31612.0, tan_out_x: 16118.0, tan_out_y: 31612.0 }
vertex[68]=PF_PathVertex { x: 36.0, y: 10.0, tan_in_x: 36.0, tan_in_y: 10.0, tan_out_x: 36.0, tan_out_y: 10.0 }
vertex[69]=PF_PathVertex { x: 1.0, y: 1.0, tan_in_x: 1.0, tan_in_y: 1.0, tan_out_x: 1.0, tan_out_y: 1.0 }
vertex[70]=PF_PathVertex { x: 16152.0, y: 19532.5, tan_in_x: 16152.0, tan_in_y: 19532.5, tan_out_x: 16152.0, tan_out_y: 19532.5 }
vertex[71]=PF_PathVertex { x: 37.0, y: 10.0, tan_in_x: 37.0, tan_in_y: 10.0, tan_out_x: 37.0, tan_out_y: 10.0 }
vertex[72]=PF_PathVertex { x: 1.0, y: 1.0, tan_in_x: 1.0, tan_in_y: 1.0, tan_out_x: 1.0, tan_out_y: 1.0 }
vertex[73]=PF_PathVertex { x: 16180.0, y: 23130.5, tan_in_x: 16180.0, tan_in_y: 23130.5, tan_out_x: 16180.0, tan_out_y: 23130.5 }
vertex[74]=PF_PathVertex { x: 38.0, y: 10.0, tan_in_x: 38.0, tan_in_y: 10.0, tan_out_x: 38.0, tan_out_y: 10.0 }
vertex[75]=PF_PathVertex { x: 1.0, y: 1.0, tan_in_x: 1.0, tan_in_y: 1.0, tan_out_x: 1.0, tan_out_y: 1.0 }
vertex[76]=PF_PathVertex { x: 16206.0, y: 26472.0, tan_in_x: 16206.0, tan_in_y: 26472.0, tan_out_x: 16206.0, tan_out_y: 26472.0 }
vertex[77]=PF_PathVertex { x: 39.0, y: 10.0, tan_in_x: 39.0, tan_in_y: 10.0, tan_out_x: 39.0, tan_out_y: 10.0 }
vertex[78]=PF_PathVertex { x: 1.0, y: 1.0, tan_in_x: 1.0, tan_in_y: 1.0, tan_out_x: 1.0, tan_out_y: 1.0 }
vertex[79]=PF_PathVertex { x: 16229.0, y: 29427.5, tan_in_x: 16229.0, tan_in_y: 29427.5, tan_out_x: 16229.0, tan_out_y: 29427.5 }
vertex[80]=PF_PathVertex { x: 40.0, y: 10.0, tan_in_x: 40.0, tan_in_y: 10.0, tan_out_x: 40.0, tan_out_y: 10.0 }
vertex[81]=PF_PathVertex { x: 1.0, y: 1.0, tan_in_x: 1.0, tan_in_y: 1.0, tan_out_x: 1.0, tan_out_y: 1.0 }
vertex[82]=PF_PathVertex { x: 16248.0, y: 31869.0, tan_in_x: 16248.0, tan_in_y: 31869.0, tan_out_x: 16248.0, tan_out_y: 31869.0 }
vertex[83]=PF_PathVertex { x: 41.0, y: 10.0, tan_in_x: 41.0, tan_in_y: 10.0, tan_out_x: 41.0, tan_out_y: 10.0 }
vertex[84]=PF_PathVertex { x: 23.0, y: 1.0, tan_in_x: 23.0, tan_in_y: 1.0, tan_out_x: 23.0, tan_out_y: 1.0 }
vertex[85]=PF_PathVertex { x: 16256.0, y: 0.0, tan_in_x: 16256.0, tan_in_y: 0.0, tan_out_x: 16256.0, tan_out_y: 0.0 }
vertex[86]=PF_PathVertex { x: 64.0001220703125, y: 10.0, tan_in_x: 64.0001220703125, tan_in_y: 10.0, tan_out_x: 64.0001220703125, tan_out_y: 10.0 }
vertex[87]=PF_PathVertex { x: 1.0, y: 1.0, tan_in_x: 1.0, tan_in_y: 1.0, tan_out_x: 1.0, tan_out_y: 1.0 }
vertex[88]=PF_PathVertex { x: 16253.0, y: 32511.5, tan_in_x: 16253.0, tan_in_y: 32511.5, tan_out_x: 16253.0, tan_out_y: 32511.5 }
vertex[89]=PF_PathVertex { x: 64.9998779296875, y: 10.0, tan_in_x: 64.9998779296875, tan_in_y: 10.0, tan_out_x: 64.9998779296875, tan_out_y: 10.0 }
vertex[90]=PF_PathVertex { x: 1.0, y: 1.0, tan_in_x: 1.0, tan_in_y: 1.0, tan_out_x: 1.0, tan_out_y: 1.0 }
vertex[91]=PF_PathVertex { x: 16237.0, y: 30455.5, tan_in_x: 16237.0, tan_in_y: 30455.5, tan_out_x: 16237.0, tan_out_y: 30455.5 }
vertex[92]=PF_PathVertex { x: 66.0, y: 10.0, tan_in_x: 66.0, tan_in_y: 10.0, tan_out_x: 66.0, tan_out_y: 10.0 }
vertex[93]=PF_PathVertex { x: 1.0, y: 1.0, tan_in_x: 1.0, tan_in_y: 1.0, tan_out_x: 1.0, tan_out_y: 1.0 }
vertex[94]=PF_PathVertex { x: 16220.0, y: 28271.0, tan_in_x: 16220.0, tan_in_y: 28271.0, tan_out_x: 16220.0, tan_out_y: 28271.0 }
vertex[95]=PF_PathVertex { x: 67.0, y: 10.0, tan_in_x: 67.0, tan_in_y: 10.0, tan_out_x: 67.0, tan_out_y: 10.0 }
vertex[96]=PF_PathVertex { x: 1.0, y: 1.0, tan_in_x: 1.0, tan_in_y: 1.0, tan_out_x: 1.0, tan_out_y: 1.0 }
vertex[97]=PF_PathVertex { x: 16203.0, y: 26086.501953125, tan_in_x: 16203.0, tan_in_y: 26086.501953125, tan_out_x: 16203.0, tan_out_y: 26086.501953125 }
vertex[98]=PF_PathVertex { x: 68.0, y: 10.0, tan_in_x: 68.0, tan_in_y: 10.0, tan_out_x: 68.0, tan_out_y: 10.0 }
vertex[99]=PF_PathVertex { x: 1.0, y: 1.0, tan_in_x: 1.0, tan_in_y: 1.0, tan_out_x: 1.0, tan_out_y: 1.0 }
vertex[100]=PF_PathVertex { x: 16187.0, y: 24030.0, tan_in_x: 16187.0, tan_in_y: 24030.0, tan_out_x: 16187.0, tan_out_y: 24030.0 }
vertex[101]=PF_PathVertex { x: 69.0, y: 10.0, tan_in_x: 69.0, tan_in_y: 10.0, tan_out_x: 69.0, tan_out_y: 10.0 }
vertex[102]=PF_PathVertex { x: 1.0, y: 1.0, tan_in_x: 1.0, tan_in_y: 1.0, tan_out_x: 1.0, tan_out_y: 1.0 }
vertex[103]=PF_PathVertex { x: 16170.0, y: 21845.5, tan_in_x: 16170.0, tan_in_y: 21845.5, tan_out_x: 16170.0, tan_out_y: 21845.5 }
vertex[104]=PF_PathVertex { x: 70.0, y: 10.0, tan_in_x: 70.0, tan_in_y: 10.0, tan_out_x: 70.0, tan_out_y: 10.0 }
vertex[105]=PF_PathVertex { x: 1.0, y: 1.0, tan_in_x: 1.0, tan_in_y: 1.0, tan_out_x: 1.0, tan_out_y: 1.0 }
vertex[106]=PF_PathVertex { x: 16153.0, y: 19661.0, tan_in_x: 16153.0, tan_in_y: 19661.0, tan_out_x: 16153.0, tan_out_y: 19661.0 }
vertex[107]=PF_PathVertex { x: 71.0, y: 10.0, tan_in_x: 71.0, tan_in_y: 10.0, tan_out_x: 71.0, tan_out_y: 10.0 }
vertex[108]=PF_PathVertex { x: 1.0, y: 1.0, tan_in_x: 1.0, tan_in_y: 1.0, tan_out_x: 1.0, tan_out_y: 1.0 }
vertex[109]=PF_PathVertex { x: 16137.0, y: 17605.001953125, tan_in_x: 16137.0, tan_in_y: 17605.001953125, tan_out_x: 16137.0, tan_out_y: 17605.001953125 }
vertex[110]=PF_PathVertex { x: 72.0, y: 10.0, tan_in_x: 72.0, tan_in_y: 10.0, tan_out_x: 72.0, tan_out_y: 10.0 }
vertex[111]=PF_PathVertex { x: 1.0, y: 1.0, tan_in_x: 1.0, tan_in_y: 1.0, tan_out_x: 1.0, tan_out_y: 1.0 }
vertex[112]=PF_PathVertex { x: 16102.0, y: 29556.0, tan_in_x: 16102.0, tan_in_y: 29556.0, tan_out_x: 16102.0, tan_out_y: 29556.0 }
vertex[113]=PF_PathVertex { x: 73.0, y: 10.0, tan_in_x: 73.0, tan_in_y: 10.0, tan_out_x: 73.0, tan_out_y: 10.0 }
vertex[114]=PF_PathVertex { x: 1.0, y: 1.0, tan_in_x: 1.0, tan_in_y: 1.0, tan_out_x: 1.0, tan_out_y: 1.0 }
vertex[115]=PF_PathVertex { x: 16054.0, y: 23387.5, tan_in_x: 16054.0, tan_in_y: 23387.5, tan_out_x: 16054.0, tan_out_y: 23387.5 }
vertex[116]=PF_PathVertex { x: 74.0, y: 10.0, tan_in_x: 74.0, tan_in_y: 10.0, tan_out_x: 74.0, tan_out_y: 10.0 }
vertex[117]=PF_PathVertex { x: 1.0, y: 1.0, tan_in_x: 1.0, tan_in_y: 1.0, tan_out_x: 1.0, tan_out_y: 1.0 }
vertex[118]=PF_PathVertex { x: 16012.0, y: 17990.5, tan_in_x: 16012.0, tan_in_y: 17990.5, tan_out_x: 16012.0, tan_out_y: 17990.5 }
vertex[119]=PF_PathVertex { x: 75.0, y: 10.0, tan_in_x: 75.0, tan_in_y: 10.0, tan_out_x: 75.0, tan_out_y: 10.0 }
vertex[120]=PF_PathVertex { x: 1.0, y: 1.0, tan_in_x: 1.0, tan_in_y: 1.0, tan_out_x: 1.0, tan_out_y: 1.0 }
vertex[121]=PF_PathVertex { x: 15932.0, y: 24158.5, tan_in_x: 15932.0, tan_in_y: 24158.5, tan_out_x: 15932.0, tan_out_y: 24158.5 }
vertex[122]=PF_PathVertex { x: 76.0, y: 10.0, tan_in_x: 76.0, tan_in_y: 10.0, tan_out_x: 76.0, tan_out_y: 10.0 }
vertex[123]=PF_PathVertex { x: 1.0, y: 1.0, tan_in_x: 1.0, tan_in_y: 1.0, tan_out_x: 1.0, tan_out_y: 1.0 }
vertex[124]=PF_PathVertex { x: 15816.0, y: 25701.0, tan_in_x: 15816.0, tan_in_y: 25701.0, tan_out_x: 15816.0, tan_out_y: 25701.0 }
vertex[125]=PF_PathVertex { x: 77.0, y: 10.0, tan_in_x: 77.0, tan_in_y: 10.0, tan_out_x: 77.0, tan_out_y: 10.0 }
vertex[126]=PF_PathVertex { x: 1.0, y: 1.0, tan_in_x: 1.0, tan_in_y: 1.0, tan_out_x: 1.0, tan_out_y: 1.0 }
vertex[127]=PF_PathVertex { x: 15488.0, y: 16448.5, tan_in_x: 15488.0, tan_in_y: 16448.5, tan_out_x: 15488.0, tan_out_y: 16448.5 }
vertex[128]=PF_PathVertex { x: 27.0, y: 11.0, tan_in_x: 27.0, tan_in_y: 11.0, tan_out_x: 27.0, tan_out_y: 11.0 }
vertex[129]=PF_PathVertex { x: 1.0, y: 1.0, tan_in_x: 1.0, tan_in_y: 1.0, tan_out_x: 1.0, tan_out_y: 1.0 }
vertex[130]=PF_PathVertex { x: 15552.0, y: 24673.0, tan_in_x: 15552.0, tan_in_y: 24673.0, tan_out_x: 15552.0, tan_out_y: 24673.0 }
vertex[131]=PF_PathVertex { x: 28.0, y: 11.0, tan_in_x: 28.0, tan_in_y: 11.0, tan_out_x: 28.0, tan_out_y: 11.0 }
vertex[132]=PF_PathVertex { x: 1.0, y: 1.0, tan_in_x: 1.0, tan_in_y: 1.0, tan_out_x: 1.0, tan_out_y: 1.0 }
vertex[133]=PF_PathVertex { x: 15984.0, y: 30841.0, tan_in_x: 15984.0, tan_in_y: 30841.0, tan_out_x: 15984.0, tan_out_y: 30841.0 }
vertex[134]=PF_PathVertex { x: 29.0, y: 11.0, tan_in_x: 29.0, tan_in_y: 11.0, tan_out_x: 29.0, tan_out_y: 11.0 }
vertex[135]=PF_PathVertex { x: 1.0, y: 1.0, tan_in_x: 1.0, tan_in_y: 1.0, tan_out_x: 1.0, tan_out_y: 1.0 }
vertex[136]=PF_PathVertex { x: 16116.0, y: 31355.0, tan_in_x: 16116.0, tan_in_y: 31355.0, tan_out_x: 16116.0, tan_out_y: 31355.0 }
vertex[137]=PF_PathVertex { x: 30.0, y: 11.0, tan_in_x: 30.0, tan_in_y: 11.0, tan_out_x: 30.0, tan_out_y: 11.0 }
vertex[138]=PF_PathVertex { x: 1.0, y: 1.0, tan_in_x: 1.0, tan_in_y: 1.0, tan_out_x: 1.0, tan_out_y: 1.0 }
vertex[139]=PF_PathVertex { x: 16171.0, y: 21974.0, tan_in_x: 16171.0, tan_in_y: 21974.0, tan_out_x: 16171.0, tan_out_y: 21974.0 }
vertex[140]=PF_PathVertex { x: 31.0001220703125, y: 11.0, tan_in_x: 31.0001220703125, tan_in_y: 11.0, tan_out_x: 31.0001220703125, tan_out_y: 11.0 }
vertex[141]=PF_PathVertex { x: 1.0, y: 1.0, tan_in_x: 1.0, tan_in_y: 1.0, tan_out_x: 1.0, tan_out_y: 1.0 }
vertex[142]=PF_PathVertex { x: 16220.0, y: 28271.0, tan_in_x: 16220.0, tan_in_y: 28271.0, tan_out_x: 16220.0, tan_out_y: 28271.0 }
vertex[143]=PF_PathVertex { x: 31.9998779296875, y: 11.0, tan_in_x: 31.9998779296875, tan_in_y: 11.0, tan_out_x: 31.9998779296875, tan_out_y: 11.0 }
vertex[144]=PF_PathVertex { x: 46.0, y: 1.0, tan_in_x: 46.0, tan_in_y: 1.0, tan_out_x: 46.0, tan_out_y: 1.0 }
vertex[145]=PF_PathVertex { x: 16256.0, y: 0.0, tan_in_x: 16256.0, tan_in_y: 0.0, tan_out_x: 16256.0, tan_out_y: 0.0 }
vertex[146]=PF_PathVertex { x: 78.0, y: 11.0, tan_in_x: 78.0, tan_in_y: 11.0, tan_out_x: 78.0, tan_out_y: 11.0 }
vertex[147]=PF_PathVertex { x: 1.0, y: 1.0, tan_in_x: 1.0, tan_in_y: 1.0, tan_out_x: 1.0, tan_out_y: 1.0 }
vertex[148]=PF_PathVertex { x: 16235.0, y: 30198.5, tan_in_x: 16235.0, tan_in_y: 30198.5, tan_out_x: 16235.0, tan_out_y: 30198.5 }
vertex[149]=PF_PathVertex { x: 79.0, y: 11.0, tan_in_x: 79.0, tan_in_y: 11.0, tan_out_x: 79.0, tan_out_y: 11.0 }
vertex[150]=PF_PathVertex { x: 1.0, y: 1.0, tan_in_x: 1.0, tan_in_y: 1.0, tan_out_x: 1.0, tan_out_y: 1.0 }
vertex[151]=PF_PathVertex { x: 16211.0, y: 27114.5, tan_in_x: 16211.0, tan_in_y: 27114.5, tan_out_x: 16211.0, tan_out_y: 27114.5 }
vertex[152]=PF_PathVertex { x: 80.0, y: 11.0, tan_in_x: 80.0, tan_in_y: 11.0, tan_out_x: 80.0, tan_out_y: 11.0 }
vertex[153]=PF_PathVertex { x: 1.0, y: 1.0, tan_in_x: 1.0, tan_in_y: 1.0, tan_out_x: 1.0, tan_out_y: 1.0 }
vertex[154]=PF_PathVertex { x: 16184.0, y: 23644.5, tan_in_x: 16184.0, tan_in_y: 23644.5, tan_out_x: 16184.0, tan_out_y: 23644.5 }
vertex[155]=PF_PathVertex { x: 81.0, y: 11.0, tan_in_x: 81.0, tan_in_y: 11.0, tan_out_x: 81.0, tan_out_y: 11.0 }
vertex[156]=PF_PathVertex { x: 1.0, y: 1.0, tan_in_x: 1.0, tan_in_y: 1.0, tan_out_x: 1.0, tan_out_y: 1.0 }
vertex[157]=PF_PathVertex { x: 16156.0, y: 20046.5, tan_in_x: 16156.0, tan_in_y: 20046.5, tan_out_x: 16156.0, tan_out_y: 20046.5 }
vertex[158]=PF_PathVertex { x: 82.0, y: 11.0, tan_in_x: 82.0, tan_in_y: 11.0, tan_out_x: 82.0, tan_out_y: 11.0 }
vertex[159]=PF_PathVertex { x: 1.0, y: 1.0, tan_in_x: 1.0, tan_in_y: 1.0, tan_out_x: 1.0, tan_out_y: 1.0 }
vertex[160]=PF_PathVertex { x: 16130.0, y: 16705.501953125, tan_in_x: 16130.0, tan_in_y: 16705.501953125, tan_out_x: 16130.0, tan_out_y: 16705.501953125 }
vertex[161]=PF_PathVertex { x: 83.0, y: 11.0, tan_in_x: 83.0, tan_in_y: 11.0, tan_out_x: 83.0, tan_out_y: 11.0 }
vertex[162]=PF_PathVertex { x: 1.0, y: 1.0, tan_in_x: 1.0, tan_in_y: 1.0, tan_out_x: 1.0, tan_out_y: 1.0 }
vertex[163]=PF_PathVertex { x: 16078.0, y: 26472.0, tan_in_x: 16078.0, tan_in_y: 26472.0, tan_out_x: 16078.0, tan_out_y: 26472.0 }
vertex[164]=PF_PathVertex { x: 84.0, y: 11.0, tan_in_x: 84.0, tan_in_y: 11.0, tan_out_x: 84.0, tan_out_y: 11.0 }
vertex[165]=PF_PathVertex { x: 1.0, y: 1.0, tan_in_x: 1.0, tan_in_y: 1.0, tan_out_x: 1.0, tan_out_y: 1.0 }
vertex[166]=PF_PathVertex { x: 16022.0, y: 19275.5, tan_in_x: 16022.0, tan_in_y: 19275.5, tan_out_x: 16022.0, tan_out_y: 19275.5 }
vertex[167]=PF_PathVertex { x: 85.0, y: 11.0, tan_in_x: 85.0, tan_in_y: 11.0, tan_out_x: 85.0, tan_out_y: 11.0 }
vertex[168]=PF_PathVertex { x: 1.0, y: 1.0, tan_in_x: 1.0, tan_in_y: 1.0, tan_out_x: 1.0, tan_out_y: 1.0 }
vertex[169]=PF_PathVertex { x: 15936.0, y: 24673.0, tan_in_x: 15936.0, tan_in_y: 24673.0, tan_out_x: 15936.0, tan_out_y: 24673.0 }
vertex[170]=PF_PathVertex { x: 86.0, y: 11.0, tan_in_x: 86.0, tan_in_y: 11.0, tan_out_x: 86.0, tan_out_y: 11.0 }
vertex[171]=PF_PathVertex { x: 1.0, y: 1.0, tan_in_x: 1.0, tan_in_y: 1.0, tan_out_x: 1.0, tan_out_y: 1.0 }
vertex[172]=PF_PathVertex { x: 15744.0, y: 16448.5, tan_in_x: 15744.0, tan_in_y: 16448.5, tan_out_x: 15744.0, tan_out_y: 16448.5 }
vertex[173]=PF_PathVertex { x: 24.0, y: 12.0, tan_in_x: 24.0, tan_in_y: 12.0, tan_out_x: 24.0, tan_out_y: 12.0 }
vertex[174]=PF_PathVertex { x: 1.0, y: 1.0, tan_in_x: 1.0, tan_in_y: 1.0, tan_out_x: 1.0, tan_out_y: 1.0 }
vertex[175]=PF_PathVertex { x: 15808.0, y: 24673.0, tan_in_x: 15808.0, tan_in_y: 24673.0, tan_out_x: 15808.0, tan_out_y: 24673.0 }
vertex[176]=PF_PathVertex { x: 25.0, y: 12.0, tan_in_x: 25.0, tan_in_y: 12.0, tan_out_x: 25.0, tan_out_y: 12.0 }
vertex[177]=PF_PathVertex { x: 1.0, y: 1.0, tan_in_x: 1.0, tan_in_y: 1.0, tan_out_x: 1.0, tan_out_y: 1.0 }
vertex[178]=PF_PathVertex { x: 16080.0, y: 26729.0, tan_in_x: 16080.0, tan_in_y: 26729.0, tan_out_x: 16080.0, tan_out_y: 26729.0 }
vertex[179]=PF_PathVertex { x: 26.0, y: 12.0, tan_in_x: 26.0, tan_in_y: 12.0, tan_out_x: 26.0, tan_out_y: 12.0 }
vertex[180]=PF_PathVertex { x: 1.0, y: 1.0, tan_in_x: 1.0, tan_in_y: 1.0, tan_out_x: 1.0, tan_out_y: 1.0 }
vertex[181]=PF_PathVertex { x: 16183.0, y: 23516.0, tan_in_x: 16183.0, tan_in_y: 23516.0, tan_out_x: 16183.0, tan_out_y: 23516.0 }
vertex[182]=PF_PathVertex { x: 27.0, y: 12.0, tan_in_x: 27.0, tan_in_y: 12.0, tan_out_x: 27.0, tan_out_y: 12.0 }
vertex[183]=PF_PathVertex { x: 1.0, y: 1.0, tan_in_x: 1.0, tan_in_y: 1.0, tan_out_x: 1.0, tan_out_y: 1.0 }
vertex[184]=PF_PathVertex { x: 16246.0, y: 31612.0, tan_in_x: 16246.0, tan_in_y: 31612.0, tan_out_x: 16246.0, tan_out_y: 31612.0 }
vertex[185]=PF_PathVertex { x: 28.0, y: 12.0, tan_in_x: 28.0, tan_in_y: 12.0, tan_out_x: 28.0, tan_out_y: 12.0 }
vertex[186]=PF_PathVertex { x: 59.0, y: 1.0, tan_in_x: 59.0, tan_in_y: 1.0, tan_out_x: 59.0, tan_out_y: 1.0 }
vertex[187]=PF_PathVertex { x: 16256.0, y: 0.0, tan_in_x: 16256.0, tan_in_y: 0.0, tan_out_x: 16256.0, tan_out_y: 0.0 }
vertex[188]=PF_PathVertex { x: 87.0, y: 12.0, tan_in_x: 87.0, tan_in_y: 12.0, tan_out_x: 87.0, tan_out_y: 12.0 }
vertex[189]=PF_PathVertex { x: 1.0, y: 1.0, tan_in_x: 1.0, tan_in_y: 1.0, tan_out_x: 1.0, tan_out_y: 1.0 }
vertex[190]=PF_PathVertex { x: 16240.0, y: 30841.0, tan_in_x: 16240.0, tan_in_y: 30841.0, tan_out_x: 16240.0, tan_out_y: 30841.0 }
vertex[191]=PF_PathVertex { x: 88.0, y: 12.0, tan_in_x: 88.0, tan_in_y: 12.0, tan_out_x: 88.0, tan_out_y: 12.0 }
vertex[192]=PF_PathVertex { x: 1.0, y: 1.0, tan_in_x: 1.0, tan_in_y: 1.0, tan_out_x: 1.0, tan_out_y: 1.0 }
vertex[193]=PF_PathVertex { x: 16208.0, y: 26729.0, tan_in_x: 16208.0, tan_in_y: 26729.0, tan_out_x: 16208.0, tan_out_y: 26729.0 }
vertex[194]=PF_PathVertex { x: 89.0, y: 12.0, tan_in_x: 89.0, tan_in_y: 12.0, tan_out_x: 89.0, tan_out_y: 12.0 }
vertex[195]=PF_PathVertex { x: 1.0, y: 1.0, tan_in_x: 1.0, tan_in_y: 1.0, tan_out_x: 1.0, tan_out_y: 1.0 }
vertex[196]=PF_PathVertex { x: 16174.0, y: 22359.5, tan_in_x: 16174.0, tan_in_y: 22359.5, tan_out_x: 16174.0, tan_out_y: 22359.5 }
vertex[197]=PF_PathVertex { x: 90.0, y: 12.0, tan_in_x: 90.0, tan_in_y: 12.0, tan_out_x: 90.0, tan_out_y: 12.0 }
vertex[198]=PF_PathVertex { x: 1.0, y: 1.0, tan_in_x: 1.0, tan_in_y: 1.0, tan_out_x: 1.0, tan_out_y: 1.0 }
vertex[199]=PF_PathVertex { x: 16142.0, y: 18247.5, tan_in_x: 16142.0, tan_in_y: 18247.5, tan_out_x: 16142.0, tan_out_y: 18247.5 }
vertex[200]=PF_PathVertex { x: 91.0, y: 12.0, tan_in_x: 91.0, tan_in_y: 12.0, tan_out_x: 91.0, tan_out_y: 12.0 }
vertex[201]=PF_PathVertex { x: 1.0, y: 1.0, tan_in_x: 1.0, tan_in_y: 1.0, tan_out_x: 1.0, tan_out_y: 1.0 }
vertex[202]=PF_PathVertex { x: 16092.0, y: 28271.0, tan_in_x: 16092.0, tan_in_y: 28271.0, tan_out_x: 16092.0, tan_out_y: 28271.0 }
vertex[203]=PF_PathVertex { x: 92.0, y: 12.0, tan_in_x: 92.0, tan_in_y: 12.0, tan_out_x: 92.0, tan_out_y: 12.0 }
vertex[204]=PF_PathVertex { x: 1.0, y: 1.0, tan_in_x: 1.0, tan_in_y: 1.0, tan_out_x: 1.0, tan_out_y: 1.0 }
vertex[205]=PF_PathVertex { x: 16028.0, y: 20046.5, tan_in_x: 16028.0, tan_in_y: 20046.5, tan_out_x: 16028.0, tan_out_y: 20046.5 }
vertex[206]=PF_PathVertex { x: 93.0, y: 12.0, tan_in_x: 93.0, tan_in_y: 12.0, tan_out_x: 93.0, tan_out_y: 12.0 }
vertex[207]=PF_PathVertex { x: 1.0, y: 1.0, tan_in_x: 1.0, tan_in_y: 1.0, tan_out_x: 1.0, tan_out_y: 1.0 }
vertex[208]=PF_PathVertex { x: 15920.0, y: 22616.5, tan_in_x: 15920.0, tan_in_y: 22616.5, tan_out_x: 15920.0, tan_out_y: 22616.5 }
vertex[209]=PF_PathVertex { x: 94.0, y: 12.0, tan_in_x: 94.0, tan_in_y: 12.0, tan_out_x: 94.0, tan_out_y: 12.0 }
vertex[210]=PF_PathVertex { x: 1.0, y: 1.0, tan_in_x: 1.0, tan_in_y: 1.0, tan_out_x: 1.0, tan_out_y: 1.0 }
vertex[211]=PF_PathVertex { x: 15680.0, y: 24673.0, tan_in_x: 15680.0, tan_in_y: 24673.0, tan_out_x: 15680.0, tan_out_y: 24673.0 }
vertex[212]=PF_PathVertex { x: 21.0, y: 12.99951171875, tan_in_x: 21.0, tan_in_y: 12.99951171875, tan_out_x: 21.0, tan_out_y: 12.99951171875 }
vertex[213]=PF_PathVertex { x: 1.0, y: 1.0, tan_in_x: 1.0, tan_in_y: 1.0, tan_out_x: 1.0, tan_out_y: 1.0 }
vertex[214]=PF_PathVertex { x: 15360.0, y: 16448.5, tan_in_x: 15360.0, tan_in_y: 16448.5, tan_out_x: 15360.0, tan_out_y: 16448.5 }
vertex[215]=PF_PathVertex { x: 22.0, y: 12.99951171875, tan_in_x: 22.0, tan_in_y: 12.99951171875, tan_out_x: 22.0, tan_out_y: 12.99951171875 }
vertex[216]=PF_PathVertex { x: 1.0, y: 1.0, tan_in_x: 1.0, tan_in_y: 1.0, tan_out_x: 1.0, tan_out_y: 1.0 }
vertex[217]=PF_PathVertex { x: 16026.0, y: 19789.5, tan_in_x: 16026.0, tan_in_y: 19789.5, tan_out_x: 16026.0, tan_out_y: 19789.5 }
vertex[218]=PF_PathVertex { x: 23.0, y: 12.99951171875, tan_in_x: 23.0, tan_in_y: 12.99951171875, tan_out_x: 23.0, tan_out_y: 12.99951171875 }
vertex[219]=PF_PathVertex { x: 1.0, y: 1.0, tan_in_x: 1.0, tan_in_y: 1.0, tan_out_x: 1.0, tan_out_y: 1.0 }
vertex[220]=PF_PathVertex { x: 16179.0, y: 23002.001953125, tan_in_x: 16179.0, tan_in_y: 23002.001953125, tan_out_x: 16179.0, tan_out_y: 23002.001953125 }
vertex[221]=PF_PathVertex { x: 24.0, y: 12.99951171875, tan_in_x: 24.0, tan_in_y: 12.99951171875, tan_out_x: 24.0, tan_out_y: 12.99951171875 }
vertex[222]=PF_PathVertex { x: 1.0, y: 1.0, tan_in_x: 1.0, tan_in_y: 1.0, tan_out_x: 1.0, tan_out_y: 1.0 }
vertex[223]=PF_PathVertex { x: 16254.0, y: 32640.0, tan_in_x: 16254.0, tan_in_y: 32640.0, tan_out_x: 16254.0, tan_out_y: 32640.0 }
vertex[224]=PF_PathVertex { x: 25.0, y: 12.99951171875, tan_in_x: 25.0, tan_in_y: 12.99951171875, tan_out_x: 25.0, tan_out_y: 12.99951171875 }
vertex[225]=PF_PathVertex { x: 70.0, y: 1.0, tan_in_x: 70.0, tan_in_y: 1.0, tan_out_x: 70.0, tan_out_y: 1.0 }
vertex[226]=PF_PathVertex { x: 16256.0, y: 0.0, tan_in_x: 16256.0, tan_in_y: 0.0, tan_out_x: 16256.0, tan_out_y: 0.0 }
vertex[227]=PF_PathVertex { x: 95.0, y: 12.99951171875, tan_in_x: 95.0, tan_in_y: 12.99951171875, tan_out_x: 95.0, tan_out_y: 12.99951171875 }
vertex[228]=PF_PathVertex { x: 1.0, y: 1.0, tan_in_x: 1.0, tan_in_y: 1.0, tan_out_x: 1.0, tan_out_y: 1.0 }
vertex[229]=PF_PathVertex { x: 16236.0, y: 30327.0, tan_in_x: 16236.0, tan_in_y: 30327.0, tan_out_x: 16236.0, tan_out_y: 30327.0 }
vertex[230]=PF_PathVertex { x: 96.0, y: 12.99951171875, tan_in_x: 96.0, tan_in_y: 12.99951171875, tan_out_x: 96.0, tan_out_y: 12.99951171875 }
vertex[231]=PF_PathVertex { x: 1.0, y: 1.0, tan_in_x: 1.0, tan_in_y: 1.0, tan_out_x: 1.0, tan_out_y: 1.0 }
vertex[232]=PF_PathVertex { x: 16204.0, y: 26215.0, tan_in_x: 16204.0, tan_in_y: 26215.0, tan_out_x: 16204.0, tan_out_y: 26215.0 }
vertex[233]=PF_PathVertex { x: 97.0001220703125, y: 12.99951171875, tan_in_x: 97.0001220703125, tan_in_y: 12.99951171875, tan_out_x: 97.0001220703125, tan_out_y: 12.99951171875 }
vertex[234]=PF_PathVertex { x: 1.0, y: 1.0, tan_in_x: 1.0, tan_in_y: 1.0, tan_out_x: 1.0, tan_out_y: 1.0 }
vertex[235]=PF_PathVertex { x: 16169.0, y: 21717.0, tan_in_x: 16169.0, tan_in_y: 21717.0, tan_out_x: 16169.0, tan_out_y: 21717.0 }
vertex[236]=PF_PathVertex { x: 97.9998779296875, y: 12.99951171875, tan_in_x: 97.9998779296875, tan_in_y: 12.99951171875, tan_out_x: 97.9998779296875, tan_out_y: 12.99951171875 }
vertex[237]=PF_PathVertex { x: 1.0, y: 1.0, tan_in_x: 1.0, tan_in_y: 1.0, tan_out_x: 1.0, tan_out_y: 1.0 }
vertex[238]=PF_PathVertex { x: 16130.0, y: 16705.501953125, tan_in_x: 16130.0, tan_in_y: 16705.501953125, tan_out_x: 16130.0, tan_out_y: 16705.501953125 }
vertex[239]=PF_PathVertex { x: 99.0, y: 12.99951171875, tan_in_x: 99.0, tan_in_y: 12.99951171875, tan_out_x: 99.0, tan_out_y: 12.99951171875 }
vertex[240]=PF_PathVertex { x: 1.0, y: 1.0, tan_in_x: 1.0, tan_in_y: 1.0, tan_out_x: 1.0, tan_out_y: 1.0 }
vertex[241]=PF_PathVertex { x: 16058.0, y: 23901.501953125, tan_in_x: 16058.0, tan_in_y: 23901.501953125, tan_out_x: 16058.0, tan_out_y: 23901.501953125 }
vertex[242]=PF_PathVertex { x: 100.0, y: 12.99951171875, tan_in_x: 100.0, tan_in_y: 12.99951171875, tan_out_x: 100.0, tan_out_y: 12.99951171875 }
vertex[243]=PF_PathVertex { x: 1.0, y: 1.0, tan_in_x: 1.0, tan_in_y: 1.0, tan_out_x: 1.0, tan_out_y: 1.0 }
vertex[244]=PF_PathVertex { x: 15956.0, y: 27243.0, tan_in_x: 15956.0, tan_in_y: 27243.0, tan_out_x: 15956.0, tan_out_y: 27243.0 }
vertex[245]=PF_PathVertex { x: 101.0, y: 12.99951171875, tan_in_x: 101.0, tan_in_y: 12.99951171875, tan_out_x: 101.0, tan_out_y: 12.99951171875 }
vertex[246]=PF_PathVertex { x: 1.0, y: 1.0, tan_in_x: 1.0, tan_in_y: 1.0, tan_out_x: 1.0, tan_out_y: 1.0 }
vertex[247]=PF_PathVertex { x: 15728.0, y: 30841.0, tan_in_x: 15728.0, tan_in_y: 30841.0, tan_out_x: 15728.0, tan_out_y: 30841.0 }
vertex[248]=PF_PathVertex { x: 20.0, y: 14.0, tan_in_x: 20.0, tan_in_y: 14.0, tan_out_x: 20.0, tan_out_y: 14.0 }
vertex[249]=PF_PathVertex { x: 1.0, y: 1.0, tan_in_x: 1.0, tan_in_y: 1.0, tan_out_x: 1.0, tan_out_y: 1.0 }
vertex[250]=PF_PathVertex { x: 16032.0, y: 20560.5, tan_in_x: 16032.0, tan_in_y: 20560.5, tan_out_x: 16032.0, tan_out_y: 20560.5 }
vertex[251]=PF_PathVertex { x: 21.0, y: 14.0, tan_in_x: 21.0, tan_in_y: 14.0, tan_out_x: 21.0, tan_out_y: 14.0 }
vertex[252]=PF_PathVertex { x: 1.0, y: 1.0, tan_in_x: 1.0, tan_in_y: 1.0, tan_out_x: 1.0, tan_out_y: 1.0 }
vertex[253]=PF_PathVertex { x: 16212.0, y: 27243.0, tan_in_x: 16212.0, tan_in_y: 27243.0, tan_out_x: 16212.0, tan_out_y: 27243.0 }
vertex[254]=PF_PathVertex { x: 22.0, y: 14.0, tan_in_x: 22.0, tan_in_y: 14.0, tan_out_x: 22.0, tan_out_y: 14.0 }
vertex[255]=PF_PathVertex { x: 80.0, y: 1.0, tan_in_x: 80.0, tan_in_y: 1.0, tan_out_x: 80.0, tan_out_y: 1.0 }
vertex[256]=PF_PathVertex { x: 16256.0, y: 0.0, tan_in_x: 16256.0, tan_in_y: 0.0, tan_out_x: 16256.0, tan_out_y: 0.0 }
vertex[257]=PF_PathVertex { x: 102.0, y: 14.0, tan_in_x: 102.0, tan_in_y: 14.0, tan_out_x: 102.0, tan_out_y: 14.0 }
vertex[258]=PF_PathVertex { x: 1.0, y: 1.0, tan_in_x: 1.0, tan_in_y: 1.0, tan_out_x: 1.0, tan_out_y: 1.0 }
vertex[259]=PF_PathVertex { x: 16233.0, y: 29941.5, tan_in_x: 16233.0, tan_in_y: 29941.5, tan_out_x: 16233.0, tan_out_y: 29941.5 }
vertex[260]=PF_PathVertex { x: 103.0, y: 14.0, tan_in_x: 103.0, tan_in_y: 14.0, tan_out_x: 103.0, tan_out_y: 14.0 }
vertex[261]=PF_PathVertex { x: 1.0, y: 1.0, tan_in_x: 1.0, tan_in_y: 1.0, tan_out_x: 1.0, tan_out_y: 1.0 }
vertex[262]=PF_PathVertex { x: 16194.0, y: 24930.0, tan_in_x: 16194.0, tan_in_y: 24930.0, tan_out_x: 16194.0, tan_out_y: 24930.0 }
vertex[263]=PF_PathVertex { x: 104.0, y: 14.0, tan_in_x: 104.0, tan_in_y: 14.0, tan_out_x: 104.0, tan_out_y: 14.0 }
vertex[264]=PF_PathVertex { x: 1.0, y: 1.0, tan_in_x: 1.0, tan_in_y: 1.0, tan_out_x: 1.0, tan_out_y: 1.0 }
vertex[265]=PF_PathVertex { x: 16157.0, y: 20175.0, tan_in_x: 16157.0, tan_in_y: 20175.0, tan_out_x: 16157.0, tan_out_y: 20175.0 }
vertex[266]=PF_PathVertex { x: 105.0, y: 14.0, tan_in_x: 105.0, tan_in_y: 14.0, tan_out_x: 105.0, tan_out_y: 14.0 }
vertex[267]=PF_PathVertex { x: 1.0, y: 1.0, tan_in_x: 1.0, tan_in_y: 1.0, tan_out_x: 1.0, tan_out_y: 1.0 }
vertex[268]=PF_PathVertex { x: 16100.0, y: 29299.0, tan_in_x: 16100.0, tan_in_y: 29299.0, tan_out_x: 16100.0, tan_out_y: 29299.0 }
vertex[269]=PF_PathVertex { x: 106.0, y: 14.0, tan_in_x: 106.0, tan_in_y: 14.0, tan_out_x: 106.0, tan_out_y: 14.0 }
vertex[270]=PF_PathVertex { x: 1.0, y: 1.0, tan_in_x: 1.0, tan_in_y: 1.0, tan_out_x: 1.0, tan_out_y: 1.0 }
vertex[271]=PF_PathVertex { x: 16016.0, y: 18504.501953125, tan_in_x: 16016.0, tan_in_y: 18504.501953125, tan_out_x: 16016.0, tan_out_y: 18504.501953125 }
vertex[272]=PF_PathVertex { x: 107.0, y: 14.0, tan_in_x: 107.0, tan_in_y: 14.0, tan_out_x: 107.0, tan_out_y: 14.0 }
vertex[273]=PF_PathVertex { x: 1.0, y: 1.0, tan_in_x: 1.0, tan_in_y: 1.0, tan_out_x: 1.0, tan_out_y: 1.0 }
vertex[274]=PF_PathVertex { x: 15856.0, y: 30841.0, tan_in_x: 15856.0, tan_in_y: 30841.0, tan_out_x: 15856.0, tan_out_y: 30841.0 }
vertex[275]=PF_PathVertex { x: 20.0, y: 15.0, tan_in_x: 20.0, tan_in_y: 15.0, tan_out_x: 20.0, tan_out_y: 15.0 }
vertex[276]=PF_PathVertex { x: 1.0, y: 1.0, tan_in_x: 1.0, tan_in_y: 1.0, tan_out_x: 1.0, tan_out_y: 1.0 }
vertex[277]=PF_PathVertex { x: 16181.0, y: 23259.0, tan_in_x: 16181.0, tan_in_y: 23259.0, tan_out_x: 16181.0, tan_out_y: 23259.0 }
vertex[278]=PF_PathVertex { x: 21.0, y: 15.0, tan_in_x: 21.0, tan_in_y: 15.0, tan_out_x: 21.0, tan_out_y: 15.0 }
vertex[279]=PF_PathVertex { x: 86.0, y: 1.0, tan_in_x: 86.0, tan_in_y: 1.0, tan_out_x: 86.0, tan_out_y: 1.0 }
vertex[280]=PF_PathVertex { x: 16256.0, y: 0.0, tan_in_x: 16256.0, tan_in_y: 0.0, tan_out_x: 16256.0, tan_out_y: 0.0 }
vertex[281]=PF_PathVertex { x: 107.0, y: 15.0, tan_in_x: 107.0, tan_in_y: 15.0, tan_out_x: 107.0, tan_out_y: 15.0 }
vertex[282]=PF_PathVertex { x: 1.0, y: 1.0, tan_in_x: 1.0, tan_in_y: 1.0, tan_out_x: 1.0, tan_out_y: 1.0 }
vertex[283]=PF_PathVertex { x: 16244.0, y: 31355.0, tan_in_x: 16244.0, tan_in_y: 31355.0, tan_out_x: 16244.0, tan_out_y: 31355.0 }
vertex[284]=PF_PathVertex { x: 20.0, y: 16.0, tan_in_x: 20.0, tan_in_y: 16.0, tan_out_x: 20.0, tan_out_y: 16.0 }
vertex[285]=PF_PathVertex { x: 1.0, y: 1.0, tan_in_x: 1.0, tan_in_y: 1.0, tan_out_x: 1.0, tan_out_y: 1.0 }
vertex[286]=PF_PathVertex { x: 15832.0, y: 27757.0, tan_in_x: 15832.0, tan_in_y: 27757.0, tan_out_x: 15832.0, tan_out_y: 27757.0 }
vertex[287]=PF_PathVertex { x: 21.0, y: 16.0, tan_in_x: 21.0, tan_in_y: 16.0, tan_out_x: 21.0, tan_out_y: 16.0 }
vertex[288]=PF_PathVertex { x: 1.0, y: 1.0, tan_in_x: 1.0, tan_in_y: 1.0, tan_out_x: 1.0, tan_out_y: 1.0 }
vertex[289]=PF_PathVertex { x: 16240.0, y: 30841.0, tan_in_x: 16240.0, tan_in_y: 30841.0, tan_out_x: 16240.0, tan_out_y: 30841.0 }
vertex[290]=PF_PathVertex { x: 22.0, y: 16.0, tan_in_x: 22.0, tan_in_y: 16.0, tan_out_x: 22.0, tan_out_y: 16.0 }
vertex[291]=PF_PathVertex { x: 85.0, y: 1.99951171875, tan_in_x: 85.0, tan_in_y: 1.99951171875, tan_out_x: 85.0, tan_out_y: 1.99951171875 }
vertex[292]=PF_PathVertex { x: 16256.0, y: 0.0, tan_in_x: 16256.0, tan_in_y: 0.0, tan_out_x: 16256.0, tan_out_y: 0.0 }
vertex[293]=PF_PathVertex { x: 107.0, y: 16.0, tan_in_x: 107.0, tan_in_y: 16.0, tan_out_x: 107.0, tan_out_y: 16.0 }
vertex[294]=PF_PathVertex { x: 1.0, y: 1.0, tan_in_x: 1.0, tan_in_y: 1.0, tan_out_x: 1.0, tan_out_y: 1.0 }
vertex[295]=PF_PathVertex { x: 16203.0, y: 26086.501953125, tan_in_x: 16203.0, tan_in_y: 26086.501953125, tan_out_x: 16203.0, tan_out_y: 26086.501953125 }
vertex[296]=PF_PathVertex { x: 21.0, y: 17.00048828125, tan_in_x: 21.0, tan_in_y: 17.00048828125, tan_out_x: 21.0, tan_out_y: 17.00048828125 }
vertex[297]=PF_PathVertex { x: 1.0, y: 1.0, tan_in_x: 1.0, tan_in_y: 1.0, tan_out_x: 1.0, tan_out_y: 1.0 }
vertex[298]=PF_PathVertex { x: 16054.0, y: 23387.5, tan_in_x: 16054.0, tan_in_y: 23387.5, tan_out_x: 16054.0, tan_out_y: 23387.5 }
vertex[299]=PF_PathVertex { x: 107.0, y: 17.00048828125, tan_in_x: 107.0, tan_in_y: 17.00048828125, tan_out_x: 107.0, tan_out_y: 17.00048828125 }
vertex[300]=PF_PathVertex { x: 1.0, y: 1.0, tan_in_x: 1.0, tan_in_y: 1.0, tan_out_x: 1.0, tan_out_y: 1.0 }
vertex[301]=PF_PathVertex { x: 16160.0, y: 20560.5, tan_in_x: 16160.0, tan_in_y: 20560.5, tan_out_x: 16160.0, tan_out_y: 20560.5 }
vertex[302]=PF_PathVertex { x: 22.0, y: 18.0, tan_in_x: 22.0, tan_in_y: 18.0, tan_out_x: 22.0, tan_out_y: 18.0 }
vertex[303]=PF_PathVertex { x: 1.0, y: 1.0, tan_in_x: 1.0, tan_in_y: 1.0, tan_out_x: 1.0, tan_out_y: 1.0 }
vertex[304]=PF_PathVertex { x: 16176.0, y: 22616.5, tan_in_x: 16176.0, tan_in_y: 22616.5, tan_out_x: 16176.0, tan_out_y: 22616.5 }
vertex[305]=PF_PathVertex { x: 23.0, y: 18.0, tan_in_x: 23.0, tan_in_y: 18.0, tan_out_x: 23.0, tan_out_y: 18.0 }
vertex[306]=PF_PathVertex { x: 84.0, y: 1.0, tan_in_x: 84.0, tan_in_y: 1.0, tan_out_x: 84.0, tan_out_y: 1.0 }
vertex[307]=PF_PathVertex { x: 16256.0, y: 0.0, tan_in_x: 16256.0, tan_in_y: 0.0, tan_out_x: 16256.0, tan_out_y: 0.0 }
vertex[308]=PF_PathVertex { x: 107.0, y: 18.0, tan_in_x: 107.0, tan_in_y: 18.0, tan_out_x: 107.0, tan_out_y: 18.0 }
vertex[309]=PF_PathVertex { x: 1.0, y: 1.0, tan_in_x: 1.0, tan_in_y: 1.0, tan_out_x: 1.0, tan_out_y: 1.0 }
vertex[310]=PF_PathVertex { x: 16102.0, y: 29556.0, tan_in_x: 16102.0, tan_in_y: 29556.0, tan_out_x: 16102.0, tan_out_y: 29556.0 }
vertex[311]=PF_PathVertex { x: 22.0, y: 19.0, tan_in_x: 22.0, tan_in_y: 19.0, tan_out_x: 22.0, tan_out_y: 19.0 }
vertex[312]=PF_PathVertex { x: 1.0, y: 1.0, tan_in_x: 1.0, tan_in_y: 1.0, tan_out_x: 1.0, tan_out_y: 1.0 }
vertex[313]=PF_PathVertex { x: 15792.0, y: 22616.5, tan_in_x: 15792.0, tan_in_y: 22616.5, tan_out_x: 15792.0, tan_out_y: 22616.5 }
vertex[314]=PF_PathVertex { x: 23.0, y: 19.0, tan_in_x: 23.0, tan_in_y: 19.0, tan_out_x: 23.0, tan_out_y: 19.0 }
vertex[315]=PF_PathVertex { x: 1.0, y: 1.0, tan_in_x: 1.0, tan_in_y: 1.0, tan_out_x: 1.0, tan_out_y: 1.0 }
vertex[316]=PF_PathVertex { x: 16235.0, y: 30198.5, tan_in_x: 16235.0, tan_in_y: 30198.5, tan_out_x: 16235.0, tan_out_y: 30198.5 }
vertex[317]=PF_PathVertex { x: 24.0, y: 19.0, tan_in_x: 24.0, tan_in_y: 19.0, tan_out_x: 24.0, tan_out_y: 19.0 }
vertex[318]=PF_PathVertex { x: 83.0, y: 1.99951171875, tan_in_x: 83.0, tan_in_y: 1.99951171875, tan_out_x: 83.0, tan_out_y: 1.99951171875 }
vertex[319]=PF_PathVertex { x: 16256.0, y: 0.0, tan_in_x: 16256.0, tan_in_y: 0.0, tan_out_x: 16256.0, tan_out_y: 0.0 }
vertex[320]=PF_PathVertex { x: 107.0, y: 19.0, tan_in_x: 107.0, tan_in_y: 19.0, tan_out_x: 107.0, tan_out_y: 19.0 }
vertex[321]=PF_PathVertex { x: 1.0, y: 1.0, tan_in_x: 1.0, tan_in_y: 1.0, tan_out_x: 1.0, tan_out_y: 1.0 }
vertex[322]=PF_PathVertex { x: 16004.0, y: 16962.5, tan_in_x: 16004.0, tan_in_y: 16962.5, tan_out_x: 16004.0, tan_out_y: 16962.5 }
vertex[323]=PF_PathVertex { x: 23.0, y: 20.0, tan_in_x: 23.0, tan_in_y: 20.0, tan_out_x: 23.0, tan_out_y: 20.0 }
vertex[324]=PF_PathVertex { x: 1.0, y: 1.0, tan_in_x: 1.0, tan_in_y: 1.0, tan_out_x: 1.0, tan_out_y: 1.0 }
vertex[325]=PF_PathVertex { x: 16042.0, y: 21845.5, tan_in_x: 16042.0, tan_in_y: 21845.5, tan_out_x: 16042.0, tan_out_y: 21845.5 }
vertex[326]=PF_PathVertex { x: 107.0, y: 20.0, tan_in_x: 107.0, tan_in_y: 20.0, tan_out_x: 107.0, tan_out_y: 20.0 }
vertex[327]=PF_PathVertex { x: 1.0, y: 1.0, tan_in_x: 1.0, tan_in_y: 1.0, tan_out_x: 1.0, tan_out_y: 1.0 }
vertex[328]=PF_PathVertex { x: 15760.0, y: 18504.501953125, tan_in_x: 15760.0, tan_in_y: 18504.501953125, tan_out_x: 15760.0, tan_out_y: 18504.501953125 }
vertex[329]=PF_PathVertex { x: 24.0, y: 21.0, tan_in_x: 24.0, tan_in_y: 21.0, tan_out_x: 24.0, tan_out_y: 21.0 }
vertex[330]=PF_PathVertex { x: 1.0, y: 1.0, tan_in_x: 1.0, tan_in_y: 1.0, tan_out_x: 1.0, tan_out_y: 1.0 }
vertex[331]=PF_PathVertex { x: 16166.0, y: 21331.5, tan_in_x: 16166.0, tan_in_y: 21331.5, tan_out_x: 16166.0, tan_out_y: 21331.5 }
vertex[332]=PF_PathVertex { x: 25.0, y: 21.0, tan_in_x: 25.0, tan_in_y: 21.0, tan_out_x: 25.0, tan_out_y: 21.0 }
vertex[333]=PF_PathVertex { x: 81.0, y: 1.0, tan_in_x: 81.0, tan_in_y: 1.0, tan_out_x: 81.0, tan_out_y: 1.0 }
vertex[334]=PF_PathVertex { x: 16256.0, y: 0.0, tan_in_x: 16256.0, tan_in_y: 0.0, tan_out_x: 16256.0, tan_out_y: 0.0 }
vertex[335]=PF_PathVertex { x: 106.0, y: 21.0, tan_in_x: 106.0, tan_in_y: 21.0, tan_out_x: 106.0, tan_out_y: 21.0 }
vertex[336]=PF_PathVertex { x: 1.0, y: 1.0, tan_in_x: 1.0, tan_in_y: 1.0, tan_out_x: 1.0, tan_out_y: 1.0 }
vertex[337]=PF_PathVertex { x: 16223.0, y: 28656.5, tan_in_x: 16223.0, tan_in_y: 28656.5, tan_out_x: 16223.0, tan_out_y: 28656.5 }
vertex[338]=PF_PathVertex { x: 24.0, y: 22.0, tan_in_x: 24.0, tan_in_y: 22.0, tan_out_x: 24.0, tan_out_y: 22.0 }
vertex[339]=PF_PathVertex { x: 1.0, y: 1.0, tan_in_x: 1.0, tan_in_y: 1.0, tan_out_x: 1.0, tan_out_y: 1.0 }
vertex[340]=PF_PathVertex { x: 15768.0, y: 19532.5, tan_in_x: 15768.0, tan_in_y: 19532.5, tan_out_x: 15768.0, tan_out_y: 19532.5 }
vertex[341]=PF_PathVertex { x: 25.0, y: 22.0, tan_in_x: 25.0, tan_in_y: 22.0, tan_out_x: 25.0, tan_out_y: 22.0 }
vertex[342]=PF_PathVertex { x: 1.0, y: 1.0, tan_in_x: 1.0, tan_in_y: 1.0, tan_out_x: 1.0, tan_out_y: 1.0 }
vertex[343]=PF_PathVertex { x: 16232.0, y: 29813.0, tan_in_x: 16232.0, tan_in_y: 29813.0, tan_out_x: 16232.0, tan_out_y: 29813.0 }
vertex[344]=PF_PathVertex { x: 26.0, y: 22.0, tan_in_x: 26.0, tan_in_y: 22.0, tan_out_x: 26.0, tan_out_y: 22.0 }
vertex[345]=PF_PathVertex { x: 80.0, y: 1.99951171875, tan_in_x: 80.0, tan_in_y: 1.99951171875, tan_out_x: 80.0, tan_out_y: 1.99951171875 }
vertex[346]=PF_PathVertex { x: 16256.0, y: 0.0, tan_in_x: 16256.0, tan_in_y: 0.0, tan_out_x: 16256.0, tan_out_y: 0.0 }
vertex[347]=PF_PathVertex { x: 106.0, y: 22.0, tan_in_x: 106.0, tan_in_y: 22.0, tan_out_x: 106.0, tan_out_y: 22.0 }
vertex[348]=PF_PathVertex { x: 1.0, y: 1.0, tan_in_x: 1.0, tan_in_y: 1.0, tan_out_x: 1.0, tan_out_y: 1.0 }
vertex[349]=PF_PathVertex { x: 16168.0, y: 21588.5, tan_in_x: 16168.0, tan_in_y: 21588.5, tan_out_x: 16168.0, tan_out_y: 21588.5 }
vertex[350]=PF_PathVertex { x: 25.0, y: 23.0, tan_in_x: 25.0, tan_in_y: 23.0, tan_out_x: 25.0, tan_out_y: 23.0 }
vertex[351]=PF_PathVertex { x: 1.0, y: 1.0, tan_in_x: 1.0, tan_in_y: 1.0, tan_out_x: 1.0, tan_out_y: 1.0 }
vertex[352]=PF_PathVertex { x: 16024.0, y: 19532.5, tan_in_x: 16024.0, tan_in_y: 19532.5, tan_out_x: 16024.0, tan_out_y: 19532.5 }
vertex[353]=PF_PathVertex { x: 106.0, y: 23.0, tan_in_x: 106.0, tan_in_y: 23.0, tan_out_x: 106.0, tan_out_y: 23.0 }
vertex[354]=PF_PathVertex { x: 1.0, y: 1.0, tan_in_x: 1.0, tan_in_y: 1.0, tan_out_x: 1.0, tan_out_y: 1.0 }
vertex[355]=PF_PathVertex { x: 16098.0, y: 29042.0, tan_in_x: 16098.0, tan_in_y: 29042.0, tan_out_x: 16098.0, tan_out_y: 29042.0 }
vertex[356]=PF_PathVertex { x: 26.0, y: 23.99951171875, tan_in_x: 26.0, tan_in_y: 23.99951171875, tan_out_x: 26.0, tan_out_y: 23.99951171875 }
vertex[357]=PF_PathVertex { x: 1.0, y: 1.0, tan_in_x: 1.0, tan_in_y: 1.0, tan_out_x: 1.0, tan_out_y: 1.0 }
vertex[358]=PF_PathVertex { x: 16160.0, y: 20560.5, tan_in_x: 16160.0, tan_in_y: 20560.5, tan_out_x: 16160.0, tan_out_y: 20560.5 }
vertex[359]=PF_PathVertex { x: 27.0, y: 23.99951171875, tan_in_x: 27.0, tan_in_y: 23.99951171875, tan_out_x: 27.0, tan_out_y: 23.99951171875 }
vertex[360]=PF_PathVertex { x: 79.0, y: 1.0, tan_in_x: 79.0, tan_in_y: 1.0, tan_out_x: 79.0, tan_out_y: 1.0 }
vertex[361]=PF_PathVertex { x: 16256.0, y: 0.0, tan_in_x: 16256.0, tan_in_y: 0.0, tan_out_x: 16256.0, tan_out_y: 0.0 }
vertex[362]=PF_PathVertex { x: 106.0, y: 23.99951171875, tan_in_x: 106.0, tan_in_y: 23.99951171875, tan_out_x: 106.0, tan_out_y: 23.99951171875 }
vertex[363]=PF_PathVertex { x: 1.0, y: 1.0, tan_in_x: 1.0, tan_in_y: 1.0, tan_out_x: 1.0, tan_out_y: 1.0 }
vertex[364]=PF_PathVertex { x: 15976.0, y: 29813.0, tan_in_x: 15976.0, tan_in_y: 29813.0, tan_out_x: 15976.0, tan_out_y: 29813.0 }
vertex[365]=PF_PathVertex { x: 26.0, y: 25.0, tan_in_x: 26.0, tan_in_y: 25.0, tan_out_x: 26.0, tan_out_y: 25.0 }
vertex[366]=PF_PathVertex { x: 1.0, y: 1.0, tan_in_x: 1.0, tan_in_y: 1.0, tan_out_x: 1.0, tan_out_y: 1.0 }
vertex[367]=PF_PathVertex { x: 15728.0, y: 30841.0, tan_in_x: 15728.0, tan_in_y: 30841.0, tan_out_x: 15728.0, tan_out_y: 30841.0 }
vertex[368]=PF_PathVertex { x: 27.0, y: 25.0, tan_in_x: 27.0, tan_in_y: 25.0, tan_out_x: 27.0, tan_out_y: 25.0 }
vertex[369]=PF_PathVertex { x: 1.0, y: 1.0, tan_in_x: 1.0, tan_in_y: 1.0, tan_out_x: 1.0, tan_out_y: 1.0 }
vertex[370]=PF_PathVertex { x: 16226.0, y: 29042.0, tan_in_x: 16226.0, tan_in_y: 29042.0, tan_out_x: 16226.0, tan_out_y: 29042.0 }
vertex[371]=PF_PathVertex { x: 28.0, y: 25.0, tan_in_x: 28.0, tan_in_y: 25.0, tan_out_x: 28.0, tan_out_y: 25.0 }
vertex[372]=PF_PathVertex { x: 77.0, y: 1.99951171875, tan_in_x: 77.0, tan_in_y: 1.99951171875, tan_out_x: 77.0, tan_out_y: 1.99951171875 }
vertex[373]=PF_PathVertex { x: 16256.0, y: 0.0, tan_in_x: 16256.0, tan_in_y: 0.0, tan_out_x: 16256.0, tan_out_y: 0.0 }
vertex[374]=PF_PathVertex { x: 105.0, y: 25.0, tan_in_x: 105.0, tan_in_y: 25.0, tan_out_x: 105.0, tan_out_y: 25.0 }
vertex[375]=PF_PathVertex { x: 1.0, y: 1.0, tan_in_x: 1.0, tan_in_y: 1.0, tan_out_x: 1.0, tan_out_y: 1.0 }
vertex[376]=PF_PathVertex { x: 16248.0, y: 31869.0, tan_in_x: 16248.0, tan_in_y: 31869.0, tan_out_x: 16248.0, tan_out_y: 31869.0 }
vertex[377]=PF_PathVertex { x: 106.0, y: 25.0, tan_in_x: 106.0, tan_in_y: 25.0, tan_out_x: 106.0, tan_out_y: 25.0 }
vertex[378]=PF_PathVertex { x: 1.0, y: 1.0, tan_in_x: 1.0, tan_in_y: 1.0, tan_out_x: 1.0, tan_out_y: 1.0 }
vertex[379]=PF_PathVertex { x: 15616.0, y: 16448.5, tan_in_x: 15616.0, tan_in_y: 16448.5, tan_out_x: 15616.0, tan_out_y: 16448.5 }
vertex[380]=PF_PathVertex { x: 27.0, y: 26.0, tan_in_x: 27.0, tan_in_y: 26.0, tan_out_x: 27.0, tan_out_y: 26.0 }
vertex[381]=PF_PathVertex { x: 1.0, y: 1.0, tan_in_x: 1.0, tan_in_y: 1.0, tan_out_x: 1.0, tan_out_y: 1.0 }
vertex[382]=PF_PathVertex { x: 16012.0, y: 17990.5, tan_in_x: 16012.0, tan_in_y: 17990.5, tan_out_x: 16012.0, tan_out_y: 17990.5 }
vertex[383]=PF_PathVertex { x: 105.0, y: 26.0, tan_in_x: 105.0, tan_in_y: 26.0, tan_out_x: 105.0, tan_out_y: 26.0 }
vertex[384]=PF_PathVertex { x: 1.0, y: 1.0, tan_in_x: 1.0, tan_in_y: 1.0, tan_out_x: 1.0, tan_out_y: 1.0 }
vertex[385]=PF_PathVertex { x: 16194.0, y: 24930.0, tan_in_x: 16194.0, tan_in_y: 24930.0, tan_out_x: 16194.0, tan_out_y: 24930.0 }
vertex[386]=PF_PathVertex { x: 28.0, y: 27.0, tan_in_x: 28.0, tan_in_y: 27.0, tan_out_x: 28.0, tan_out_y: 27.0 }
vertex[387]=PF_PathVertex { x: 1.0, y: 1.0, tan_in_x: 1.0, tan_in_y: 1.0, tan_out_x: 1.0, tan_out_y: 1.0 }
vertex[388]=PF_PathVertex { x: 16151.0, y: 19404.001953125, tan_in_x: 16151.0, tan_in_y: 19404.001953125, tan_out_x: 16151.0, tan_out_y: 19404.001953125 }
vertex[389]=PF_PathVertex { x: 29.0, y: 27.0, tan_in_x: 29.0, tan_in_y: 27.0, tan_out_x: 29.0, tan_out_y: 27.0 }
vertex[390]=PF_PathVertex { x: 76.0, y: 1.0, tan_in_x: 76.0, tan_in_y: 1.0, tan_out_x: 76.0, tan_out_y: 1.0 }
vertex[391]=PF_PathVertex { x: 16256.0, y: 0.0, tan_in_x: 16256.0, tan_in_y: 0.0, tan_out_x: 16256.0, tan_out_y: 0.0 }
vertex[392]=PF_PathVertex { x: 105.0, y: 27.0, tan_in_x: 105.0, tan_in_y: 27.0, tan_out_x: 105.0, tan_out_y: 27.0 }
vertex[393]=PF_PathVertex { x: 1.0, y: 1.0, tan_in_x: 1.0, tan_in_y: 1.0, tan_out_x: 1.0, tan_out_y: 1.0 }
vertex[394]=PF_PathVertex { x: 16132.0, y: 16962.5, tan_in_x: 16132.0, tan_in_y: 16962.5, tan_out_x: 16132.0, tan_out_y: 16962.5 }
vertex[395]=PF_PathVertex { x: 28.0, y: 28.0, tan_in_x: 28.0, tan_in_y: 28.0, tan_out_x: 28.0, tan_out_y: 28.0 }
vertex[396]=PF_PathVertex { x: 1.0, y: 1.0, tan_in_x: 1.0, tan_in_y: 1.0, tan_out_x: 1.0, tan_out_y: 1.0 }
vertex[397]=PF_PathVertex { x: 15680.0, y: 24673.0, tan_in_x: 15680.0, tan_in_y: 24673.0, tan_out_x: 15680.0, tan_out_y: 24673.0 }
vertex[398]=PF_PathVertex { x: 29.0, y: 28.0, tan_in_x: 29.0, tan_in_y: 28.0, tan_out_x: 29.0, tan_out_y: 28.0 }
vertex[399]=PF_PathVertex { x: 1.0, y: 1.0, tan_in_x: 1.0, tan_in_y: 1.0, tan_out_x: 1.0, tan_out_y: 1.0 }
vertex[400]=PF_PathVertex { x: 16223.0, y: 28656.5, tan_in_x: 16223.0, tan_in_y: 28656.5, tan_out_x: 16223.0, tan_out_y: 28656.5 }
vertex[401]=PF_PathVertex { x: 30.0, y: 28.0, tan_in_x: 30.0, tan_in_y: 28.0, tan_out_x: 30.0, tan_out_y: 28.0 }
vertex[402]=PF_PathVertex { x: 75.0, y: 1.0, tan_in_x: 75.0, tan_in_y: 1.0, tan_out_x: 75.0, tan_out_y: 1.0 }
vertex[403]=PF_PathVertex { x: 16256.0, y: 0.0, tan_in_x: 16256.0, tan_in_y: 0.0, tan_out_x: 16256.0, tan_out_y: 0.0 }
vertex[404]=PF_PathVertex { x: 105.0, y: 28.0, tan_in_x: 105.0, tan_in_y: 28.0, tan_out_x: 105.0, tan_out_y: 28.0 }
vertex[405]=PF_PathVertex { x: 1.0, y: 1.0, tan_in_x: 1.0, tan_in_y: 1.0, tan_out_x: 1.0, tan_out_y: 1.0 }
vertex[406]=PF_PathVertex { x: 16008.0, y: 17476.5, tan_in_x: 16008.0, tan_in_y: 17476.5, tan_out_x: 16008.0, tan_out_y: 17476.5 }
vertex[407]=PF_PathVertex { x: 29.0, y: 29.0, tan_in_x: 29.0, tan_in_y: 29.0, tan_out_x: 29.0, tan_out_y: 29.0 }
vertex[408]=PF_PathVertex { x: 1.0, y: 1.0, tan_in_x: 1.0, tan_in_y: 1.0, tan_out_x: 1.0, tan_out_y: 1.0 }
vertex[409]=PF_PathVertex { x: 15992.0, y: 31869.0, tan_in_x: 15992.0, tan_in_y: 31869.0, tan_out_x: 15992.0, tan_out_y: 31869.0 }
vertex[410]=PF_PathVertex { x: 30.0, y: 29.0, tan_in_x: 30.0, tan_in_y: 29.0, tan_out_x: 30.0, tan_out_y: 29.0 }
vertex[411]=PF_PathVertex { x: 1.0, y: 1.0, tan_in_x: 1.0, tan_in_y: 1.0, tan_out_x: 1.0, tan_out_y: 1.0 }
vertex[412]=PF_PathVertex { x: 16254.0, y: 32640.0, tan_in_x: 16254.0, tan_in_y: 32640.0, tan_out_x: 16254.0, tan_out_y: 32640.0 }
vertex[413]=PF_PathVertex { x: 31.0001220703125, y: 29.0, tan_in_x: 31.0001220703125, tan_in_y: 29.0, tan_out_x: 31.0001220703125, tan_out_y: 29.0 }
vertex[414]=PF_PathVertex { x: 73.0, y: 1.99951171875, tan_in_x: 73.0, tan_in_y: 1.99951171875, tan_out_x: 73.0, tan_out_y: 1.99951171875 }
vertex[415]=PF_PathVertex { x: 16256.0, y: 0.0, tan_in_x: 16256.0, tan_in_y: 0.0, tan_out_x: 16256.0, tan_out_y: 0.0 }
vertex[416]=PF_PathVertex { x: 104.0, y: 29.0, tan_in_x: 104.0, tan_in_y: 29.0, tan_out_x: 104.0, tan_out_y: 29.0 }
vertex[417]=PF_PathVertex { x: 1.0, y: 1.0, tan_in_x: 1.0, tan_in_y: 1.0, tan_out_x: 1.0, tan_out_y: 1.0 }
vertex[418]=PF_PathVertex { x: 16252.0, y: 32383.0, tan_in_x: 16252.0, tan_in_y: 32383.0, tan_out_x: 16252.0, tan_out_y: 32383.0 }
vertex[419]=PF_PathVertex { x: 105.0, y: 29.0, tan_in_x: 105.0, tan_in_y: 29.0, tan_out_x: 105.0, tan_out_y: 29.0 }
vertex[420]=PF_PathVertex { x: 1.0, y: 1.0, tan_in_x: 1.0, tan_in_y: 1.0, tan_out_x: 1.0, tan_out_y: 1.0 }
vertex[421]=PF_PathVertex { x: 15664.0, y: 22616.5, tan_in_x: 15664.0, tan_in_y: 22616.5, tan_out_x: 15664.0, tan_out_y: 22616.5 }
vertex[422]=PF_PathVertex { x: 30.0, y: 30.0, tan_in_x: 30.0, tan_in_y: 30.0, tan_out_x: 30.0, tan_out_y: 30.0 }
vertex[423]=PF_PathVertex { x: 1.0, y: 1.0, tan_in_x: 1.0, tan_in_y: 1.0, tan_out_x: 1.0, tan_out_y: 1.0 }
vertex[424]=PF_PathVertex { x: 16144.0, y: 18504.501953125, tan_in_x: 16144.0, tan_in_y: 18504.501953125, tan_out_x: 16144.0, tan_out_y: 18504.501953125 }
vertex[425]=PF_PathVertex { x: 104.0, y: 30.0, tan_in_x: 104.0, tan_in_y: 30.0, tan_out_x: 104.0, tan_out_y: 30.0 }
vertex[426]=PF_PathVertex { x: 1.0, y: 1.0, tan_in_x: 1.0, tan_in_y: 1.0, tan_out_x: 1.0, tan_out_y: 1.0 }
vertex[427]=PF_PathVertex { x: 16196.0, y: 25187.001953125, tan_in_x: 16196.0, tan_in_y: 25187.001953125, tan_out_x: 16196.0, tan_out_y: 25187.001953125 }
vertex[428]=PF_PathVertex { x: 30.0, y: 31.0, tan_in_x: 30.0, tan_in_y: 31.0, tan_out_x: 30.0, tan_out_y: 31.0 }
vertex[429]=PF_PathVertex { x: 1.0, y: 1.0, tan_in_x: 1.0, tan_in_y: 1.0, tan_out_x: 1.0, tan_out_y: 1.0 }
vertex[430]=PF_PathVertex { x: 15648.0, y: 20560.5, tan_in_x: 15648.0, tan_in_y: 20560.5, tan_out_x: 15648.0, tan_out_y: 20560.5 }
vertex[431]=PF_PathVertex { x: 31.0001220703125, y: 31.0, tan_in_x: 31.0001220703125, tan_in_y: 31.0, tan_out_x: 31.0001220703125, tan_out_y: 31.0 }
vertex[432]=PF_PathVertex { x: 1.0, y: 1.0, tan_in_x: 1.0, tan_in_y: 1.0, tan_out_x: 1.0, tan_out_y: 1.0 }
vertex[433]=PF_PathVertex { x: 16216.0, y: 27757.0, tan_in_x: 16216.0, tan_in_y: 27757.0, tan_out_x: 16216.0, tan_out_y: 27757.0 }
vertex[434]=PF_PathVertex { x: 31.9998779296875, y: 31.0, tan_in_x: 31.9998779296875, tan_in_y: 31.0, tan_out_x: 31.9998779296875, tan_out_y: 31.0 }
vertex[435]=PF_PathVertex { x: 72.0, y: 1.0, tan_in_x: 72.0, tan_in_y: 1.0, tan_out_x: 72.0, tan_out_y: 1.0 }
vertex[436]=PF_PathVertex { x: 16256.0, y: 0.0, tan_in_x: 16256.0, tan_in_y: 0.0, tan_out_x: 16256.0, tan_out_y: 0.0 }
vertex[437]=PF_PathVertex { x: 104.0, y: 31.0, tan_in_x: 104.0, tan_in_y: 31.0, tan_out_x: 104.0, tan_out_y: 31.0 }
vertex[438]=PF_PathVertex { x: 1.0, y: 1.0, tan_in_x: 1.0, tan_in_y: 1.0, tan_out_x: 1.0, tan_out_y: 1.0 }
vertex[439]=PF_PathVertex { x: 16122.0, y: 32126.0, tan_in_x: 16122.0, tan_in_y: 32126.0, tan_out_x: 16122.0, tan_out_y: 32126.0 }
vertex[440]=PF_PathVertex { x: 31.0001220703125, y: 32.0, tan_in_x: 31.0001220703125, tan_in_y: 32.0, tan_out_x: 31.0001220703125, tan_out_y: 32.0 }
vertex[441]=PF_PathVertex { x: 1.0, y: 1.0, tan_in_x: 1.0, tan_in_y: 1.0, tan_out_x: 1.0, tan_out_y: 1.0 }
vertex[442]=PF_PathVertex { x: 15968.0, y: 28785.0, tan_in_x: 15968.0, tan_in_y: 28785.0, tan_out_x: 15968.0, tan_out_y: 28785.0 }
vertex[443]=PF_PathVertex { x: 31.9998779296875, y: 32.0, tan_in_x: 31.9998779296875, tan_in_y: 32.0, tan_out_x: 31.9998779296875, tan_out_y: 32.0 }
vertex[444]=PF_PathVertex { x: 1.0, y: 1.0, tan_in_x: 1.0, tan_in_y: 1.0, tan_out_x: 1.0, tan_out_y: 1.0 }
vertex[445]=PF_PathVertex { x: 16253.0, y: 32511.5, tan_in_x: 16253.0, tan_in_y: 32511.5, tan_out_x: 16253.0, tan_out_y: 32511.5 }
vertex[446]=PF_PathVertex { x: 33.0, y: 32.0, tan_in_x: 33.0, tan_in_y: 32.0, tan_out_x: 33.0, tan_out_y: 32.0 }
vertex[447]=PF_PathVertex { x: 71.0, y: 1.0, tan_in_x: 71.0, tan_in_y: 1.0, tan_out_x: 71.0, tan_out_y: 1.0 }
vertex[448]=PF_PathVertex { x: 16256.0, y: 0.0, tan_in_x: 16256.0, tan_in_y: 0.0, tan_out_x: 16256.0, tan_out_y: 0.0 }
vertex[449]=PF_PathVertex { x: 104.0, y: 32.0, tan_in_x: 104.0, tan_in_y: 32.0, tan_out_x: 104.0, tan_out_y: 32.0 }
vertex[450]=PF_PathVertex { x: 1.0, y: 1.0, tan_in_x: 1.0, tan_in_y: 1.0, tan_out_x: 1.0, tan_out_y: 1.0 }
vertex[451]=PF_PathVertex { x: 15952.0, y: 26729.0, tan_in_x: 15952.0, tan_in_y: 26729.0, tan_out_x: 15952.0, tan_out_y: 26729.0 }
vertex[452]=PF_PathVertex { x: 31.9998779296875, y: 33.0, tan_in_x: 31.9998779296875, tan_in_y: 33.0, tan_out_x: 31.9998779296875, tan_out_y: 33.0 }
vertex[453]=PF_PathVertex { x: 1.0, y: 1.0, tan_in_x: 1.0, tan_in_y: 1.0, tan_out_x: 1.0, tan_out_y: 1.0 }
vertex[454]=PF_PathVertex { x: 16135.0, y: 17348.0, tan_in_x: 16135.0, tan_in_y: 17348.0, tan_out_x: 16135.0, tan_out_y: 17348.0 }
vertex[455]=PF_PathVertex { x: 33.0, y: 33.0, tan_in_x: 33.0, tan_in_y: 33.0, tan_out_x: 33.0, tan_out_y: 33.0 }
vertex[456]=PF_PathVertex { x: 70.0, y: 1.0, tan_in_x: 70.0, tan_in_y: 1.0, tan_out_x: 70.0, tan_out_y: 1.0 }
vertex[457]=PF_PathVertex { x: 16256.0, y: 0.0, tan_in_x: 16256.0, tan_in_y: 0.0, tan_out_x: 16256.0, tan_out_y: 0.0 }
vertex[458]=PF_PathVertex { x: 103.0, y: 33.0, tan_in_x: 103.0, tan_in_y: 33.0, tan_out_x: 103.0, tan_out_y: 33.0 }
vertex[459]=PF_PathVertex { x: 1.0, y: 1.0, tan_in_x: 1.0, tan_in_y: 1.0, tan_out_x: 1.0, tan_out_y: 1.0 }
vertex[460]=PF_PathVertex { x: 16236.0, y: 30327.0, tan_in_x: 16236.0, tan_in_y: 30327.0, tan_out_x: 16236.0, tan_out_y: 30327.0 }
vertex[461]=PF_PathVertex { x: 104.0, y: 33.0, tan_in_x: 104.0, tan_in_y: 33.0, tan_out_x: 104.0, tan_out_y: 33.0 }
vertex[462]=PF_PathVertex { x: 1.0, y: 1.0, tan_in_x: 1.0, tan_in_y: 1.0, tan_out_x: 1.0, tan_out_y: 1.0 }
vertex[463]=PF_PathVertex { x: 15360.0, y: 16448.5, tan_in_x: 15360.0, tan_in_y: 16448.5, tan_out_x: 15360.0, tan_out_y: 16448.5 }
vertex[464]=PF_PathVertex { x: 31.9998779296875, y: 34.0, tan_in_x: 31.9998779296875, tan_in_y: 34.0, tan_out_x: 31.9998779296875, tan_out_y: 34.0 }
vertex[465]=PF_PathVertex { x: 1.0, y: 1.0, tan_in_x: 1.0, tan_in_y: 1.0, tan_out_x: 1.0, tan_out_y: 1.0 }
vertex[466]=PF_PathVertex { x: 15584.0, y: 28785.0, tan_in_x: 15584.0, tan_in_y: 28785.0, tan_out_x: 15584.0, tan_out_y: 28785.0 }
vertex[467]=PF_PathVertex { x: 33.0, y: 34.0, tan_in_x: 33.0, tan_in_y: 34.0, tan_out_x: 33.0, tan_out_y: 34.0 }
vertex[468]=PF_PathVertex { x: 1.0, y: 1.0, tan_in_x: 1.0, tan_in_y: 1.0, tan_out_x: 1.0, tan_out_y: 1.0 }
vertex[469]=PF_PathVertex { x: 16212.0, y: 27243.0, tan_in_x: 16212.0, tan_in_y: 27243.0, tan_out_x: 16212.0, tan_out_y: 27243.0 }
vertex[470]=PF_PathVertex { x: 34.0, y: 34.0, tan_in_x: 34.0, tan_in_y: 34.0, tan_out_x: 34.0, tan_out_y: 34.0 }
vertex[471]=PF_PathVertex { x: 69.0, y: 1.0, tan_in_x: 69.0, tan_in_y: 1.0, tan_out_x: 69.0, tan_out_y: 1.0 }
vertex[472]=PF_PathVertex { x: 16256.0, y: 0.0, tan_in_x: 16256.0, tan_in_y: 0.0, tan_out_x: 16256.0, tan_out_y: 0.0 }
vertex[473]=PF_PathVertex { x: 103.0, y: 34.0, tan_in_x: 103.0, tan_in_y: 34.0, tan_out_x: 103.0, tan_out_y: 34.0 }
vertex[474]=PF_PathVertex { x: 1.0, y: 1.0, tan_in_x: 1.0, tan_in_y: 1.0, tan_out_x: 1.0, tan_out_y: 1.0 }
vertex[475]=PF_PathVertex { x: 16165.0, y: 21203.001953125, tan_in_x: 16165.0, tan_in_y: 21203.001953125, tan_out_x: 16165.0, tan_out_y: 21203.001953125 }
vertex[476]=PF_PathVertex { x: 33.0, y: 35.00048828125, tan_in_x: 33.0, tan_in_y: 35.00048828125, tan_out_x: 33.0, tan_out_y: 35.00048828125 }
vertex[477]=PF_PathVertex { x: 1.0, y: 1.0, tan_in_x: 1.0, tan_in_y: 1.0, tan_out_x: 1.0, tan_out_y: 1.0 }
vertex[478]=PF_PathVertex { x: 15944.0, y: 25701.0, tan_in_x: 15944.0, tan_in_y: 25701.0, tan_out_x: 15944.0, tan_out_y: 25701.0 }
vertex[479]=PF_PathVertex { x: 34.0, y: 35.00048828125, tan_in_x: 34.0, tan_in_y: 35.00048828125, tan_out_x: 34.0, tan_out_y: 35.00048828125 }
vertex[480]=PF_PathVertex { x: 1.0, y: 1.0, tan_in_x: 1.0, tan_in_y: 1.0, tan_out_x: 1.0, tan_out_y: 1.0 }
vertex[481]=PF_PathVertex { x: 16251.0, y: 32254.5, tan_in_x: 16251.0, tan_in_y: 32254.5, tan_out_x: 16251.0, tan_out_y: 32254.5 }
vertex[482]=PF_PathVertex { x: 35.0, y: 35.00048828125, tan_in_x: 35.0, tan_in_y: 35.00048828125, tan_out_x: 35.0, tan_out_y: 35.00048828125 }
vertex[483]=PF_PathVertex { x: 68.0, y: 1.0, tan_in_x: 68.0, tan_in_y: 1.0, tan_out_x: 68.0, tan_out_y: 1.0 }
vertex[484]=PF_PathVertex { x: 16256.0, y: 0.0, tan_in_x: 16256.0, tan_in_y: 0.0, tan_out_x: 16256.0, tan_out_y: 0.0 }
vertex[485]=PF_PathVertex { x: 103.0, y: 35.00048828125, tan_in_x: 103.0, tan_in_y: 35.00048828125, tan_out_x: 103.0, tan_out_y: 35.00048828125 }
vertex[486]=PF_PathVertex { x: 1.0, y: 1.0, tan_in_x: 1.0, tan_in_y: 1.0, tan_out_x: 1.0, tan_out_y: 1.0 }
vertex[487]=PF_PathVertex { x: 16056.0, y: 23644.5, tan_in_x: 16056.0, tan_in_y: 23644.5, tan_out_x: 16056.0, tan_out_y: 23644.5 }
vertex[488]=PF_PathVertex { x: 34.0, y: 36.0, tan_in_x: 34.0, tan_in_y: 36.0, tan_out_x: 34.0, tan_out_y: 36.0 }
vertex[489]=PF_PathVertex { x: 1.0, y: 1.0, tan_in_x: 1.0, tan_in_y: 1.0, tan_out_x: 1.0, tan_out_y: 1.0 }
vertex[490]=PF_PathVertex { x: 16128.0, y: 16448.5, tan_in_x: 16128.0, tan_in_y: 16448.5, tan_out_x: 16128.0, tan_out_y: 16448.5 }
vertex[491]=PF_PathVertex { x: 35.0, y: 36.0, tan_in_x: 35.0, tan_in_y: 36.0, tan_out_x: 35.0, tan_out_y: 36.0 }
vertex[492]=PF_PathVertex { x: 67.0, y: 1.0, tan_in_x: 67.0, tan_in_y: 1.0, tan_out_x: 67.0, tan_out_y: 1.0 }
vertex[493]=PF_PathVertex { x: 16256.0, y: 0.0, tan_in_x: 16256.0, tan_in_y: 0.0, tan_out_x: 16256.0, tan_out_y: 0.0 }
vertex[494]=PF_PathVertex { x: 102.0, y: 36.0, tan_in_x: 102.0, tan_in_y: 36.0, tan_out_x: 102.0, tan_out_y: 36.0 }
vertex[495]=PF_PathVertex { x: 1.0, y: 1.0, tan_in_x: 1.0, tan_in_y: 1.0, tan_out_x: 1.0, tan_out_y: 1.0 }
vertex[496]=PF_PathVertex { x: 16251.0, y: 32254.5, tan_in_x: 16251.0, tan_in_y: 32254.5, tan_out_x: 16251.0, tan_out_y: 32254.5 }
vertex[497]=PF_PathVertex { x: 103.0, y: 36.0, tan_in_x: 103.0, tan_in_y: 36.0, tan_out_x: 103.0, tan_out_y: 36.0 }
vertex[498]=PF_PathVertex { x: 1.0, y: 1.0, tan_in_x: 1.0, tan_in_y: 1.0, tan_out_x: 1.0, tan_out_y: 1.0 }
vertex[499]=PF_PathVertex { x: 15760.0, y: 18504.501953125, tan_in_x: 15760.0, tan_in_y: 18504.501953125, tan_out_x: 15760.0, tan_out_y: 18504.501953125 }
vertex[500]=PF_PathVertex { x: 34.0, y: 37.0, tan_in_x: 34.0, tan_in_y: 37.0, tan_out_x: 34.0, tan_out_y: 37.0 }
vertex[501]=PF_PathVertex { x: 1.0, y: 1.0, tan_in_x: 1.0, tan_in_y: 1.0, tan_out_x: 1.0, tan_out_y: 1.0 }
vertex[502]=PF_PathVertex { x: 15520.0, y: 20560.5, tan_in_x: 15520.0, tan_in_y: 20560.5, tan_out_x: 15520.0, tan_out_y: 20560.5 }
vertex[503]=PF_PathVertex { x: 35.0, y: 37.0, tan_in_x: 35.0, tan_in_y: 37.0, tan_out_x: 35.0, tan_out_y: 37.0 }
vertex[504]=PF_PathVertex { x: 1.0, y: 1.0, tan_in_x: 1.0, tan_in_y: 1.0, tan_out_x: 1.0, tan_out_y: 1.0 }
vertex[505]=PF_PathVertex { x: 16205.0, y: 26343.5, tan_in_x: 16205.0, tan_in_y: 26343.5, tan_out_x: 16205.0, tan_out_y: 26343.5 }
vertex[506]=PF_PathVertex { x: 36.0, y: 37.0, tan_in_x: 36.0, tan_in_y: 37.0, tan_out_x: 36.0, tan_out_y: 37.0 }
vertex[507]=PF_PathVertex { x: 66.0, y: 1.0, tan_in_x: 66.0, tan_in_y: 1.0, tan_out_x: 66.0, tan_out_y: 1.0 }
vertex[508]=PF_PathVertex { x: 16256.0, y: 0.0, tan_in_x: 16256.0, tan_in_y: 0.0, tan_out_x: 16256.0, tan_out_y: 0.0 }
vertex[509]=PF_PathVertex { x: 102.0, y: 37.0, tan_in_x: 102.0, tan_in_y: 37.0, tan_out_x: 102.0, tan_out_y: 37.0 }
vertex[510]=PF_PathVertex { x: 1.0, y: 1.0, tan_in_x: 1.0, tan_in_y: 1.0, tan_out_x: 1.0, tan_out_y: 1.0 }
vertex[511]=PF_PathVertex { x: 16184.0, y: 23644.5, tan_in_x: 16184.0, tan_in_y: 23644.5, tan_out_x: 16184.0, tan_out_y: 23644.5 }
vertex[512]=PF_PathVertex { x: 35.0, y: 38.0, tan_in_x: 35.0, tan_in_y: 38.0, tan_out_x: 35.0, tan_out_y: 38.0 }
vertex[513]=PF_PathVertex { x: 1.0, y: 1.0, tan_in_x: 1.0, tan_in_y: 1.0, tan_out_x: 1.0, tan_out_y: 1.0 }
vertex[514]=PF_PathVertex { x: 15920.0, y: 22616.5, tan_in_x: 15920.0, tan_in_y: 22616.5, tan_out_x: 15920.0, tan_out_y: 22616.5 }
vertex[515]=PF_PathVertex { x: 36.0, y: 38.0, tan_in_x: 36.0, tan_in_y: 38.0, tan_out_x: 36.0, tan_out_y: 38.0 }
vertex[516]=PF_PathVertex { x: 1.0, y: 1.0, tan_in_x: 1.0, tan_in_y: 1.0, tan_out_x: 1.0, tan_out_y: 1.0 }
vertex[517]=PF_PathVertex { x: 16249.0, y: 31997.5, tan_in_x: 16249.0, tan_in_y: 31997.5, tan_out_x: 16249.0, tan_out_y: 31997.5 }
vertex[518]=PF_PathVertex { x: 37.0, y: 38.0, tan_in_x: 37.0, tan_in_y: 38.0, tan_out_x: 37.0, tan_out_y: 38.0 }
vertex[519]=PF_PathVertex { x: 64.9998779296875, y: 1.0, tan_in_x: 64.9998779296875, tan_in_y: 1.0, tan_out_x: 64.9998779296875, tan_out_y: 1.0 }
vertex[520]=PF_PathVertex { x: 16256.0, y: 0.0, tan_in_x: 16256.0, tan_in_y: 0.0, tan_out_x: 16256.0, tan_out_y: 0.0 }
vertex[521]=PF_PathVertex { x: 102.0, y: 38.0, tan_in_x: 102.0, tan_in_y: 38.0, tan_out_x: 102.0, tan_out_y: 38.0 }
vertex[522]=PF_PathVertex { x: 1.0, y: 1.0, tan_in_x: 1.0, tan_in_y: 1.0, tan_out_x: 1.0, tan_out_y: 1.0 }
vertex[523]=PF_PathVertex { x: 16078.0, y: 26472.0, tan_in_x: 16078.0, tan_in_y: 26472.0, tan_out_x: 16078.0, tan_out_y: 26472.0 }
vertex[524]=PF_PathVertex { x: 36.0, y: 39.0, tan_in_x: 36.0, tan_in_y: 39.0, tan_out_x: 36.0, tan_out_y: 39.0 }
vertex[525]=PF_PathVertex { x: 1.0, y: 1.0, tan_in_x: 1.0, tan_in_y: 1.0, tan_out_x: 1.0, tan_out_y: 1.0 }
vertex[526]=PF_PathVertex { x: 16112.0, y: 30841.0, tan_in_x: 16112.0, tan_in_y: 30841.0, tan_out_x: 16112.0, tan_out_y: 30841.0 }
vertex[527]=PF_PathVertex { x: 37.0, y: 39.0, tan_in_x: 37.0, tan_in_y: 39.0, tan_out_x: 37.0, tan_out_y: 39.0 }
vertex[528]=PF_PathVertex { x: 64.0001220703125, y: 1.0, tan_in_x: 64.0001220703125, tan_in_y: 1.0, tan_out_x: 64.0001220703125, tan_out_y: 1.0 }
vertex[529]=PF_PathVertex { x: 16256.0, y: 0.0, tan_in_x: 16256.0, tan_in_y: 0.0, tan_out_x: 16256.0, tan_out_y: 0.0 }
vertex[530]=PF_PathVertex { x: 101.0, y: 39.0, tan_in_x: 101.0, tan_in_y: 39.0, tan_out_x: 101.0, tan_out_y: 39.0 }
vertex[531]=PF_PathVertex { x: 1.0, y: 1.0, tan_in_x: 1.0, tan_in_y: 1.0, tan_out_x: 1.0, tan_out_y: 1.0 }
vertex[532]=PF_PathVertex { x: 16253.0, y: 32511.5, tan_in_x: 16253.0, tan_in_y: 32511.5, tan_out_x: 16253.0, tan_out_y: 32511.5 }
vertex[533]=PF_PathVertex { x: 102.0, y: 39.0, tan_in_x: 102.0, tan_in_y: 39.0, tan_out_x: 102.0, tan_out_y: 39.0 }
vertex[534]=PF_PathVertex { x: 1.0, y: 1.0, tan_in_x: 1.0, tan_in_y: 1.0, tan_out_x: 1.0, tan_out_y: 1.0 }
vertex[535]=PF_PathVertex { x: 15792.0, y: 22616.5, tan_in_x: 15792.0, tan_in_y: 22616.5, tan_out_x: 15792.0, tan_out_y: 22616.5 }
vertex[536]=PF_PathVertex { x: 36.0, y: 40.0, tan_in_x: 36.0, tan_in_y: 40.0, tan_out_x: 36.0, tan_out_y: 40.0 }
vertex[537]=PF_PathVertex { x: 1.0, y: 1.0, tan_in_x: 1.0, tan_in_y: 1.0, tan_out_x: 1.0, tan_out_y: 1.0 }
vertex[538]=PF_PathVertex { x: 15424.0, y: 24673.0, tan_in_x: 15424.0, tan_in_y: 24673.0, tan_out_x: 15424.0, tan_out_y: 24673.0 }
vertex[539]=PF_PathVertex { x: 37.0, y: 40.0, tan_in_x: 37.0, tan_in_y: 40.0, tan_out_x: 37.0, tan_out_y: 40.0 }
vertex[540]=PF_PathVertex { x: 1.0, y: 1.0, tan_in_x: 1.0, tan_in_y: 1.0, tan_out_x: 1.0, tan_out_y: 1.0 }
vertex[541]=PF_PathVertex { x: 16200.0, y: 25701.0, tan_in_x: 16200.0, tan_in_y: 25701.0, tan_out_x: 16200.0, tan_out_y: 25701.0 }
vertex[542]=PF_PathVertex { x: 38.0, y: 40.0, tan_in_x: 38.0, tan_in_y: 40.0, tan_out_x: 38.0, tan_out_y: 40.0 }
vertex[543]=PF_PathVertex { x: 63.0, y: 1.0, tan_in_x: 63.0, tan_in_y: 1.0, tan_out_x: 63.0, tan_out_y: 1.0 }
vertex[544]=PF_PathVertex { x: 16256.0, y: 0.0, tan_in_x: 16256.0, tan_in_y: 0.0, tan_out_x: 16256.0, tan_out_y: 0.0 }
vertex[545]=PF_PathVertex { x: 101.0, y: 40.0, tan_in_x: 101.0, tan_in_y: 40.0, tan_out_x: 101.0, tan_out_y: 40.0 }
vertex[546]=PF_PathVertex { x: 1.0, y: 1.0, tan_in_x: 1.0, tan_in_y: 1.0, tan_out_x: 1.0, tan_out_y: 1.0 }
vertex[547]=PF_PathVertex { x: 16194.0, y: 24930.0, tan_in_x: 16194.0, tan_in_y: 24930.0, tan_out_x: 16194.0, tan_out_y: 24930.0 }
vertex[548]=PF_PathVertex { x: 37.0, y: 41.0, tan_in_x: 37.0, tan_in_y: 41.0, tan_out_x: 37.0, tan_out_y: 41.0 }
vertex[549]=PF_PathVertex { x: 1.0, y: 1.0, tan_in_x: 1.0, tan_in_y: 1.0, tan_out_x: 1.0, tan_out_y: 1.0 }
vertex[550]=PF_PathVertex { x: 15900.0, y: 20046.5, tan_in_x: 15900.0, tan_in_y: 20046.5, tan_out_x: 15900.0, tan_out_y: 20046.5 }
vertex[551]=PF_PathVertex { x: 38.0, y: 41.0, tan_in_x: 38.0, tan_in_y: 41.0, tan_out_x: 38.0, tan_out_y: 41.0 }
vertex[552]=PF_PathVertex { x: 1.0, y: 1.0, tan_in_x: 1.0, tan_in_y: 1.0, tan_out_x: 1.0, tan_out_y: 1.0 }
vertex[553]=PF_PathVertex { x: 16246.0, y: 31612.0, tan_in_x: 16246.0, tan_in_y: 31612.0, tan_out_x: 16246.0, tan_out_y: 31612.0 }
vertex[554]=PF_PathVertex { x: 39.0, y: 41.0, tan_in_x: 39.0, tan_in_y: 41.0, tan_out_x: 39.0, tan_out_y: 41.0 }
vertex[555]=PF_PathVertex { x: 62.0, y: 1.0, tan_in_x: 62.0, tan_in_y: 1.0, tan_out_x: 62.0, tan_out_y: 1.0 }
vertex[556]=PF_PathVertex { x: 16256.0, y: 0.0, tan_in_x: 16256.0, tan_in_y: 0.0, tan_out_x: 16256.0, tan_out_y: 0.0 }
vertex[557]=PF_PathVertex { x: 101.0, y: 41.0, tan_in_x: 101.0, tan_in_y: 41.0, tan_out_x: 101.0, tan_out_y: 41.0 }
vertex[558]=PF_PathVertex { x: 1.0, y: 1.0, tan_in_x: 1.0, tan_in_y: 1.0, tan_out_x: 1.0, tan_out_y: 1.0 }
vertex[559]=PF_PathVertex { x: 16090.0, y: 28014.0, tan_in_x: 16090.0, tan_in_y: 28014.0, tan_out_x: 16090.0, tan_out_y: 28014.0 }
vertex[560]=PF_PathVertex { x: 38.0, y: 41.99951171875, tan_in_x: 38.0, tan_in_y: 41.99951171875, tan_out_x: 38.0, tan_out_y: 41.99951171875 }
vertex[561]=PF_PathVertex { x: 1.0, y: 1.0, tan_in_x: 1.0, tan_in_y: 1.0, tan_out_x: 1.0, tan_out_y: 1.0 }
vertex[562]=PF_PathVertex { x: 16096.0, y: 28785.0, tan_in_x: 16096.0, tan_in_y: 28785.0, tan_out_x: 16096.0, tan_out_y: 28785.0 }
vertex[563]=PF_PathVertex { x: 39.0, y: 41.99951171875, tan_in_x: 39.0, tan_in_y: 41.99951171875, tan_out_x: 39.0, tan_out_y: 41.99951171875 }
vertex[564]=PF_PathVertex { x: 61.0, y: 1.0, tan_in_x: 61.0, tan_in_y: 1.0, tan_out_x: 61.0, tan_out_y: 1.0 }
vertex[565]=PF_PathVertex { x: 16256.0, y: 0.0, tan_in_x: 16256.0, tan_in_y: 0.0, tan_out_x: 16256.0, tan_out_y: 0.0 }
vertex[566]=PF_PathVertex { x: 100.0, y: 41.99951171875, tan_in_x: 100.0, tan_in_y: 41.99951171875, tan_out_x: 100.0, tan_out_y: 41.99951171875 }
vertex[567]=PF_PathVertex { x: 1.0, y: 1.0, tan_in_x: 1.0, tan_in_y: 1.0, tan_out_x: 1.0, tan_out_y: 1.0 }
vertex[568]=PF_PathVertex { x: 16251.0, y: 32254.5, tan_in_x: 16251.0, tan_in_y: 32254.5, tan_out_x: 16251.0, tan_out_y: 32254.5 }
vertex[569]=PF_PathVertex { x: 101.0, y: 41.99951171875, tan_in_x: 101.0, tan_in_y: 41.99951171875, tan_out_x: 101.0, tan_out_y: 41.99951171875 }
vertex[570]=PF_PathVertex { x: 1.0, y: 1.0, tan_in_x: 1.0, tan_in_y: 1.0, tan_out_x: 1.0, tan_out_y: 1.0 }
vertex[571]=PF_PathVertex { x: 15792.0, y: 22616.5, tan_in_x: 15792.0, tan_in_y: 22616.5, tan_out_x: 15792.0, tan_out_y: 22616.5 }
vertex[572]=PF_PathVertex { x: 38.0, y: 43.0, tan_in_x: 38.0, tan_in_y: 43.0, tan_out_x: 38.0, tan_out_y: 43.0 }
vertex[573]=PF_PathVertex { x: 1.0, y: 1.0, tan_in_x: 1.0, tan_in_y: 1.0, tan_out_x: 1.0, tan_out_y: 1.0 }
vertex[574]=PF_PathVertex { x: 15360.0, y: 16448.5, tan_in_x: 15360.0, tan_in_y: 16448.5, tan_out_x: 15360.0, tan_out_y: 16448.5 }
vertex[575]=PF_PathVertex { x: 39.0, y: 43.0, tan_in_x: 39.0, tan_in_y: 43.0, tan_out_x: 39.0, tan_out_y: 43.0 }
vertex[576]=PF_PathVertex { x: 1.0, y: 1.0, tan_in_x: 1.0, tan_in_y: 1.0, tan_out_x: 1.0, tan_out_y: 1.0 }
vertex[577]=PF_PathVertex { x: 16193.0, y: 24801.5, tan_in_x: 16193.0, tan_in_y: 24801.5, tan_out_x: 16193.0, tan_out_y: 24801.5 }
vertex[578]=PF_PathVertex { x: 40.0, y: 43.0, tan_in_x: 40.0, tan_in_y: 43.0, tan_out_x: 40.0, tan_out_y: 43.0 }
vertex[579]=PF_PathVertex { x: 60.0, y: 1.0, tan_in_x: 60.0, tan_in_y: 1.0, tan_out_x: 60.0, tan_out_y: 1.0 }
vertex[580]=PF_PathVertex { x: 16256.0, y: 0.0, tan_in_x: 16256.0, tan_in_y: 0.0, tan_out_x: 16256.0, tan_out_y: 0.0 }
vertex[581]=PF_PathVertex { x: 100.0, y: 43.0, tan_in_x: 100.0, tan_in_y: 43.0, tan_out_x: 100.0, tan_out_y: 43.0 }
vertex[582]=PF_PathVertex { x: 1.0, y: 1.0, tan_in_x: 1.0, tan_in_y: 1.0, tan_out_x: 1.0, tan_out_y: 1.0 }
vertex[583]=PF_PathVertex { x: 16181.0, y: 23259.0, tan_in_x: 16181.0, tan_in_y: 23259.0, tan_out_x: 16181.0, tan_out_y: 23259.0 }
vertex[584]=PF_PathVertex { x: 39.0, y: 44.0, tan_in_x: 39.0, tan_in_y: 44.0, tan_out_x: 39.0, tan_out_y: 44.0 }
vertex[585]=PF_PathVertex { x: 1.0, y: 1.0, tan_in_x: 1.0, tan_in_y: 1.0, tan_out_x: 1.0, tan_out_y: 1.0 }
vertex[586]=PF_PathVertex { x: 15876.0, y: 16962.5, tan_in_x: 15876.0, tan_in_y: 16962.5, tan_out_x: 15876.0, tan_out_y: 16962.5 }
vertex[587]=PF_PathVertex { x: 40.0, y: 44.0, tan_in_x: 40.0, tan_in_y: 44.0, tan_out_x: 40.0, tan_out_y: 44.0 }
vertex[588]=PF_PathVertex { x: 1.0, y: 1.0, tan_in_x: 1.0, tan_in_y: 1.0, tan_out_x: 1.0, tan_out_y: 1.0 }
vertex[589]=PF_PathVertex { x: 16244.0, y: 31355.0, tan_in_x: 16244.0, tan_in_y: 31355.0, tan_out_x: 16244.0, tan_out_y: 31355.0 }
vertex[590]=PF_PathVertex { x: 41.0, y: 44.0, tan_in_x: 41.0, tan_in_y: 44.0, tan_out_x: 41.0, tan_out_y: 44.0 }
vertex[591]=PF_PathVertex { x: 59.0, y: 1.0, tan_in_x: 59.0, tan_in_y: 1.0, tan_out_x: 59.0, tan_out_y: 1.0 }
vertex[592]=PF_PathVertex { x: 16256.0, y: 0.0, tan_in_x: 16256.0, tan_in_y: 0.0, tan_out_x: 16256.0, tan_out_y: 0.0 }
vertex[593]=PF_PathVertex { x: 100.0, y: 44.0, tan_in_x: 100.0, tan_in_y: 44.0, tan_out_x: 100.0, tan_out_y: 44.0 }
vertex[594]=PF_PathVertex { x: 1.0, y: 1.0, tan_in_x: 1.0, tan_in_y: 1.0, tan_out_x: 1.0, tan_out_y: 1.0 }
vertex[595]=PF_PathVertex { x: 16046.0, y: 22359.5, tan_in_x: 16046.0, tan_in_y: 22359.5, tan_out_x: 16046.0, tan_out_y: 22359.5 }
vertex[596]=PF_PathVertex { x: 40.0, y: 45.0, tan_in_x: 40.0, tan_in_y: 45.0, tan_out_x: 40.0, tan_out_y: 45.0 }
vertex[597]=PF_PathVertex { x: 1.0, y: 1.0, tan_in_x: 1.0, tan_in_y: 1.0, tan_out_x: 1.0, tan_out_y: 1.0 }
vertex[598]=PF_PathVertex { x: 16080.0, y: 26729.0, tan_in_x: 16080.0, tan_in_y: 26729.0, tan_out_x: 16080.0, tan_out_y: 26729.0 }
vertex[599]=PF_PathVertex { x: 41.0, y: 45.0, tan_in_x: 41.0, tan_in_y: 45.0, tan_out_x: 41.0, tan_out_y: 45.0 }
vertex[600]=PF_PathVertex { x: 58.0, y: 1.0, tan_in_x: 58.0, tan_in_y: 1.0, tan_out_x: 58.0, tan_out_y: 1.0 }
vertex[601]=PF_PathVertex { x: 16256.0, y: 0.0, tan_in_x: 16256.0, tan_in_y: 0.0, tan_out_x: 16256.0, tan_out_y: 0.0 }
vertex[602]=PF_PathVertex { x: 99.0, y: 45.0, tan_in_x: 99.0, tan_in_y: 45.0, tan_out_x: 99.0, tan_out_y: 45.0 }
vertex[603]=PF_PathVertex { x: 1.0, y: 1.0, tan_in_x: 1.0, tan_in_y: 1.0, tan_out_x: 1.0, tan_out_y: 1.0 }
vertex[604]=PF_PathVertex { x: 16236.0, y: 30327.0, tan_in_x: 16236.0, tan_in_y: 30327.0, tan_out_x: 16236.0, tan_out_y: 30327.0 }
vertex[605]=PF_PathVertex { x: 100.0, y: 45.0, tan_in_x: 100.0, tan_in_y: 45.0, tan_out_x: 100.0, tan_out_y: 45.0 }
vertex[606]=PF_PathVertex { x: 1.0, y: 1.0, tan_in_x: 1.0, tan_in_y: 1.0, tan_out_x: 1.0, tan_out_y: 1.0 }
vertex[607]=PF_PathVertex { x: 15584.0, y: 28785.0, tan_in_x: 15584.0, tan_in_y: 28785.0, tan_out_x: 15584.0, tan_out_y: 28785.0 }
vertex[608]=PF_PathVertex { x: 40.0, y: 46.00048828125, tan_in_x: 40.0, tan_in_y: 46.00048828125, tan_out_x: 40.0, tan_out_y: 46.00048828125 }
vertex[609]=PF_PathVertex { x: 1.0, y: 1.0, tan_in_x: 1.0, tan_in_y: 1.0, tan_out_x: 1.0, tan_out_y: 1.0 }
vertex[610]=PF_PathVertex { x: 15232.0, y: 16448.5, tan_in_x: 15232.0, tan_in_y: 16448.5, tan_out_x: 15232.0, tan_out_y: 16448.5 }
vertex[611]=PF_PathVertex { x: 41.0, y: 46.00048828125, tan_in_x: 41.0, tan_in_y: 46.00048828125, tan_out_x: 41.0, tan_out_y: 46.00048828125 }
vertex[612]=PF_PathVertex { x: 1.0, y: 1.0, tan_in_x: 1.0, tan_in_y: 1.0, tan_out_x: 1.0, tan_out_y: 1.0 }
vertex[613]=PF_PathVertex { x: 16186.0, y: 23901.501953125, tan_in_x: 16186.0, tan_in_y: 23901.501953125, tan_out_x: 16186.0, tan_out_y: 23901.501953125 }
vertex[614]=PF_PathVertex { x: 42.0, y: 46.00048828125, tan_in_x: 42.0, tan_in_y: 46.00048828125, tan_out_x: 42.0, tan_out_y: 46.00048828125 }
vertex[615]=PF_PathVertex { x: 57.0, y: 1.0, tan_in_x: 57.0, tan_in_y: 1.0, tan_out_x: 57.0, tan_out_y: 1.0 }
vertex[616]=PF_PathVertex { x: 16256.0, y: 0.0, tan_in_x: 16256.0, tan_in_y: 0.0, tan_out_x: 16256.0, tan_out_y: 0.0 }
vertex[617]=PF_PathVertex { x: 99.0, y: 46.00048828125, tan_in_x: 99.0, tan_in_y: 46.00048828125, tan_out_x: 99.0, tan_out_y: 46.00048828125 }
vertex[618]=PF_PathVertex { x: 1.0, y: 1.0, tan_in_x: 1.0, tan_in_y: 1.0, tan_out_x: 1.0, tan_out_y: 1.0 }
vertex[619]=PF_PathVertex { x: 16144.0, y: 18504.501953125, tan_in_x: 16144.0, tan_in_y: 18504.501953125, tan_out_x: 16144.0, tan_out_y: 18504.501953125 }
vertex[620]=PF_PathVertex { x: 41.0, y: 47.0, tan_in_x: 41.0, tan_in_y: 47.0, tan_out_x: 41.0, tan_out_y: 47.0 }
vertex[621]=PF_PathVertex { x: 1.0, y: 1.0, tan_in_x: 1.0, tan_in_y: 1.0, tan_out_x: 1.0, tan_out_y: 1.0 }
vertex[622]=PF_PathVertex { x: 15856.0, y: 30841.0, tan_in_x: 15856.0, tan_in_y: 30841.0, tan_out_x: 15856.0, tan_out_y: 30841.0 }
vertex[623]=PF_PathVertex { x: 42.0, y: 47.0, tan_in_x: 42.0, tan_in_y: 47.0, tan_out_x: 42.0, tan_out_y: 47.0 }
vertex[624]=PF_PathVertex { x: 1.0, y: 1.0, tan_in_x: 1.0, tan_in_y: 1.0, tan_out_x: 1.0, tan_out_y: 1.0 }
vertex[625]=PF_PathVertex { x: 16240.0, y: 30841.0, tan_in_x: 16240.0, tan_in_y: 30841.0, tan_out_x: 16240.0, tan_out_y: 30841.0 }
vertex[626]=PF_PathVertex { x: 43.0, y: 47.0, tan_in_x: 43.0, tan_in_y: 47.0, tan_out_x: 43.0, tan_out_y: 47.0 }
vertex[627]=PF_PathVertex { x: 56.0, y: 1.0, tan_in_x: 56.0, tan_in_y: 1.0, tan_out_x: 56.0, tan_out_y: 1.0 }
vertex[628]=PF_PathVertex { x: 16256.0, y: 0.0, tan_in_x: 16256.0, tan_in_y: 0.0, tan_out_x: 16256.0, tan_out_y: 0.0 }
vertex[629]=PF_PathVertex { x: 99.0, y: 47.0, tan_in_x: 99.0, tan_in_y: 47.0, tan_out_x: 99.0, tan_out_y: 47.0 }
vertex[630]=PF_PathVertex { x: 1.0, y: 1.0, tan_in_x: 1.0, tan_in_y: 1.0, tan_out_x: 1.0, tan_out_y: 1.0 }
vertex[631]=PF_PathVertex { x: 15916.0, y: 22102.501953125, tan_in_x: 15916.0, tan_in_y: 22102.501953125, tan_out_x: 15916.0, tan_out_y: 22102.501953125 }
vertex[632]=PF_PathVertex { x: 42.0, y: 48.0, tan_in_x: 42.0, tan_in_y: 48.0, tan_out_x: 42.0, tan_out_y: 48.0 }
vertex[633]=PF_PathVertex { x: 1.0, y: 1.0, tan_in_x: 1.0, tan_in_y: 1.0, tan_out_x: 1.0, tan_out_y: 1.0 }
vertex[634]=PF_PathVertex { x: 16064.0, y: 24673.0, tan_in_x: 16064.0, tan_in_y: 24673.0, tan_out_x: 16064.0, tan_out_y: 24673.0 }
vertex[635]=PF_PathVertex { x: 43.0, y: 48.0, tan_in_x: 43.0, tan_in_y: 48.0, tan_out_x: 43.0, tan_out_y: 48.0 }
vertex[636]=PF_PathVertex { x: 55.0, y: 1.0, tan_in_x: 55.0, tan_in_y: 1.0, tan_out_x: 55.0, tan_out_y: 1.0 }
vertex[637]=PF_PathVertex { x: 16256.0, y: 0.0, tan_in_x: 16256.0, tan_in_y: 0.0, tan_out_x: 16256.0, tan_out_y: 0.0 }
vertex[638]=PF_PathVertex { x: 97.9998779296875, y: 48.0, tan_in_x: 97.9998779296875, tan_in_y: 48.0, tan_out_x: 97.9998779296875, tan_out_y: 48.0 }
vertex[639]=PF_PathVertex { x: 1.0, y: 1.0, tan_in_x: 1.0, tan_in_y: 1.0, tan_out_x: 1.0, tan_out_y: 1.0 }
vertex[640]=PF_PathVertex { x: 16191.0, y: 24544.0, tan_in_x: 16191.0, tan_in_y: 24544.0, tan_out_x: 16191.0, tan_out_y: 24544.0 }
vertex[641]=PF_PathVertex { x: 43.0, y: 49.0, tan_in_x: 43.0, tan_in_y: 49.0, tan_out_x: 43.0, tan_out_y: 49.0 }
vertex[642]=PF_PathVertex { x: 1.0, y: 1.0, tan_in_x: 1.0, tan_in_y: 1.0, tan_out_x: 1.0, tan_out_y: 1.0 }
vertex[643]=PF_PathVertex { x: 16179.0, y: 23002.001953125, tan_in_x: 16179.0, tan_in_y: 23002.001953125, tan_out_x: 16179.0, tan_out_y: 23002.001953125 }
vertex[644]=PF_PathVertex { x: 44.0, y: 49.0, tan_in_x: 44.0, tan_in_y: 49.0, tan_out_x: 44.0, tan_out_y: 49.0 }
vertex[645]=PF_PathVertex { x: 54.0, y: 1.0, tan_in_x: 54.0, tan_in_y: 1.0, tan_out_x: 54.0, tan_out_y: 1.0 }
vertex[646]=PF_PathVertex { x: 16256.0, y: 0.0, tan_in_x: 16256.0, tan_in_y: 0.0, tan_out_x: 16256.0, tan_out_y: 0.0 }
vertex[647]=PF_PathVertex { x: 97.9998779296875, y: 49.0, tan_in_x: 97.9998779296875, tan_in_y: 49.0, tan_out_x: 97.9998779296875, tan_out_y: 49.0 }
vertex[648]=PF_PathVertex { x: 1.0, y: 1.0, tan_in_x: 1.0, tan_in_y: 1.0, tan_out_x: 1.0, tan_out_y: 1.0 }
vertex[649]=PF_PathVertex { x: 16034.0, y: 20817.5, tan_in_x: 16034.0, tan_in_y: 20817.5, tan_out_x: 16034.0, tan_out_y: 20817.5 }
vertex[650]=PF_PathVertex { x: 43.0, y: 50.0, tan_in_x: 43.0, tan_in_y: 50.0, tan_out_x: 43.0, tan_out_y: 50.0 }
vertex[651]=PF_PathVertex { x: 1.0, y: 1.0, tan_in_x: 1.0, tan_in_y: 1.0, tan_out_x: 1.0, tan_out_y: 1.0 }
vertex[652]=PF_PathVertex { x: 15808.0, y: 24673.0, tan_in_x: 15808.0, tan_in_y: 24673.0, tan_out_x: 15808.0, tan_out_y: 24673.0 }
vertex[653]=PF_PathVertex { x: 44.0, y: 50.0, tan_in_x: 44.0, tan_in_y: 50.0, tan_out_x: 44.0, tan_out_y: 50.0 }
vertex[654]=PF_PathVertex { x: 1.0, y: 1.0, tan_in_x: 1.0, tan_in_y: 1.0, tan_out_x: 1.0, tan_out_y: 1.0 }
vertex[655]=PF_PathVertex { x: 16237.0, y: 30455.5, tan_in_x: 16237.0, tan_in_y: 30455.5, tan_out_x: 16237.0, tan_out_y: 30455.5 }
vertex[656]=PF_PathVertex { x: 45.0, y: 50.0, tan_in_x: 45.0, tan_in_y: 50.0, tan_out_x: 45.0, tan_out_y: 50.0 }
vertex[657]=PF_PathVertex { x: 52.0, y: 1.99951171875, tan_in_x: 52.0, tan_in_y: 1.99951171875, tan_out_x: 52.0, tan_out_y: 1.99951171875 }
vertex[658]=PF_PathVertex { x: 16256.0, y: 0.0, tan_in_x: 16256.0, tan_in_y: 0.0, tan_out_x: 16256.0, tan_out_y: 0.0 }
vertex[659]=PF_PathVertex { x: 97.0001220703125, y: 50.0, tan_in_x: 97.0001220703125, tan_in_y: 50.0, tan_out_x: 97.0001220703125, tan_out_y: 50.0 }
vertex[660]=PF_PathVertex { x: 1.0, y: 1.0, tan_in_x: 1.0, tan_in_y: 1.0, tan_out_x: 1.0, tan_out_y: 1.0 }
vertex[661]=PF_PathVertex { x: 16225.0, y: 28913.5, tan_in_x: 16225.0, tan_in_y: 28913.5, tan_out_x: 16225.0, tan_out_y: 28913.5 }
vertex[662]=PF_PathVertex { x: 97.9998779296875, y: 50.0, tan_in_x: 97.9998779296875, tan_in_y: 50.0, tan_out_x: 97.9998779296875, tan_out_y: 50.0 }
vertex[663]=PF_PathVertex { x: 1.0, y: 1.0, tan_in_x: 1.0, tan_in_y: 1.0, tan_out_x: 1.0, tan_out_y: 1.0 }
vertex[664]=PF_PathVertex { x: 15424.0, y: 24673.0, tan_in_x: 15424.0, tan_in_y: 24673.0, tan_out_x: 15424.0, tan_out_y: 24673.0 }
vertex[665]=PF_PathVertex { x: 44.0, y: 51.0, tan_in_x: 44.0, tan_in_y: 51.0, tan_out_x: 44.0, tan_out_y: 51.0 }
vertex[666]=PF_PathVertex { x: 1.0, y: 1.0, tan_in_x: 1.0, tan_in_y: 1.0, tan_out_x: 1.0, tan_out_y: 1.0 }
vertex[667]=PF_PathVertex { x: 16050.0, y: 22873.5, tan_in_x: 16050.0, tan_in_y: 22873.5, tan_out_x: 16050.0, tan_out_y: 22873.5 }
vertex[668]=PF_PathVertex { x: 97.0001220703125, y: 51.0, tan_in_x: 97.0001220703125, tan_in_y: 51.0, tan_out_x: 97.0001220703125, tan_out_y: 51.0 }
vertex[669]=PF_PathVertex { x: 1.0, y: 1.0, tan_in_x: 1.0, tan_in_y: 1.0, tan_out_x: 1.0, tan_out_y: 1.0 }
vertex[670]=PF_PathVertex { x: 16092.0, y: 28271.0, tan_in_x: 16092.0, tan_in_y: 28271.0, tan_out_x: 16092.0, tan_out_y: 28271.0 }
vertex[671]=PF_PathVertex { x: 45.0, y: 52.0, tan_in_x: 45.0, tan_in_y: 52.0, tan_out_x: 45.0, tan_out_y: 52.0 }
vertex[672]=PF_PathVertex { x: 1.0, y: 1.0, tan_in_x: 1.0, tan_in_y: 1.0, tan_out_x: 1.0, tan_out_y: 1.0 }
vertex[673]=PF_PathVertex { x: 16171.0, y: 21974.0, tan_in_x: 16171.0, tan_in_y: 21974.0, tan_out_x: 16171.0, tan_out_y: 21974.0 }
vertex[674]=PF_PathVertex { x: 46.0, y: 52.0, tan_in_x: 46.0, tan_in_y: 52.0, tan_out_x: 46.0, tan_out_y: 52.0 }
vertex[675]=PF_PathVertex { x: 50.0, y: 1.0, tan_in_x: 50.0, tan_in_y: 1.0, tan_out_x: 50.0, tan_out_y: 1.0 }
vertex[676]=PF_PathVertex { x: 16256.0, y: 0.0, tan_in_x: 16256.0, tan_in_y: 0.0, tan_out_x: 16256.0, tan_out_y: 0.0 }
vertex[677]=PF_PathVertex { x: 96.0, y: 52.0, tan_in_x: 96.0, tan_in_y: 52.0, tan_out_x: 96.0, tan_out_y: 52.0 }
vertex[678]=PF_PathVertex { x: 1.0, y: 1.0, tan_in_x: 1.0, tan_in_y: 1.0, tan_out_x: 1.0, tan_out_y: 1.0 }
vertex[679]=PF_PathVertex { x: 16236.0, y: 30327.0, tan_in_x: 16236.0, tan_in_y: 30327.0, tan_out_x: 16236.0, tan_out_y: 30327.0 }
vertex[680]=PF_PathVertex { x: 97.0001220703125, y: 52.0, tan_in_x: 97.0001220703125, tan_in_y: 52.0, tan_out_x: 97.0001220703125, tan_out_y: 52.0 }
vertex[681]=PF_PathVertex { x: 1.0, y: 1.0, tan_in_x: 1.0, tan_in_y: 1.0, tan_out_x: 1.0, tan_out_y: 1.0 }
vertex[682]=PF_PathVertex { x: 15680.0, y: 24673.0, tan_in_x: 15680.0, tan_in_y: 24673.0, tan_out_x: 15680.0, tan_out_y: 24673.0 }
vertex[683]=PF_PathVertex { x: 45.0, y: 52.99951171875, tan_in_x: 45.0, tan_in_y: 52.99951171875, tan_out_x: 45.0, tan_out_y: 52.99951171875 }
vertex[684]=PF_PathVertex { x: 1.0, y: 1.0, tan_in_x: 1.0, tan_in_y: 1.0, tan_out_x: 1.0, tan_out_y: 1.0 }
vertex[685]=PF_PathVertex { x: 15784.0, y: 21588.5, tan_in_x: 15784.0, tan_in_y: 21588.5, tan_out_x: 15784.0, tan_out_y: 21588.5 }
vertex[686]=PF_PathVertex { x: 46.0, y: 52.99951171875, tan_in_x: 46.0, tan_in_y: 52.99951171875, tan_out_x: 46.0, tan_out_y: 52.99951171875 }
vertex[687]=PF_PathVertex { x: 1.0, y: 1.0, tan_in_x: 1.0, tan_in_y: 1.0, tan_out_x: 1.0, tan_out_y: 1.0 }
vertex[688]=PF_PathVertex { x: 16233.0, y: 29941.5, tan_in_x: 16233.0, tan_in_y: 29941.5, tan_out_x: 16233.0, tan_out_y: 29941.5 }
vertex[689]=PF_PathVertex { x: 47.0, y: 52.99951171875, tan_in_x: 47.0, tan_in_y: 52.99951171875, tan_out_x: 47.0, tan_out_y: 52.99951171875 }
vertex[690]=PF_PathVertex { x: 49.0, y: 1.0, tan_in_x: 49.0, tan_in_y: 1.0, tan_out_x: 49.0, tan_out_y: 1.0 }
vertex[691]=PF_PathVertex { x: 16256.0, y: 0.0, tan_in_x: 16256.0, tan_in_y: 0.0, tan_out_x: 16256.0, tan_out_y: 0.0 }
vertex[692]=PF_PathVertex { x: 96.0, y: 52.99951171875, tan_in_x: 96.0, tan_in_y: 52.99951171875, tan_out_x: 96.0, tan_out_y: 52.99951171875 }
vertex[693]=PF_PathVertex { x: 1.0, y: 1.0, tan_in_x: 1.0, tan_in_y: 1.0, tan_out_x: 1.0, tan_out_y: 1.0 }
vertex[694]=PF_PathVertex { x: 16128.0, y: 16448.5, tan_in_x: 16128.0, tan_in_y: 16448.5, tan_out_x: 16128.0, tan_out_y: 16448.5 }
vertex[695]=PF_PathVertex { x: 46.0, y: 54.0, tan_in_x: 46.0, tan_in_y: 54.0, tan_out_x: 46.0, tan_out_y: 54.0 }
vertex[696]=PF_PathVertex { x: 1.0, y: 1.0, tan_in_x: 1.0, tan_in_y: 1.0, tan_out_x: 1.0, tan_out_y: 1.0 }
vertex[697]=PF_PathVertex { x: 16032.0, y: 20560.5, tan_in_x: 16032.0, tan_in_y: 20560.5, tan_out_x: 16032.0, tan_out_y: 20560.5 }
vertex[698]=PF_PathVertex { x: 47.0, y: 54.0, tan_in_x: 47.0, tan_in_y: 54.0, tan_out_x: 47.0, tan_out_y: 54.0 }
vertex[699]=PF_PathVertex { x: 48.0, y: 1.0, tan_in_x: 48.0, tan_in_y: 1.0, tan_out_x: 48.0, tan_out_y: 1.0 }
vertex[700]=PF_PathVertex { x: 16256.0, y: 0.0, tan_in_x: 16256.0, tan_in_y: 0.0, tan_out_x: 16256.0, tan_out_y: 0.0 }
vertex[701]=PF_PathVertex { x: 95.0, y: 54.0, tan_in_x: 95.0, tan_in_y: 54.0, tan_out_x: 95.0, tan_out_y: 54.0 }
vertex[702]=PF_PathVertex { x: 1.0, y: 1.0, tan_in_x: 1.0, tan_in_y: 1.0, tan_out_x: 1.0, tan_out_y: 1.0 }
vertex[703]=PF_PathVertex { x: 16240.0, y: 30841.0, tan_in_x: 16240.0, tan_in_y: 30841.0, tan_out_x: 16240.0, tan_out_y: 30841.0 }
vertex[704]=PF_PathVertex { x: 96.0, y: 54.0, tan_in_x: 96.0, tan_in_y: 54.0, tan_out_x: 96.0, tan_out_y: 54.0 }
vertex[705]=PF_PathVertex { x: 1.0, y: 1.0, tan_in_x: 1.0, tan_in_y: 1.0, tan_out_x: 1.0, tan_out_y: 1.0 }
vertex[706]=PF_PathVertex { x: 15744.0, y: 16448.5, tan_in_x: 15744.0, tan_in_y: 16448.5, tan_out_x: 15744.0, tan_out_y: 16448.5 }
vertex[707]=PF_PathVertex { x: 47.0, y: 55.0, tan_in_x: 47.0, tan_in_y: 55.0, tan_out_x: 47.0, tan_out_y: 55.0 }
vertex[708]=PF_PathVertex { x: 1.0, y: 1.0, tan_in_x: 1.0, tan_in_y: 1.0, tan_out_x: 1.0, tan_out_y: 1.0 }
vertex[709]=PF_PathVertex { x: 16164.0, y: 21074.5, tan_in_x: 16164.0, tan_in_y: 21074.5, tan_out_x: 16164.0, tan_out_y: 21074.5 }
vertex[710]=PF_PathVertex { x: 48.0, y: 55.0, tan_in_x: 48.0, tan_in_y: 55.0, tan_out_x: 48.0, tan_out_y: 55.0 }
vertex[711]=PF_PathVertex { x: 47.0, y: 1.0, tan_in_x: 47.0, tan_in_y: 1.0, tan_out_x: 47.0, tan_out_y: 1.0 }
vertex[712]=PF_PathVertex { x: 16256.0, y: 0.0, tan_in_x: 16256.0, tan_in_y: 0.0, tan_out_x: 16256.0, tan_out_y: 0.0 }
vertex[713]=PF_PathVertex { x: 95.0, y: 55.0, tan_in_x: 95.0, tan_in_y: 55.0, tan_out_x: 95.0, tan_out_y: 55.0 }
vertex[714]=PF_PathVertex { x: 1.0, y: 1.0, tan_in_x: 1.0, tan_in_y: 1.0, tan_out_x: 1.0, tan_out_y: 1.0 }
vertex[715]=PF_PathVertex { x: 16128.0, y: 16448.5, tan_in_x: 16128.0, tan_in_y: 16448.5, tan_out_x: 16128.0, tan_out_y: 16448.5 }
vertex[716]=PF_PathVertex { x: 47.0, y: 56.0, tan_in_x: 47.0, tan_in_y: 56.0, tan_out_x: 47.0, tan_out_y: 56.0 }
vertex[717]=PF_PathVertex { x: 1.0, y: 1.0, tan_in_x: 1.0, tan_in_y: 1.0, tan_out_x: 1.0, tan_out_y: 1.0 }
vertex[718]=PF_PathVertex { x: 15744.0, y: 16448.5, tan_in_x: 15744.0, tan_in_y: 16448.5, tan_out_x: 15744.0, tan_out_y: 16448.5 }
vertex[719]=PF_PathVertex { x: 48.0, y: 56.0, tan_in_x: 48.0, tan_in_y: 56.0, tan_out_x: 48.0, tan_out_y: 56.0 }
vertex[720]=PF_PathVertex { x: 1.0, y: 1.0, tan_in_x: 1.0, tan_in_y: 1.0, tan_out_x: 1.0, tan_out_y: 1.0 }
vertex[721]=PF_PathVertex { x: 16229.0, y: 29427.5, tan_in_x: 16229.0, tan_in_y: 29427.5, tan_out_x: 16229.0, tan_out_y: 29427.5 }
vertex[722]=PF_PathVertex { x: 49.0, y: 56.0, tan_in_x: 49.0, tan_in_y: 56.0, tan_out_x: 49.0, tan_out_y: 56.0 }
vertex[723]=PF_PathVertex { x: 45.0, y: 1.99951171875, tan_in_x: 45.0, tan_in_y: 1.99951171875, tan_out_x: 45.0, tan_out_y: 1.99951171875 }
vertex[724]=PF_PathVertex { x: 16256.0, y: 0.0, tan_in_x: 16256.0, tan_in_y: 0.0, tan_out_x: 16256.0, tan_out_y: 0.0 }
vertex[725]=PF_PathVertex { x: 94.0, y: 56.0, tan_in_x: 94.0, tan_in_y: 56.0, tan_out_x: 94.0, tan_out_y: 56.0 }
vertex[726]=PF_PathVertex { x: 1.0, y: 1.0, tan_in_x: 1.0, tan_in_y: 1.0, tan_out_x: 1.0, tan_out_y: 1.0 }
vertex[727]=PF_PathVertex { x: 16237.0, y: 30455.5, tan_in_x: 16237.0, tan_in_y: 30455.5, tan_out_x: 16237.0, tan_out_y: 30455.5 }
vertex[728]=PF_PathVertex { x: 95.0, y: 56.0, tan_in_x: 95.0, tan_in_y: 56.0, tan_out_x: 95.0, tan_out_y: 56.0 }
vertex[729]=PF_PathVertex { x: 1.0, y: 1.0, tan_in_x: 1.0, tan_in_y: 1.0, tan_out_x: 1.0, tan_out_y: 1.0 }
vertex[730]=PF_PathVertex { x: 15744.0, y: 16448.5, tan_in_x: 15744.0, tan_in_y: 16448.5, tan_out_x: 15744.0, tan_out_y: 16448.5 }
vertex[731]=PF_PathVertex { x: 48.0, y: 57.0, tan_in_x: 48.0, tan_in_y: 57.0, tan_out_x: 48.0, tan_out_y: 57.0 }
vertex[732]=PF_PathVertex { x: 1.0, y: 1.0, tan_in_x: 1.0, tan_in_y: 1.0, tan_out_x: 1.0, tan_out_y: 1.0 }
vertex[733]=PF_PathVertex { x: 16020.0, y: 19018.5, tan_in_x: 16020.0, tan_in_y: 19018.5, tan_out_x: 16020.0, tan_out_y: 19018.5 }
vertex[734]=PF_PathVertex { x: 94.0, y: 57.0, tan_in_x: 94.0, tan_in_y: 57.0, tan_out_x: 94.0, tan_out_y: 57.0 }
vertex[735]=PF_PathVertex { x: 1.0, y: 1.0, tan_in_x: 1.0, tan_in_y: 1.0, tan_out_x: 1.0, tan_out_y: 1.0 }
vertex[736]=PF_PathVertex { x: 16094.0, y: 28528.0, tan_in_x: 16094.0, tan_in_y: 28528.0, tan_out_x: 16094.0, tan_out_y: 28528.0 }
vertex[737]=PF_PathVertex { x: 49.0, y: 58.0, tan_in_x: 49.0, tan_in_y: 58.0, tan_out_x: 49.0, tan_out_y: 58.0 }
vertex[738]=PF_PathVertex { x: 1.0, y: 1.0, tan_in_x: 1.0, tan_in_y: 1.0, tan_out_x: 1.0, tan_out_y: 1.0 }
vertex[739]=PF_PathVertex { x: 16155.0, y: 19918.0, tan_in_x: 16155.0, tan_in_y: 19918.0, tan_out_x: 16155.0, tan_out_y: 19918.0 }
vertex[740]=PF_PathVertex { x: 50.0, y: 58.0, tan_in_x: 50.0, tan_in_y: 58.0, tan_out_x: 50.0, tan_out_y: 58.0 }
vertex[741]=PF_PathVertex { x: 43.0, y: 1.0, tan_in_x: 43.0, tan_in_y: 1.0, tan_out_x: 43.0, tan_out_y: 1.0 }
vertex[742]=PF_PathVertex { x: 16256.0, y: 0.0, tan_in_x: 16256.0, tan_in_y: 0.0, tan_out_x: 16256.0, tan_out_y: 0.0 }
vertex[743]=PF_PathVertex { x: 93.0, y: 58.0, tan_in_x: 93.0, tan_in_y: 58.0, tan_out_x: 93.0, tan_out_y: 58.0 }
vertex[744]=PF_PathVertex { x: 1.0, y: 1.0, tan_in_x: 1.0, tan_in_y: 1.0, tan_out_x: 1.0, tan_out_y: 1.0 }
vertex[745]=PF_PathVertex { x: 16218.0, y: 28014.0, tan_in_x: 16218.0, tan_in_y: 28014.0, tan_out_x: 16218.0, tan_out_y: 28014.0 }
vertex[746]=PF_PathVertex { x: 94.0, y: 58.0, tan_in_x: 94.0, tan_in_y: 58.0, tan_out_x: 94.0, tan_out_y: 58.0 }
vertex[747]=PF_PathVertex { x: 1.0, y: 1.0, tan_in_x: 1.0, tan_in_y: 1.0, tan_out_x: 1.0, tan_out_y: 1.0 }
vertex[748]=PF_PathVertex { x: 15520.0, y: 20560.5, tan_in_x: 15520.0, tan_in_y: 20560.5, tan_out_x: 15520.0, tan_out_y: 20560.5 }
vertex[749]=PF_PathVertex { x: 49.0, y: 59.0, tan_in_x: 49.0, tan_in_y: 59.0, tan_out_x: 49.0, tan_out_y: 59.0 }
vertex[750]=PF_PathVertex { x: 1.0, y: 1.0, tan_in_x: 1.0, tan_in_y: 1.0, tan_out_x: 1.0, tan_out_y: 1.0 }
vertex[751]=PF_PathVertex { x: 15712.0, y: 28785.0, tan_in_x: 15712.0, tan_in_y: 28785.0, tan_out_x: 15712.0, tan_out_y: 28785.0 }
vertex[752]=PF_PathVertex { x: 50.0, y: 59.0, tan_in_x: 50.0, tan_in_y: 59.0, tan_out_x: 50.0, tan_out_y: 59.0 }
vertex[753]=PF_PathVertex { x: 1.0, y: 1.0, tan_in_x: 1.0, tan_in_y: 1.0, tan_out_x: 1.0, tan_out_y: 1.0 }
vertex[754]=PF_PathVertex { x: 16225.0, y: 28913.5, tan_in_x: 16225.0, tan_in_y: 28913.5, tan_out_x: 16225.0, tan_out_y: 28913.5 }
vertex[755]=PF_PathVertex { x: 51.0, y: 59.0, tan_in_x: 51.0, tan_in_y: 59.0, tan_out_x: 51.0, tan_out_y: 59.0 }
vertex[756]=PF_PathVertex { x: 42.0, y: 1.0, tan_in_x: 42.0, tan_in_y: 1.0, tan_out_x: 42.0, tan_out_y: 1.0 }
vertex[757]=PF_PathVertex { x: 16256.0, y: 0.0, tan_in_x: 16256.0, tan_in_y: 0.0, tan_out_x: 16256.0, tan_out_y: 0.0 }
vertex[758]=PF_PathVertex { x: 93.0, y: 59.0, tan_in_x: 93.0, tan_in_y: 59.0, tan_out_x: 93.0, tan_out_y: 59.0 }
vertex[759]=PF_PathVertex { x: 1.0, y: 1.0, tan_in_x: 1.0, tan_in_y: 1.0, tan_out_x: 1.0, tan_out_y: 1.0 }
vertex[760]=PF_PathVertex { x: 16028.0, y: 20046.5, tan_in_x: 16028.0, tan_in_y: 20046.5, tan_out_x: 16028.0, tan_out_y: 20046.5 }
vertex[761]=PF_PathVertex { x: 50.0, y: 60.0, tan_in_x: 50.0, tan_in_y: 60.0, tan_out_x: 50.0, tan_out_y: 60.0 }
vertex[762]=PF_PathVertex { x: 1.0, y: 1.0, tan_in_x: 1.0, tan_in_y: 1.0, tan_out_x: 1.0, tan_out_y: 1.0 }
vertex[763]=PF_PathVertex { x: 16002.0, y: 16705.501953125, tan_in_x: 16002.0, tan_in_y: 16705.501953125, tan_out_x: 16002.0, tan_out_y: 16705.501953125 }
vertex[764]=PF_PathVertex { x: 51.0, y: 60.0, tan_in_x: 51.0, tan_in_y: 60.0, tan_out_x: 51.0, tan_out_y: 60.0 }
vertex[765]=PF_PathVertex { x: 41.0, y: 1.0, tan_in_x: 41.0, tan_in_y: 1.0, tan_out_x: 41.0, tan_out_y: 1.0 }
vertex[766]=PF_PathVertex { x: 16256.0, y: 0.0, tan_in_x: 16256.0, tan_in_y: 0.0, tan_out_x: 16256.0, tan_out_y: 0.0 }
vertex[767]=PF_PathVertex { x: 92.0, y: 60.0, tan_in_x: 92.0, tan_in_y: 60.0, tan_out_x: 92.0, tan_out_y: 60.0 }
vertex[768]=PF_PathVertex { x: 1.0, y: 1.0, tan_in_x: 1.0, tan_in_y: 1.0, tan_out_x: 1.0, tan_out_y: 1.0 }
vertex[769]=PF_PathVertex { x: 16177.0, y: 22745.0, tan_in_x: 16177.0, tan_in_y: 22745.0, tan_out_x: 16177.0, tan_out_y: 22745.0 }
vertex[770]=PF_PathVertex { x: 51.0, y: 61.0, tan_in_x: 51.0, tan_in_y: 61.0, tan_out_x: 51.0, tan_out_y: 61.0 }
vertex[771]=PF_PathVertex { x: 1.0, y: 1.0, tan_in_x: 1.0, tan_in_y: 1.0, tan_out_x: 1.0, tan_out_y: 1.0 }
vertex[772]=PF_PathVertex { x: 16148.0, y: 19018.5, tan_in_x: 16148.0, tan_in_y: 19018.5, tan_out_x: 16148.0, tan_out_y: 19018.5 }
vertex[773]=PF_PathVertex { x: 52.0, y: 61.0, tan_in_x: 52.0, tan_in_y: 61.0, tan_out_x: 52.0, tan_out_y: 61.0 }
vertex[774]=PF_PathVertex { x: 39.0, y: 1.0, tan_in_x: 39.0, tan_in_y: 1.0, tan_out_x: 39.0, tan_out_y: 1.0 }
vertex[775]=PF_PathVertex { x: 16256.0, y: 0.0, tan_in_x: 16256.0, tan_in_y: 0.0, tan_out_x: 16256.0, tan_out_y: 0.0 }
vertex[776]=PF_PathVertex { x: 91.0, y: 61.0, tan_in_x: 91.0, tan_in_y: 61.0, tan_out_x: 91.0, tan_out_y: 61.0 }
vertex[777]=PF_PathVertex { x: 1.0, y: 1.0, tan_in_x: 1.0, tan_in_y: 1.0, tan_out_x: 1.0, tan_out_y: 1.0 }
vertex[778]=PF_PathVertex { x: 16245.0, y: 31483.5, tan_in_x: 16245.0, tan_in_y: 31483.5, tan_out_x: 16245.0, tan_out_y: 31483.5 }
vertex[779]=PF_PathVertex { x: 92.0, y: 61.0, tan_in_x: 92.0, tan_in_y: 61.0, tan_out_x: 92.0, tan_out_y: 61.0 }
vertex[780]=PF_PathVertex { x: 1.0, y: 1.0, tan_in_x: 1.0, tan_in_y: 1.0, tan_out_x: 1.0, tan_out_y: 1.0 }
vertex[781]=PF_PathVertex { x: 15864.0, y: 31869.0, tan_in_x: 15864.0, tan_in_y: 31869.0, tan_out_x: 15864.0, tan_out_y: 31869.0 }
vertex[782]=PF_PathVertex { x: 51.0, y: 62.0, tan_in_x: 51.0, tan_in_y: 62.0, tan_out_x: 51.0, tan_out_y: 62.0 }
vertex[783]=PF_PathVertex { x: 1.0, y: 1.0, tan_in_x: 1.0, tan_in_y: 1.0, tan_out_x: 1.0, tan_out_y: 1.0 }
vertex[784]=PF_PathVertex { x: 15648.0, y: 20560.5, tan_in_x: 15648.0, tan_in_y: 20560.5, tan_out_x: 15648.0, tan_out_y: 20560.5 }
vertex[785]=PF_PathVertex { x: 52.0, y: 62.0, tan_in_x: 52.0, tan_in_y: 62.0, tan_out_x: 52.0, tan_out_y: 62.0 }
vertex[786]=PF_PathVertex { x: 1.0, y: 1.0, tan_in_x: 1.0, tan_in_y: 1.0, tan_out_x: 1.0, tan_out_y: 1.0 }
vertex[787]=PF_PathVertex { x: 16219.0, y: 28142.5, tan_in_x: 16219.0, tan_in_y: 28142.5, tan_out_x: 16219.0, tan_out_y: 28142.5 }
vertex[788]=PF_PathVertex { x: 53.0, y: 62.0, tan_in_x: 53.0, tan_in_y: 62.0, tan_out_x: 53.0, tan_out_y: 62.0 }
vertex[789]=PF_PathVertex { x: 38.0, y: 1.0, tan_in_x: 38.0, tan_in_y: 1.0, tan_out_x: 38.0, tan_out_y: 1.0 }
vertex[790]=PF_PathVertex { x: 16256.0, y: 0.0, tan_in_x: 16256.0, tan_in_y: 0.0, tan_out_x: 16256.0, tan_out_y: 0.0 }
vertex[791]=PF_PathVertex { x: 91.0, y: 62.0, tan_in_x: 91.0, tan_in_y: 62.0, tan_out_x: 91.0, tan_out_y: 62.0 }
vertex[792]=PF_PathVertex { x: 1.0, y: 1.0, tan_in_x: 1.0, tan_in_y: 1.0, tan_out_x: 1.0, tan_out_y: 1.0 }
vertex[793]=PF_PathVertex { x: 16096.0, y: 28785.0, tan_in_x: 16096.0, tan_in_y: 28785.0, tan_out_x: 16096.0, tan_out_y: 28785.0 }
vertex[794]=PF_PathVertex { x: 52.0, y: 63.0, tan_in_x: 52.0, tan_in_y: 63.0, tan_out_x: 52.0, tan_out_y: 63.0 }
vertex[795]=PF_PathVertex { x: 1.0, y: 1.0, tan_in_x: 1.0, tan_in_y: 1.0, tan_out_x: 1.0, tan_out_y: 1.0 }
vertex[796]=PF_PathVertex { x: 15988.0, y: 31355.0, tan_in_x: 15988.0, tan_in_y: 31355.0, tan_out_x: 15988.0, tan_out_y: 31355.0 }
vertex[797]=PF_PathVertex { x: 53.0, y: 63.0, tan_in_x: 53.0, tan_in_y: 63.0, tan_out_x: 53.0, tan_out_y: 63.0 }
vertex[798]=PF_PathVertex { x: 1.0, y: 1.0, tan_in_x: 1.0, tan_in_y: 1.0, tan_out_x: 1.0, tan_out_y: 1.0 }
vertex[799]=PF_PathVertex { x: 16253.0, y: 32511.5, tan_in_x: 16253.0, tan_in_y: 32511.5, tan_out_x: 16253.0, tan_out_y: 32511.5 }
vertex[800]=PF_PathVertex { x: 54.0, y: 63.0, tan_in_x: 54.0, tan_in_y: 63.0, tan_out_x: 54.0, tan_out_y: 63.0 }
vertex[801]=PF_PathVertex { x: 36.0, y: 1.0, tan_in_x: 36.0, tan_in_y: 1.0, tan_out_x: 36.0, tan_out_y: 1.0 }
vertex[802]=PF_PathVertex { x: 16256.0, y: 0.0, tan_in_x: 16256.0, tan_in_y: 0.0, tan_out_x: 16256.0, tan_out_y: 0.0 }
vertex[803]=PF_PathVertex { x: 90.0, y: 63.0, tan_in_x: 90.0, tan_in_y: 63.0, tan_out_x: 90.0, tan_out_y: 63.0 }
vertex[804]=PF_PathVertex { x: 1.0, y: 1.0, tan_in_x: 1.0, tan_in_y: 1.0, tan_out_x: 1.0, tan_out_y: 1.0 }
vertex[805]=PF_PathVertex { x: 16191.0, y: 24544.0, tan_in_x: 16191.0, tan_in_y: 24544.0, tan_out_x: 16191.0, tan_out_y: 24544.0 }
vertex[806]=PF_PathVertex { x: 91.0, y: 63.0, tan_in_x: 91.0, tan_in_y: 63.0, tan_out_x: 91.0, tan_out_y: 63.0 }
vertex[807]=PF_PathVertex { x: 1.0, y: 1.0, tan_in_x: 1.0, tan_in_y: 1.0, tan_out_x: 1.0, tan_out_y: 1.0 }
vertex[808]=PF_PathVertex { x: 15232.0, y: 16448.5, tan_in_x: 15232.0, tan_in_y: 16448.5, tan_out_x: 15232.0, tan_out_y: 16448.5 }
vertex[809]=PF_PathVertex { x: 53.0, y: 63.99951171875, tan_in_x: 53.0, tan_in_y: 63.99951171875, tan_out_x: 53.0, tan_out_y: 63.99951171875 }
vertex[810]=PF_PathVertex { x: 1.0, y: 1.0, tan_in_x: 1.0, tan_in_y: 1.0, tan_out_x: 1.0, tan_out_y: 1.0 }
vertex[811]=PF_PathVertex { x: 16139.0, y: 17862.0, tan_in_x: 16139.0, tan_in_y: 17862.0, tan_out_x: 16139.0, tan_out_y: 17862.0 }
vertex[812]=PF_PathVertex { x: 54.0, y: 63.99951171875, tan_in_x: 54.0, tan_in_y: 63.99951171875, tan_out_x: 54.0, tan_out_y: 63.99951171875 }
vertex[813]=PF_PathVertex { x: 35.0, y: 1.0, tan_in_x: 35.0, tan_in_y: 1.0, tan_out_x: 35.0, tan_out_y: 1.0 }
vertex[814]=PF_PathVertex { x: 16256.0, y: 0.0, tan_in_x: 16256.0, tan_in_y: 0.0, tan_out_x: 16256.0, tan_out_y: 0.0 }
vertex[815]=PF_PathVertex { x: 89.0, y: 63.99951171875, tan_in_x: 89.0, tan_in_y: 63.99951171875, tan_out_x: 89.0, tan_out_y: 63.99951171875 }
vertex[816]=PF_PathVertex { x: 1.0, y: 1.0, tan_in_x: 1.0, tan_in_y: 1.0, tan_out_x: 1.0, tan_out_y: 1.0 }
vertex[817]=PF_PathVertex { x: 16241.0, y: 30969.5, tan_in_x: 16241.0, tan_in_y: 30969.5, tan_out_x: 16241.0, tan_out_y: 30969.5 }
vertex[818]=PF_PathVertex { x: 90.0, y: 63.99951171875, tan_in_x: 90.0, tan_in_y: 63.99951171875, tan_out_x: 90.0, tan_out_y: 63.99951171875 }
vertex[819]=PF_PathVertex { x: 1.0, y: 1.0, tan_in_x: 1.0, tan_in_y: 1.0, tan_out_x: 1.0, tan_out_y: 1.0 }
vertex[820]=PF_PathVertex { x: 15856.0, y: 30841.0, tan_in_x: 15856.0, tan_in_y: 30841.0, tan_out_x: 15856.0, tan_out_y: 30841.0 }
vertex[821]=PF_PathVertex { x: 53.0, y: 65.0, tan_in_x: 53.0, tan_in_y: 65.0, tan_out_x: 53.0, tan_out_y: 65.0 }
vertex[822]=PF_PathVertex { x: 1.0, y: 1.0, tan_in_x: 1.0, tan_in_y: 1.0, tan_out_x: 1.0, tan_out_y: 1.0 }
vertex[823]=PF_PathVertex { x: 15616.0, y: 16448.5, tan_in_x: 15616.0, tan_in_y: 16448.5, tan_out_x: 15616.0, tan_out_y: 16448.5 }
vertex[824]=PF_PathVertex { x: 54.0, y: 65.0, tan_in_x: 54.0, tan_in_y: 65.0, tan_out_x: 54.0, tan_out_y: 65.0 }
vertex[825]=PF_PathVertex { x: 1.0, y: 1.0, tan_in_x: 1.0, tan_in_y: 1.0, tan_out_x: 1.0, tan_out_y: 1.0 }
vertex[826]=PF_PathVertex { x: 16215.0, y: 27628.5, tan_in_x: 16215.0, tan_in_y: 27628.5, tan_out_x: 16215.0, tan_out_y: 27628.5 }
vertex[827]=PF_PathVertex { x: 55.0, y: 65.0, tan_in_x: 55.0, tan_in_y: 65.0, tan_out_x: 55.0, tan_out_y: 65.0 }
vertex[828]=PF_PathVertex { x: 34.0, y: 1.0, tan_in_x: 34.0, tan_in_y: 1.0, tan_out_x: 34.0, tan_out_y: 1.0 }
vertex[829]=PF_PathVertex { x: 16256.0, y: 0.0, tan_in_x: 16256.0, tan_in_y: 0.0, tan_out_x: 16256.0, tan_out_y: 0.0 }
vertex[830]=PF_PathVertex { x: 89.0, y: 65.0, tan_in_x: 89.0, tan_in_y: 65.0, tan_out_x: 89.0, tan_out_y: 65.0 }
vertex[831]=PF_PathVertex { x: 1.0, y: 1.0, tan_in_x: 1.0, tan_in_y: 1.0, tan_out_x: 1.0, tan_out_y: 1.0 }
vertex[832]=PF_PathVertex { x: 16038.0, y: 21331.5, tan_in_x: 16038.0, tan_in_y: 21331.5, tan_out_x: 16038.0, tan_out_y: 21331.5 }
vertex[833]=PF_PathVertex { x: 54.0, y: 66.0, tan_in_x: 54.0, tan_in_y: 66.0, tan_out_x: 54.0, tan_out_y: 66.0 }
vertex[834]=PF_PathVertex { x: 1.0, y: 1.0, tan_in_x: 1.0, tan_in_y: 1.0, tan_out_x: 1.0, tan_out_y: 1.0 }
vertex[835]=PF_PathVertex { x: 15952.0, y: 26729.0, tan_in_x: 15952.0, tan_in_y: 26729.0, tan_out_x: 15952.0, tan_out_y: 26729.0 }
vertex[836]=PF_PathVertex { x: 55.0, y: 66.0, tan_in_x: 55.0, tan_in_y: 66.0, tan_out_x: 55.0, tan_out_y: 66.0 }
vertex[837]=PF_PathVertex { x: 1.0, y: 1.0, tan_in_x: 1.0, tan_in_y: 1.0, tan_out_x: 1.0, tan_out_y: 1.0 }
vertex[838]=PF_PathVertex { x: 16252.0, y: 32383.0, tan_in_x: 16252.0, tan_in_y: 32383.0, tan_out_x: 16252.0, tan_out_y: 32383.0 }
vertex[839]=PF_PathVertex { x: 56.0, y: 66.0, tan_in_x: 56.0, tan_in_y: 66.0, tan_out_x: 56.0, tan_out_y: 66.0 }
vertex[840]=PF_PathVertex { x: 31.9998779296875, y: 1.0, tan_in_x: 31.9998779296875, tan_in_y: 1.0, tan_out_x: 31.9998779296875, tan_out_y: 1.0 }
vertex[841]=PF_PathVertex { x: 16256.0, y: 0.0, tan_in_x: 16256.0, tan_in_y: 0.0, tan_out_x: 16256.0, tan_out_y: 0.0 }
vertex[842]=PF_PathVertex { x: 88.0, y: 66.0, tan_in_x: 88.0, tan_in_y: 66.0, tan_out_x: 88.0, tan_out_y: 66.0 }
vertex[843]=PF_PathVertex { x: 1.0, y: 1.0, tan_in_x: 1.0, tan_in_y: 1.0, tan_out_x: 1.0, tan_out_y: 1.0 }
vertex[844]=PF_PathVertex { x: 16140.0, y: 17990.5, tan_in_x: 16140.0, tan_in_y: 17990.5, tan_out_x: 16140.0, tan_out_y: 17990.5 }
vertex[845]=PF_PathVertex { x: 55.0, y: 67.0, tan_in_x: 55.0, tan_in_y: 67.0, tan_out_x: 55.0, tan_out_y: 67.0 }
vertex[846]=PF_PathVertex { x: 1.0, y: 1.0, tan_in_x: 1.0, tan_in_y: 1.0, tan_out_x: 1.0, tan_out_y: 1.0 }
vertex[847]=PF_PathVertex { x: 16133.0, y: 17091.0, tan_in_x: 16133.0, tan_in_y: 17091.0, tan_out_x: 16133.0, tan_out_y: 17091.0 }
vertex[848]=PF_PathVertex { x: 56.0, y: 67.0, tan_in_x: 56.0, tan_in_y: 67.0, tan_out_x: 56.0, tan_out_y: 67.0 }
vertex[849]=PF_PathVertex { x: 31.0001220703125, y: 1.0, tan_in_x: 31.0001220703125, tan_in_y: 1.0, tan_out_x: 31.0001220703125, tan_out_y: 1.0 }
vertex[850]=PF_PathVertex { x: 16256.0, y: 0.0, tan_in_x: 16256.0, tan_in_y: 0.0, tan_out_x: 16256.0, tan_out_y: 0.0 }
vertex[851]=PF_PathVertex { x: 87.0, y: 67.0, tan_in_x: 87.0, tan_in_y: 67.0, tan_out_x: 87.0, tan_out_y: 67.0 }
vertex[852]=PF_PathVertex { x: 1.0, y: 1.0, tan_in_x: 1.0, tan_in_y: 1.0, tan_out_x: 1.0, tan_out_y: 1.0 }
vertex[853]=PF_PathVertex { x: 16189.0, y: 24287.0, tan_in_x: 16189.0, tan_in_y: 24287.0, tan_out_x: 16189.0, tan_out_y: 24287.0 }
vertex[854]=PF_PathVertex { x: 88.0, y: 67.0, tan_in_x: 88.0, tan_in_y: 67.0, tan_out_x: 88.0, tan_out_y: 67.0 }
vertex[855]=PF_PathVertex { x: 1.0, y: 1.0, tan_in_x: 1.0, tan_in_y: 1.0, tan_out_x: 1.0, tan_out_y: 1.0 }
vertex[856]=PF_PathVertex { x: 15488.0, y: 16448.5, tan_in_x: 15488.0, tan_in_y: 16448.5, tan_out_x: 15488.0, tan_out_y: 16448.5 }
vertex[857]=PF_PathVertex { x: 55.0, y: 68.0, tan_in_x: 55.0, tan_in_y: 68.0, tan_out_x: 55.0, tan_out_y: 68.0 }
vertex[858]=PF_PathVertex { x: 1.0, y: 1.0, tan_in_x: 1.0, tan_in_y: 1.0, tan_out_x: 1.0, tan_out_y: 1.0 }
vertex[859]=PF_PathVertex { x: 15520.0, y: 20560.5, tan_in_x: 15520.0, tan_in_y: 20560.5, tan_out_x: 15520.0, tan_out_y: 20560.5 }
vertex[860]=PF_PathVertex { x: 56.0, y: 68.0, tan_in_x: 56.0, tan_in_y: 68.0, tan_out_x: 56.0, tan_out_y: 68.0 }
vertex[861]=PF_PathVertex { x: 1.0, y: 1.0, tan_in_x: 1.0, tan_in_y: 1.0, tan_out_x: 1.0, tan_out_y: 1.0 }
vertex[862]=PF_PathVertex { x: 16208.0, y: 26729.0, tan_in_x: 16208.0, tan_in_y: 26729.0, tan_out_x: 16208.0, tan_out_y: 26729.0 }
vertex[863]=PF_PathVertex { x: 57.0, y: 68.0, tan_in_x: 57.0, tan_in_y: 68.0, tan_out_x: 57.0, tan_out_y: 68.0 }
vertex[864]=PF_PathVertex { x: 29.0, y: 1.0, tan_in_x: 29.0, tan_in_y: 1.0, tan_out_x: 29.0, tan_out_y: 1.0 }
vertex[865]=PF_PathVertex { x: 16256.0, y: 0.0, tan_in_x: 16256.0, tan_in_y: 0.0, tan_out_x: 16256.0, tan_out_y: 0.0 }
vertex[866]=PF_PathVertex { x: 86.0, y: 68.0, tan_in_x: 86.0, tan_in_y: 68.0, tan_out_x: 86.0, tan_out_y: 68.0 }
vertex[867]=PF_PathVertex { x: 1.0, y: 1.0, tan_in_x: 1.0, tan_in_y: 1.0, tan_out_x: 1.0, tan_out_y: 1.0 }
vertex[868]=PF_PathVertex { x: 16212.0, y: 27243.0, tan_in_x: 16212.0, tan_in_y: 27243.0, tan_out_x: 16212.0, tan_out_y: 27243.0 }
vertex[869]=PF_PathVertex { x: 87.0, y: 68.0, tan_in_x: 87.0, tan_in_y: 68.0, tan_out_x: 87.0, tan_out_y: 68.0 }
vertex[870]=PF_PathVertex { x: 1.0, y: 1.0, tan_in_x: 1.0, tan_in_y: 1.0, tan_out_x: 1.0, tan_out_y: 1.0 }
vertex[871]=PF_PathVertex { x: 15728.0, y: 30841.0, tan_in_x: 15728.0, tan_in_y: 30841.0, tan_out_x: 15728.0, tan_out_y: 30841.0 }
vertex[872]=PF_PathVertex { x: 56.0, y: 69.0, tan_in_x: 56.0, tan_in_y: 69.0, tan_out_x: 56.0, tan_out_y: 69.0 }
vertex[873]=PF_PathVertex { x: 1.0, y: 1.0, tan_in_x: 1.0, tan_in_y: 1.0, tan_out_x: 1.0, tan_out_y: 1.0 }
vertex[874]=PF_PathVertex { x: 15936.0, y: 24673.0, tan_in_x: 15936.0, tan_in_y: 24673.0, tan_out_x: 15936.0, tan_out_y: 24673.0 }
vertex[875]=PF_PathVertex { x: 57.0, y: 69.0, tan_in_x: 57.0, tan_in_y: 69.0, tan_out_x: 57.0, tan_out_y: 69.0 }
vertex[876]=PF_PathVertex { x: 1.0, y: 1.0, tan_in_x: 1.0, tan_in_y: 1.0, tan_out_x: 1.0, tan_out_y: 1.0 }
vertex[877]=PF_PathVertex { x: 16250.0, y: 32126.0, tan_in_x: 16250.0, tan_in_y: 32126.0, tan_out_x: 16250.0, tan_out_y: 32126.0 }
vertex[878]=PF_PathVertex { x: 58.0, y: 69.0, tan_in_x: 58.0, tan_in_y: 69.0, tan_out_x: 58.0, tan_out_y: 69.0 }
vertex[879]=PF_PathVertex { x: 27.0, y: 1.0, tan_in_x: 27.0, tan_in_y: 1.0, tan_out_x: 27.0, tan_out_y: 1.0 }
vertex[880]=PF_PathVertex { x: 16256.0, y: 0.0, tan_in_x: 16256.0, tan_in_y: 0.0, tan_out_x: 16256.0, tan_out_y: 0.0 }
vertex[881]=PF_PathVertex { x: 85.0, y: 69.0, tan_in_x: 85.0, tan_in_y: 69.0, tan_out_x: 85.0, tan_out_y: 69.0 }
vertex[882]=PF_PathVertex { x: 1.0, y: 1.0, tan_in_x: 1.0, tan_in_y: 1.0, tan_out_x: 1.0, tan_out_y: 1.0 }
vertex[883]=PF_PathVertex { x: 16228.0, y: 29299.0, tan_in_x: 16228.0, tan_in_y: 29299.0, tan_out_x: 16228.0, tan_out_y: 29299.0 }
vertex[884]=PF_PathVertex { x: 86.0, y: 69.0, tan_in_x: 86.0, tan_in_y: 69.0, tan_out_x: 86.0, tan_out_y: 69.0 }
vertex[885]=PF_PathVertex { x: 1.0, y: 1.0, tan_in_x: 1.0, tan_in_y: 1.0, tan_out_x: 1.0, tan_out_y: 1.0 }
vertex[886]=PF_PathVertex { x: 15840.0, y: 28785.0, tan_in_x: 15840.0, tan_in_y: 28785.0, tan_out_x: 15840.0, tan_out_y: 28785.0 }
vertex[887]=PF_PathVertex { x: 57.0, y: 70.0, tan_in_x: 57.0, tan_in_y: 70.0, tan_out_x: 57.0, tan_out_y: 70.0 }
vertex[888]=PF_PathVertex { x: 1.0, y: 1.0, tan_in_x: 1.0, tan_in_y: 1.0, tan_out_x: 1.0, tan_out_y: 1.0 }
vertex[889]=PF_PathVertex { x: 16118.0, y: 31612.0, tan_in_x: 16118.0, tan_in_y: 31612.0, tan_out_x: 16118.0, tan_out_y: 31612.0 }
vertex[890]=PF_PathVertex { x: 58.0, y: 70.0, tan_in_x: 58.0, tan_in_y: 70.0, tan_out_x: 58.0, tan_out_y: 70.0 }
vertex[891]=PF_PathVertex { x: 26.0, y: 1.0, tan_in_x: 26.0, tan_in_y: 1.0, tan_out_x: 26.0, tan_out_y: 1.0 }
vertex[892]=PF_PathVertex { x: 16256.0, y: 0.0, tan_in_x: 16256.0, tan_in_y: 0.0, tan_out_x: 16256.0, tan_out_y: 0.0 }
vertex[893]=PF_PathVertex { x: 84.0, y: 70.0, tan_in_x: 84.0, tan_in_y: 70.0, tan_out_x: 84.0, tan_out_y: 70.0 }
vertex[894]=PF_PathVertex { x: 1.0, y: 1.0, tan_in_x: 1.0, tan_in_y: 1.0, tan_out_x: 1.0, tan_out_y: 1.0 }
vertex[895]=PF_PathVertex { x: 16228.0, y: 29299.0, tan_in_x: 16228.0, tan_in_y: 29299.0, tan_out_x: 16228.0, tan_out_y: 29299.0 }
vertex[896]=PF_PathVertex { x: 85.0, y: 70.0, tan_in_x: 85.0, tan_in_y: 70.0, tan_out_x: 85.0, tan_out_y: 70.0 }
vertex[897]=PF_PathVertex { x: 1.0, y: 1.0, tan_in_x: 1.0, tan_in_y: 1.0, tan_out_x: 1.0, tan_out_y: 1.0 }
vertex[898]=PF_PathVertex { x: 15888.0, y: 18504.501953125, tan_in_x: 15888.0, tan_in_y: 18504.501953125, tan_out_x: 15888.0, tan_out_y: 18504.501953125 }
vertex[899]=PF_PathVertex { x: 57.0, y: 71.0, tan_in_x: 57.0, tan_in_y: 71.0, tan_out_x: 57.0, tan_out_y: 71.0 }
vertex[900]=PF_PathVertex { x: 1.0, y: 1.0, tan_in_x: 1.0, tan_in_y: 1.0, tan_out_x: 1.0, tan_out_y: 1.0 }
vertex[901]=PF_PathVertex { x: 15488.0, y: 16448.5, tan_in_x: 15488.0, tan_in_y: 16448.5, tan_out_x: 15488.0, tan_out_y: 16448.5 }
vertex[902]=PF_PathVertex { x: 58.0, y: 71.0, tan_in_x: 58.0, tan_in_y: 71.0, tan_out_x: 58.0, tan_out_y: 71.0 }
vertex[903]=PF_PathVertex { x: 1.0, y: 1.0, tan_in_x: 1.0, tan_in_y: 1.0, tan_out_x: 1.0, tan_out_y: 1.0 }
vertex[904]=PF_PathVertex { x: 16204.0, y: 26215.0, tan_in_x: 16204.0, tan_in_y: 26215.0, tan_out_x: 16204.0, tan_out_y: 26215.0 }
vertex[905]=PF_PathVertex { x: 59.0, y: 71.0, tan_in_x: 59.0, tan_in_y: 71.0, tan_out_x: 59.0, tan_out_y: 71.0 }
vertex[906]=PF_PathVertex { x: 24.0, y: 1.0, tan_in_x: 24.0, tan_in_y: 1.0, tan_out_x: 24.0, tan_out_y: 1.0 }
vertex[907]=PF_PathVertex { x: 16256.0, y: 0.0, tan_in_x: 16256.0, tan_in_y: 0.0, tan_out_x: 16256.0, tan_out_y: 0.0 }
vertex[908]=PF_PathVertex { x: 83.0, y: 71.0, tan_in_x: 83.0, tan_in_y: 71.0, tan_out_x: 83.0, tan_out_y: 71.0 }
vertex[909]=PF_PathVertex { x: 1.0, y: 1.0, tan_in_x: 1.0, tan_in_y: 1.0, tan_out_x: 1.0, tan_out_y: 1.0 }
vertex[910]=PF_PathVertex { x: 16228.0, y: 29299.0, tan_in_x: 16228.0, tan_in_y: 29299.0, tan_out_x: 16228.0, tan_out_y: 29299.0 }
vertex[911]=PF_PathVertex { x: 84.0, y: 71.0, tan_in_x: 84.0, tan_in_y: 71.0, tan_out_x: 84.0, tan_out_y: 71.0 }
vertex[912]=PF_PathVertex { x: 1.0, y: 1.0, tan_in_x: 1.0, tan_in_y: 1.0, tan_out_x: 1.0, tan_out_y: 1.0 }
vertex[913]=PF_PathVertex { x: 15888.0, y: 18504.501953125, tan_in_x: 15888.0, tan_in_y: 18504.501953125, tan_out_x: 15888.0, tan_out_y: 18504.501953125 }
vertex[914]=PF_PathVertex { x: 58.0, y: 72.0, tan_in_x: 58.0, tan_in_y: 72.0, tan_out_x: 58.0, tan_out_y: 72.0 }
vertex[915]=PF_PathVertex { x: 1.0, y: 1.0, tan_in_x: 1.0, tan_in_y: 1.0, tan_out_x: 1.0, tan_out_y: 1.0 }
vertex[916]=PF_PathVertex { x: 15904.0, y: 20560.5, tan_in_x: 15904.0, tan_in_y: 20560.5, tan_out_x: 15904.0, tan_out_y: 20560.5 }
vertex[917]=PF_PathVertex { x: 59.0, y: 72.0, tan_in_x: 59.0, tan_in_y: 72.0, tan_out_x: 59.0, tan_out_y: 72.0 }
vertex[918]=PF_PathVertex { x: 1.0, y: 1.0, tan_in_x: 1.0, tan_in_y: 1.0, tan_out_x: 1.0, tan_out_y: 1.0 }
vertex[919]=PF_PathVertex { x: 16248.0, y: 31869.0, tan_in_x: 16248.0, tan_in_y: 31869.0, tan_out_x: 16248.0, tan_out_y: 31869.0 }
vertex[920]=PF_PathVertex { x: 60.0, y: 72.0, tan_in_x: 60.0, tan_in_y: 72.0, tan_out_x: 60.0, tan_out_y: 72.0 }
vertex[921]=PF_PathVertex { x: 22.0, y: 1.0, tan_in_x: 22.0, tan_in_y: 1.0, tan_out_x: 22.0, tan_out_y: 1.0 }
vertex[922]=PF_PathVertex { x: 16256.0, y: 0.0, tan_in_x: 16256.0, tan_in_y: 0.0, tan_out_x: 16256.0, tan_out_y: 0.0 }
vertex[923]=PF_PathVertex { x: 82.0, y: 72.0, tan_in_x: 82.0, tan_in_y: 72.0, tan_out_x: 82.0, tan_out_y: 72.0 }
vertex[924]=PF_PathVertex { x: 1.0, y: 1.0, tan_in_x: 1.0, tan_in_y: 1.0, tan_out_x: 1.0, tan_out_y: 1.0 }
vertex[925]=PF_PathVertex { x: 16207.0, y: 26600.5, tan_in_x: 16207.0, tan_in_y: 26600.5, tan_out_x: 16207.0, tan_out_y: 26600.5 }
vertex[926]=PF_PathVertex { x: 83.0, y: 72.0, tan_in_x: 83.0, tan_in_y: 72.0, tan_out_x: 83.0, tan_out_y: 72.0 }
vertex[927]=PF_PathVertex { x: 1.0, y: 1.0, tan_in_x: 1.0, tan_in_y: 1.0, tan_out_x: 1.0, tan_out_y: 1.0 }
vertex[928]=PF_PathVertex { x: 15856.0, y: 30841.0, tan_in_x: 15856.0, tan_in_y: 30841.0, tan_out_x: 15856.0, tan_out_y: 30841.0 }
vertex[929]=PF_PathVertex { x: 59.0, y: 73.0, tan_in_x: 59.0, tan_in_y: 73.0, tan_out_x: 59.0, tan_out_y: 73.0 }
vertex[930]=PF_PathVertex { x: 1.0, y: 1.0, tan_in_x: 1.0, tan_in_y: 1.0, tan_out_x: 1.0, tan_out_y: 1.0 }
vertex[931]=PF_PathVertex { x: 16106.0, y: 30070.0, tan_in_x: 16106.0, tan_in_y: 30070.0, tan_out_x: 16106.0, tan_out_y: 30070.0 }
vertex[932]=PF_PathVertex { x: 60.0, y: 73.0, tan_in_x: 60.0, tan_in_y: 73.0, tan_out_x: 60.0, tan_out_y: 73.0 }
vertex[933]=PF_PathVertex { x: 21.0, y: 1.0, tan_in_x: 21.0, tan_in_y: 1.0, tan_out_x: 21.0, tan_out_y: 1.0 }
vertex[934]=PF_PathVertex { x: 16256.0, y: 0.0, tan_in_x: 16256.0, tan_in_y: 0.0, tan_out_x: 16256.0, tan_out_y: 0.0 }
vertex[935]=PF_PathVertex { x: 81.0, y: 73.0, tan_in_x: 81.0, tan_in_y: 73.0, tan_out_x: 81.0, tan_out_y: 73.0 }
vertex[936]=PF_PathVertex { x: 1.0, y: 1.0, tan_in_x: 1.0, tan_in_y: 1.0, tan_out_x: 1.0, tan_out_y: 1.0 }
vertex[937]=PF_PathVertex { x: 16175.0, y: 22488.0, tan_in_x: 16175.0, tan_in_y: 22488.0, tan_out_x: 16175.0, tan_out_y: 22488.0 }
vertex[938]=PF_PathVertex { x: 82.0, y: 73.0, tan_in_x: 82.0, tan_in_y: 73.0, tan_out_x: 82.0, tan_out_y: 73.0 }
vertex[939]=PF_PathVertex { x: 1.0, y: 1.0, tan_in_x: 1.0, tan_in_y: 1.0, tan_out_x: 1.0, tan_out_y: 1.0 }
vertex[940]=PF_PathVertex { x: 15664.0, y: 22616.5, tan_in_x: 15664.0, tan_in_y: 22616.5, tan_out_x: 15664.0, tan_out_y: 22616.5 }
vertex[941]=PF_PathVertex { x: 59.0, y: 74.0, tan_in_x: 59.0, tan_in_y: 74.0, tan_out_x: 59.0, tan_out_y: 74.0 }
vertex[942]=PF_PathVertex { x: 1.0, y: 1.0, tan_in_x: 1.0, tan_in_y: 1.0, tan_out_x: 1.0, tan_out_y: 1.0 }
vertex[943]=PF_PathVertex { x: 15360.0, y: 16448.5, tan_in_x: 15360.0, tan_in_y: 16448.5, tan_out_x: 15360.0, tan_out_y: 16448.5 }
vertex[944]=PF_PathVertex { x: 60.0, y: 74.0, tan_in_x: 60.0, tan_in_y: 74.0, tan_out_x: 60.0, tan_out_y: 74.0 }
vertex[945]=PF_PathVertex { x: 1.0, y: 1.0, tan_in_x: 1.0, tan_in_y: 1.0, tan_out_x: 1.0, tan_out_y: 1.0 }
vertex[946]=PF_PathVertex { x: 16195.0, y: 25058.5, tan_in_x: 16195.0, tan_in_y: 25058.5, tan_out_x: 16195.0, tan_out_y: 25058.5 }
vertex[947]=PF_PathVertex { x: 61.0, y: 74.0, tan_in_x: 61.0, tan_in_y: 74.0, tan_out_x: 61.0, tan_out_y: 74.0 }
vertex[948]=PF_PathVertex { x: 18.0, y: 1.0, tan_in_x: 18.0, tan_in_y: 1.0, tan_out_x: 18.0, tan_out_y: 1.0 }
vertex[949]=PF_PathVertex { x: 16256.0, y: 0.0, tan_in_x: 16256.0, tan_in_y: 0.0, tan_out_x: 16256.0, tan_out_y: 0.0 }
vertex[950]=PF_PathVertex { x: 79.0, y: 74.0, tan_in_x: 79.0, tan_in_y: 74.0, tan_out_x: 79.0, tan_out_y: 74.0 }
vertex[951]=PF_PathVertex { x: 1.0, y: 1.0, tan_in_x: 1.0, tan_in_y: 1.0, tan_out_x: 1.0, tan_out_y: 1.0 }
vertex[952]=PF_PathVertex { x: 16248.0, y: 31869.0, tan_in_x: 16248.0, tan_in_y: 31869.0, tan_out_x: 16248.0, tan_out_y: 31869.0 }
vertex[953]=PF_PathVertex { x: 80.0, y: 74.0, tan_in_x: 80.0, tan_in_y: 74.0, tan_out_x: 80.0, tan_out_y: 74.0 }
vertex[954]=PF_PathVertex { x: 1.0, y: 1.0, tan_in_x: 1.0, tan_in_y: 1.0, tan_out_x: 1.0, tan_out_y: 1.0 }
vertex[955]=PF_PathVertex { x: 16100.0, y: 29299.0, tan_in_x: 16100.0, tan_in_y: 29299.0, tan_out_x: 16100.0, tan_out_y: 29299.0 }
vertex[956]=PF_PathVertex { x: 81.0, y: 74.0, tan_in_x: 81.0, tan_in_y: 74.0, tan_out_x: 81.0, tan_out_y: 74.0 }
vertex[957]=PF_PathVertex { x: 1.0, y: 1.0, tan_in_x: 1.0, tan_in_y: 1.0, tan_out_x: 1.0, tan_out_y: 1.0 }
vertex[958]=PF_PathVertex { x: 15232.0, y: 16448.5, tan_in_x: 15232.0, tan_in_y: 16448.5, tan_out_x: 15232.0, tan_out_y: 16448.5 }
vertex[959]=PF_PathVertex { x: 60.0, y: 75.00048828125, tan_in_x: 60.0, tan_in_y: 75.00048828125, tan_out_x: 60.0, tan_out_y: 75.00048828125 }
vertex[960]=PF_PathVertex { x: 1.0, y: 1.0, tan_in_x: 1.0, tan_in_y: 1.0, tan_out_x: 1.0, tan_out_y: 1.0 }
vertex[961]=PF_PathVertex { x: 15892.0, y: 19018.5, tan_in_x: 15892.0, tan_in_y: 19018.5, tan_out_x: 15892.0, tan_out_y: 19018.5 }
vertex[962]=PF_PathVertex { x: 61.0, y: 75.00048828125, tan_in_x: 61.0, tan_in_y: 75.00048828125, tan_out_x: 61.0, tan_out_y: 75.00048828125 }
vertex[963]=PF_PathVertex { x: 1.0, y: 1.0, tan_in_x: 1.0, tan_in_y: 1.0, tan_out_x: 1.0, tan_out_y: 1.0 }
vertex[964]=PF_PathVertex { x: 16246.0, y: 31612.0, tan_in_x: 16246.0, tan_in_y: 31612.0, tan_out_x: 16246.0, tan_out_y: 31612.0 }
vertex[965]=PF_PathVertex { x: 62.0, y: 75.00048828125, tan_in_x: 62.0, tan_in_y: 75.00048828125, tan_out_x: 62.0, tan_out_y: 75.00048828125 }
vertex[966]=PF_PathVertex { x: 16.0, y: 1.0, tan_in_x: 16.0, tan_in_y: 1.0, tan_out_x: 16.0, tan_out_y: 1.0 }
vertex[967]=PF_PathVertex { x: 16256.0, y: 0.0, tan_in_x: 16256.0, tan_in_y: 0.0, tan_out_x: 16256.0, tan_out_y: 0.0 }
vertex[968]=PF_PathVertex { x: 78.0, y: 75.00048828125, tan_in_x: 78.0, tan_in_y: 75.00048828125, tan_out_x: 78.0, tan_out_y: 75.00048828125 }
vertex[969]=PF_PathVertex { x: 1.0, y: 1.0, tan_in_x: 1.0, tan_in_y: 1.0, tan_out_x: 1.0, tan_out_y: 1.0 }
vertex[970]=PF_PathVertex { x: 16206.0, y: 26472.0, tan_in_x: 16206.0, tan_in_y: 26472.0, tan_out_x: 16206.0, tan_out_y: 26472.0 }
vertex[971]=PF_PathVertex { x: 79.0, y: 75.00048828125, tan_in_x: 79.0, tan_in_y: 75.00048828125, tan_out_x: 79.0, tan_out_y: 75.00048828125 }
vertex[972]=PF_PathVertex { x: 1.0, y: 1.0, tan_in_x: 1.0, tan_in_y: 1.0, tan_out_x: 1.0, tan_out_y: 1.0 }
vertex[973]=PF_PathVertex { x: 15916.0, y: 22102.501953125, tan_in_x: 15916.0, tan_in_y: 22102.501953125, tan_out_x: 15916.0, tan_out_y: 22102.501953125 }
vertex[974]=PF_PathVertex { x: 61.0, y: 76.0, tan_in_x: 61.0, tan_in_y: 76.0, tan_out_x: 61.0, tan_out_y: 76.0 }
vertex[975]=PF_PathVertex { x: 1.0, y: 1.0, tan_in_x: 1.0, tan_in_y: 1.0, tan_out_x: 1.0, tan_out_y: 1.0 }
vertex[976]=PF_PathVertex { x: 16086.0, y: 27500.0, tan_in_x: 16086.0, tan_in_y: 27500.0, tan_out_x: 16086.0, tan_out_y: 27500.0 }
vertex[977]=PF_PathVertex { x: 62.0, y: 76.0, tan_in_x: 62.0, tan_in_y: 76.0, tan_out_x: 62.0, tan_out_y: 76.0 }
vertex[978]=PF_PathVertex { x: 14.0, y: 1.0, tan_in_x: 14.0, tan_in_y: 1.0, tan_out_x: 14.0, tan_out_y: 1.0 }
vertex[979]=PF_PathVertex { x: 16256.0, y: 0.0, tan_in_x: 16256.0, tan_in_y: 0.0, tan_out_x: 16256.0, tan_out_y: 0.0 }
vertex[980]=PF_PathVertex { x: 76.0, y: 76.0, tan_in_x: 76.0, tan_in_y: 76.0, tan_out_x: 76.0, tan_out_y: 76.0 }
vertex[981]=PF_PathVertex { x: 1.0, y: 1.0, tan_in_x: 1.0, tan_in_y: 1.0, tan_out_x: 1.0, tan_out_y: 1.0 }
vertex[982]=PF_PathVertex { x: 16230.0, y: 29556.0, tan_in_x: 16230.0, tan_in_y: 29556.0, tan_out_x: 16230.0, tan_out_y: 29556.0 }
vertex[983]=PF_PathVertex { x: 77.0, y: 76.0, tan_in_x: 77.0, tan_in_y: 76.0, tan_out_x: 77.0, tan_out_y: 76.0 }
vertex[984]=PF_PathVertex { x: 1.0, y: 1.0, tan_in_x: 1.0, tan_in_y: 1.0, tan_out_x: 1.0, tan_out_y: 1.0 }
vertex[985]=PF_PathVertex { x: 16068.0, y: 25187.001953125, tan_in_x: 16068.0, tan_in_y: 25187.001953125, tan_out_x: 16068.0, tan_out_y: 25187.001953125 }
vertex[986]=PF_PathVertex { x: 78.0, y: 76.0, tan_in_x: 78.0, tan_in_y: 76.0, tan_out_x: 78.0, tan_out_y: 76.0 }
vertex[987]=PF_PathVertex { x: 1.0, y: 1.0, tan_in_x: 1.0, tan_in_y: 1.0, tan_out_x: 1.0, tan_out_y: 1.0 }
vertex[988]=PF_PathVertex { x: 15360.0, y: 16448.5, tan_in_x: 15360.0, tan_in_y: 16448.5, tan_out_x: 15360.0, tan_out_y: 16448.5 }
vertex[989]=PF_PathVertex { x: 61.0, y: 77.0, tan_in_x: 61.0, tan_in_y: 77.0, tan_out_x: 61.0, tan_out_y: 77.0 }
vertex[990]=PF_PathVertex { x: 1.0, y: 1.0, tan_in_x: 1.0, tan_in_y: 1.0, tan_out_x: 1.0, tan_out_y: 1.0 }
vertex[991]=PF_PathVertex { x: 15232.0, y: 16448.5, tan_in_x: 15232.0, tan_in_y: 16448.5, tan_out_x: 15232.0, tan_out_y: 16448.5 }
vertex[992]=PF_PathVertex { x: 62.0, y: 77.0, tan_in_x: 62.0, tan_in_y: 77.0, tan_out_x: 62.0, tan_out_y: 77.0 }
vertex[993]=PF_PathVertex { x: 1.0, y: 1.0, tan_in_x: 1.0, tan_in_y: 1.0, tan_out_x: 1.0, tan_out_y: 1.0 }
vertex[994]=PF_PathVertex { x: 16191.0, y: 24544.0, tan_in_x: 16191.0, tan_in_y: 24544.0, tan_out_x: 16191.0, tan_out_y: 24544.0 }
vertex[995]=PF_PathVertex { x: 63.0, y: 77.0, tan_in_x: 63.0, tan_in_y: 77.0, tan_out_x: 63.0, tan_out_y: 77.0 }
vertex[996]=PF_PathVertex { x: 11.0, y: 1.0, tan_in_x: 11.0, tan_in_y: 1.0, tan_out_x: 11.0, tan_out_y: 1.0 }
vertex[997]=PF_PathVertex { x: 16256.0, y: 0.0, tan_in_x: 16256.0, tan_in_y: 0.0, tan_out_x: 16256.0, tan_out_y: 0.0 }
vertex[998]=PF_PathVertex { x: 74.0, y: 77.0, tan_in_x: 74.0, tan_in_y: 77.0, tan_out_x: 74.0, tan_out_y: 77.0 }
vertex[999]=PF_PathVertex { x: 1.0, y: 1.0, tan_in_x: 1.0, tan_in_y: 1.0, tan_out_x: 1.0, tan_out_y: 1.0 }
vertex[1000]=PF_PathVertex { x: 16221.0, y: 28399.5, tan_in_x: 16221.0, tan_in_y: 28399.5, tan_out_x: 16221.0, tan_out_y: 28399.5 }
vertex[1001]=PF_PathVertex { x: 75.0, y: 77.0, tan_in_x: 75.0, tan_in_y: 77.0, tan_out_x: 75.0, tan_out_y: 77.0 }
vertex[1002]=PF_PathVertex { x: 1.0, y: 1.0, tan_in_x: 1.0, tan_in_y: 1.0, tan_out_x: 1.0, tan_out_y: 1.0 }
vertex[1003]=PF_PathVertex { x: 16098.0, y: 29042.0, tan_in_x: 16098.0, tan_in_y: 29042.0, tan_out_x: 16098.0, tan_out_y: 29042.0 }
vertex[1004]=PF_PathVertex { x: 76.0, y: 77.0, tan_in_x: 76.0, tan_in_y: 77.0, tan_out_x: 76.0, tan_out_y: 77.0 }
vertex[1005]=PF_PathVertex { x: 1.0, y: 1.0, tan_in_x: 1.0, tan_in_y: 1.0, tan_out_x: 1.0, tan_out_y: 1.0 }
vertex[1006]=PF_PathVertex { x: 15664.0, y: 22616.5, tan_in_x: 15664.0, tan_in_y: 22616.5, tan_out_x: 15664.0, tan_out_y: 22616.5 }
vertex[1007]=PF_PathVertex { x: 62.0, y: 78.0, tan_in_x: 62.0, tan_in_y: 78.0, tan_out_x: 62.0, tan_out_y: 78.0 }
vertex[1008]=PF_PathVertex { x: 1.0, y: 1.0, tan_in_x: 1.0, tan_in_y: 1.0, tan_out_x: 1.0, tan_out_y: 1.0 }
vertex[1009]=PF_PathVertex { x: 15856.0, y: 30841.0, tan_in_x: 15856.0, tan_in_y: 30841.0, tan_out_x: 15856.0, tan_out_y: 30841.0 }
vertex[1010]=PF_PathVertex { x: 63.0, y: 78.0, tan_in_x: 63.0, tan_in_y: 78.0, tan_out_x: 63.0, tan_out_y: 78.0 }
vertex[1011]=PF_PathVertex { x: 1.0, y: 1.0, tan_in_x: 1.0, tan_in_y: 1.0, tan_out_x: 1.0, tan_out_y: 1.0 }
vertex[1012]=PF_PathVertex { x: 16242.0, y: 31098.0, tan_in_x: 16242.0, tan_in_y: 31098.0, tan_out_x: 16242.0, tan_out_y: 31098.0 }
vertex[1013]=PF_PathVertex { x: 64.0001220703125, y: 78.0, tan_in_x: 64.0001220703125, tan_in_y: 78.0, tan_out_x: 64.0001220703125, tan_out_y: 78.0 }
vertex[1014]=PF_PathVertex { x: 7.0, y: 1.0, tan_in_x: 7.0, tan_in_y: 1.0, tan_out_x: 7.0, tan_out_y: 1.0 }
vertex[1015]=PF_PathVertex { x: 16256.0, y: 0.0, tan_in_x: 16256.0, tan_in_y: 0.0, tan_out_x: 16256.0, tan_out_y: 0.0 }
vertex[1016]=PF_PathVertex { x: 71.0, y: 78.0, tan_in_x: 71.0, tan_in_y: 78.0, tan_out_x: 71.0, tan_out_y: 78.0 }
vertex[1017]=PF_PathVertex { x: 1.0, y: 1.0, tan_in_x: 1.0, tan_in_y: 1.0, tan_out_x: 1.0, tan_out_y: 1.0 }
vertex[1018]=PF_PathVertex { x: 16237.0, y: 30455.5, tan_in_x: 16237.0, tan_in_y: 30455.5, tan_out_x: 16237.0, tan_out_y: 30455.5 }
vertex[1019]=PF_PathVertex { x: 72.0, y: 78.0, tan_in_x: 72.0, tan_in_y: 78.0, tan_out_x: 72.0, tan_out_y: 78.0 }
vertex[1020]=PF_PathVertex { x: 1.0, y: 1.0, tan_in_x: 1.0, tan_in_y: 1.0, tan_out_x: 1.0, tan_out_y: 1.0 }
vertex[1021]=PF_PathVertex { x: 16163.0, y: 20946.0, tan_in_x: 16163.0, tan_in_y: 20946.0, tan_out_x: 16163.0, tan_out_y: 20946.0 }
vertex[1022]=PF_PathVertex { x: 73.0, y: 78.0, tan_in_x: 73.0, tan_in_y: 78.0, tan_out_x: 73.0, tan_out_y: 78.0 }
vertex[1023]=PF_PathVertex { x: 1.0, y: 1.0, tan_in_x: 1.0, tan_in_y: 1.0, tan_out_x: 1.0, tan_out_y: 1.0 }
vertex[1024]=PF_PathVertex { x: 16024.0, y: 19532.5, tan_in_x: 16024.0, tan_in_y: 19532.5, tan_out_x: 16024.0, tan_out_y: 19532.5 }
vertex[1025]=PF_PathVertex { x: 74.0, y: 78.0, tan_in_x: 74.0, tan_in_y: 78.0, tan_out_x: 74.0, tan_out_y: 78.0 }
vertex[1026]=PF_PathVertex { x: 1.0, y: 1.0, tan_in_x: 1.0, tan_in_y: 1.0, tan_out_x: 1.0, tan_out_y: 1.0 }
vertex[1027]=PF_PathVertex { x: 15360.0, y: 16448.5, tan_in_x: 15360.0, tan_in_y: 16448.5, tan_out_x: 15360.0, tan_out_y: 16448.5 }
vertex[1028]=PF_PathVertex { x: 63.0, y: 79.0, tan_in_x: 63.0, tan_in_y: 79.0, tan_out_x: 63.0, tan_out_y: 79.0 }
vertex[1029]=PF_PathVertex { x: 1.0, y: 1.0, tan_in_x: 1.0, tan_in_y: 1.0, tan_out_x: 1.0, tan_out_y: 1.0 }
vertex[1030]=PF_PathVertex { x: 16074.0, y: 25958.0, tan_in_x: 16074.0, tan_in_y: 25958.0, tan_out_x: 16074.0, tan_out_y: 25958.0 }
vertex[1031]=PF_PathVertex { x: 64.0001220703125, y: 79.0, tan_in_x: 64.0001220703125, tan_in_y: 79.0, tan_out_x: 64.0001220703125, tan_out_y: 79.0 }
vertex[1032]=PF_PathVertex { x: 1.0, y: 1.0, tan_in_x: 1.0, tan_in_y: 1.0, tan_out_x: 1.0, tan_out_y: 1.0 }
vertex[1033]=PF_PathVertex { x: 16256.0, y: 0.0, tan_in_x: 16256.0, tan_in_y: 0.0, tan_out_x: 16256.0, tan_out_y: 0.0 }
vertex[1034]=PF_PathVertex { x: 64.9998779296875, y: 79.0, tan_in_x: 64.9998779296875, tan_in_y: 79.0, tan_out_x: 64.9998779296875, tan_out_y: 79.0 }
vertex[1035]=PF_PathVertex { x: 1.0, y: 1.0, tan_in_x: 1.0, tan_in_y: 1.0, tan_out_x: 1.0, tan_out_y: 1.0 }
vertex[1036]=PF_PathVertex { x: 16253.0, y: 32511.5, tan_in_x: 16253.0, tan_in_y: 32511.5, tan_out_x: 16253.0, tan_out_y: 32511.5 }
vertex[1037]=PF_PathVertex { x: 66.0, y: 79.0, tan_in_x: 66.0, tan_in_y: 79.0, tan_out_x: 66.0, tan_out_y: 79.0 }
vertex[1038]=PF_PathVertex { x: 1.0, y: 1.0, tan_in_x: 1.0, tan_in_y: 1.0, tan_out_x: 1.0, tan_out_y: 1.0 }
vertex[1039]=PF_PathVertex { x: 16233.0, y: 29941.5, tan_in_x: 16233.0, tan_in_y: 29941.5, tan_out_x: 16233.0, tan_out_y: 29941.5 }
vertex[1040]=PF_PathVertex { x: 67.0, y: 79.0, tan_in_x: 67.0, tan_in_y: 79.0, tan_out_x: 67.0, tan_out_y: 79.0 }
vertex[1041]=PF_PathVertex { x: 1.0, y: 1.0, tan_in_x: 1.0, tan_in_y: 1.0, tan_out_x: 1.0, tan_out_y: 1.0 }
vertex[1042]=PF_PathVertex { x: 16207.0, y: 26600.5, tan_in_x: 16207.0, tan_in_y: 26600.5, tan_out_x: 16207.0, tan_out_y: 26600.5 }
vertex[1043]=PF_PathVertex { x: 68.0, y: 79.0, tan_in_x: 68.0, tan_in_y: 79.0, tan_out_x: 68.0, tan_out_y: 79.0 }
vertex[1044]=PF_PathVertex { x: 1.0, y: 1.0, tan_in_x: 1.0, tan_in_y: 1.0, tan_out_x: 1.0, tan_out_y: 1.0 }
vertex[1045]=PF_PathVertex { x: 16167.0, y: 21460.0, tan_in_x: 16167.0, tan_in_y: 21460.0, tan_out_x: 16167.0, tan_out_y: 21460.0 }
vertex[1046]=PF_PathVertex { x: 69.0, y: 79.0, tan_in_x: 69.0, tan_in_y: 79.0, tan_out_x: 69.0, tan_out_y: 79.0 }
vertex[1047]=PF_PathVertex { x: 1.0, y: 1.0, tan_in_x: 1.0, tan_in_y: 1.0, tan_out_x: 1.0, tan_out_y: 1.0 }
vertex[1048]=PF_PathVertex { x: 16112.0, y: 30841.0, tan_in_x: 16112.0, tan_in_y: 30841.0, tan_out_x: 16112.0, tan_out_y: 30841.0 }
vertex[1049]=PF_PathVertex { x: 70.0, y: 79.0, tan_in_x: 70.0, tan_in_y: 79.0, tan_out_x: 70.0, tan_out_y: 79.0 }
vertex[1050]=PF_PathVertex { x: 1.0, y: 1.0, tan_in_x: 1.0, tan_in_y: 1.0, tan_out_x: 1.0, tan_out_y: 1.0 }
vertex[1051]=PF_PathVertex { x: 15984.0, y: 30841.0, tan_in_x: 15984.0, tan_in_y: 30841.0, tan_out_x: 15984.0, tan_out_y: 30841.0 }
vertex[1052]=PF_PathVertex { x: 71.0, y: 79.0, tan_in_x: 71.0, tan_in_y: 79.0, tan_out_x: 71.0, tan_out_y: 79.0 }
vertex[1053]=PF_PathVertex { x: 1.0, y: 1.0, tan_in_x: 1.0, tan_in_y: 1.0, tan_out_x: 1.0, tan_out_y: 1.0 }
vertex[1054]=PF_PathVertex { x: 15424.0, y: 24673.0, tan_in_x: 15424.0, tan_in_y: 24673.0, tan_out_x: 15424.0, tan_out_y: 24673.0 }

[time=1789898630920 pid=5576 thread=ThreadId(3)]
PF_AUXILIARY
auxiliary_channel_count=0
auxiliary_coverage_found=false

[time=1789898767090 pid=60340 thread=ThreadId(16)]
IDLE_WAKE_FAILED code=-1
[time=1789898809482 pid=16028 thread=ThreadId(16)]
IDLE_WAKE_FAILED code=-1
