[1788815341] registered with AEGP at global setup
[1788815341] AEGP idle hook registered
[1788815341] params setup: ADR-0013 topology
[1788815341] params setup: complete
[1788815341] sequence (re)setup: observation deferred
[1788815341] sequence (re)setup: observation deferred
[1788815341] sequence (re)setup: observation deferred
[1788815341] sequence (re)setup: observation deferred
[1788815341] sequence (re)setup: observation deferred
[1788815341] sequence (re)setup: observation deferred
[1788815341] sequence (re)setup: observation deferred
[1788815341] sequence (re)setup: observation deferred
[1788815341] sequence (re)setup: observation deferred
[1788815341] sequence (re)setup: observation deferred
[1788815341] sequence (re)setup: observation deferred
[1788815341] sequence (re)setup: observation deferred
[1788815341] smart cmd (render=false): seq_raw_null=true const_seq_ok=true
[1788815341] definition rebuilt from snapshot
[1788815341] gpu ready: adapter="Apple M5" backend=Metal driver=" "
[1788815341] smart geometry: logical=320x240 downsample=1/2x1/2 request=PF_LRect { left: -16, top: -12, right: 176, bottom: 132 } upstream=Rect { left: 0, top: 0, right: 160, bottom: 120 } frame=Rect { left: 0, top: 0, right: 160, bottom: 120 } canvas=Rect { left: 0, top: 0, right: 160, bottom: 120 }
[1788815341] smart cmd (render=true): seq_raw_null=true const_seq_ok=true
[1788815341] render enter: Some(F32) in=160x120 out=192x144 win=(-16,-12) token=1008784274097377 compiled=true snap=true t=0 step=1024 lstep=1024 scale=25600
[1788815341] pipelines built: 1 pass(es), plan 1 step(s), 0 physical intermediate(s) (~0 KiB transient at 160x120, Rgba32Float working format) (adapter="Apple M5" backend=Metal driver=" ")
[1788815341] execute_plan ok
[1788815341] idle observation: compiled: 1 pass, 0 params
[1788815341] idle observation: compiled: 1 pass, 0 params
[1788815341] idle observation: pass `main`: GLSL error: Error { kind: InvalidToken(Identifier("this"), [Eof]), meta: Span { start: 13, end: 17 } }
[1788815341] idle observation: compiled: 3 passes, 0 params
[1788815341] idle observation: compiled: 1 pass, 1 params
[1788815341] idle slot ui applied: 1 bound, 0 defaults written
[1788815341] idle observation: compiled: 1 pass, 0 params
[1788815341] smart cmd (render=false): seq_raw_null=true const_seq_ok=true
[1788815341] smart geometry: logical=320x240 downsample=1/3x1/3 request=PF_LRect { left: -10, top: -8, right: 117, bottom: 88 } upstream=Rect { left: 0, top: 0, right: 107, bottom: 80 } frame=Rect { left: 0, top: 0, right: 107, bottom: 80 } canvas=Rect { left: 0, top: 0, right: 107, bottom: 80 }
[1788815341] smart cmd (render=true): seq_raw_null=true const_seq_ok=true
[1788815341] render enter: Some(F32) in=107x80 out=127x96 win=(-10,-8) token=1008784274097377 compiled=true snap=true t=0 step=1024 lstep=1024 scale=25600
[1788815341] execute_plan ok
[1788815347] smart cmd (render=false): seq_raw_null=true const_seq_ok=true
[1788815347] smart geometry: logical=320x240 downsample=1/1x1/1 request=PF_LRect { left: 155, top: 115, right: 166, bottom: 126 } upstream=Rect { left: 0, top: 0, right: 320, bottom: 240 } frame=Rect { left: 0, top: 0, right: 320, bottom: 240 } canvas=Rect { left: 0, top: 0, right: 320, bottom: 240 }
[1788815347] smart cmd (render=true): seq_raw_null=true const_seq_ok=true
[1788815347] render enter: Some(U8) in=320x240 out=11x11 win=(155,115) token=1008784274097377 compiled=true snap=true t=0 step=1024 lstep=1024 scale=25600
[1788815347] pipelines built: 1 pass(es), plan 1 step(s), 0 physical intermediate(s) (~0 KiB transient at 11x11, Rgba8Unorm working format) (adapter="Apple M5" backend=Metal driver=" ")
[1788815347] execute_plan ok
[1788815347] smart cmd (render=false): seq_raw_null=true const_seq_ok=true
[1788815347] definition resolved from process registry
[1788815347] smart geometry: logical=320x240 downsample=1/1x1/1 request=PF_LRect { left: 155, top: 115, right: 166, bottom: 126 } upstream=Rect { left: 0, top: 0, right: 320, bottom: 240 } frame=Rect { left: 0, top: 0, right: 320, bottom: 240 } canvas=Rect { left: 0, top: 0, right: 320, bottom: 240 }
[1788815347] smart cmd (render=true): seq_raw_null=true const_seq_ok=true
[1788815347] render enter: Some(U8) in=320x240 out=11x11 win=(155,115) token=512193366430114 compiled=true snap=true t=0 step=1024 lstep=1024 scale=25600
[1788815347] pipelines built: 3 pass(es), plan 3 step(s), 2 physical intermediate(s) (~0 KiB transient at 11x11, Rgba8Unorm working format) (adapter="Apple M5" backend=Metal driver=" ")
[1788815347] execute_plan ok
[1788815347] smart cmd (render=false): seq_raw_null=true const_seq_ok=true
[1788815347] definition resolved from process registry
[1788815347] smart geometry: logical=320x240 downsample=1/1x1/1 request=PF_LRect { left: 155, top: 115, right: 166, bottom: 126 } upstream=Rect { left: 0, top: 0, right: 320, bottom: 240 } frame=Rect { left: 0, top: 0, right: 320, bottom: 240 } canvas=Rect { left: 0, top: 0, right: 320, bottom: 240 }
[1788815347] smart cmd (render=true): seq_raw_null=true const_seq_ok=true
[1788815347] render enter: Some(U8) in=320x240 out=11x11 win=(155,115) token=1121560297994999 compiled=true snap=true t=0 step=1024 lstep=1024 scale=25600
[1788815347] pipelines built: 1 pass(es), plan 1 step(s), 0 physical intermediate(s) (~0 KiB transient at 11x11, Rgba8Unorm working format) (adapter="Apple M5" backend=Metal driver=" ")
[1788815347] execute_plan ok
[1788815347] smart cmd (render=false): seq_raw_null=true const_seq_ok=true
[1788815347] smart geometry: logical=320x240 downsample=1/1x1/1 request=PF_LRect { left: 155, top: 115, right: 166, bottom: 126 } upstream=Rect { left: 0, top: 0, right: 320, bottom: 240 } frame=Rect { left: 0, top: 0, right: 320, bottom: 240 } canvas=Rect { left: 0, top: 0, right: 320, bottom: 240 }
[1788815347] smart cmd (render=true): seq_raw_null=true const_seq_ok=true
[1788815347] render enter: Some(U15) in=320x240 out=11x11 win=(155,115) token=1008784274097377 compiled=true snap=true t=0 step=1024 lstep=1024 scale=25600
[1788815347] pipelines built: 1 pass(es), plan 1 step(s), 0 physical intermediate(s) (~0 KiB transient at 11x11, Rgba32Float working format) (adapter="Apple M5" backend=Metal driver=" ")
[1788815347] execute_plan ok
[1788815347] smart cmd (render=false): seq_raw_null=true const_seq_ok=true
[1788815347] smart geometry: logical=320x240 downsample=1/1x1/1 request=PF_LRect { left: 155, top: 115, right: 166, bottom: 126 } upstream=Rect { left: 0, top: 0, right: 320, bottom: 240 } frame=Rect { left: 0, top: 0, right: 320, bottom: 240 } canvas=Rect { left: 0, top: 0, right: 320, bottom: 240 }
[1788815347] smart cmd (render=true): seq_raw_null=true const_seq_ok=true
[1788815347] render enter: Some(U15) in=320x240 out=11x11 win=(155,115) token=512193366430114 compiled=true snap=true t=0 step=1024 lstep=1024 scale=25600
[1788815347] pipelines built: 3 pass(es), plan 3 step(s), 2 physical intermediate(s) (~3 KiB transient at 11x11, Rgba32Float working format) (adapter="Apple M5" backend=Metal driver=" ")
[1788815347] execute_plan ok
[1788815347] smart cmd (render=false): seq_raw_null=true const_seq_ok=true
[1788815347] smart geometry: logical=320x240 downsample=1/1x1/1 request=PF_LRect { left: 155, top: 115, right: 166, bottom: 126 } upstream=Rect { left: 0, top: 0, right: 320, bottom: 240 } frame=Rect { left: 0, top: 0, right: 320, bottom: 240 } canvas=Rect { left: 0, top: 0, right: 320, bottom: 240 }
[1788815347] smart cmd (render=true): seq_raw_null=true const_seq_ok=true
[1788815347] render enter: Some(U15) in=320x240 out=11x11 win=(155,115) token=1121560297994999 compiled=true snap=true t=0 step=1024 lstep=1024 scale=25600
[1788815347] pipelines built: 1 pass(es), plan 1 step(s), 0 physical intermediate(s) (~0 KiB transient at 11x11, Rgba32Float working format) (adapter="Apple M5" backend=Metal driver=" ")
[1788815347] execute_plan ok
[1788815347] smart cmd (render=false): seq_raw_null=true const_seq_ok=true
[1788815347] smart geometry: logical=320x240 downsample=1/1x1/1 request=PF_LRect { left: 155, top: 115, right: 166, bottom: 126 } upstream=Rect { left: 0, top: 0, right: 320, bottom: 240 } frame=Rect { left: 0, top: 0, right: 320, bottom: 240 } canvas=Rect { left: 0, top: 0, right: 320, bottom: 240 }
[1788815347] smart cmd (render=true): seq_raw_null=true const_seq_ok=true
[1788815347] render enter: Some(F32) in=320x240 out=11x11 win=(155,115) token=1008784274097377 compiled=true snap=true t=0 step=1024 lstep=1024 scale=25600
[1788815347] pipelines built: 1 pass(es), plan 1 step(s), 0 physical intermediate(s) (~0 KiB transient at 11x11, Rgba32Float working format) (adapter="Apple M5" backend=Metal driver=" ")
[1788815347] execute_plan ok
[1788815347] smart cmd (render=false): seq_raw_null=true const_seq_ok=true
[1788815347] smart geometry: logical=320x240 downsample=1/1x1/1 request=PF_LRect { left: 155, top: 115, right: 166, bottom: 126 } upstream=Rect { left: 0, top: 0, right: 320, bottom: 240 } frame=Rect { left: 0, top: 0, right: 320, bottom: 240 } canvas=Rect { left: 0, top: 0, right: 320, bottom: 240 }
[1788815347] smart cmd (render=true): seq_raw_null=true const_seq_ok=true
[1788815347] render enter: Some(F32) in=320x240 out=11x11 win=(155,115) token=512193366430114 compiled=true snap=true t=0 step=1024 lstep=1024 scale=25600
[1788815347] pipelines built: 3 pass(es), plan 3 step(s), 2 physical intermediate(s) (~3 KiB transient at 11x11, Rgba32Float working format) (adapter="Apple M5" backend=Metal driver=" ")
[1788815347] execute_plan ok
[1788815347] smart cmd (render=false): seq_raw_null=true const_seq_ok=true
[1788815347] smart geometry: logical=320x240 downsample=1/3x1/3 request=PF_LRect { left: -10, top: -8, right: 117, bottom: 88 } upstream=Rect { left: 0, top: 0, right: 107, bottom: 80 } frame=Rect { left: 0, top: 0, right: 107, bottom: 80 } canvas=Rect { left: 0, top: 0, right: 107, bottom: 80 }
[1788815347] smart cmd (render=true): seq_raw_null=true const_seq_ok=true
[1788815347] render enter: Some(F32) in=107x80 out=127x96 win=(-10,-8) token=1008784274097377 compiled=true snap=true t=0 step=1024 lstep=1024 scale=25600
[1788815347] execute_plan ok
[1788815347] smart cmd (render=false): seq_raw_null=true const_seq_ok=true
[1788815347] smart geometry: logical=320x240 downsample=1/2x1/2 request=PF_LRect { left: -16, top: -12, right: 176, bottom: 132 } upstream=Rect { left: 0, top: 0, right: 160, bottom: 120 } frame=Rect { left: 0, top: 0, right: 160, bottom: 120 } canvas=Rect { left: 0, top: 0, right: 160, bottom: 120 }
[1788815347] smart cmd (render=true): seq_raw_null=true const_seq_ok=true
[1788815347] render enter: Some(F32) in=160x120 out=192x144 win=(-16,-12) token=1008784274097377 compiled=true snap=true t=0 step=1024 lstep=1024 scale=25600
[1788815347] execute_plan ok
[1788815347] smart cmd (render=false): seq_raw_null=true const_seq_ok=true
[1788815347] smart geometry: logical=320x240 downsample=1/1x1/1 request=PF_LRect { left: 155, top: 115, right: 166, bottom: 126 } upstream=Rect { left: 0, top: 0, right: 320, bottom: 240 } frame=Rect { left: 0, top: 0, right: 320, bottom: 240 } canvas=Rect { left: 0, top: 0, right: 320, bottom: 240 }
[1788815347] smart cmd (render=true): seq_raw_null=true const_seq_ok=true
[1788815347] render enter: Some(F32) in=320x240 out=11x11 win=(155,115) token=1121560297994999 compiled=true snap=true t=0 step=1024 lstep=1024 scale=25600
[1788815347] pipelines built: 1 pass(es), plan 1 step(s), 0 physical intermediate(s) (~0 KiB transient at 11x11, Rgba32Float working format) (adapter="Apple M5" backend=Metal driver=" ")
[1788815347] execute_plan ok
[1788815347] smart cmd (render=false): seq_raw_null=true const_seq_ok=true
[1788815347] definition resolved from process registry
[1788815347] smart geometry: logical=320x240 downsample=1/1x1/1 request=PF_LRect { left: 155, top: 115, right: 166, bottom: 126 } upstream=Rect { left: 0, top: 0, right: 320, bottom: 240 } frame=Rect { left: 0, top: 0, right: 320, bottom: 240 } canvas=Rect { left: 0, top: 0, right: 320, bottom: 240 }
[1788815347] smart cmd (render=true): seq_raw_null=true const_seq_ok=true
[1788815347] render enter: Some(F32) in=320x240 out=11x11 win=(155,115) token=1909732596588163 compiled=true snap=true t=0 step=1024 lstep=1024 scale=25600
[1788815347] pipelines built: 1 pass(es), plan 1 step(s), 0 physical intermediate(s) (~0 KiB transient at 11x11, Rgba32Float working format) (adapter="Apple M5" backend=Metal driver=" ")
[1788815347] temporal window: 1 iteration(s) (W=4) at frame 0 (raw 0)
[1788815347] execute_plan ok
[1788815347] smart cmd (render=false): seq_raw_null=true const_seq_ok=true
[1788815347] smart geometry: logical=320x240 downsample=1/1x1/1 request=PF_LRect { left: 155, top: 115, right: 166, bottom: 126 } upstream=Rect { left: 0, top: 0, right: 320, bottom: 240 } frame=Rect { left: 0, top: 0, right: 320, bottom: 240 } canvas=Rect { left: 0, top: 0, right: 320, bottom: 240 }
[1788815347] smart cmd (render=true): seq_raw_null=true const_seq_ok=true
[1788815347] render enter: Some(F32) in=320x240 out=11x11 win=(155,115) token=1909732596588163 compiled=true snap=true t=3072 step=1024 lstep=1024 scale=25600
[1788815347] temporal window: 4 iteration(s) (W=4) at frame 3 (raw 3)
[1788815347] execute_plan ok
[1788815347] smart cmd (render=false): seq_raw_null=true const_seq_ok=true
[1788815347] smart geometry: logical=320x240 downsample=1/1x1/1 request=PF_LRect { left: 155, top: 115, right: 166, bottom: 126 } upstream=Rect { left: 0, top: 0, right: 320, bottom: 240 } frame=Rect { left: 0, top: 0, right: 320, bottom: 240 } canvas=Rect { left: 0, top: 0, right: 320, bottom: 240 }
[1788815347] smart cmd (render=true): seq_raw_null=true const_seq_ok=true
[1788815347] render enter: Some(F32) in=320x240 out=11x11 win=(155,115) token=1909732596588163 compiled=true snap=true t=1024 step=1024 lstep=1024 scale=25600
[1788815347] temporal window: 2 iteration(s) (W=4) at frame 1 (raw 1)
[1788815347] execute_plan ok
[1788815347] smart cmd (render=false): seq_raw_null=true const_seq_ok=true
[1788815347] smart geometry: logical=320x240 downsample=1/1x1/1 request=PF_LRect { left: 155, top: 115, right: 166, bottom: 126 } upstream=Rect { left: 0, top: 0, right: 320, bottom: 240 } frame=Rect { left: 0, top: 0, right: 320, bottom: 240 } canvas=Rect { left: 0, top: 0, right: 320, bottom: 240 }
[1788815347] smart cmd (render=true): seq_raw_null=true const_seq_ok=true
[1788815347] render enter: Some(F32) in=320x240 out=11x11 win=(155,115) token=1909732596588163 compiled=true snap=true t=20480 step=1024 lstep=1024 scale=25600
[1788815347] temporal window: 4 iteration(s) (W=4) at frame 20 (raw 20)
[1788815347] execute_plan ok
[1788815347] smart cmd (render=false): seq_raw_null=true const_seq_ok=true
[1788815347] token carries diagnostic E17; passing through
[1788815347] smart geometry: logical=320x240 downsample=1/1x1/1 request=PF_LRect { left: 155, top: 115, right: 166, bottom: 126 } upstream=Rect { left: 0, top: 0, right: 320, bottom: 240 } frame=Rect { left: 0, top: 0, right: 320, bottom: 240 } canvas=Rect { left: 0, top: 0, right: 320, bottom: 240 }
[1788815347] smart cmd (render=true): seq_raw_null=true const_seq_ok=true
[1788815347] token carries diagnostic E17; passing through
[1788815347] token carries diagnostic E17; passing through
[1788815347] render enter: Some(F32) in=320x240 out=11x11 win=(155,115) token=0 compiled=false snap=false t=0 step=1024 lstep=1024 scale=25600
[1788815347] smart cmd (render=false): seq_raw_null=true const_seq_ok=true
[1788815347] smart geometry: logical=320x240 downsample=1/1x1/1 request=PF_LRect { left: -32, top: -24, right: 352, bottom: 264 } upstream=Rect { left: 0, top: 0, right: 320, bottom: 240 } frame=Rect { left: 0, top: 0, right: 320, bottom: 240 } canvas=Rect { left: 0, top: 0, right: 320, bottom: 240 }
[1788815347] smart cmd (render=true): seq_raw_null=true const_seq_ok=true
[1788815347] render enter: Some(F32) in=320x240 out=384x288 win=(-32,-24) token=1008784274097377 compiled=true snap=true t=0 step=1024 lstep=1024 scale=25600
[1788815347] execute_plan ok
[1788815347] smart cmd (render=false): seq_raw_null=true const_seq_ok=true
[1788815347] smart geometry: logical=320x240 downsample=1/1x1/1 request=PF_LRect { left: -32, top: -24, right: 352, bottom: 264 } upstream=Rect { left: 0, top: 0, right: 320, bottom: 240 } frame=Rect { left: 0, top: 0, right: 320, bottom: 240 } canvas=Rect { left: 0, top: 0, right: 320, bottom: 240 }
[1788815347] smart cmd (render=true): seq_raw_null=true const_seq_ok=true
[1788815347] render enter: Some(F32) in=320x240 out=384x288 win=(-32,-24) token=512193366430114 compiled=true snap=true t=0 step=1024 lstep=1024 scale=25600
[1788815347] execute_plan ok
[1788815347] smart cmd (render=false): seq_raw_null=true const_seq_ok=true
[1788815347] smart geometry: logical=320x240 downsample=1/3x1/3 request=PF_LRect { left: -10, top: -8, right: 117, bottom: 88 } upstream=Rect { left: 0, top: 0, right: 107, bottom: 80 } frame=Rect { left: 0, top: 0, right: 107, bottom: 80 } canvas=Rect { left: 0, top: 0, right: 107, bottom: 80 }
[1788815347] smart cmd (render=true): seq_raw_null=true const_seq_ok=true
[1788815347] render enter: Some(F32) in=107x80 out=127x96 win=(-10,-8) token=1008784274097377 compiled=true snap=true t=0 step=1024 lstep=1024 scale=25600
[1788815347] execute_plan ok
[1788815347] smart cmd (render=false): seq_raw_null=true const_seq_ok=true
[1788815347] smart geometry: logical=320x240 downsample=1/2x1/2 request=PF_LRect { left: -16, top: -12, right: 176, bottom: 132 } upstream=Rect { left: 0, top: 0, right: 160, bottom: 120 } frame=Rect { left: 0, top: 0, right: 160, bottom: 120 } canvas=Rect { left: 0, top: 0, right: 160, bottom: 120 }
[1788815347] smart cmd (render=true): seq_raw_null=true const_seq_ok=true
[1788815347] render enter: Some(F32) in=160x120 out=192x144 win=(-16,-12) token=1008784274097377 compiled=true snap=true t=0 step=1024 lstep=1024 scale=25600
[1788815347] execute_plan ok
[1788815356] smart cmd (render=false): seq_raw_null=true const_seq_ok=true
[1788815356] smart geometry: logical=320x240 downsample=1/2x1/2 request=PF_LRect { left: -16, top: -12, right: 176, bottom: 132 } upstream=Rect { left: 0, top: 0, right: 160, bottom: 120 } frame=Rect { left: 0, top: 0, right: 160, bottom: 120 } canvas=Rect { left: 0, top: 0, right: 160, bottom: 120 }
[1788815356] smart cmd (render=true): seq_raw_null=true const_seq_ok=true
[1788815356] render enter: Some(F32) in=160x120 out=192x144 win=(-16,-12) token=1008784274097377 compiled=true snap=true t=1024 step=1024 lstep=1024 scale=25600
[1788815356] execute_plan ok
[1788815356] smart cmd (render=false): seq_raw_null=true const_seq_ok=true
[1788815356] smart geometry: logical=320x240 downsample=1/2x1/2 request=PF_LRect { left: -16, top: -12, right: 176, bottom: 132 } upstream=Rect { left: 0, top: 0, right: 160, bottom: 120 } frame=Rect { left: 0, top: 0, right: 160, bottom: 120 } canvas=Rect { left: 0, top: 0, right: 160, bottom: 120 }
[1788815356] smart cmd (render=true): seq_raw_null=true const_seq_ok=true
[1788815356] render enter: Some(F32) in=160x120 out=192x144 win=(-16,-12) token=1008784274097377 compiled=true snap=true t=2048 step=1024 lstep=1024 scale=25600
[1788815356] execute_plan ok
[1788815356] smart cmd (render=false): seq_raw_null=true const_seq_ok=true
[1788815356] smart geometry: logical=320x240 downsample=1/2x1/2 request=PF_LRect { left: -16, top: -12, right: 176, bottom: 132 } upstream=Rect { left: 0, top: 0, right: 160, bottom: 120 } frame=Rect { left: 0, top: 0, right: 160, bottom: 120 } canvas=Rect { left: 0, top: 0, right: 160, bottom: 120 }
[1788815356] smart cmd (render=true): seq_raw_null=true const_seq_ok=true
[1788815356] render enter: Some(F32) in=160x120 out=192x144 win=(-16,-12) token=1008784274097377 compiled=true snap=true t=3072 step=1024 lstep=1024 scale=25600
[1788815356] execute_plan ok
[1788815356] smart cmd (render=false): seq_raw_null=true const_seq_ok=true
[1788815356] smart geometry: logical=320x240 downsample=1/2x1/2 request=PF_LRect { left: -16, top: -12, right: 176, bottom: 132 } upstream=Rect { left: 0, top: 0, right: 160, bottom: 120 } frame=Rect { left: 0, top: 0, right: 160, bottom: 120 } canvas=Rect { left: 0, top: 0, right: 160, bottom: 120 }
[1788815356] smart cmd (render=true): seq_raw_null=true const_seq_ok=true
[1788815356] render enter: Some(F32) in=160x120 out=192x144 win=(-16,-12) token=1008784274097377 compiled=true snap=true t=4096 step=1024 lstep=1024 scale=25600
[1788815356] execute_plan ok
[1788815356] smart cmd (render=false): seq_raw_null=true const_seq_ok=true
[1788815356] smart geometry: logical=320x240 downsample=1/2x1/2 request=PF_LRect { left: -16, top: -12, right: 176, bottom: 132 } upstream=Rect { left: 0, top: 0, right: 160, bottom: 120 } frame=Rect { left: 0, top: 0, right: 160, bottom: 120 } canvas=Rect { left: 0, top: 0, right: 160, bottom: 120 }
[1788815356] smart cmd (render=true): seq_raw_null=true const_seq_ok=true
[1788815356] render enter: Some(F32) in=160x120 out=192x144 win=(-16,-12) token=1008784274097377 compiled=true snap=true t=5120 step=1024 lstep=1024 scale=25600
[1788815356] execute_plan ok
[1788815356] smart cmd (render=false): seq_raw_null=true const_seq_ok=true
[1788815356] smart geometry: logical=320x240 downsample=1/2x1/2 request=PF_LRect { left: -16, top: -12, right: 176, bottom: 132 } upstream=Rect { left: 0, top: 0, right: 160, bottom: 120 } frame=Rect { left: 0, top: 0, right: 160, bottom: 120 } canvas=Rect { left: 0, top: 0, right: 160, bottom: 120 }
[1788815356] smart cmd (render=true): seq_raw_null=true const_seq_ok=true
[1788815356] render enter: Some(F32) in=160x120 out=192x144 win=(-16,-12) token=1008784274097377 compiled=true snap=true t=6144 step=1024 lstep=1024 scale=25600
[1788815356] execute_plan ok
[1788815356] smart cmd (render=false): seq_raw_null=true const_seq_ok=true
[1788815356] smart cmd (render=false): seq_raw_null=true const_seq_ok=true
[1788815356] smart geometry: logical=320x240 downsample=1/2x1/2 request=PF_LRect { left: -16, top: -12, right: 176, bottom: 132 } upstream=Rect { left: 0, top: 0, right: 160, bottom: 120 } frame=Rect { left: 0, top: 0, right: 160, bottom: 120 } canvas=Rect { left: 0, top: 0, right: 160, bottom: 120 }
[1788815356] smart geometry: logical=320x240 downsample=1/2x1/2 request=PF_LRect { left: -16, top: -12, right: 176, bottom: 132 } upstream=Rect { left: 0, top: 0, right: 160, bottom: 120 } frame=Rect { left: 0, top: 0, right: 160, bottom: 120 } canvas=Rect { left: 0, top: 0, right: 160, bottom: 120 }
[1788815356] smart cmd (render=true): seq_raw_null=true const_seq_ok=true
[1788815356] smart cmd (render=true): seq_raw_null=true const_seq_ok=true
[1788815356] render enter: Some(F32) in=160x120 out=192x144 win=(-16,-12) token=1008784274097377 compiled=true snap=true t=7168 step=1024 lstep=1024 scale=25600
[1788815356] execute_plan ok
[1788815356] render enter: Some(F32) in=160x120 out=192x144 win=(-16,-12) token=1008784274097377 compiled=true snap=true t=8192 step=1024 lstep=1024 scale=25600
[1788815356] execute_plan ok
[1788815356] smart cmd (render=false): seq_raw_null=true const_seq_ok=true
[1788815356] smart geometry: logical=320x240 downsample=1/2x1/2 request=PF_LRect { left: -16, top: -12, right: 176, bottom: 132 } upstream=Rect { left: 0, top: 0, right: 160, bottom: 120 } frame=Rect { left: 0, top: 0, right: 160, bottom: 120 } canvas=Rect { left: 0, top: 0, right: 160, bottom: 120 }
[1788815356] smart cmd (render=true): seq_raw_null=true const_seq_ok=true
[1788815356] render enter: Some(F32) in=160x120 out=192x144 win=(-16,-12) token=1008784274097377 compiled=true snap=true t=9216 step=1024 lstep=1024 scale=25600
[1788815356] execute_plan ok
[1788815356] smart cmd (render=false): seq_raw_null=true const_seq_ok=true
[1788815356] smart geometry: logical=320x240 downsample=1/2x1/2 request=PF_LRect { left: -16, top: -12, right: 176, bottom: 132 } upstream=Rect { left: 0, top: 0, right: 160, bottom: 120 } frame=Rect { left: 0, top: 0, right: 160, bottom: 120 } canvas=Rect { left: 0, top: 0, right: 160, bottom: 120 }
[1788815356] smart cmd (render=true): seq_raw_null=true const_seq_ok=true
[1788815356] render enter: Some(F32) in=160x120 out=192x144 win=(-16,-12) token=1008784274097377 compiled=true snap=true t=10240 step=1024 lstep=1024 scale=25600
[1788815356] execute_plan ok
[1788815356] smart cmd (render=false): seq_raw_null=true const_seq_ok=true
[1788815356] smart geometry: logical=320x240 downsample=1/2x1/2 request=PF_LRect { left: -16, top: -12, right: 176, bottom: 132 } upstream=Rect { left: 0, top: 0, right: 160, bottom: 120 } frame=Rect { left: 0, top: 0, right: 160, bottom: 120 } canvas=Rect { left: 0, top: 0, right: 160, bottom: 120 }
[1788815356] smart cmd (render=true): seq_raw_null=true const_seq_ok=true
[1788815356] render enter: Some(F32) in=160x120 out=192x144 win=(-16,-12) token=1008784274097377 compiled=true snap=true t=11264 step=1024 lstep=1024 scale=25600
[1788815356] execute_plan ok
[1788815356] smart cmd (render=false): seq_raw_null=true const_seq_ok=true
[1788815356] smart geometry: logical=320x240 downsample=1/2x1/2 request=PF_LRect { left: -16, top: -12, right: 176, bottom: 132 } upstream=Rect { left: 0, top: 0, right: 160, bottom: 120 } frame=Rect { left: 0, top: 0, right: 160, bottom: 120 } canvas=Rect { left: 0, top: 0, right: 160, bottom: 120 }
[1788815356] smart cmd (render=true): seq_raw_null=true const_seq_ok=true
[1788815356] render enter: Some(F32) in=160x120 out=192x144 win=(-16,-12) token=1008784274097377 compiled=true snap=true t=12288 step=1024 lstep=1024 scale=25600
[1788815356] execute_plan ok
[1788815356] smart cmd (render=false): seq_raw_null=true const_seq_ok=true
[1788815356] smart geometry: logical=320x240 downsample=1/2x1/2 request=PF_LRect { left: -16, top: -12, right: 176, bottom: 132 } upstream=Rect { left: 0, top: 0, right: 160, bottom: 120 } frame=Rect { left: 0, top: 0, right: 160, bottom: 120 } canvas=Rect { left: 0, top: 0, right: 160, bottom: 120 }
[1788815356] smart cmd (render=true): seq_raw_null=true const_seq_ok=true
[1788815356] render enter: Some(F32) in=160x120 out=192x144 win=(-16,-12) token=1008784274097377 compiled=true snap=true t=13312 step=1024 lstep=1024 scale=25600
[1788815356] execute_plan ok
[1788815356] smart cmd (render=false): seq_raw_null=true const_seq_ok=true
[1788815356] smart cmd (render=false): seq_raw_null=true const_seq_ok=true
[1788815356] smart geometry: logical=320x240 downsample=1/2x1/2 request=PF_LRect { left: -16, top: -12, right: 176, bottom: 132 } upstream=Rect { left: 0, top: 0, right: 160, bottom: 120 } frame=Rect { left: 0, top: 0, right: 160, bottom: 120 } canvas=Rect { left: 0, top: 0, right: 160, bottom: 120 }
[1788815356] smart geometry: logical=320x240 downsample=1/2x1/2 request=PF_LRect { left: -16, top: -12, right: 176, bottom: 132 } upstream=Rect { left: 0, top: 0, right: 160, bottom: 120 } frame=Rect { left: 0, top: 0, right: 160, bottom: 120 } canvas=Rect { left: 0, top: 0, right: 160, bottom: 120 }
[1788815356] smart cmd (render=true): seq_raw_null=true const_seq_ok=true
[1788815356] smart cmd (render=true): seq_raw_null=true const_seq_ok=true
[1788815356] render enter: Some(F32) in=160x120 out=192x144 win=(-16,-12) token=1008784274097377 compiled=true snap=true t=14336 step=1024 lstep=1024 scale=25600
[1788815356] execute_plan ok
[1788815356] render enter: Some(F32) in=160x120 out=192x144 win=(-16,-12) token=1008784274097377 compiled=true snap=true t=15360 step=1024 lstep=1024 scale=25600
[1788815356] smart cmd (render=false): seq_raw_null=true const_seq_ok=true
[1788815356] execute_plan ok
[1788815356] smart geometry: logical=320x240 downsample=1/2x1/2 request=PF_LRect { left: -16, top: -12, right: 176, bottom: 132 } upstream=Rect { left: 0, top: 0, right: 160, bottom: 120 } frame=Rect { left: 0, top: 0, right: 160, bottom: 120 } canvas=Rect { left: 0, top: 0, right: 160, bottom: 120 }
[1788815356] smart cmd (render=true): seq_raw_null=true const_seq_ok=true
[1788815356] render enter: Some(F32) in=160x120 out=192x144 win=(-16,-12) token=1008784274097377 compiled=true snap=true t=16384 step=1024 lstep=1024 scale=25600
[1788815356] execute_plan ok
[1788815356] smart cmd (render=false): seq_raw_null=true const_seq_ok=true
[1788815356] smart geometry: logical=320x240 downsample=1/2x1/2 request=PF_LRect { left: -16, top: -12, right: 176, bottom: 132 } upstream=Rect { left: 0, top: 0, right: 160, bottom: 120 } frame=Rect { left: 0, top: 0, right: 160, bottom: 120 } canvas=Rect { left: 0, top: 0, right: 160, bottom: 120 }
[1788815356] smart cmd (render=true): seq_raw_null=true const_seq_ok=true
[1788815356] render enter: Some(F32) in=160x120 out=192x144 win=(-16,-12) token=1008784274097377 compiled=true snap=true t=17408 step=1024 lstep=1024 scale=25600
[1788815356] execute_plan ok
[1788815356] smart cmd (render=false): seq_raw_null=true const_seq_ok=true
[1788815356] smart geometry: logical=320x240 downsample=1/2x1/2 request=PF_LRect { left: -16, top: -12, right: 176, bottom: 132 } upstream=Rect { left: 0, top: 0, right: 160, bottom: 120 } frame=Rect { left: 0, top: 0, right: 160, bottom: 120 } canvas=Rect { left: 0, top: 0, right: 160, bottom: 120 }
[1788815356] smart cmd (render=true): seq_raw_null=true const_seq_ok=true
[1788815356] render enter: Some(F32) in=160x120 out=192x144 win=(-16,-12) token=1008784274097377 compiled=true snap=true t=18432 step=1024 lstep=1024 scale=25600
[1788815356] execute_plan ok
[1788815356] smart cmd (render=false): seq_raw_null=true const_seq_ok=true
[1788815356] smart geometry: logical=320x240 downsample=1/2x1/2 request=PF_LRect { left: -16, top: -12, right: 176, bottom: 132 } upstream=Rect { left: 0, top: 0, right: 160, bottom: 120 } frame=Rect { left: 0, top: 0, right: 160, bottom: 120 } canvas=Rect { left: 0, top: 0, right: 160, bottom: 120 }
[1788815356] smart cmd (render=true): seq_raw_null=true const_seq_ok=true
[1788815356] render enter: Some(F32) in=160x120 out=192x144 win=(-16,-12) token=1008784274097377 compiled=true snap=true t=19456 step=1024 lstep=1024 scale=25600
[1788815356] execute_plan ok
[1788815356] smart cmd (render=false): seq_raw_null=true const_seq_ok=true
[1788815356] smart cmd (render=false): seq_raw_null=true const_seq_ok=true
[1788815356] smart geometry: logical=320x240 downsample=1/2x1/2 request=PF_LRect { left: -16, top: -12, right: 176, bottom: 132 } upstream=Rect { left: 0, top: 0, right: 160, bottom: 120 } frame=Rect { left: 0, top: 0, right: 160, bottom: 120 } canvas=Rect { left: 0, top: 0, right: 160, bottom: 120 }
[1788815356] smart geometry: logical=320x240 downsample=1/2x1/2 request=PF_LRect { left: -16, top: -12, right: 176, bottom: 132 } upstream=Rect { left: 0, top: 0, right: 160, bottom: 120 } frame=Rect { left: 0, top: 0, right: 160, bottom: 120 } canvas=Rect { left: 0, top: 0, right: 160, bottom: 120 }
[1788815356] smart cmd (render=true): seq_raw_null=true const_seq_ok=true
[1788815356] smart cmd (render=true): seq_raw_null=true const_seq_ok=true
[1788815356] render enter: Some(F32) in=160x120 out=192x144 win=(-16,-12) token=1008784274097377 compiled=true snap=true t=21504 step=1024 lstep=1024 scale=25600
[1788815356] execute_plan ok
[1788815356] render enter: Some(F32) in=160x120 out=192x144 win=(-16,-12) token=1008784274097377 compiled=true snap=true t=20480 step=1024 lstep=1024 scale=25600
[1788815356] smart cmd (render=false): seq_raw_null=true const_seq_ok=true
[1788815356] execute_plan ok
[1788815356] smart geometry: logical=320x240 downsample=1/2x1/2 request=PF_LRect { left: -16, top: -12, right: 176, bottom: 132 } upstream=Rect { left: 0, top: 0, right: 160, bottom: 120 } frame=Rect { left: 0, top: 0, right: 160, bottom: 120 } canvas=Rect { left: 0, top: 0, right: 160, bottom: 120 }
[1788815356] smart cmd (render=true): seq_raw_null=true const_seq_ok=true
[1788815356] render enter: Some(F32) in=160x120 out=192x144 win=(-16,-12) token=1008784274097377 compiled=true snap=true t=22528 step=1024 lstep=1024 scale=25600
[1788815356] smart cmd (render=false): seq_raw_null=true const_seq_ok=true
[1788815356] execute_plan ok
[1788815356] smart geometry: logical=320x240 downsample=1/2x1/2 request=PF_LRect { left: -16, top: -12, right: 176, bottom: 132 } upstream=Rect { left: 0, top: 0, right: 160, bottom: 120 } frame=Rect { left: 0, top: 0, right: 160, bottom: 120 } canvas=Rect { left: 0, top: 0, right: 160, bottom: 120 }
[1788815356] smart cmd (render=true): seq_raw_null=true const_seq_ok=true
[1788815356] render enter: Some(F32) in=160x120 out=192x144 win=(-16,-12) token=1008784274097377 compiled=true snap=true t=23552 step=1024 lstep=1024 scale=25600
[1788815356] execute_plan ok
[1788815356] smart cmd (render=false): seq_raw_null=true const_seq_ok=true
[1788815356] smart geometry: logical=320x240 downsample=1/2x1/2 request=PF_LRect { left: -16, top: -12, right: 176, bottom: 132 } upstream=Rect { left: 0, top: 0, right: 160, bottom: 120 } frame=Rect { left: 0, top: 0, right: 160, bottom: 120 } canvas=Rect { left: 0, top: 0, right: 160, bottom: 120 }
[1788815356] smart cmd (render=true): seq_raw_null=true const_seq_ok=true
[1788815356] render enter: Some(F32) in=160x120 out=192x144 win=(-16,-12) token=1008784274097377 compiled=true snap=true t=24576 step=1024 lstep=1024 scale=25600
[1788815356] execute_plan ok
[1788815356] smart cmd (render=false): seq_raw_null=true const_seq_ok=true
[1788815356] smart geometry: logical=320x240 downsample=1/2x1/2 request=PF_LRect { left: -16, top: -12, right: 176, bottom: 132 } upstream=Rect { left: 0, top: 0, right: 160, bottom: 120 } frame=Rect { left: 0, top: 0, right: 160, bottom: 120 } canvas=Rect { left: 0, top: 0, right: 160, bottom: 120 }
[1788815356] smart cmd (render=true): seq_raw_null=true const_seq_ok=true
[1788815356] render enter: Some(F32) in=160x120 out=192x144 win=(-16,-12) token=1008784274097377 compiled=true snap=true t=25600 step=1024 lstep=1024 scale=25600
[1788815356] execute_plan ok
[1788815356] smart cmd (render=false): seq_raw_null=true const_seq_ok=true
[1788815356] smart geometry: logical=320x240 downsample=1/2x1/2 request=PF_LRect { left: -16, top: -12, right: 176, bottom: 132 } upstream=Rect { left: 0, top: 0, right: 160, bottom: 120 } frame=Rect { left: 0, top: 0, right: 160, bottom: 120 } canvas=Rect { left: 0, top: 0, right: 160, bottom: 120 }
[1788815356] smart cmd (render=true): seq_raw_null=true const_seq_ok=true
[1788815356] render enter: Some(F32) in=160x120 out=192x144 win=(-16,-12) token=1008784274097377 compiled=true snap=true t=26624 step=1024 lstep=1024 scale=25600
[1788815356] execute_plan ok
[1788815356] smart cmd (render=false): seq_raw_null=true const_seq_ok=true
[1788815356] smart geometry: logical=320x240 downsample=1/2x1/2 request=PF_LRect { left: -16, top: -12, right: 176, bottom: 132 } upstream=Rect { left: 0, top: 0, right: 160, bottom: 120 } frame=Rect { left: 0, top: 0, right: 160, bottom: 120 } canvas=Rect { left: 0, top: 0, right: 160, bottom: 120 }
[1788815356] smart cmd (render=false): seq_raw_null=true const_seq_ok=true
[1788815356] smart cmd (render=true): seq_raw_null=true const_seq_ok=true
[1788815356] smart geometry: logical=320x240 downsample=1/2x1/2 request=PF_LRect { left: -16, top: -12, right: 176, bottom: 132 } upstream=Rect { left: 0, top: 0, right: 160, bottom: 120 } frame=Rect { left: 0, top: 0, right: 160, bottom: 120 } canvas=Rect { left: 0, top: 0, right: 160, bottom: 120 }
[1788815356] render enter: Some(F32) in=160x120 out=192x144 win=(-16,-12) token=1008784274097377 compiled=true snap=true t=27648 step=1024 lstep=1024 scale=25600
[1788815356] smart cmd (render=true): seq_raw_null=true const_seq_ok=true
[1788815356] execute_plan ok
[1788815356] render enter: Some(F32) in=160x120 out=192x144 win=(-16,-12) token=1008784274097377 compiled=true snap=true t=28672 step=1024 lstep=1024 scale=25600
[1788815356] smart cmd (render=false): seq_raw_null=true const_seq_ok=true
[1788815356] execute_plan ok
[1788815356] smart geometry: logical=320x240 downsample=1/2x1/2 request=PF_LRect { left: -16, top: -12, right: 176, bottom: 132 } upstream=Rect { left: 0, top: 0, right: 160, bottom: 120 } frame=Rect { left: 0, top: 0, right: 160, bottom: 120 } canvas=Rect { left: 0, top: 0, right: 160, bottom: 120 }
[1788815356] smart cmd (render=true): seq_raw_null=true const_seq_ok=true
[1788815356] render enter: Some(F32) in=160x120 out=192x144 win=(-16,-12) token=1008784274097377 compiled=true snap=true t=29696 step=1024 lstep=1024 scale=25600
[1788815356] smart cmd (render=false): seq_raw_null=true const_seq_ok=true
[1788815356] execute_plan ok
[1788815356] smart geometry: logical=320x240 downsample=1/2x1/2 request=PF_LRect { left: -16, top: -12, right: 176, bottom: 132 } upstream=Rect { left: 0, top: 0, right: 160, bottom: 120 } frame=Rect { left: 0, top: 0, right: 160, bottom: 120 } canvas=Rect { left: 0, top: 0, right: 160, bottom: 120 }
[1788815356] smart cmd (render=true): seq_raw_null=true const_seq_ok=true
[1788815356] render enter: Some(F32) in=160x120 out=192x144 win=(-16,-12) token=1008784274097377 compiled=true snap=true t=30720 step=1024 lstep=1024 scale=25600
[1788815356] execute_plan ok
[1788815356] smart cmd (render=false): seq_raw_null=true const_seq_ok=true
[1788815356] smart geometry: logical=320x240 downsample=1/2x1/2 request=PF_LRect { left: -16, top: -12, right: 176, bottom: 132 } upstream=Rect { left: 0, top: 0, right: 160, bottom: 120 } frame=Rect { left: 0, top: 0, right: 160, bottom: 120 } canvas=Rect { left: 0, top: 0, right: 160, bottom: 120 }
[1788815356] smart cmd (render=true): seq_raw_null=true const_seq_ok=true
[1788815356] render enter: Some(F32) in=160x120 out=192x144 win=(-16,-12) token=1008784274097377 compiled=true snap=true t=31744 step=1024 lstep=1024 scale=25600
[1788815356] execute_plan ok
[1788815356] smart cmd (render=false): seq_raw_null=true const_seq_ok=true
[1788815356] smart geometry: logical=320x240 downsample=1/2x1/2 request=PF_LRect { left: -16, top: -12, right: 176, bottom: 132 } upstream=Rect { left: 0, top: 0, right: 160, bottom: 120 } frame=Rect { left: 0, top: 0, right: 160, bottom: 120 } canvas=Rect { left: 0, top: 0, right: 160, bottom: 120 }
[1788815356] smart cmd (render=true): seq_raw_null=true const_seq_ok=true
[1788815356] render enter: Some(F32) in=160x120 out=192x144 win=(-16,-12) token=1008784274097377 compiled=true snap=true t=32768 step=1024 lstep=1024 scale=25600
[1788815356] execute_plan ok
[1788815356] smart cmd (render=false): seq_raw_null=true const_seq_ok=true
[1788815356] smart geometry: logical=320x240 downsample=1/2x1/2 request=PF_LRect { left: -16, top: -12, right: 176, bottom: 132 } upstream=Rect { left: 0, top: 0, right: 160, bottom: 120 } frame=Rect { left: 0, top: 0, right: 160, bottom: 120 } canvas=Rect { left: 0, top: 0, right: 160, bottom: 120 }
[1788815356] smart cmd (render=true): seq_raw_null=true const_seq_ok=true
[1788815356] render enter: Some(F32) in=160x120 out=192x144 win=(-16,-12) token=1008784274097377 compiled=true snap=true t=33792 step=1024 lstep=1024 scale=25600
[1788815356] execute_plan ok
[1788815356] smart cmd (render=false): seq_raw_null=true const_seq_ok=true
[1788815356] smart cmd (render=false): seq_raw_null=true const_seq_ok=true
[1788815356] smart geometry: logical=320x240 downsample=1/2x1/2 request=PF_LRect { left: -16, top: -12, right: 176, bottom: 132 } upstream=Rect { left: 0, top: 0, right: 160, bottom: 120 } frame=Rect { left: 0, top: 0, right: 160, bottom: 120 } canvas=Rect { left: 0, top: 0, right: 160, bottom: 120 }
[1788815356] smart geometry: logical=320x240 downsample=1/2x1/2 request=PF_LRect { left: -16, top: -12, right: 176, bottom: 132 } upstream=Rect { left: 0, top: 0, right: 160, bottom: 120 } frame=Rect { left: 0, top: 0, right: 160, bottom: 120 } canvas=Rect { left: 0, top: 0, right: 160, bottom: 120 }
[1788815356] smart cmd (render=true): seq_raw_null=true const_seq_ok=true
[1788815356] smart cmd (render=true): seq_raw_null=true const_seq_ok=true
[1788815356] render enter: Some(F32) in=160x120 out=192x144 win=(-16,-12) token=1008784274097377 compiled=true snap=true t=35840 step=1024 lstep=1024 scale=25600
[1788815356] execute_plan ok
[1788815356] render enter: Some(F32) in=160x120 out=192x144 win=(-16,-12) token=1008784274097377 compiled=true snap=true t=34816 step=1024 lstep=1024 scale=25600
[1788815356] smart cmd (render=false): seq_raw_null=true const_seq_ok=true
[1788815356] execute_plan ok
[1788815356] smart geometry: logical=320x240 downsample=1/2x1/2 request=PF_LRect { left: -16, top: -12, right: 176, bottom: 132 } upstream=Rect { left: 0, top: 0, right: 160, bottom: 120 } frame=Rect { left: 0, top: 0, right: 160, bottom: 120 } canvas=Rect { left: 0, top: 0, right: 160, bottom: 120 }
[1788815356] smart cmd (render=true): seq_raw_null=true const_seq_ok=true
[1788815356] render enter: Some(F32) in=160x120 out=192x144 win=(-16,-12) token=1008784274097377 compiled=true snap=true t=36864 step=1024 lstep=1024 scale=25600
[1788815356] smart cmd (render=false): seq_raw_null=true const_seq_ok=true
[1788815356] execute_plan ok
[1788815356] smart geometry: logical=320x240 downsample=1/2x1/2 request=PF_LRect { left: -16, top: -12, right: 176, bottom: 132 } upstream=Rect { left: 0, top: 0, right: 160, bottom: 120 } frame=Rect { left: 0, top: 0, right: 160, bottom: 120 } canvas=Rect { left: 0, top: 0, right: 160, bottom: 120 }
[1788815356] smart cmd (render=true): seq_raw_null=true const_seq_ok=true
[1788815356] render enter: Some(F32) in=160x120 out=192x144 win=(-16,-12) token=1008784274097377 compiled=true snap=true t=37888 step=1024 lstep=1024 scale=25600
[1788815356] execute_plan ok
[1788815356] smart cmd (render=false): seq_raw_null=true const_seq_ok=true
[1788815356] smart geometry: logical=320x240 downsample=1/2x1/2 request=PF_LRect { left: -16, top: -12, right: 176, bottom: 132 } upstream=Rect { left: 0, top: 0, right: 160, bottom: 120 } frame=Rect { left: 0, top: 0, right: 160, bottom: 120 } canvas=Rect { left: 0, top: 0, right: 160, bottom: 120 }
[1788815356] smart cmd (render=true): seq_raw_null=true const_seq_ok=true
[1788815356] render enter: Some(F32) in=160x120 out=192x144 win=(-16,-12) token=1008784274097377 compiled=true snap=true t=38912 step=1024 lstep=1024 scale=25600
[1788815356] execute_plan ok
[1788815356] smart cmd (render=false): seq_raw_null=true const_seq_ok=true
[1788815356] smart geometry: logical=320x240 downsample=1/2x1/2 request=PF_LRect { left: -16, top: -12, right: 176, bottom: 132 } upstream=Rect { left: 0, top: 0, right: 160, bottom: 120 } frame=Rect { left: 0, top: 0, right: 160, bottom: 120 } canvas=Rect { left: 0, top: 0, right: 160, bottom: 120 }
[1788815356] smart cmd (render=true): seq_raw_null=true const_seq_ok=true
[1788815356] render enter: Some(F32) in=160x120 out=192x144 win=(-16,-12) token=1008784274097377 compiled=true snap=true t=39936 step=1024 lstep=1024 scale=25600
[1788815356] execute_plan ok
[1788815356] smart cmd (render=false): seq_raw_null=true const_seq_ok=true
[1788815356] smart geometry: logical=320x240 downsample=1/2x1/2 request=PF_LRect { left: -16, top: -12, right: 176, bottom: 132 } upstream=Rect { left: 0, top: 0, right: 160, bottom: 120 } frame=Rect { left: 0, top: 0, right: 160, bottom: 120 } canvas=Rect { left: 0, top: 0, right: 160, bottom: 120 }
[1788815356] smart cmd (render=true): seq_raw_null=true const_seq_ok=true
[1788815356] render enter: Some(F32) in=160x120 out=192x144 win=(-16,-12) token=1008784274097377 compiled=true snap=true t=40960 step=1024 lstep=1024 scale=25600
[1788815356] execute_plan ok
[1788815356] smart cmd (render=false): seq_raw_null=true const_seq_ok=true
[1788815356] smart cmd (render=false): seq_raw_null=true const_seq_ok=true
[1788815356] smart geometry: logical=320x240 downsample=1/2x1/2 request=PF_LRect { left: -16, top: -12, right: 176, bottom: 132 } upstream=Rect { left: 0, top: 0, right: 160, bottom: 120 } frame=Rect { left: 0, top: 0, right: 160, bottom: 120 } canvas=Rect { left: 0, top: 0, right: 160, bottom: 120 }
[1788815356] smart geometry: logical=320x240 downsample=1/2x1/2 request=PF_LRect { left: -16, top: -12, right: 176, bottom: 132 } upstream=Rect { left: 0, top: 0, right: 160, bottom: 120 } frame=Rect { left: 0, top: 0, right: 160, bottom: 120 } canvas=Rect { left: 0, top: 0, right: 160, bottom: 120 }
[1788815356] smart cmd (render=true): seq_raw_null=true const_seq_ok=true
[1788815356] smart cmd (render=true): seq_raw_null=true const_seq_ok=true
[1788815356] render enter: Some(F32) in=160x120 out=192x144 win=(-16,-12) token=1008784274097377 compiled=true snap=true t=41984 step=1024 lstep=1024 scale=25600
[1788815356] execute_plan ok
[1788815356] render enter: Some(F32) in=160x120 out=192x144 win=(-16,-12) token=1008784274097377 compiled=true snap=true t=43008 step=1024 lstep=1024 scale=25600
[1788815356] smart cmd (render=false): seq_raw_null=true const_seq_ok=true
[1788815356] execute_plan ok
[1788815356] smart geometry: logical=320x240 downsample=1/2x1/2 request=PF_LRect { left: -16, top: -12, right: 176, bottom: 132 } upstream=Rect { left: 0, top: 0, right: 160, bottom: 120 } frame=Rect { left: 0, top: 0, right: 160, bottom: 120 } canvas=Rect { left: 0, top: 0, right: 160, bottom: 120 }
[1788815356] smart cmd (render=true): seq_raw_null=true const_seq_ok=true
[1788815356] render enter: Some(F32) in=160x120 out=192x144 win=(-16,-12) token=1008784274097377 compiled=true snap=true t=44032 step=1024 lstep=1024 scale=25600
[1788815356] smart cmd (render=false): seq_raw_null=true const_seq_ok=true
[1788815356] execute_plan ok
[1788815356] smart geometry: logical=320x240 downsample=1/2x1/2 request=PF_LRect { left: -16, top: -12, right: 176, bottom: 132 } upstream=Rect { left: 0, top: 0, right: 160, bottom: 120 } frame=Rect { left: 0, top: 0, right: 160, bottom: 120 } canvas=Rect { left: 0, top: 0, right: 160, bottom: 120 }
[1788815356] smart cmd (render=true): seq_raw_null=true const_seq_ok=true
[1788815356] render enter: Some(F32) in=160x120 out=192x144 win=(-16,-12) token=1008784274097377 compiled=true snap=true t=45056 step=1024 lstep=1024 scale=25600
[1788815356] execute_plan ok
[1788815356] smart cmd (render=false): seq_raw_null=true const_seq_ok=true
[1788815356] smart geometry: logical=320x240 downsample=1/2x1/2 request=PF_LRect { left: -16, top: -12, right: 176, bottom: 132 } upstream=Rect { left: 0, top: 0, right: 160, bottom: 120 } frame=Rect { left: 0, top: 0, right: 160, bottom: 120 } canvas=Rect { left: 0, top: 0, right: 160, bottom: 120 }
[1788815356] smart cmd (render=true): seq_raw_null=true const_seq_ok=true
[1788815356] render enter: Some(F32) in=160x120 out=192x144 win=(-16,-12) token=1008784274097377 compiled=true snap=true t=46080 step=1024 lstep=1024 scale=25600
[1788815356] execute_plan ok
[1788815356] smart cmd (render=false): seq_raw_null=true const_seq_ok=true
[1788815356] smart geometry: logical=320x240 downsample=1/2x1/2 request=PF_LRect { left: -16, top: -12, right: 176, bottom: 132 } upstream=Rect { left: 0, top: 0, right: 160, bottom: 120 } frame=Rect { left: 0, top: 0, right: 160, bottom: 120 } canvas=Rect { left: 0, top: 0, right: 160, bottom: 120 }
[1788815356] smart cmd (render=true): seq_raw_null=true const_seq_ok=true
[1788815356] render enter: Some(F32) in=160x120 out=192x144 win=(-16,-12) token=1008784274097377 compiled=true snap=true t=47104 step=1024 lstep=1024 scale=25600
[1788815356] execute_plan ok
[1788815356] smart cmd (render=false): seq_raw_null=true const_seq_ok=true
[1788815356] smart geometry: logical=320x240 downsample=1/2x1/2 request=PF_LRect { left: -16, top: -12, right: 176, bottom: 132 } upstream=Rect { left: 0, top: 0, right: 160, bottom: 120 } frame=Rect { left: 0, top: 0, right: 160, bottom: 120 } canvas=Rect { left: 0, top: 0, right: 160, bottom: 120 }
[1788815356] smart cmd (render=true): seq_raw_null=true const_seq_ok=true
[1788815356] render enter: Some(F32) in=160x120 out=192x144 win=(-16,-12) token=1008784274097377 compiled=true snap=true t=48128 step=1024 lstep=1024 scale=25600
[1788815356] execute_plan ok
[1788815356] smart cmd (render=false): seq_raw_null=true const_seq_ok=true
[1788815356] smart geometry: logical=320x240 downsample=1/2x1/2 request=PF_LRect { left: -16, top: -12, right: 176, bottom: 132 } upstream=Rect { left: 0, top: 0, right: 160, bottom: 120 } frame=Rect { left: 0, top: 0, right: 160, bottom: 120 } canvas=Rect { left: 0, top: 0, right: 160, bottom: 120 }
[1788815356] smart cmd (render=false): seq_raw_null=true const_seq_ok=true
[1788815356] smart cmd (render=true): seq_raw_null=true const_seq_ok=true
[1788815356] smart geometry: logical=320x240 downsample=1/2x1/2 request=PF_LRect { left: -16, top: -12, right: 176, bottom: 132 } upstream=Rect { left: 0, top: 0, right: 160, bottom: 120 } frame=Rect { left: 0, top: 0, right: 160, bottom: 120 } canvas=Rect { left: 0, top: 0, right: 160, bottom: 120 }
[1788815356] smart cmd (render=true): seq_raw_null=true const_seq_ok=true
[1788815356] render enter: Some(F32) in=160x120 out=192x144 win=(-16,-12) token=1008784274097377 compiled=true snap=true t=50176 step=1024 lstep=1024 scale=25600
[1788815356] execute_plan ok
[1788815356] render enter: Some(F32) in=160x120 out=192x144 win=(-16,-12) token=1008784274097377 compiled=true snap=true t=49152 step=1024 lstep=1024 scale=25600
[1788815356] execute_plan ok
[1788815356] smart cmd (render=false): seq_raw_null=true const_seq_ok=true
[1788815356] definition resolved from process registry
[1788815356] smart geometry: logical=320x240 downsample=1/1x1/1 request=PF_LRect { left: 155, top: 115, right: 166, bottom: 126 } upstream=Rect { left: 0, top: 0, right: 320, bottom: 240 } frame=Rect { left: 0, top: 0, right: 320, bottom: 240 } canvas=Rect { left: 0, top: 0, right: 320, bottom: 240 }
[1788815356] smart cmd (render=true): seq_raw_null=true const_seq_ok=true
[1788815356] render enter: Some(F32) in=320x240 out=11x11 win=(155,115) token=1484363663950204 compiled=true snap=true t=0 step=1024 lstep=1024 scale=25600
[1788815356] pipelines built: 1 pass(es), plan 1 step(s), 0 physical intermediate(s) (~0 KiB transient at 11x11, Rgba32Float working format) (adapter="Apple M5" backend=Metal driver=" ")
[1788815356] execute_plan ok
[1788815356] smart cmd (render=false): seq_raw_null=true const_seq_ok=true
[1788815356] smart geometry: logical=320x240 downsample=1/2x1/2 request=PF_LRect { left: -16, top: -12, right: 176, bottom: 132 } upstream=Rect { left: 0, top: 0, right: 160, bottom: 120 } frame=Rect { left: 0, top: 0, right: 160, bottom: 120 } canvas=Rect { left: 0, top: 0, right: 160, bottom: 120 }
[1788815356] smart cmd (render=true): seq_raw_null=true const_seq_ok=true
[1788815356] render enter: Some(F32) in=160x120 out=192x144 win=(-16,-12) token=1008784274097377 compiled=true snap=true t=0 step=1024 lstep=1024 scale=25600
[1788815356] execute_plan ok
[1788815356] smart cmd (render=false): seq_raw_null=true const_seq_ok=true
[1788815356] smart geometry: logical=320x240 downsample=1/1x1/1 request=PF_LRect { left: 155, top: 115, right: 166, bottom: 126 } upstream=Rect { left: 0, top: 0, right: 320, bottom: 240 } frame=Rect { left: 0, top: 0, right: 320, bottom: 240 } canvas=Rect { left: 0, top: 0, right: 320, bottom: 240 }
[1788815356] smart cmd (render=true): seq_raw_null=true const_seq_ok=true
[1788815356] render enter: Some(F32) in=320x240 out=11x11 win=(155,115) token=1484363663950204 compiled=true snap=true t=25600 step=1024 lstep=1024 scale=25600
[1788815356] execute_plan ok
[1788815364] smart cmd (render=false): seq_raw_null=true const_seq_ok=true
[1788815364] smart geometry: logical=320x240 downsample=1/2x1/2 request=PF_LRect { left: -16, top: -12, right: 176, bottom: 132 } upstream=Rect { left: 0, top: 0, right: 160, bottom: 120 } frame=Rect { left: 0, top: 0, right: 160, bottom: 120 } canvas=Rect { left: 0, top: 0, right: 160, bottom: 120 }
[1788815364] smart cmd (render=true): seq_raw_null=true const_seq_ok=true
[1788815364] render enter: Some(F32) in=160x120 out=192x144 win=(-16,-12) token=1008784274097377 compiled=true snap=true t=1024 step=1024 lstep=1024 scale=25600
[1788815364] execute_plan ok
[1788815364] smart cmd (render=false): seq_raw_null=true const_seq_ok=true
[1788815364] smart geometry: logical=320x240 downsample=1/2x1/2 request=PF_LRect { left: -16, top: -12, right: 176, bottom: 132 } upstream=Rect { left: 0, top: 0, right: 160, bottom: 120 } frame=Rect { left: 0, top: 0, right: 160, bottom: 120 } canvas=Rect { left: 0, top: 0, right: 160, bottom: 120 }
[1788815364] smart cmd (render=true): seq_raw_null=true const_seq_ok=true
[1788815364] render enter: Some(F32) in=160x120 out=192x144 win=(-16,-12) token=1008784274097377 compiled=true snap=true t=2048 step=1024 lstep=1024 scale=25600
[1788815364] execute_plan ok
[1788815364] smart cmd (render=false): seq_raw_null=true const_seq_ok=true
[1788815364] smart geometry: logical=320x240 downsample=1/2x1/2 request=PF_LRect { left: -16, top: -12, right: 176, bottom: 132 } upstream=Rect { left: 0, top: 0, right: 160, bottom: 120 } frame=Rect { left: 0, top: 0, right: 160, bottom: 120 } canvas=Rect { left: 0, top: 0, right: 160, bottom: 120 }
[1788815364] smart cmd (render=true): seq_raw_null=true const_seq_ok=true
[1788815364] render enter: Some(F32) in=160x120 out=192x144 win=(-16,-12) token=1008784274097377 compiled=true snap=true t=3072 step=1024 lstep=1024 scale=25600
[1788815364] execute_plan ok
[1788815364] smart cmd (render=false): seq_raw_null=true const_seq_ok=true
[1788815364] smart geometry: logical=320x240 downsample=1/2x1/2 request=PF_LRect { left: -16, top: -12, right: 176, bottom: 132 } upstream=Rect { left: 0, top: 0, right: 160, bottom: 120 } frame=Rect { left: 0, top: 0, right: 160, bottom: 120 } canvas=Rect { left: 0, top: 0, right: 160, bottom: 120 }
[1788815364] smart cmd (render=true): seq_raw_null=true const_seq_ok=true
[1788815364] render enter: Some(F32) in=160x120 out=192x144 win=(-16,-12) token=1008784274097377 compiled=true snap=true t=4096 step=1024 lstep=1024 scale=25600
[1788815364] execute_plan ok
[1788815364] smart cmd (render=false): seq_raw_null=true const_seq_ok=true
[1788815364] smart geometry: logical=320x240 downsample=1/2x1/2 request=PF_LRect { left: -16, top: -12, right: 176, bottom: 132 } upstream=Rect { left: 0, top: 0, right: 160, bottom: 120 } frame=Rect { left: 0, top: 0, right: 160, bottom: 120 } canvas=Rect { left: 0, top: 0, right: 160, bottom: 120 }
[1788815364] smart cmd (render=true): seq_raw_null=true const_seq_ok=true
[1788815364] render enter: Some(F32) in=160x120 out=192x144 win=(-16,-12) token=1008784274097377 compiled=true snap=true t=5120 step=1024 lstep=1024 scale=25600
[1788815364] execute_plan ok
[1788815364] smart cmd (render=false): seq_raw_null=true const_seq_ok=true
[1788815364] smart geometry: logical=320x240 downsample=1/2x1/2 request=PF_LRect { left: -16, top: -12, right: 176, bottom: 132 } upstream=Rect { left: 0, top: 0, right: 160, bottom: 120 } frame=Rect { left: 0, top: 0, right: 160, bottom: 120 } canvas=Rect { left: 0, top: 0, right: 160, bottom: 120 }
[1788815364] smart cmd (render=true): seq_raw_null=true const_seq_ok=true
[1788815364] render enter: Some(F32) in=160x120 out=192x144 win=(-16,-12) token=1008784274097377 compiled=true snap=true t=6144 step=1024 lstep=1024 scale=25600
[1788815364] execute_plan ok
[1788815364] smart cmd (render=false): seq_raw_null=true const_seq_ok=true
[1788815364] smart cmd (render=false): seq_raw_null=true const_seq_ok=true
[1788815364] smart geometry: logical=320x240 downsample=1/2x1/2 request=PF_LRect { left: -16, top: -12, right: 176, bottom: 132 } upstream=Rect { left: 0, top: 0, right: 160, bottom: 120 } frame=Rect { left: 0, top: 0, right: 160, bottom: 120 } canvas=Rect { left: 0, top: 0, right: 160, bottom: 120 }
[1788815364] smart geometry: logical=320x240 downsample=1/2x1/2 request=PF_LRect { left: -16, top: -12, right: 176, bottom: 132 } upstream=Rect { left: 0, top: 0, right: 160, bottom: 120 } frame=Rect { left: 0, top: 0, right: 160, bottom: 120 } canvas=Rect { left: 0, top: 0, right: 160, bottom: 120 }
[1788815364] smart cmd (render=true): seq_raw_null=true const_seq_ok=true
[1788815364] smart cmd (render=true): seq_raw_null=true const_seq_ok=true
[1788815364] render enter: Some(F32) in=160x120 out=192x144 win=(-16,-12) token=1008784274097377 compiled=true snap=true t=7168 step=1024 lstep=1024 scale=25600
[1788815364] execute_plan ok
[1788815364] render enter: Some(F32) in=160x120 out=192x144 win=(-16,-12) token=1008784274097377 compiled=true snap=true t=8192 step=1024 lstep=1024 scale=25600
[1788815364] smart cmd (render=false): seq_raw_null=true const_seq_ok=true
[1788815364] execute_plan ok
[1788815364] smart geometry: logical=320x240 downsample=1/2x1/2 request=PF_LRect { left: -16, top: -12, right: 176, bottom: 132 } upstream=Rect { left: 0, top: 0, right: 160, bottom: 120 } frame=Rect { left: 0, top: 0, right: 160, bottom: 120 } canvas=Rect { left: 0, top: 0, right: 160, bottom: 120 }
[1788815364] smart cmd (render=true): seq_raw_null=true const_seq_ok=true
[1788815364] render enter: Some(F32) in=160x120 out=192x144 win=(-16,-12) token=1008784274097377 compiled=true snap=true t=9216 step=1024 lstep=1024 scale=25600
[1788815364] execute_plan ok
[1788815364] smart cmd (render=false): seq_raw_null=true const_seq_ok=true
[1788815364] smart geometry: logical=320x240 downsample=1/2x1/2 request=PF_LRect { left: -16, top: -12, right: 176, bottom: 132 } upstream=Rect { left: 0, top: 0, right: 160, bottom: 120 } frame=Rect { left: 0, top: 0, right: 160, bottom: 120 } canvas=Rect { left: 0, top: 0, right: 160, bottom: 120 }
[1788815364] smart cmd (render=true): seq_raw_null=true const_seq_ok=true
[1788815364] render enter: Some(F32) in=160x120 out=192x144 win=(-16,-12) token=1008784274097377 compiled=true snap=true t=10240 step=1024 lstep=1024 scale=25600
[1788815364] execute_plan ok
[1788815364] smart cmd (render=false): seq_raw_null=true const_seq_ok=true
[1788815364] smart geometry: logical=320x240 downsample=1/2x1/2 request=PF_LRect { left: -16, top: -12, right: 176, bottom: 132 } upstream=Rect { left: 0, top: 0, right: 160, bottom: 120 } frame=Rect { left: 0, top: 0, right: 160, bottom: 120 } canvas=Rect { left: 0, top: 0, right: 160, bottom: 120 }
[1788815364] smart cmd (render=true): seq_raw_null=true const_seq_ok=true
[1788815364] render enter: Some(F32) in=160x120 out=192x144 win=(-16,-12) token=1008784274097377 compiled=true snap=true t=11264 step=1024 lstep=1024 scale=25600
[1788815364] execute_plan ok
[1788815364] smart cmd (render=false): seq_raw_null=true const_seq_ok=true
[1788815364] smart geometry: logical=320x240 downsample=1/2x1/2 request=PF_LRect { left: -16, top: -12, right: 176, bottom: 132 } upstream=Rect { left: 0, top: 0, right: 160, bottom: 120 } frame=Rect { left: 0, top: 0, right: 160, bottom: 120 } canvas=Rect { left: 0, top: 0, right: 160, bottom: 120 }
[1788815364] smart cmd (render=true): seq_raw_null=true const_seq_ok=true
[1788815364] render enter: Some(F32) in=160x120 out=192x144 win=(-16,-12) token=1008784274097377 compiled=true snap=true t=12288 step=1024 lstep=1024 scale=25600
[1788815364] execute_plan ok
[1788815364] smart cmd (render=false): seq_raw_null=true const_seq_ok=true
[1788815364] smart geometry: logical=320x240 downsample=1/2x1/2 request=PF_LRect { left: -16, top: -12, right: 176, bottom: 132 } upstream=Rect { left: 0, top: 0, right: 160, bottom: 120 } frame=Rect { left: 0, top: 0, right: 160, bottom: 120 } canvas=Rect { left: 0, top: 0, right: 160, bottom: 120 }
[1788815364] smart cmd (render=true): seq_raw_null=true const_seq_ok=true
[1788815364] render enter: Some(F32) in=160x120 out=192x144 win=(-16,-12) token=1008784274097377 compiled=true snap=true t=13312 step=1024 lstep=1024 scale=25600
[1788815364] execute_plan ok
[1788815364] smart cmd (render=false): seq_raw_null=true const_seq_ok=true
[1788815364] smart cmd (render=false): seq_raw_null=true const_seq_ok=true
[1788815364] smart geometry: logical=320x240 downsample=1/2x1/2 request=PF_LRect { left: -16, top: -12, right: 176, bottom: 132 } upstream=Rect { left: 0, top: 0, right: 160, bottom: 120 } frame=Rect { left: 0, top: 0, right: 160, bottom: 120 } canvas=Rect { left: 0, top: 0, right: 160, bottom: 120 }
[1788815364] smart geometry: logical=320x240 downsample=1/2x1/2 request=PF_LRect { left: -16, top: -12, right: 176, bottom: 132 } upstream=Rect { left: 0, top: 0, right: 160, bottom: 120 } frame=Rect { left: 0, top: 0, right: 160, bottom: 120 } canvas=Rect { left: 0, top: 0, right: 160, bottom: 120 }
[1788815364] smart cmd (render=true): seq_raw_null=true const_seq_ok=true
[1788815364] smart cmd (render=true): seq_raw_null=true const_seq_ok=true
[1788815364] render enter: Some(F32) in=160x120 out=192x144 win=(-16,-12) token=1008784274097377 compiled=true snap=true t=15360 step=1024 lstep=1024 scale=25600
[1788815364] execute_plan ok
[1788815364] render enter: Some(F32) in=160x120 out=192x144 win=(-16,-12) token=1008784274097377 compiled=true snap=true t=14336 step=1024 lstep=1024 scale=25600
[1788815364] smart cmd (render=false): seq_raw_null=true const_seq_ok=true
[1788815364] execute_plan ok
[1788815364] smart geometry: logical=320x240 downsample=1/2x1/2 request=PF_LRect { left: -16, top: -12, right: 176, bottom: 132 } upstream=Rect { left: 0, top: 0, right: 160, bottom: 120 } frame=Rect { left: 0, top: 0, right: 160, bottom: 120 } canvas=Rect { left: 0, top: 0, right: 160, bottom: 120 }
[1788815364] smart cmd (render=true): seq_raw_null=true const_seq_ok=true
[1788815364] render enter: Some(F32) in=160x120 out=192x144 win=(-16,-12) token=1008784274097377 compiled=true snap=true t=16384 step=1024 lstep=1024 scale=25600
[1788815364] execute_plan ok
[1788815364] smart cmd (render=false): seq_raw_null=true const_seq_ok=true
[1788815364] smart geometry: logical=320x240 downsample=1/2x1/2 request=PF_LRect { left: -16, top: -12, right: 176, bottom: 132 } upstream=Rect { left: 0, top: 0, right: 160, bottom: 120 } frame=Rect { left: 0, top: 0, right: 160, bottom: 120 } canvas=Rect { left: 0, top: 0, right: 160, bottom: 120 }
[1788815364] smart cmd (render=true): seq_raw_null=true const_seq_ok=true
[1788815364] render enter: Some(F32) in=160x120 out=192x144 win=(-16,-12) token=1008784274097377 compiled=true snap=true t=17408 step=1024 lstep=1024 scale=25600
[1788815364] execute_plan ok
[1788815364] smart cmd (render=false): seq_raw_null=true const_seq_ok=true
[1788815364] smart geometry: logical=320x240 downsample=1/2x1/2 request=PF_LRect { left: -16, top: -12, right: 176, bottom: 132 } upstream=Rect { left: 0, top: 0, right: 160, bottom: 120 } frame=Rect { left: 0, top: 0, right: 160, bottom: 120 } canvas=Rect { left: 0, top: 0, right: 160, bottom: 120 }
[1788815364] smart cmd (render=true): seq_raw_null=true const_seq_ok=true
[1788815364] render enter: Some(F32) in=160x120 out=192x144 win=(-16,-12) token=1008784274097377 compiled=true snap=true t=18432 step=1024 lstep=1024 scale=25600
[1788815364] execute_plan ok
[1788815364] smart cmd (render=false): seq_raw_null=true const_seq_ok=true
[1788815364] smart geometry: logical=320x240 downsample=1/2x1/2 request=PF_LRect { left: -16, top: -12, right: 176, bottom: 132 } upstream=Rect { left: 0, top: 0, right: 160, bottom: 120 } frame=Rect { left: 0, top: 0, right: 160, bottom: 120 } canvas=Rect { left: 0, top: 0, right: 160, bottom: 120 }
[1788815364] smart cmd (render=true): seq_raw_null=true const_seq_ok=true
[1788815364] render enter: Some(F32) in=160x120 out=192x144 win=(-16,-12) token=1008784274097377 compiled=true snap=true t=19456 step=1024 lstep=1024 scale=25600
[1788815364] execute_plan ok
[1788815364] smart cmd (render=false): seq_raw_null=true const_seq_ok=true
[1788815364] smart geometry: logical=320x240 downsample=1/2x1/2 request=PF_LRect { left: -16, top: -12, right: 176, bottom: 132 } upstream=Rect { left: 0, top: 0, right: 160, bottom: 120 } frame=Rect { left: 0, top: 0, right: 160, bottom: 120 } canvas=Rect { left: 0, top: 0, right: 160, bottom: 120 }
[1788815364] smart cmd (render=false): seq_raw_null=true const_seq_ok=true
[1788815364] smart cmd (render=true): seq_raw_null=true const_seq_ok=true
[1788815364] smart geometry: logical=320x240 downsample=1/2x1/2 request=PF_LRect { left: -16, top: -12, right: 176, bottom: 132 } upstream=Rect { left: 0, top: 0, right: 160, bottom: 120 } frame=Rect { left: 0, top: 0, right: 160, bottom: 120 } canvas=Rect { left: 0, top: 0, right: 160, bottom: 120 }
[1788815364] render enter: Some(F32) in=160x120 out=192x144 win=(-16,-12) token=1008784274097377 compiled=true snap=true t=21504 step=1024 lstep=1024 scale=25600
[1788815364] smart cmd (render=true): seq_raw_null=true const_seq_ok=true
[1788815364] execute_plan ok
[1788815364] render enter: Some(F32) in=160x120 out=192x144 win=(-16,-12) token=1008784274097377 compiled=true snap=true t=20480 step=1024 lstep=1024 scale=25600
[1788815364] smart cmd (render=false): seq_raw_null=true const_seq_ok=true
[1788815364] execute_plan ok
[1788815364] smart geometry: logical=320x240 downsample=1/2x1/2 request=PF_LRect { left: -16, top: -12, right: 176, bottom: 132 } upstream=Rect { left: 0, top: 0, right: 160, bottom: 120 } frame=Rect { left: 0, top: 0, right: 160, bottom: 120 } canvas=Rect { left: 0, top: 0, right: 160, bottom: 120 }
[1788815364] smart cmd (render=true): seq_raw_null=true const_seq_ok=true
[1788815364] render enter: Some(F32) in=160x120 out=192x144 win=(-16,-12) token=1008784274097377 compiled=true snap=true t=22528 step=1024 lstep=1024 scale=25600
[1788815364] smart cmd (render=false): seq_raw_null=true const_seq_ok=true
[1788815364] execute_plan ok
[1788815364] smart geometry: logical=320x240 downsample=1/2x1/2 request=PF_LRect { left: -16, top: -12, right: 176, bottom: 132 } upstream=Rect { left: 0, top: 0, right: 160, bottom: 120 } frame=Rect { left: 0, top: 0, right: 160, bottom: 120 } canvas=Rect { left: 0, top: 0, right: 160, bottom: 120 }
[1788815364] smart cmd (render=true): seq_raw_null=true const_seq_ok=true
[1788815364] render enter: Some(F32) in=160x120 out=192x144 win=(-16,-12) token=1008784274097377 compiled=true snap=true t=23552 step=1024 lstep=1024 scale=25600
[1788815364] execute_plan ok
[1788815364] smart cmd (render=false): seq_raw_null=true const_seq_ok=true
[1788815364] smart geometry: logical=320x240 downsample=1/2x1/2 request=PF_LRect { left: -16, top: -12, right: 176, bottom: 132 } upstream=Rect { left: 0, top: 0, right: 160, bottom: 120 } frame=Rect { left: 0, top: 0, right: 160, bottom: 120 } canvas=Rect { left: 0, top: 0, right: 160, bottom: 120 }
[1788815364] smart cmd (render=true): seq_raw_null=true const_seq_ok=true
[1788815364] render enter: Some(F32) in=160x120 out=192x144 win=(-16,-12) token=1008784274097377 compiled=true snap=true t=24576 step=1024 lstep=1024 scale=25600
[1788815364] execute_plan ok
[1788815364] smart cmd (render=false): seq_raw_null=true const_seq_ok=true
[1788815364] smart geometry: logical=320x240 downsample=1/2x1/2 request=PF_LRect { left: -16, top: -12, right: 176, bottom: 132 } upstream=Rect { left: 0, top: 0, right: 160, bottom: 120 } frame=Rect { left: 0, top: 0, right: 160, bottom: 120 } canvas=Rect { left: 0, top: 0, right: 160, bottom: 120 }
[1788815364] smart cmd (render=true): seq_raw_null=true const_seq_ok=true
[1788815364] render enter: Some(F32) in=160x120 out=192x144 win=(-16,-12) token=1008784274097377 compiled=true snap=true t=25600 step=1024 lstep=1024 scale=25600
[1788815364] execute_plan ok
[1788815364] smart cmd (render=false): seq_raw_null=true const_seq_ok=true
[1788815364] smart geometry: logical=320x240 downsample=1/2x1/2 request=PF_LRect { left: -16, top: -12, right: 176, bottom: 132 } upstream=Rect { left: 0, top: 0, right: 160, bottom: 120 } frame=Rect { left: 0, top: 0, right: 160, bottom: 120 } canvas=Rect { left: 0, top: 0, right: 160, bottom: 120 }
[1788815364] smart cmd (render=true): seq_raw_null=true const_seq_ok=true
[1788815364] render enter: Some(F32) in=160x120 out=192x144 win=(-16,-12) token=1008784274097377 compiled=true snap=true t=26624 step=1024 lstep=1024 scale=25600
[1788815364] execute_plan ok
[1788815364] smart cmd (render=false): seq_raw_null=true const_seq_ok=true
[1788815364] smart geometry: logical=320x240 downsample=1/2x1/2 request=PF_LRect { left: -16, top: -12, right: 176, bottom: 132 } upstream=Rect { left: 0, top: 0, right: 160, bottom: 120 } frame=Rect { left: 0, top: 0, right: 160, bottom: 120 } canvas=Rect { left: 0, top: 0, right: 160, bottom: 120 }
[1788815364] smart cmd (render=true): seq_raw_null=true const_seq_ok=true
[1788815364] smart cmd (render=false): seq_raw_null=true const_seq_ok=true
[1788815364] render enter: Some(F32) in=160x120 out=192x144 win=(-16,-12) token=1008784274097377 compiled=true snap=true t=27648 step=1024 lstep=1024 scale=25600
[1788815364] execute_plan ok
[1788815364] smart geometry: logical=320x240 downsample=1/2x1/2 request=PF_LRect { left: -16, top: -12, right: 176, bottom: 132 } upstream=Rect { left: 0, top: 0, right: 160, bottom: 120 } frame=Rect { left: 0, top: 0, right: 160, bottom: 120 } canvas=Rect { left: 0, top: 0, right: 160, bottom: 120 }
[1788815364] smart cmd (render=true): seq_raw_null=true const_seq_ok=true
[1788815364] render enter: Some(F32) in=160x120 out=192x144 win=(-16,-12) token=1008784274097377 compiled=true snap=true t=28672 step=1024 lstep=1024 scale=25600
[1788815364] smart cmd (render=false): seq_raw_null=true const_seq_ok=true
[1788815364] execute_plan ok
[1788815364] smart geometry: logical=320x240 downsample=1/2x1/2 request=PF_LRect { left: -16, top: -12, right: 176, bottom: 132 } upstream=Rect { left: 0, top: 0, right: 160, bottom: 120 } frame=Rect { left: 0, top: 0, right: 160, bottom: 120 } canvas=Rect { left: 0, top: 0, right: 160, bottom: 120 }
[1788815364] smart cmd (render=true): seq_raw_null=true const_seq_ok=true
[1788815364] render enter: Some(F32) in=160x120 out=192x144 win=(-16,-12) token=1008784274097377 compiled=true snap=true t=29696 step=1024 lstep=1024 scale=25600
[1788815364] smart cmd (render=false): seq_raw_null=true const_seq_ok=true
[1788815364] execute_plan ok
[1788815364] smart geometry: logical=320x240 downsample=1/2x1/2 request=PF_LRect { left: -16, top: -12, right: 176, bottom: 132 } upstream=Rect { left: 0, top: 0, right: 160, bottom: 120 } frame=Rect { left: 0, top: 0, right: 160, bottom: 120 } canvas=Rect { left: 0, top: 0, right: 160, bottom: 120 }
[1788815364] smart cmd (render=true): seq_raw_null=true const_seq_ok=true
[1788815364] render enter: Some(F32) in=160x120 out=192x144 win=(-16,-12) token=1008784274097377 compiled=true snap=true t=30720 step=1024 lstep=1024 scale=25600
[1788815364] execute_plan ok
[1788815364] smart cmd (render=false): seq_raw_null=true const_seq_ok=true
[1788815364] smart geometry: logical=320x240 downsample=1/2x1/2 request=PF_LRect { left: -16, top: -12, right: 176, bottom: 132 } upstream=Rect { left: 0, top: 0, right: 160, bottom: 120 } frame=Rect { left: 0, top: 0, right: 160, bottom: 120 } canvas=Rect { left: 0, top: 0, right: 160, bottom: 120 }
[1788815364] smart cmd (render=true): seq_raw_null=true const_seq_ok=true
[1788815364] render enter: Some(F32) in=160x120 out=192x144 win=(-16,-12) token=1008784274097377 compiled=true snap=true t=31744 step=1024 lstep=1024 scale=25600
[1788815364] execute_plan ok
[1788815364] smart cmd (render=false): seq_raw_null=true const_seq_ok=true
[1788815364] smart geometry: logical=320x240 downsample=1/2x1/2 request=PF_LRect { left: -16, top: -12, right: 176, bottom: 132 } upstream=Rect { left: 0, top: 0, right: 160, bottom: 120 } frame=Rect { left: 0, top: 0, right: 160, bottom: 120 } canvas=Rect { left: 0, top: 0, right: 160, bottom: 120 }
[1788815364] smart cmd (render=true): seq_raw_null=true const_seq_ok=true
[1788815364] render enter: Some(F32) in=160x120 out=192x144 win=(-16,-12) token=1008784274097377 compiled=true snap=true t=32768 step=1024 lstep=1024 scale=25600
[1788815364] execute_plan ok
[1788815364] smart cmd (render=false): seq_raw_null=true const_seq_ok=true
[1788815364] smart geometry: logical=320x240 downsample=1/2x1/2 request=PF_LRect { left: -16, top: -12, right: 176, bottom: 132 } upstream=Rect { left: 0, top: 0, right: 160, bottom: 120 } frame=Rect { left: 0, top: 0, right: 160, bottom: 120 } canvas=Rect { left: 0, top: 0, right: 160, bottom: 120 }
[1788815364] smart cmd (render=true): seq_raw_null=true const_seq_ok=true
[1788815364] render enter: Some(F32) in=160x120 out=192x144 win=(-16,-12) token=1008784274097377 compiled=true snap=true t=33792 step=1024 lstep=1024 scale=25600
[1788815364] execute_plan ok
[1788815364] smart cmd (render=false): seq_raw_null=true const_seq_ok=true
[1788815364] smart geometry: logical=320x240 downsample=1/2x1/2 request=PF_LRect { left: -16, top: -12, right: 176, bottom: 132 } upstream=Rect { left: 0, top: 0, right: 160, bottom: 120 } frame=Rect { left: 0, top: 0, right: 160, bottom: 120 } canvas=Rect { left: 0, top: 0, right: 160, bottom: 120 }
[1788815364] smart cmd (render=false): seq_raw_null=true const_seq_ok=true
[1788815364] smart cmd (render=true): seq_raw_null=true const_seq_ok=true
[1788815364] smart geometry: logical=320x240 downsample=1/2x1/2 request=PF_LRect { left: -16, top: -12, right: 176, bottom: 132 } upstream=Rect { left: 0, top: 0, right: 160, bottom: 120 } frame=Rect { left: 0, top: 0, right: 160, bottom: 120 } canvas=Rect { left: 0, top: 0, right: 160, bottom: 120 }
[1788815364] render enter: Some(F32) in=160x120 out=192x144 win=(-16,-12) token=1008784274097377 compiled=true snap=true t=34816 step=1024 lstep=1024 scale=25600
[1788815364] smart cmd (render=true): seq_raw_null=true const_seq_ok=true
[1788815364] execute_plan ok
[1788815364] render enter: Some(F32) in=160x120 out=192x144 win=(-16,-12) token=1008784274097377 compiled=true snap=true t=35840 step=1024 lstep=1024 scale=25600
[1788815364] smart cmd (render=false): seq_raw_null=true const_seq_ok=true
[1788815364] execute_plan ok
[1788815364] smart geometry: logical=320x240 downsample=1/2x1/2 request=PF_LRect { left: -16, top: -12, right: 176, bottom: 132 } upstream=Rect { left: 0, top: 0, right: 160, bottom: 120 } frame=Rect { left: 0, top: 0, right: 160, bottom: 120 } canvas=Rect { left: 0, top: 0, right: 160, bottom: 120 }
[1788815364] smart cmd (render=true): seq_raw_null=true const_seq_ok=true
[1788815364] render enter: Some(F32) in=160x120 out=192x144 win=(-16,-12) token=1008784274097377 compiled=true snap=true t=36864 step=1024 lstep=1024 scale=25600
[1788815364] smart cmd (render=false): seq_raw_null=true const_seq_ok=true
[1788815364] execute_plan ok
[1788815364] smart geometry: logical=320x240 downsample=1/2x1/2 request=PF_LRect { left: -16, top: -12, right: 176, bottom: 132 } upstream=Rect { left: 0, top: 0, right: 160, bottom: 120 } frame=Rect { left: 0, top: 0, right: 160, bottom: 120 } canvas=Rect { left: 0, top: 0, right: 160, bottom: 120 }
[1788815364] smart cmd (render=true): seq_raw_null=true const_seq_ok=true
[1788815364] render enter: Some(F32) in=160x120 out=192x144 win=(-16,-12) token=1008784274097377 compiled=true snap=true t=37888 step=1024 lstep=1024 scale=25600
[1788815364] execute_plan ok
[1788815364] smart cmd (render=false): seq_raw_null=true const_seq_ok=true
[1788815364] smart geometry: logical=320x240 downsample=1/2x1/2 request=PF_LRect { left: -16, top: -12, right: 176, bottom: 132 } upstream=Rect { left: 0, top: 0, right: 160, bottom: 120 } frame=Rect { left: 0, top: 0, right: 160, bottom: 120 } canvas=Rect { left: 0, top: 0, right: 160, bottom: 120 }
[1788815364] smart cmd (render=true): seq_raw_null=true const_seq_ok=true
[1788815364] render enter: Some(F32) in=160x120 out=192x144 win=(-16,-12) token=1008784274097377 compiled=true snap=true t=38912 step=1024 lstep=1024 scale=25600
[1788815364] execute_plan ok
[1788815364] smart cmd (render=false): seq_raw_null=true const_seq_ok=true
[1788815364] smart geometry: logical=320x240 downsample=1/2x1/2 request=PF_LRect { left: -16, top: -12, right: 176, bottom: 132 } upstream=Rect { left: 0, top: 0, right: 160, bottom: 120 } frame=Rect { left: 0, top: 0, right: 160, bottom: 120 } canvas=Rect { left: 0, top: 0, right: 160, bottom: 120 }
[1788815364] smart cmd (render=true): seq_raw_null=true const_seq_ok=true
[1788815364] render enter: Some(F32) in=160x120 out=192x144 win=(-16,-12) token=1008784274097377 compiled=true snap=true t=39936 step=1024 lstep=1024 scale=25600
[1788815364] execute_plan ok
[1788815364] smart cmd (render=false): seq_raw_null=true const_seq_ok=true
[1788815364] smart geometry: logical=320x240 downsample=1/2x1/2 request=PF_LRect { left: -16, top: -12, right: 176, bottom: 132 } upstream=Rect { left: 0, top: 0, right: 160, bottom: 120 } frame=Rect { left: 0, top: 0, right: 160, bottom: 120 } canvas=Rect { left: 0, top: 0, right: 160, bottom: 120 }
[1788815364] smart cmd (render=true): seq_raw_null=true const_seq_ok=true
[1788815364] render enter: Some(F32) in=160x120 out=192x144 win=(-16,-12) token=1008784274097377 compiled=true snap=true t=40960 step=1024 lstep=1024 scale=25600
[1788815364] execute_plan ok
[1788815364] smart cmd (render=false): seq_raw_null=true const_seq_ok=true
[1788815364] smart geometry: logical=320x240 downsample=1/2x1/2 request=PF_LRect { left: -16, top: -12, right: 176, bottom: 132 } upstream=Rect { left: 0, top: 0, right: 160, bottom: 120 } frame=Rect { left: 0, top: 0, right: 160, bottom: 120 } canvas=Rect { left: 0, top: 0, right: 160, bottom: 120 }
[1788815364] smart cmd (render=false): seq_raw_null=true const_seq_ok=true
[1788815364] smart cmd (render=true): seq_raw_null=true const_seq_ok=true
[1788815364] smart geometry: logical=320x240 downsample=1/2x1/2 request=PF_LRect { left: -16, top: -12, right: 176, bottom: 132 } upstream=Rect { left: 0, top: 0, right: 160, bottom: 120 } frame=Rect { left: 0, top: 0, right: 160, bottom: 120 } canvas=Rect { left: 0, top: 0, right: 160, bottom: 120 }
[1788815364] smart cmd (render=true): seq_raw_null=true const_seq_ok=true
[1788815364] render enter: Some(F32) in=160x120 out=192x144 win=(-16,-12) token=1008784274097377 compiled=true snap=true t=43008 step=1024 lstep=1024 scale=25600
[1788815364] execute_plan ok
[1788815364] render enter: Some(F32) in=160x120 out=192x144 win=(-16,-12) token=1008784274097377 compiled=true snap=true t=41984 step=1024 lstep=1024 scale=25600
[1788815364] smart cmd (render=false): seq_raw_null=true const_seq_ok=true
[1788815364] execute_plan ok
[1788815364] smart geometry: logical=320x240 downsample=1/2x1/2 request=PF_LRect { left: -16, top: -12, right: 176, bottom: 132 } upstream=Rect { left: 0, top: 0, right: 160, bottom: 120 } frame=Rect { left: 0, top: 0, right: 160, bottom: 120 } canvas=Rect { left: 0, top: 0, right: 160, bottom: 120 }
[1788815364] smart cmd (render=true): seq_raw_null=true const_seq_ok=true
[1788815364] render enter: Some(F32) in=160x120 out=192x144 win=(-16,-12) token=1008784274097377 compiled=true snap=true t=44032 step=1024 lstep=1024 scale=25600
[1788815364] smart cmd (render=false): seq_raw_null=true const_seq_ok=true
[1788815364] execute_plan ok
[1788815364] smart geometry: logical=320x240 downsample=1/2x1/2 request=PF_LRect { left: -16, top: -12, right: 176, bottom: 132 } upstream=Rect { left: 0, top: 0, right: 160, bottom: 120 } frame=Rect { left: 0, top: 0, right: 160, bottom: 120 } canvas=Rect { left: 0, top: 0, right: 160, bottom: 120 }
[1788815364] smart cmd (render=true): seq_raw_null=true const_seq_ok=true
[1788815364] render enter: Some(F32) in=160x120 out=192x144 win=(-16,-12) token=1008784274097377 compiled=true snap=true t=45056 step=1024 lstep=1024 scale=25600
[1788815364] execute_plan ok
[1788815364] smart cmd (render=false): seq_raw_null=true const_seq_ok=true
[1788815364] smart geometry: logical=320x240 downsample=1/2x1/2 request=PF_LRect { left: -16, top: -12, right: 176, bottom: 132 } upstream=Rect { left: 0, top: 0, right: 160, bottom: 120 } frame=Rect { left: 0, top: 0, right: 160, bottom: 120 } canvas=Rect { left: 0, top: 0, right: 160, bottom: 120 }
[1788815364] smart cmd (render=true): seq_raw_null=true const_seq_ok=true
[1788815364] render enter: Some(F32) in=160x120 out=192x144 win=(-16,-12) token=1008784274097377 compiled=true snap=true t=46080 step=1024 lstep=1024 scale=25600
[1788815364] execute_plan ok
[1788815364] smart cmd (render=false): seq_raw_null=true const_seq_ok=true
[1788815364] smart geometry: logical=320x240 downsample=1/2x1/2 request=PF_LRect { left: -16, top: -12, right: 176, bottom: 132 } upstream=Rect { left: 0, top: 0, right: 160, bottom: 120 } frame=Rect { left: 0, top: 0, right: 160, bottom: 120 } canvas=Rect { left: 0, top: 0, right: 160, bottom: 120 }
[1788815364] smart cmd (render=true): seq_raw_null=true const_seq_ok=true
[1788815364] render enter: Some(F32) in=160x120 out=192x144 win=(-16,-12) token=1008784274097377 compiled=true snap=true t=47104 step=1024 lstep=1024 scale=25600
[1788815364] execute_plan ok
[1788815364] smart cmd (render=false): seq_raw_null=true const_seq_ok=true
[1788815364] smart geometry: logical=320x240 downsample=1/2x1/2 request=PF_LRect { left: -16, top: -12, right: 176, bottom: 132 } upstream=Rect { left: 0, top: 0, right: 160, bottom: 120 } frame=Rect { left: 0, top: 0, right: 160, bottom: 120 } canvas=Rect { left: 0, top: 0, right: 160, bottom: 120 }
[1788815364] smart cmd (render=true): seq_raw_null=true const_seq_ok=true
[1788815364] render enter: Some(F32) in=160x120 out=192x144 win=(-16,-12) token=1008784274097377 compiled=true snap=true t=48128 step=1024 lstep=1024 scale=25600
[1788815364] execute_plan ok
[1788815364] smart cmd (render=false): seq_raw_null=true const_seq_ok=true
[1788815364] smart geometry: logical=320x240 downsample=1/2x1/2 request=PF_LRect { left: -16, top: -12, right: 176, bottom: 132 } upstream=Rect { left: 0, top: 0, right: 160, bottom: 120 } frame=Rect { left: 0, top: 0, right: 160, bottom: 120 } canvas=Rect { left: 0, top: 0, right: 160, bottom: 120 }
[1788815364] smart cmd (render=false): seq_raw_null=true const_seq_ok=true
[1788815364] smart cmd (render=true): seq_raw_null=true const_seq_ok=true
[1788815364] smart geometry: logical=320x240 downsample=1/2x1/2 request=PF_LRect { left: -16, top: -12, right: 176, bottom: 132 } upstream=Rect { left: 0, top: 0, right: 160, bottom: 120 } frame=Rect { left: 0, top: 0, right: 160, bottom: 120 } canvas=Rect { left: 0, top: 0, right: 160, bottom: 120 }
[1788815364] render enter: Some(F32) in=160x120 out=192x144 win=(-16,-12) token=1008784274097377 compiled=true snap=true t=50176 step=1024 lstep=1024 scale=25600
[1788815364] smart cmd (render=true): seq_raw_null=true const_seq_ok=true
[1788815364] execute_plan ok
[1788815364] render enter: Some(F32) in=160x120 out=192x144 win=(-16,-12) token=1008784274097377 compiled=true snap=true t=49152 step=1024 lstep=1024 scale=25600
[1788815364] execute_plan ok
[1788815365] sequence (re)setup: observation deferred
[1788815365] sequence (re)setup: observation deferred
[1788815365] sequence (re)setup: observation deferred
[1788815365] sequence (re)setup: observation deferred
[1788815365] sequence (re)setup: observation deferred
[1788815365] sequence (re)setup: observation deferred
[1788815365] sequence (re)setup: observation deferred
[1788815365] sequence (re)setup: observation deferred
[1788815365] sequence (re)setup: observation deferred
[1788815365] sequence (re)setup: observation deferred
[1788815365] sequence (re)setup: observation deferred
[1788815365] sequence (re)setup: observation deferred
[1788815365] smart cmd (render=false): seq_raw_null=true const_seq_ok=true
[1788815365] definition resolved from process registry
[1788815365] smart geometry: logical=320x240 downsample=1/2x1/2 request=PF_LRect { left: -16, top: -12, right: 176, bottom: 132 } upstream=Rect { left: 0, top: 0, right: 160, bottom: 120 } frame=Rect { left: 0, top: 0, right: 160, bottom: 120 } canvas=Rect { left: 0, top: 0, right: 160, bottom: 120 }
[1788815365] smart cmd (render=true): seq_raw_null=true const_seq_ok=true
[1788815365] render enter: Some(F32) in=160x120 out=192x144 win=(-16,-12) token=1008784274097377 compiled=true snap=true t=0 step=1024 lstep=1024 scale=25600
[1788815365] pipelines built: 1 pass(es), plan 1 step(s), 0 physical intermediate(s) (~0 KiB transient at 160x120, Rgba32Float working format) (adapter="Apple M5" backend=Metal driver=" ")
[1788815365] execute_plan ok
[1788815365] smart cmd (render=false): seq_raw_null=true const_seq_ok=true
[1788815365] smart geometry: logical=320x240 downsample=1/3x1/3 request=PF_LRect { left: -10, top: -8, right: 117, bottom: 88 } upstream=Rect { left: 0, top: 0, right: 107, bottom: 80 } frame=Rect { left: 0, top: 0, right: 107, bottom: 80 } canvas=Rect { left: 0, top: 0, right: 107, bottom: 80 }
[1788815365] smart cmd (render=true): seq_raw_null=true const_seq_ok=true
[1788815365] render enter: Some(F32) in=107x80 out=127x96 win=(-10,-8) token=1008784274097377 compiled=true snap=true t=0 step=1024 lstep=1024 scale=25600
[1788815365] execute_plan ok
[1788815365] idle observation: compiled: 1 pass, 0 params
[1788815365] idle observation: compiled: 1 pass, 0 params
[1788815365] idle observation: pass `main`: GLSL error: Error { kind: InvalidToken(Identifier("this"), [Eof]), meta: Span { start: 13, end: 17 } }
[1788815365] idle observation: compiled: 3 passes, 0 params
[1788815365] idle observation: compiled: 1 pass, 1 params
[1788815365] idle slot ui applied: 1 bound, 0 defaults written
[1788815365] idle observation: compiled: 1 pass, 0 params
[1788815371] smart cmd (render=false): seq_raw_null=true const_seq_ok=true
[1788815371] smart geometry: logical=320x240 downsample=1/1x1/1 request=PF_LRect { left: 155, top: 115, right: 166, bottom: 126 } upstream=Rect { left: 0, top: 0, right: 320, bottom: 240 } frame=Rect { left: 0, top: 0, right: 320, bottom: 240 } canvas=Rect { left: 0, top: 0, right: 320, bottom: 240 }
[1788815371] smart cmd (render=true): seq_raw_null=true const_seq_ok=true
[1788815371] render enter: Some(U8) in=320x240 out=11x11 win=(155,115) token=1008784274097377 compiled=true snap=true t=0 step=1024 lstep=1024 scale=25600
[1788815371] pipelines built: 1 pass(es), plan 1 step(s), 0 physical intermediate(s) (~0 KiB transient at 11x11, Rgba8Unorm working format) (adapter="Apple M5" backend=Metal driver=" ")
[1788815371] execute_plan ok
[1788815371] smart cmd (render=false): seq_raw_null=true const_seq_ok=true
[1788815371] definition resolved from process registry
[1788815371] smart geometry: logical=320x240 downsample=1/1x1/1 request=PF_LRect { left: 155, top: 115, right: 166, bottom: 126 } upstream=Rect { left: 0, top: 0, right: 320, bottom: 240 } frame=Rect { left: 0, top: 0, right: 320, bottom: 240 } canvas=Rect { left: 0, top: 0, right: 320, bottom: 240 }
[1788815371] smart cmd (render=true): seq_raw_null=true const_seq_ok=true
[1788815371] render enter: Some(U8) in=320x240 out=11x11 win=(155,115) token=512193366430114 compiled=true snap=true t=0 step=1024 lstep=1024 scale=25600
[1788815371] pipelines built: 3 pass(es), plan 3 step(s), 2 physical intermediate(s) (~0 KiB transient at 11x11, Rgba8Unorm working format) (adapter="Apple M5" backend=Metal driver=" ")
[1788815371] execute_plan ok
[1788815371] smart cmd (render=false): seq_raw_null=true const_seq_ok=true
[1788815371] definition resolved from process registry
[1788815371] smart geometry: logical=320x240 downsample=1/1x1/1 request=PF_LRect { left: 155, top: 115, right: 166, bottom: 126 } upstream=Rect { left: 0, top: 0, right: 320, bottom: 240 } frame=Rect { left: 0, top: 0, right: 320, bottom: 240 } canvas=Rect { left: 0, top: 0, right: 320, bottom: 240 }
[1788815371] smart cmd (render=true): seq_raw_null=true const_seq_ok=true
[1788815371] render enter: Some(U8) in=320x240 out=11x11 win=(155,115) token=1121560297994999 compiled=true snap=true t=0 step=1024 lstep=1024 scale=25600
[1788815371] pipelines built: 1 pass(es), plan 1 step(s), 0 physical intermediate(s) (~0 KiB transient at 11x11, Rgba8Unorm working format) (adapter="Apple M5" backend=Metal driver=" ")
[1788815371] execute_plan ok
[1788815371] smart cmd (render=false): seq_raw_null=true const_seq_ok=true
[1788815371] smart geometry: logical=320x240 downsample=1/1x1/1 request=PF_LRect { left: 155, top: 115, right: 166, bottom: 126 } upstream=Rect { left: 0, top: 0, right: 320, bottom: 240 } frame=Rect { left: 0, top: 0, right: 320, bottom: 240 } canvas=Rect { left: 0, top: 0, right: 320, bottom: 240 }
[1788815371] smart cmd (render=true): seq_raw_null=true const_seq_ok=true
[1788815371] render enter: Some(U15) in=320x240 out=11x11 win=(155,115) token=1008784274097377 compiled=true snap=true t=0 step=1024 lstep=1024 scale=25600
[1788815371] pipelines built: 1 pass(es), plan 1 step(s), 0 physical intermediate(s) (~0 KiB transient at 11x11, Rgba32Float working format) (adapter="Apple M5" backend=Metal driver=" ")
[1788815371] execute_plan ok
[1788815371] smart cmd (render=false): seq_raw_null=true const_seq_ok=true
[1788815371] smart geometry: logical=320x240 downsample=1/1x1/1 request=PF_LRect { left: 155, top: 115, right: 166, bottom: 126 } upstream=Rect { left: 0, top: 0, right: 320, bottom: 240 } frame=Rect { left: 0, top: 0, right: 320, bottom: 240 } canvas=Rect { left: 0, top: 0, right: 320, bottom: 240 }
[1788815371] smart cmd (render=true): seq_raw_null=true const_seq_ok=true
[1788815371] render enter: Some(U15) in=320x240 out=11x11 win=(155,115) token=512193366430114 compiled=true snap=true t=0 step=1024 lstep=1024 scale=25600
[1788815371] pipelines built: 3 pass(es), plan 3 step(s), 2 physical intermediate(s) (~3 KiB transient at 11x11, Rgba32Float working format) (adapter="Apple M5" backend=Metal driver=" ")
[1788815371] execute_plan ok
[1788815371] smart cmd (render=false): seq_raw_null=true const_seq_ok=true
[1788815371] smart geometry: logical=320x240 downsample=1/1x1/1 request=PF_LRect { left: 155, top: 115, right: 166, bottom: 126 } upstream=Rect { left: 0, top: 0, right: 320, bottom: 240 } frame=Rect { left: 0, top: 0, right: 320, bottom: 240 } canvas=Rect { left: 0, top: 0, right: 320, bottom: 240 }
[1788815371] smart cmd (render=true): seq_raw_null=true const_seq_ok=true
[1788815371] render enter: Some(U15) in=320x240 out=11x11 win=(155,115) token=1121560297994999 compiled=true snap=true t=0 step=1024 lstep=1024 scale=25600
[1788815371] pipelines built: 1 pass(es), plan 1 step(s), 0 physical intermediate(s) (~0 KiB transient at 11x11, Rgba32Float working format) (adapter="Apple M5" backend=Metal driver=" ")
[1788815371] execute_plan ok
[1788815371] smart cmd (render=false): seq_raw_null=true const_seq_ok=true
[1788815371] smart geometry: logical=320x240 downsample=1/1x1/1 request=PF_LRect { left: 155, top: 115, right: 166, bottom: 126 } upstream=Rect { left: 0, top: 0, right: 320, bottom: 240 } frame=Rect { left: 0, top: 0, right: 320, bottom: 240 } canvas=Rect { left: 0, top: 0, right: 320, bottom: 240 }
[1788815371] smart cmd (render=true): seq_raw_null=true const_seq_ok=true
[1788815371] render enter: Some(F32) in=320x240 out=11x11 win=(155,115) token=1008784274097377 compiled=true snap=true t=0 step=1024 lstep=1024 scale=25600
[1788815371] pipelines built: 1 pass(es), plan 1 step(s), 0 physical intermediate(s) (~0 KiB transient at 11x11, Rgba32Float working format) (adapter="Apple M5" backend=Metal driver=" ")
[1788815371] execute_plan ok
[1788815371] smart cmd (render=false): seq_raw_null=true const_seq_ok=true
[1788815371] smart geometry: logical=320x240 downsample=1/1x1/1 request=PF_LRect { left: 155, top: 115, right: 166, bottom: 126 } upstream=Rect { left: 0, top: 0, right: 320, bottom: 240 } frame=Rect { left: 0, top: 0, right: 320, bottom: 240 } canvas=Rect { left: 0, top: 0, right: 320, bottom: 240 }
[1788815371] smart cmd (render=true): seq_raw_null=true const_seq_ok=true
[1788815371] render enter: Some(F32) in=320x240 out=11x11 win=(155,115) token=512193366430114 compiled=true snap=true t=0 step=1024 lstep=1024 scale=25600
[1788815371] pipelines built: 3 pass(es), plan 3 step(s), 2 physical intermediate(s) (~3 KiB transient at 11x11, Rgba32Float working format) (adapter="Apple M5" backend=Metal driver=" ")
[1788815371] execute_plan ok
[1788815371] smart cmd (render=false): seq_raw_null=true const_seq_ok=true
[1788815371] smart geometry: logical=320x240 downsample=1/1x1/1 request=PF_LRect { left: 155, top: 115, right: 166, bottom: 126 } upstream=Rect { left: 0, top: 0, right: 320, bottom: 240 } frame=Rect { left: 0, top: 0, right: 320, bottom: 240 } canvas=Rect { left: 0, top: 0, right: 320, bottom: 240 }
[1788815371] smart cmd (render=true): seq_raw_null=true const_seq_ok=true
[1788815371] render enter: Some(F32) in=320x240 out=11x11 win=(155,115) token=1121560297994999 compiled=true snap=true t=0 step=1024 lstep=1024 scale=25600
[1788815371] pipelines built: 1 pass(es), plan 1 step(s), 0 physical intermediate(s) (~0 KiB transient at 11x11, Rgba32Float working format) (adapter="Apple M5" backend=Metal driver=" ")
[1788815371] execute_plan ok
[1788815371] smart cmd (render=false): seq_raw_null=true const_seq_ok=true
[1788815371] definition resolved from process registry
[1788815371] smart geometry: logical=320x240 downsample=1/1x1/1 request=PF_LRect { left: 155, top: 115, right: 166, bottom: 126 } upstream=Rect { left: 0, top: 0, right: 320, bottom: 240 } frame=Rect { left: 0, top: 0, right: 320, bottom: 240 } canvas=Rect { left: 0, top: 0, right: 320, bottom: 240 }
[1788815371] smart cmd (render=true): seq_raw_null=true const_seq_ok=true
[1788815371] render enter: Some(F32) in=320x240 out=11x11 win=(155,115) token=1909732596588163 compiled=true snap=true t=0 step=1024 lstep=1024 scale=25600
[1788815371] pipelines built: 1 pass(es), plan 1 step(s), 0 physical intermediate(s) (~0 KiB transient at 11x11, Rgba32Float working format) (adapter="Apple M5" backend=Metal driver=" ")
[1788815371] temporal window: 1 iteration(s) (W=4) at frame 0 (raw 0)
[1788815371] execute_plan ok
[1788815371] smart cmd (render=false): seq_raw_null=true const_seq_ok=true
[1788815371] smart geometry: logical=320x240 downsample=1/1x1/1 request=PF_LRect { left: 155, top: 115, right: 166, bottom: 126 } upstream=Rect { left: 0, top: 0, right: 320, bottom: 240 } frame=Rect { left: 0, top: 0, right: 320, bottom: 240 } canvas=Rect { left: 0, top: 0, right: 320, bottom: 240 }
[1788815371] smart cmd (render=true): seq_raw_null=true const_seq_ok=true
[1788815371] render enter: Some(F32) in=320x240 out=11x11 win=(155,115) token=1909732596588163 compiled=true snap=true t=3072 step=1024 lstep=1024 scale=25600
[1788815371] temporal window: 4 iteration(s) (W=4) at frame 3 (raw 3)
[1788815371] execute_plan ok
[1788815371] smart cmd (render=false): seq_raw_null=true const_seq_ok=true
[1788815371] smart geometry: logical=320x240 downsample=1/2x1/2 request=PF_LRect { left: -16, top: -12, right: 176, bottom: 132 } upstream=Rect { left: 0, top: 0, right: 160, bottom: 120 } frame=Rect { left: 0, top: 0, right: 160, bottom: 120 } canvas=Rect { left: 0, top: 0, right: 160, bottom: 120 }
[1788815371] smart cmd (render=true): seq_raw_null=true const_seq_ok=true
[1788815371] render enter: Some(F32) in=160x120 out=192x144 win=(-16,-12) token=1008784274097377 compiled=true snap=true t=0 step=1024 lstep=1024 scale=25600
[1788815371] execute_plan ok
[1788815371] smart cmd (render=false): seq_raw_null=true const_seq_ok=true
[1788815371] smart geometry: logical=320x240 downsample=1/3x1/3 request=PF_LRect { left: -10, top: -8, right: 117, bottom: 88 } upstream=Rect { left: 0, top: 0, right: 107, bottom: 80 } frame=Rect { left: 0, top: 0, right: 107, bottom: 80 } canvas=Rect { left: 0, top: 0, right: 107, bottom: 80 }
[1788815371] smart cmd (render=true): seq_raw_null=true const_seq_ok=true
[1788815371] render enter: Some(F32) in=107x80 out=127x96 win=(-10,-8) token=1008784274097377 compiled=true snap=true t=0 step=1024 lstep=1024 scale=25600
[1788815371] execute_plan ok
[1788815371] smart cmd (render=false): seq_raw_null=true const_seq_ok=true
[1788815371] smart geometry: logical=320x240 downsample=1/1x1/1 request=PF_LRect { left: 155, top: 115, right: 166, bottom: 126 } upstream=Rect { left: 0, top: 0, right: 320, bottom: 240 } frame=Rect { left: 0, top: 0, right: 320, bottom: 240 } canvas=Rect { left: 0, top: 0, right: 320, bottom: 240 }
[1788815371] smart cmd (render=true): seq_raw_null=true const_seq_ok=true
[1788815371] render enter: Some(F32) in=320x240 out=11x11 win=(155,115) token=1909732596588163 compiled=true snap=true t=1024 step=1024 lstep=1024 scale=25600
[1788815371] temporal window: 2 iteration(s) (W=4) at frame 1 (raw 1)
[1788815371] execute_plan ok
[1788815371] smart cmd (render=false): seq_raw_null=true const_seq_ok=true
[1788815371] smart geometry: logical=320x240 downsample=1/1x1/1 request=PF_LRect { left: 155, top: 115, right: 166, bottom: 126 } upstream=Rect { left: 0, top: 0, right: 320, bottom: 240 } frame=Rect { left: 0, top: 0, right: 320, bottom: 240 } canvas=Rect { left: 0, top: 0, right: 320, bottom: 240 }
[1788815371] smart cmd (render=true): seq_raw_null=true const_seq_ok=true
[1788815371] render enter: Some(F32) in=320x240 out=11x11 win=(155,115) token=1909732596588163 compiled=true snap=true t=20480 step=1024 lstep=1024 scale=25600
[1788815371] temporal window: 4 iteration(s) (W=4) at frame 20 (raw 20)
[1788815371] execute_plan ok
[1788815371] smart cmd (render=false): seq_raw_null=true const_seq_ok=true
[1788815371] token carries diagnostic E17; passing through
[1788815371] smart geometry: logical=320x240 downsample=1/1x1/1 request=PF_LRect { left: 155, top: 115, right: 166, bottom: 126 } upstream=Rect { left: 0, top: 0, right: 320, bottom: 240 } frame=Rect { left: 0, top: 0, right: 320, bottom: 240 } canvas=Rect { left: 0, top: 0, right: 320, bottom: 240 }
[1788815371] smart cmd (render=true): seq_raw_null=true const_seq_ok=true
[1788815371] token carries diagnostic E17; passing through
[1788815371] token carries diagnostic E17; passing through
[1788815371] render enter: Some(F32) in=320x240 out=11x11 win=(155,115) token=0 compiled=false snap=false t=0 step=1024 lstep=1024 scale=25600
[1788815371] smart cmd (render=false): seq_raw_null=true const_seq_ok=true
[1788815371] smart geometry: logical=320x240 downsample=1/1x1/1 request=PF_LRect { left: -32, top: -24, right: 352, bottom: 264 } upstream=Rect { left: 0, top: 0, right: 320, bottom: 240 } frame=Rect { left: 0, top: 0, right: 320, bottom: 240 } canvas=Rect { left: 0, top: 0, right: 320, bottom: 240 }
[1788815371] smart cmd (render=true): seq_raw_null=true const_seq_ok=true
[1788815371] render enter: Some(F32) in=320x240 out=384x288 win=(-32,-24) token=1008784274097377 compiled=true snap=true t=0 step=1024 lstep=1024 scale=25600
[1788815371] execute_plan ok
[1788815371] smart cmd (render=false): seq_raw_null=true const_seq_ok=true
[1788815371] smart geometry: logical=320x240 downsample=1/1x1/1 request=PF_LRect { left: -32, top: -24, right: 352, bottom: 264 } upstream=Rect { left: 0, top: 0, right: 320, bottom: 240 } frame=Rect { left: 0, top: 0, right: 320, bottom: 240 } canvas=Rect { left: 0, top: 0, right: 320, bottom: 240 }
[1788815371] smart cmd (render=true): seq_raw_null=true const_seq_ok=true
[1788815371] render enter: Some(F32) in=320x240 out=384x288 win=(-32,-24) token=512193366430114 compiled=true snap=true t=0 step=1024 lstep=1024 scale=25600
[1788815371] execute_plan ok
[1788815379] smart cmd (render=false): seq_raw_null=true const_seq_ok=true
[1788815379] smart geometry: logical=320x240 downsample=1/2x1/2 request=PF_LRect { left: -16, top: -12, right: 176, bottom: 132 } upstream=Rect { left: 0, top: 0, right: 160, bottom: 120 } frame=Rect { left: 0, top: 0, right: 160, bottom: 120 } canvas=Rect { left: 0, top: 0, right: 160, bottom: 120 }
[1788815379] smart cmd (render=true): seq_raw_null=true const_seq_ok=true
[1788815379] render enter: Some(F32) in=160x120 out=192x144 win=(-16,-12) token=1008784274097377 compiled=true snap=true t=1024 step=1024 lstep=1024 scale=25600
[1788815379] execute_plan ok
[1788815379] smart cmd (render=false): seq_raw_null=true const_seq_ok=true
[1788815379] smart geometry: logical=320x240 downsample=1/2x1/2 request=PF_LRect { left: -16, top: -12, right: 176, bottom: 132 } upstream=Rect { left: 0, top: 0, right: 160, bottom: 120 } frame=Rect { left: 0, top: 0, right: 160, bottom: 120 } canvas=Rect { left: 0, top: 0, right: 160, bottom: 120 }
[1788815379] smart cmd (render=true): seq_raw_null=true const_seq_ok=true
[1788815379] render enter: Some(F32) in=160x120 out=192x144 win=(-16,-12) token=1008784274097377 compiled=true snap=true t=2048 step=1024 lstep=1024 scale=25600
[1788815379] execute_plan ok
[1788815379] smart cmd (render=false): seq_raw_null=true const_seq_ok=true
[1788815379] smart geometry: logical=320x240 downsample=1/2x1/2 request=PF_LRect { left: -16, top: -12, right: 176, bottom: 132 } upstream=Rect { left: 0, top: 0, right: 160, bottom: 120 } frame=Rect { left: 0, top: 0, right: 160, bottom: 120 } canvas=Rect { left: 0, top: 0, right: 160, bottom: 120 }
[1788815379] smart cmd (render=true): seq_raw_null=true const_seq_ok=true
[1788815379] render enter: Some(F32) in=160x120 out=192x144 win=(-16,-12) token=1008784274097377 compiled=true snap=true t=3072 step=1024 lstep=1024 scale=25600
[1788815379] execute_plan ok
[1788815379] smart cmd (render=false): seq_raw_null=true const_seq_ok=true
[1788815379] smart geometry: logical=320x240 downsample=1/2x1/2 request=PF_LRect { left: -16, top: -12, right: 176, bottom: 132 } upstream=Rect { left: 0, top: 0, right: 160, bottom: 120 } frame=Rect { left: 0, top: 0, right: 160, bottom: 120 } canvas=Rect { left: 0, top: 0, right: 160, bottom: 120 }
[1788815379] smart cmd (render=true): seq_raw_null=true const_seq_ok=true
[1788815379] render enter: Some(F32) in=160x120 out=192x144 win=(-16,-12) token=1008784274097377 compiled=true snap=true t=4096 step=1024 lstep=1024 scale=25600
[1788815379] execute_plan ok
[1788815379] smart cmd (render=false): seq_raw_null=true const_seq_ok=true
[1788815379] smart geometry: logical=320x240 downsample=1/2x1/2 request=PF_LRect { left: -16, top: -12, right: 176, bottom: 132 } upstream=Rect { left: 0, top: 0, right: 160, bottom: 120 } frame=Rect { left: 0, top: 0, right: 160, bottom: 120 } canvas=Rect { left: 0, top: 0, right: 160, bottom: 120 }
[1788815379] smart cmd (render=true): seq_raw_null=true const_seq_ok=true
[1788815379] render enter: Some(F32) in=160x120 out=192x144 win=(-16,-12) token=1008784274097377 compiled=true snap=true t=5120 step=1024 lstep=1024 scale=25600
[1788815379] execute_plan ok
[1788815379] smart cmd (render=false): seq_raw_null=true const_seq_ok=true
[1788815379] smart geometry: logical=320x240 downsample=1/2x1/2 request=PF_LRect { left: -16, top: -12, right: 176, bottom: 132 } upstream=Rect { left: 0, top: 0, right: 160, bottom: 120 } frame=Rect { left: 0, top: 0, right: 160, bottom: 120 } canvas=Rect { left: 0, top: 0, right: 160, bottom: 120 }
[1788815379] smart cmd (render=true): seq_raw_null=true const_seq_ok=true
[1788815379] render enter: Some(F32) in=160x120 out=192x144 win=(-16,-12) token=1008784274097377 compiled=true snap=true t=6144 step=1024 lstep=1024 scale=25600
[1788815379] execute_plan ok
[1788815379] smart cmd (render=false): seq_raw_null=true const_seq_ok=true
[1788815379] smart geometry: logical=320x240 downsample=1/2x1/2 request=PF_LRect { left: -16, top: -12, right: 176, bottom: 132 } upstream=Rect { left: 0, top: 0, right: 160, bottom: 120 } frame=Rect { left: 0, top: 0, right: 160, bottom: 120 } canvas=Rect { left: 0, top: 0, right: 160, bottom: 120 }
[1788815379] smart cmd (render=false): seq_raw_null=true const_seq_ok=true
[1788815379] smart cmd (render=true): seq_raw_null=true const_seq_ok=true
[1788815379] smart geometry: logical=320x240 downsample=1/2x1/2 request=PF_LRect { left: -16, top: -12, right: 176, bottom: 132 } upstream=Rect { left: 0, top: 0, right: 160, bottom: 120 } frame=Rect { left: 0, top: 0, right: 160, bottom: 120 } canvas=Rect { left: 0, top: 0, right: 160, bottom: 120 }
[1788815379] render enter: Some(F32) in=160x120 out=192x144 win=(-16,-12) token=1008784274097377 compiled=true snap=true t=8192 step=1024 lstep=1024 scale=25600
[1788815379] smart cmd (render=true): seq_raw_null=true const_seq_ok=true
[1788815379] execute_plan ok
[1788815379] render enter: Some(F32) in=160x120 out=192x144 win=(-16,-12) token=1008784274097377 compiled=true snap=true t=7168 step=1024 lstep=1024 scale=25600
[1788815379] smart cmd (render=false): seq_raw_null=true const_seq_ok=true
[1788815379] execute_plan ok
[1788815379] smart geometry: logical=320x240 downsample=1/2x1/2 request=PF_LRect { left: -16, top: -12, right: 176, bottom: 132 } upstream=Rect { left: 0, top: 0, right: 160, bottom: 120 } frame=Rect { left: 0, top: 0, right: 160, bottom: 120 } canvas=Rect { left: 0, top: 0, right: 160, bottom: 120 }
[1788815379] smart cmd (render=true): seq_raw_null=true const_seq_ok=true
[1788815379] render enter: Some(F32) in=160x120 out=192x144 win=(-16,-12) token=1008784274097377 compiled=true snap=true t=9216 step=1024 lstep=1024 scale=25600
[1788815379] execute_plan ok
[1788815379] smart cmd (render=false): seq_raw_null=true const_seq_ok=true
[1788815379] smart geometry: logical=320x240 downsample=1/2x1/2 request=PF_LRect { left: -16, top: -12, right: 176, bottom: 132 } upstream=Rect { left: 0, top: 0, right: 160, bottom: 120 } frame=Rect { left: 0, top: 0, right: 160, bottom: 120 } canvas=Rect { left: 0, top: 0, right: 160, bottom: 120 }
[1788815379] smart cmd (render=true): seq_raw_null=true const_seq_ok=true
[1788815379] render enter: Some(F32) in=160x120 out=192x144 win=(-16,-12) token=1008784274097377 compiled=true snap=true t=10240 step=1024 lstep=1024 scale=25600
[1788815379] execute_plan ok
[1788815379] smart cmd (render=false): seq_raw_null=true const_seq_ok=true
[1788815379] smart geometry: logical=320x240 downsample=1/2x1/2 request=PF_LRect { left: -16, top: -12, right: 176, bottom: 132 } upstream=Rect { left: 0, top: 0, right: 160, bottom: 120 } frame=Rect { left: 0, top: 0, right: 160, bottom: 120 } canvas=Rect { left: 0, top: 0, right: 160, bottom: 120 }
[1788815379] smart cmd (render=true): seq_raw_null=true const_seq_ok=true
[1788815379] render enter: Some(F32) in=160x120 out=192x144 win=(-16,-12) token=1008784274097377 compiled=true snap=true t=11264 step=1024 lstep=1024 scale=25600
[1788815379] execute_plan ok
[1788815379] smart cmd (render=false): seq_raw_null=true const_seq_ok=true
[1788815379] smart geometry: logical=320x240 downsample=1/2x1/2 request=PF_LRect { left: -16, top: -12, right: 176, bottom: 132 } upstream=Rect { left: 0, top: 0, right: 160, bottom: 120 } frame=Rect { left: 0, top: 0, right: 160, bottom: 120 } canvas=Rect { left: 0, top: 0, right: 160, bottom: 120 }
[1788815379] smart cmd (render=true): seq_raw_null=true const_seq_ok=true
[1788815379] render enter: Some(F32) in=160x120 out=192x144 win=(-16,-12) token=1008784274097377 compiled=true snap=true t=12288 step=1024 lstep=1024 scale=25600
[1788815379] execute_plan ok
[1788815379] smart cmd (render=false): seq_raw_null=true const_seq_ok=true
[1788815379] smart geometry: logical=320x240 downsample=1/2x1/2 request=PF_LRect { left: -16, top: -12, right: 176, bottom: 132 } upstream=Rect { left: 0, top: 0, right: 160, bottom: 120 } frame=Rect { left: 0, top: 0, right: 160, bottom: 120 } canvas=Rect { left: 0, top: 0, right: 160, bottom: 120 }
[1788815379] smart cmd (render=true): seq_raw_null=true const_seq_ok=true
[1788815379] render enter: Some(F32) in=160x120 out=192x144 win=(-16,-12) token=1008784274097377 compiled=true snap=true t=13312 step=1024 lstep=1024 scale=25600
[1788815379] execute_plan ok
[1788815379] smart cmd (render=false): seq_raw_null=true const_seq_ok=true
[1788815379] smart cmd (render=false): seq_raw_null=true const_seq_ok=true
[1788815379] smart geometry: logical=320x240 downsample=1/2x1/2 request=PF_LRect { left: -16, top: -12, right: 176, bottom: 132 } upstream=Rect { left: 0, top: 0, right: 160, bottom: 120 } frame=Rect { left: 0, top: 0, right: 160, bottom: 120 } canvas=Rect { left: 0, top: 0, right: 160, bottom: 120 }
[1788815379] smart geometry: logical=320x240 downsample=1/2x1/2 request=PF_LRect { left: -16, top: -12, right: 176, bottom: 132 } upstream=Rect { left: 0, top: 0, right: 160, bottom: 120 } frame=Rect { left: 0, top: 0, right: 160, bottom: 120 } canvas=Rect { left: 0, top: 0, right: 160, bottom: 120 }
[1788815379] smart cmd (render=true): seq_raw_null=true const_seq_ok=true
[1788815379] smart cmd (render=true): seq_raw_null=true const_seq_ok=true
[1788815379] render enter: Some(F32) in=160x120 out=192x144 win=(-16,-12) token=1008784274097377 compiled=true snap=true t=14336 step=1024 lstep=1024 scale=25600
[1788815379] execute_plan ok
[1788815379] render enter: Some(F32) in=160x120 out=192x144 win=(-16,-12) token=1008784274097377 compiled=true snap=true t=15360 step=1024 lstep=1024 scale=25600
[1788815379] smart cmd (render=false): seq_raw_null=true const_seq_ok=true
[1788815379] execute_plan ok
[1788815379] smart geometry: logical=320x240 downsample=1/2x1/2 request=PF_LRect { left: -16, top: -12, right: 176, bottom: 132 } upstream=Rect { left: 0, top: 0, right: 160, bottom: 120 } frame=Rect { left: 0, top: 0, right: 160, bottom: 120 } canvas=Rect { left: 0, top: 0, right: 160, bottom: 120 }
[1788815379] smart cmd (render=true): seq_raw_null=true const_seq_ok=true
[1788815379] render enter: Some(F32) in=160x120 out=192x144 win=(-16,-12) token=1008784274097377 compiled=true snap=true t=16384 step=1024 lstep=1024 scale=25600
[1788815379] execute_plan ok
[1788815379] smart cmd (render=false): seq_raw_null=true const_seq_ok=true
[1788815379] smart geometry: logical=320x240 downsample=1/2x1/2 request=PF_LRect { left: -16, top: -12, right: 176, bottom: 132 } upstream=Rect { left: 0, top: 0, right: 160, bottom: 120 } frame=Rect { left: 0, top: 0, right: 160, bottom: 120 } canvas=Rect { left: 0, top: 0, right: 160, bottom: 120 }
[1788815379] smart cmd (render=true): seq_raw_null=true const_seq_ok=true
[1788815379] render enter: Some(F32) in=160x120 out=192x144 win=(-16,-12) token=1008784274097377 compiled=true snap=true t=17408 step=1024 lstep=1024 scale=25600
[1788815379] execute_plan ok
[1788815379] smart cmd (render=false): seq_raw_null=true const_seq_ok=true
[1788815379] smart geometry: logical=320x240 downsample=1/2x1/2 request=PF_LRect { left: -16, top: -12, right: 176, bottom: 132 } upstream=Rect { left: 0, top: 0, right: 160, bottom: 120 } frame=Rect { left: 0, top: 0, right: 160, bottom: 120 } canvas=Rect { left: 0, top: 0, right: 160, bottom: 120 }
[1788815379] smart cmd (render=true): seq_raw_null=true const_seq_ok=true
[1788815379] render enter: Some(F32) in=160x120 out=192x144 win=(-16,-12) token=1008784274097377 compiled=true snap=true t=18432 step=1024 lstep=1024 scale=25600
[1788815379] execute_plan ok
[1788815379] smart cmd (render=false): seq_raw_null=true const_seq_ok=true
[1788815379] smart geometry: logical=320x240 downsample=1/2x1/2 request=PF_LRect { left: -16, top: -12, right: 176, bottom: 132 } upstream=Rect { left: 0, top: 0, right: 160, bottom: 120 } frame=Rect { left: 0, top: 0, right: 160, bottom: 120 } canvas=Rect { left: 0, top: 0, right: 160, bottom: 120 }
[1788815379] smart cmd (render=true): seq_raw_null=true const_seq_ok=true
[1788815379] render enter: Some(F32) in=160x120 out=192x144 win=(-16,-12) token=1008784274097377 compiled=true snap=true t=19456 step=1024 lstep=1024 scale=25600
[1788815379] execute_plan ok
[1788815379] smart cmd (render=false): seq_raw_null=true const_seq_ok=true
[1788815379] smart cmd (render=false): seq_raw_null=true const_seq_ok=true
[1788815379] smart geometry: logical=320x240 downsample=1/2x1/2 request=PF_LRect { left: -16, top: -12, right: 176, bottom: 132 } upstream=Rect { left: 0, top: 0, right: 160, bottom: 120 } frame=Rect { left: 0, top: 0, right: 160, bottom: 120 } canvas=Rect { left: 0, top: 0, right: 160, bottom: 120 }
[1788815379] smart geometry: logical=320x240 downsample=1/2x1/2 request=PF_LRect { left: -16, top: -12, right: 176, bottom: 132 } upstream=Rect { left: 0, top: 0, right: 160, bottom: 120 } frame=Rect { left: 0, top: 0, right: 160, bottom: 120 } canvas=Rect { left: 0, top: 0, right: 160, bottom: 120 }
[1788815379] smart cmd (render=true): seq_raw_null=true const_seq_ok=true
[1788815379] smart cmd (render=true): seq_raw_null=true const_seq_ok=true
[1788815379] render enter: Some(F32) in=160x120 out=192x144 win=(-16,-12) token=1008784274097377 compiled=true snap=true t=21504 step=1024 lstep=1024 scale=25600
[1788815379] execute_plan ok
[1788815379] render enter: Some(F32) in=160x120 out=192x144 win=(-16,-12) token=1008784274097377 compiled=true snap=true t=20480 step=1024 lstep=1024 scale=25600
[1788815379] smart cmd (render=false): seq_raw_null=true const_seq_ok=true
[1788815379] execute_plan ok
[1788815379] smart geometry: logical=320x240 downsample=1/2x1/2 request=PF_LRect { left: -16, top: -12, right: 176, bottom: 132 } upstream=Rect { left: 0, top: 0, right: 160, bottom: 120 } frame=Rect { left: 0, top: 0, right: 160, bottom: 120 } canvas=Rect { left: 0, top: 0, right: 160, bottom: 120 }
[1788815379] smart cmd (render=true): seq_raw_null=true const_seq_ok=true
[1788815379] render enter: Some(F32) in=160x120 out=192x144 win=(-16,-12) token=1008784274097377 compiled=true snap=true t=22528 step=1024 lstep=1024 scale=25600
[1788815379] smart cmd (render=false): seq_raw_null=true const_seq_ok=true
[1788815379] execute_plan ok
[1788815379] smart geometry: logical=320x240 downsample=1/2x1/2 request=PF_LRect { left: -16, top: -12, right: 176, bottom: 132 } upstream=Rect { left: 0, top: 0, right: 160, bottom: 120 } frame=Rect { left: 0, top: 0, right: 160, bottom: 120 } canvas=Rect { left: 0, top: 0, right: 160, bottom: 120 }
[1788815379] smart cmd (render=true): seq_raw_null=true const_seq_ok=true
[1788815379] render enter: Some(F32) in=160x120 out=192x144 win=(-16,-12) token=1008784274097377 compiled=true snap=true t=23552 step=1024 lstep=1024 scale=25600
[1788815379] execute_plan ok
[1788815379] smart cmd (render=false): seq_raw_null=true const_seq_ok=true
[1788815379] smart geometry: logical=320x240 downsample=1/2x1/2 request=PF_LRect { left: -16, top: -12, right: 176, bottom: 132 } upstream=Rect { left: 0, top: 0, right: 160, bottom: 120 } frame=Rect { left: 0, top: 0, right: 160, bottom: 120 } canvas=Rect { left: 0, top: 0, right: 160, bottom: 120 }
[1788815379] smart cmd (render=true): seq_raw_null=true const_seq_ok=true
[1788815379] render enter: Some(F32) in=160x120 out=192x144 win=(-16,-12) token=1008784274097377 compiled=true snap=true t=24576 step=1024 lstep=1024 scale=25600
[1788815379] execute_plan ok
[1788815379] smart cmd (render=false): seq_raw_null=true const_seq_ok=true
[1788815379] smart geometry: logical=320x240 downsample=1/2x1/2 request=PF_LRect { left: -16, top: -12, right: 176, bottom: 132 } upstream=Rect { left: 0, top: 0, right: 160, bottom: 120 } frame=Rect { left: 0, top: 0, right: 160, bottom: 120 } canvas=Rect { left: 0, top: 0, right: 160, bottom: 120 }
[1788815379] smart cmd (render=true): seq_raw_null=true const_seq_ok=true
[1788815379] render enter: Some(F32) in=160x120 out=192x144 win=(-16,-12) token=1008784274097377 compiled=true snap=true t=25600 step=1024 lstep=1024 scale=25600
[1788815379] execute_plan ok
[1788815379] smart cmd (render=false): seq_raw_null=true const_seq_ok=true
[1788815379] smart geometry: logical=320x240 downsample=1/2x1/2 request=PF_LRect { left: -16, top: -12, right: 176, bottom: 132 } upstream=Rect { left: 0, top: 0, right: 160, bottom: 120 } frame=Rect { left: 0, top: 0, right: 160, bottom: 120 } canvas=Rect { left: 0, top: 0, right: 160, bottom: 120 }
[1788815379] smart cmd (render=true): seq_raw_null=true const_seq_ok=true
[1788815379] render enter: Some(F32) in=160x120 out=192x144 win=(-16,-12) token=1008784274097377 compiled=true snap=true t=26624 step=1024 lstep=1024 scale=25600
[1788815379] execute_plan ok
[1788815379] smart cmd (render=false): seq_raw_null=true const_seq_ok=true
[1788815379] smart geometry: logical=320x240 downsample=1/2x1/2 request=PF_LRect { left: -16, top: -12, right: 176, bottom: 132 } upstream=Rect { left: 0, top: 0, right: 160, bottom: 120 } frame=Rect { left: 0, top: 0, right: 160, bottom: 120 } canvas=Rect { left: 0, top: 0, right: 160, bottom: 120 }
[1788815379] smart cmd (render=false): seq_raw_null=true const_seq_ok=true
[1788815379] smart cmd (render=true): seq_raw_null=true const_seq_ok=true
[1788815379] smart geometry: logical=320x240 downsample=1/2x1/2 request=PF_LRect { left: -16, top: -12, right: 176, bottom: 132 } upstream=Rect { left: 0, top: 0, right: 160, bottom: 120 } frame=Rect { left: 0, top: 0, right: 160, bottom: 120 } canvas=Rect { left: 0, top: 0, right: 160, bottom: 120 }
[1788815379] render enter: Some(F32) in=160x120 out=192x144 win=(-16,-12) token=1008784274097377 compiled=true snap=true t=28672 step=1024 lstep=1024 scale=25600
[1788815379] smart cmd (render=true): seq_raw_null=true const_seq_ok=true
[1788815379] execute_plan ok
[1788815379] render enter: Some(F32) in=160x120 out=192x144 win=(-16,-12) token=1008784274097377 compiled=true snap=true t=27648 step=1024 lstep=1024 scale=25600
[1788815379] smart cmd (render=false): seq_raw_null=true const_seq_ok=true
[1788815379] execute_plan ok
[1788815379] smart geometry: logical=320x240 downsample=1/2x1/2 request=PF_LRect { left: -16, top: -12, right: 176, bottom: 132 } upstream=Rect { left: 0, top: 0, right: 160, bottom: 120 } frame=Rect { left: 0, top: 0, right: 160, bottom: 120 } canvas=Rect { left: 0, top: 0, right: 160, bottom: 120 }
[1788815379] smart cmd (render=true): seq_raw_null=true const_seq_ok=true
[1788815379] render enter: Some(F32) in=160x120 out=192x144 win=(-16,-12) token=1008784274097377 compiled=true snap=true t=29696 step=1024 lstep=1024 scale=25600
[1788815379] smart cmd (render=false): seq_raw_null=true const_seq_ok=true
[1788815379] execute_plan ok
[1788815379] smart geometry: logical=320x240 downsample=1/2x1/2 request=PF_LRect { left: -16, top: -12, right: 176, bottom: 132 } upstream=Rect { left: 0, top: 0, right: 160, bottom: 120 } frame=Rect { left: 0, top: 0, right: 160, bottom: 120 } canvas=Rect { left: 0, top: 0, right: 160, bottom: 120 }
[1788815379] smart cmd (render=true): seq_raw_null=true const_seq_ok=true
[1788815379] render enter: Some(F32) in=160x120 out=192x144 win=(-16,-12) token=1008784274097377 compiled=true snap=true t=30720 step=1024 lstep=1024 scale=25600
[1788815379] execute_plan ok
[1788815379] smart cmd (render=false): seq_raw_null=true const_seq_ok=true
[1788815379] smart geometry: logical=320x240 downsample=1/2x1/2 request=PF_LRect { left: -16, top: -12, right: 176, bottom: 132 } upstream=Rect { left: 0, top: 0, right: 160, bottom: 120 } frame=Rect { left: 0, top: 0, right: 160, bottom: 120 } canvas=Rect { left: 0, top: 0, right: 160, bottom: 120 }
[1788815379] smart cmd (render=true): seq_raw_null=true const_seq_ok=true
[1788815379] render enter: Some(F32) in=160x120 out=192x144 win=(-16,-12) token=1008784274097377 compiled=true snap=true t=31744 step=1024 lstep=1024 scale=25600
[1788815379] execute_plan ok
[1788815379] smart cmd (render=false): seq_raw_null=true const_seq_ok=true
[1788815379] smart geometry: logical=320x240 downsample=1/2x1/2 request=PF_LRect { left: -16, top: -12, right: 176, bottom: 132 } upstream=Rect { left: 0, top: 0, right: 160, bottom: 120 } frame=Rect { left: 0, top: 0, right: 160, bottom: 120 } canvas=Rect { left: 0, top: 0, right: 160, bottom: 120 }
[1788815379] smart cmd (render=true): seq_raw_null=true const_seq_ok=true
[1788815379] render enter: Some(F32) in=160x120 out=192x144 win=(-16,-12) token=1008784274097377 compiled=true snap=true t=32768 step=1024 lstep=1024 scale=25600
[1788815379] execute_plan ok
[1788815379] smart cmd (render=false): seq_raw_null=true const_seq_ok=true
[1788815379] smart geometry: logical=320x240 downsample=1/2x1/2 request=PF_LRect { left: -16, top: -12, right: 176, bottom: 132 } upstream=Rect { left: 0, top: 0, right: 160, bottom: 120 } frame=Rect { left: 0, top: 0, right: 160, bottom: 120 } canvas=Rect { left: 0, top: 0, right: 160, bottom: 120 }
[1788815379] smart cmd (render=true): seq_raw_null=true const_seq_ok=true
[1788815379] render enter: Some(F32) in=160x120 out=192x144 win=(-16,-12) token=1008784274097377 compiled=true snap=true t=33792 step=1024 lstep=1024 scale=25600
[1788815379] execute_plan ok
[1788815379] smart cmd (render=false): seq_raw_null=true const_seq_ok=true
[1788815379] smart geometry: logical=320x240 downsample=1/2x1/2 request=PF_LRect { left: -16, top: -12, right: 176, bottom: 132 } upstream=Rect { left: 0, top: 0, right: 160, bottom: 120 } frame=Rect { left: 0, top: 0, right: 160, bottom: 120 } canvas=Rect { left: 0, top: 0, right: 160, bottom: 120 }
[1788815379] smart cmd (render=false): seq_raw_null=true const_seq_ok=true
[1788815379] smart cmd (render=true): seq_raw_null=true const_seq_ok=true
[1788815379] smart geometry: logical=320x240 downsample=1/2x1/2 request=PF_LRect { left: -16, top: -12, right: 176, bottom: 132 } upstream=Rect { left: 0, top: 0, right: 160, bottom: 120 } frame=Rect { left: 0, top: 0, right: 160, bottom: 120 } canvas=Rect { left: 0, top: 0, right: 160, bottom: 120 }
[1788815379] render enter: Some(F32) in=160x120 out=192x144 win=(-16,-12) token=1008784274097377 compiled=true snap=true t=34816 step=1024 lstep=1024 scale=25600
[1788815379] smart cmd (render=true): seq_raw_null=true const_seq_ok=true
[1788815379] execute_plan ok
[1788815379] render enter: Some(F32) in=160x120 out=192x144 win=(-16,-12) token=1008784274097377 compiled=true snap=true t=35840 step=1024 lstep=1024 scale=25600
[1788815379] smart cmd (render=false): seq_raw_null=true const_seq_ok=true
[1788815379] execute_plan ok
[1788815379] smart geometry: logical=320x240 downsample=1/2x1/2 request=PF_LRect { left: -16, top: -12, right: 176, bottom: 132 } upstream=Rect { left: 0, top: 0, right: 160, bottom: 120 } frame=Rect { left: 0, top: 0, right: 160, bottom: 120 } canvas=Rect { left: 0, top: 0, right: 160, bottom: 120 }
[1788815379] smart cmd (render=true): seq_raw_null=true const_seq_ok=true
[1788815379] render enter: Some(F32) in=160x120 out=192x144 win=(-16,-12) token=1008784274097377 compiled=true snap=true t=36864 step=1024 lstep=1024 scale=25600
[1788815379] smart cmd (render=false): seq_raw_null=true const_seq_ok=true
[1788815379] execute_plan ok
[1788815379] smart geometry: logical=320x240 downsample=1/2x1/2 request=PF_LRect { left: -16, top: -12, right: 176, bottom: 132 } upstream=Rect { left: 0, top: 0, right: 160, bottom: 120 } frame=Rect { left: 0, top: 0, right: 160, bottom: 120 } canvas=Rect { left: 0, top: 0, right: 160, bottom: 120 }
[1788815379] smart cmd (render=true): seq_raw_null=true const_seq_ok=true
[1788815379] render enter: Some(F32) in=160x120 out=192x144 win=(-16,-12) token=1008784274097377 compiled=true snap=true t=37888 step=1024 lstep=1024 scale=25600
[1788815379] execute_plan ok
[1788815379] smart cmd (render=false): seq_raw_null=true const_seq_ok=true
[1788815379] smart geometry: logical=320x240 downsample=1/2x1/2 request=PF_LRect { left: -16, top: -12, right: 176, bottom: 132 } upstream=Rect { left: 0, top: 0, right: 160, bottom: 120 } frame=Rect { left: 0, top: 0, right: 160, bottom: 120 } canvas=Rect { left: 0, top: 0, right: 160, bottom: 120 }
[1788815379] smart cmd (render=true): seq_raw_null=true const_seq_ok=true
[1788815379] render enter: Some(F32) in=160x120 out=192x144 win=(-16,-12) token=1008784274097377 compiled=true snap=true t=38912 step=1024 lstep=1024 scale=25600
[1788815379] execute_plan ok
[1788815379] smart cmd (render=false): seq_raw_null=true const_seq_ok=true
[1788815379] smart geometry: logical=320x240 downsample=1/2x1/2 request=PF_LRect { left: -16, top: -12, right: 176, bottom: 132 } upstream=Rect { left: 0, top: 0, right: 160, bottom: 120 } frame=Rect { left: 0, top: 0, right: 160, bottom: 120 } canvas=Rect { left: 0, top: 0, right: 160, bottom: 120 }
[1788815379] smart cmd (render=true): seq_raw_null=true const_seq_ok=true
[1788815379] render enter: Some(F32) in=160x120 out=192x144 win=(-16,-12) token=1008784274097377 compiled=true snap=true t=39936 step=1024 lstep=1024 scale=25600
[1788815379] execute_plan ok
[1788815379] smart cmd (render=false): seq_raw_null=true const_seq_ok=true
[1788815379] smart geometry: logical=320x240 downsample=1/2x1/2 request=PF_LRect { left: -16, top: -12, right: 176, bottom: 132 } upstream=Rect { left: 0, top: 0, right: 160, bottom: 120 } frame=Rect { left: 0, top: 0, right: 160, bottom: 120 } canvas=Rect { left: 0, top: 0, right: 160, bottom: 120 }
[1788815379] smart cmd (render=true): seq_raw_null=true const_seq_ok=true
[1788815379] render enter: Some(F32) in=160x120 out=192x144 win=(-16,-12) token=1008784274097377 compiled=true snap=true t=40960 step=1024 lstep=1024 scale=25600
[1788815379] execute_plan ok
[1788815379] smart cmd (render=false): seq_raw_null=true const_seq_ok=true
[1788815379] smart geometry: logical=320x240 downsample=1/2x1/2 request=PF_LRect { left: -16, top: -12, right: 176, bottom: 132 } upstream=Rect { left: 0, top: 0, right: 160, bottom: 120 } frame=Rect { left: 0, top: 0, right: 160, bottom: 120 } canvas=Rect { left: 0, top: 0, right: 160, bottom: 120 }
[1788815379] smart cmd (render=true): seq_raw_null=true const_seq_ok=true
[1788815379] render enter: Some(F32) in=160x120 out=192x144 win=(-16,-12) token=1008784274097377 compiled=true snap=true t=41984 step=1024 lstep=1024 scale=25600
[1788815379] execute_plan ok
[1788815379] smart cmd (render=false): seq_raw_null=true const_seq_ok=true
[1788815379] smart cmd (render=false): seq_raw_null=true const_seq_ok=true
[1788815379] smart geometry: logical=320x240 downsample=1/2x1/2 request=PF_LRect { left: -16, top: -12, right: 176, bottom: 132 } upstream=Rect { left: 0, top: 0, right: 160, bottom: 120 } frame=Rect { left: 0, top: 0, right: 160, bottom: 120 } canvas=Rect { left: 0, top: 0, right: 160, bottom: 120 }
[1788815379] smart geometry: logical=320x240 downsample=1/2x1/2 request=PF_LRect { left: -16, top: -12, right: 176, bottom: 132 } upstream=Rect { left: 0, top: 0, right: 160, bottom: 120 } frame=Rect { left: 0, top: 0, right: 160, bottom: 120 } canvas=Rect { left: 0, top: 0, right: 160, bottom: 120 }
[1788815379] smart cmd (render=true): seq_raw_null=true const_seq_ok=true
[1788815379] smart cmd (render=true): seq_raw_null=true const_seq_ok=true
[1788815379] render enter: Some(F32) in=160x120 out=192x144 win=(-16,-12) token=1008784274097377 compiled=true snap=true t=43008 step=1024 lstep=1024 scale=25600
[1788815379] execute_plan ok
[1788815379] render enter: Some(F32) in=160x120 out=192x144 win=(-16,-12) token=1008784274097377 compiled=true snap=true t=44032 step=1024 lstep=1024 scale=25600
[1788815379] smart cmd (render=false): seq_raw_null=true const_seq_ok=true
[1788815379] execute_plan ok
[1788815379] smart geometry: logical=320x240 downsample=1/2x1/2 request=PF_LRect { left: -16, top: -12, right: 176, bottom: 132 } upstream=Rect { left: 0, top: 0, right: 160, bottom: 120 } frame=Rect { left: 0, top: 0, right: 160, bottom: 120 } canvas=Rect { left: 0, top: 0, right: 160, bottom: 120 }
[1788815379] smart cmd (render=true): seq_raw_null=true const_seq_ok=true
[1788815379] render enter: Some(F32) in=160x120 out=192x144 win=(-16,-12) token=1008784274097377 compiled=true snap=true t=45056 step=1024 lstep=1024 scale=25600
[1788815379] execute_plan ok
[1788815379] smart cmd (render=false): seq_raw_null=true const_seq_ok=true
[1788815379] smart geometry: logical=320x240 downsample=1/2x1/2 request=PF_LRect { left: -16, top: -12, right: 176, bottom: 132 } upstream=Rect { left: 0, top: 0, right: 160, bottom: 120 } frame=Rect { left: 0, top: 0, right: 160, bottom: 120 } canvas=Rect { left: 0, top: 0, right: 160, bottom: 120 }
[1788815379] smart cmd (render=true): seq_raw_null=true const_seq_ok=true
[1788815379] render enter: Some(F32) in=160x120 out=192x144 win=(-16,-12) token=1008784274097377 compiled=true snap=true t=46080 step=1024 lstep=1024 scale=25600
[1788815379] execute_plan ok
[1788815379] smart cmd (render=false): seq_raw_null=true const_seq_ok=true
[1788815379] smart geometry: logical=320x240 downsample=1/2x1/2 request=PF_LRect { left: -16, top: -12, right: 176, bottom: 132 } upstream=Rect { left: 0, top: 0, right: 160, bottom: 120 } frame=Rect { left: 0, top: 0, right: 160, bottom: 120 } canvas=Rect { left: 0, top: 0, right: 160, bottom: 120 }
[1788815379] smart cmd (render=true): seq_raw_null=true const_seq_ok=true
[1788815379] render enter: Some(F32) in=160x120 out=192x144 win=(-16,-12) token=1008784274097377 compiled=true snap=true t=47104 step=1024 lstep=1024 scale=25600
[1788815379] execute_plan ok
[1788815379] smart cmd (render=false): seq_raw_null=true const_seq_ok=true
[1788815379] smart geometry: logical=320x240 downsample=1/2x1/2 request=PF_LRect { left: -16, top: -12, right: 176, bottom: 132 } upstream=Rect { left: 0, top: 0, right: 160, bottom: 120 } frame=Rect { left: 0, top: 0, right: 160, bottom: 120 } canvas=Rect { left: 0, top: 0, right: 160, bottom: 120 }
[1788815379] smart cmd (render=true): seq_raw_null=true const_seq_ok=true
[1788815379] render enter: Some(F32) in=160x120 out=192x144 win=(-16,-12) token=1008784274097377 compiled=true snap=true t=48128 step=1024 lstep=1024 scale=25600
[1788815379] execute_plan ok
[1788815379] smart cmd (render=false): seq_raw_null=true const_seq_ok=true
[1788815379] smart cmd (render=false): seq_raw_null=true const_seq_ok=true
[1788815379] smart geometry: logical=320x240 downsample=1/2x1/2 request=PF_LRect { left: -16, top: -12, right: 176, bottom: 132 } upstream=Rect { left: 0, top: 0, right: 160, bottom: 120 } frame=Rect { left: 0, top: 0, right: 160, bottom: 120 } canvas=Rect { left: 0, top: 0, right: 160, bottom: 120 }
[1788815379] smart geometry: logical=320x240 downsample=1/2x1/2 request=PF_LRect { left: -16, top: -12, right: 176, bottom: 132 } upstream=Rect { left: 0, top: 0, right: 160, bottom: 120 } frame=Rect { left: 0, top: 0, right: 160, bottom: 120 } canvas=Rect { left: 0, top: 0, right: 160, bottom: 120 }
[1788815379] smart cmd (render=true): seq_raw_null=true const_seq_ok=true
[1788815379] smart cmd (render=true): seq_raw_null=true const_seq_ok=true
[1788815379] render enter: Some(F32) in=160x120 out=192x144 win=(-16,-12) token=1008784274097377 compiled=true snap=true t=50176 step=1024 lstep=1024 scale=25600
[1788815379] execute_plan ok
[1788815379] render enter: Some(F32) in=160x120 out=192x144 win=(-16,-12) token=1008784274097377 compiled=true snap=true t=49152 step=1024 lstep=1024 scale=25600
[1788815379] execute_plan ok
[1788815388] smart cmd (render=false): seq_raw_null=true const_seq_ok=true
[1788815388] definition resolved from process registry
[1788815388] smart geometry: logical=320x240 downsample=1/1x1/1 request=PF_LRect { left: 155, top: 115, right: 166, bottom: 126 } upstream=Rect { left: 0, top: 0, right: 320, bottom: 240 } frame=Rect { left: 0, top: 0, right: 320, bottom: 240 } canvas=Rect { left: 0, top: 0, right: 320, bottom: 240 }
[1788815388] smart cmd (render=true): seq_raw_null=true const_seq_ok=true
[1788815388] render enter: Some(F32) in=320x240 out=11x11 win=(155,115) token=1484363663950204 compiled=true snap=true t=0 step=1024 lstep=1024 scale=25600
[1788815388] pipelines built: 1 pass(es), plan 1 step(s), 0 physical intermediate(s) (~0 KiB transient at 11x11, Rgba32Float working format) (adapter="Apple M5" backend=Metal driver=" ")
[1788815388] execute_plan ok
[1788815388] smart cmd (render=false): seq_raw_null=true const_seq_ok=true
[1788815388] smart geometry: logical=320x240 downsample=1/2x1/2 request=PF_LRect { left: -16, top: -12, right: 176, bottom: 132 } upstream=Rect { left: 0, top: 0, right: 160, bottom: 120 } frame=Rect { left: 0, top: 0, right: 160, bottom: 120 } canvas=Rect { left: 0, top: 0, right: 160, bottom: 120 }
[1788815388] smart cmd (render=true): seq_raw_null=true const_seq_ok=true
[1788815388] render enter: Some(F32) in=160x120 out=192x144 win=(-16,-12) token=1008784274097377 compiled=true snap=true t=0 step=1024 lstep=1024 scale=25600
[1788815388] execute_plan ok
[1788815388] smart cmd (render=false): seq_raw_null=true const_seq_ok=true
[1788815388] smart geometry: logical=320x240 downsample=1/1x1/1 request=PF_LRect { left: 155, top: 115, right: 166, bottom: 126 } upstream=Rect { left: 0, top: 0, right: 320, bottom: 240 } frame=Rect { left: 0, top: 0, right: 320, bottom: 240 } canvas=Rect { left: 0, top: 0, right: 320, bottom: 240 }
[1788815388] smart cmd (render=true): seq_raw_null=true const_seq_ok=true
[1788815388] render enter: Some(F32) in=320x240 out=11x11 win=(155,115) token=1484363663950204 compiled=true snap=true t=25600 step=1024 lstep=1024 scale=25600
[1788815388] execute_plan ok
[1788815388] smart cmd (render=false): seq_raw_null=true const_seq_ok=true
[1788815388] smart geometry: logical=320x240 downsample=1/3x1/3 request=PF_LRect { left: -10, top: -8, right: 117, bottom: 88 } upstream=Rect { left: 0, top: 0, right: 107, bottom: 80 } frame=Rect { left: 0, top: 0, right: 107, bottom: 80 } canvas=Rect { left: 0, top: 0, right: 107, bottom: 80 }
[1788815388] smart cmd (render=true): seq_raw_null=true const_seq_ok=true
[1788815388] render enter: Some(F32) in=107x80 out=127x96 win=(-10,-8) token=1008784274097377 compiled=true snap=true t=0 step=1024 lstep=1024 scale=25600
[1788815388] execute_plan ok
[1788815396] smart cmd (render=false): seq_raw_null=true const_seq_ok=true
[1788815396] smart geometry: logical=320x240 downsample=1/2x1/2 request=PF_LRect { left: -16, top: -12, right: 176, bottom: 132 } upstream=Rect { left: 0, top: 0, right: 160, bottom: 120 } frame=Rect { left: 0, top: 0, right: 160, bottom: 120 } canvas=Rect { left: 0, top: 0, right: 160, bottom: 120 }
[1788815396] smart cmd (render=true): seq_raw_null=true const_seq_ok=true
[1788815396] render enter: Some(F32) in=160x120 out=192x144 win=(-16,-12) token=1008784274097377 compiled=true snap=true t=2048 step=1024 lstep=1024 scale=25600
[1788815396] execute_plan ok
[1788815396] smart cmd (render=false): seq_raw_null=true const_seq_ok=true
[1788815396] smart geometry: logical=320x240 downsample=1/2x1/2 request=PF_LRect { left: -16, top: -12, right: 176, bottom: 132 } upstream=Rect { left: 0, top: 0, right: 160, bottom: 120 } frame=Rect { left: 0, top: 0, right: 160, bottom: 120 } canvas=Rect { left: 0, top: 0, right: 160, bottom: 120 }
[1788815396] smart cmd (render=true): seq_raw_null=true const_seq_ok=true
[1788815396] render enter: Some(F32) in=160x120 out=192x144 win=(-16,-12) token=1008784274097377 compiled=true snap=true t=1024 step=1024 lstep=1024 scale=25600
[1788815396] execute_plan ok
[1788815396] smart cmd (render=false): seq_raw_null=true const_seq_ok=true
[1788815396] smart geometry: logical=320x240 downsample=1/2x1/2 request=PF_LRect { left: -16, top: -12, right: 176, bottom: 132 } upstream=Rect { left: 0, top: 0, right: 160, bottom: 120 } frame=Rect { left: 0, top: 0, right: 160, bottom: 120 } canvas=Rect { left: 0, top: 0, right: 160, bottom: 120 }
[1788815396] smart cmd (render=true): seq_raw_null=true const_seq_ok=true
[1788815396] render enter: Some(F32) in=160x120 out=192x144 win=(-16,-12) token=1008784274097377 compiled=true snap=true t=3072 step=1024 lstep=1024 scale=25600
[1788815396] execute_plan ok
[1788815396] smart cmd (render=false): seq_raw_null=true const_seq_ok=true
[1788815396] smart geometry: logical=320x240 downsample=1/2x1/2 request=PF_LRect { left: -16, top: -12, right: 176, bottom: 132 } upstream=Rect { left: 0, top: 0, right: 160, bottom: 120 } frame=Rect { left: 0, top: 0, right: 160, bottom: 120 } canvas=Rect { left: 0, top: 0, right: 160, bottom: 120 }
[1788815396] smart cmd (render=true): seq_raw_null=true const_seq_ok=true
[1788815396] render enter: Some(F32) in=160x120 out=192x144 win=(-16,-12) token=1008784274097377 compiled=true snap=true t=4096 step=1024 lstep=1024 scale=25600
[1788815396] execute_plan ok
[1788815396] smart cmd (render=false): seq_raw_null=true const_seq_ok=true
[1788815396] smart geometry: logical=320x240 downsample=1/2x1/2 request=PF_LRect { left: -16, top: -12, right: 176, bottom: 132 } upstream=Rect { left: 0, top: 0, right: 160, bottom: 120 } frame=Rect { left: 0, top: 0, right: 160, bottom: 120 } canvas=Rect { left: 0, top: 0, right: 160, bottom: 120 }
[1788815396] smart cmd (render=true): seq_raw_null=true const_seq_ok=true
[1788815396] render enter: Some(F32) in=160x120 out=192x144 win=(-16,-12) token=1008784274097377 compiled=true snap=true t=5120 step=1024 lstep=1024 scale=25600
[1788815396] execute_plan ok
[1788815396] smart cmd (render=false): seq_raw_null=true const_seq_ok=true
[1788815396] smart geometry: logical=320x240 downsample=1/2x1/2 request=PF_LRect { left: -16, top: -12, right: 176, bottom: 132 } upstream=Rect { left: 0, top: 0, right: 160, bottom: 120 } frame=Rect { left: 0, top: 0, right: 160, bottom: 120 } canvas=Rect { left: 0, top: 0, right: 160, bottom: 120 }
[1788815396] smart cmd (render=true): seq_raw_null=true const_seq_ok=true
[1788815396] render enter: Some(F32) in=160x120 out=192x144 win=(-16,-12) token=1008784274097377 compiled=true snap=true t=7168 step=1024 lstep=1024 scale=25600
[1788815396] execute_plan ok
[1788815396] smart cmd (render=false): seq_raw_null=true const_seq_ok=true
[1788815396] smart cmd (render=false): seq_raw_null=true const_seq_ok=true
[1788815396] smart geometry: logical=320x240 downsample=1/2x1/2 request=PF_LRect { left: -16, top: -12, right: 176, bottom: 132 } upstream=Rect { left: 0, top: 0, right: 160, bottom: 120 } frame=Rect { left: 0, top: 0, right: 160, bottom: 120 } canvas=Rect { left: 0, top: 0, right: 160, bottom: 120 }
[1788815396] smart geometry: logical=320x240 downsample=1/2x1/2 request=PF_LRect { left: -16, top: -12, right: 176, bottom: 132 } upstream=Rect { left: 0, top: 0, right: 160, bottom: 120 } frame=Rect { left: 0, top: 0, right: 160, bottom: 120 } canvas=Rect { left: 0, top: 0, right: 160, bottom: 120 }
[1788815396] smart cmd (render=true): seq_raw_null=true const_seq_ok=true
[1788815396] smart cmd (render=true): seq_raw_null=true const_seq_ok=true
[1788815396] render enter: Some(F32) in=160x120 out=192x144 win=(-16,-12) token=1008784274097377 compiled=true snap=true t=8192 step=1024 lstep=1024 scale=25600
[1788815396] execute_plan ok
[1788815396] render enter: Some(F32) in=160x120 out=192x144 win=(-16,-12) token=1008784274097377 compiled=true snap=true t=6144 step=1024 lstep=1024 scale=25600
[1788815396] smart cmd (render=false): seq_raw_null=true const_seq_ok=true
[1788815396] execute_plan ok
[1788815396] smart geometry: logical=320x240 downsample=1/2x1/2 request=PF_LRect { left: -16, top: -12, right: 176, bottom: 132 } upstream=Rect { left: 0, top: 0, right: 160, bottom: 120 } frame=Rect { left: 0, top: 0, right: 160, bottom: 120 } canvas=Rect { left: 0, top: 0, right: 160, bottom: 120 }
[1788815396] smart cmd (render=true): seq_raw_null=true const_seq_ok=true
[1788815396] render enter: Some(F32) in=160x120 out=192x144 win=(-16,-12) token=1008784274097377 compiled=true snap=true t=9216 step=1024 lstep=1024 scale=25600
[1788815396] execute_plan ok
[1788815396] smart cmd (render=false): seq_raw_null=true const_seq_ok=true
[1788815396] smart geometry: logical=320x240 downsample=1/2x1/2 request=PF_LRect { left: -16, top: -12, right: 176, bottom: 132 } upstream=Rect { left: 0, top: 0, right: 160, bottom: 120 } frame=Rect { left: 0, top: 0, right: 160, bottom: 120 } canvas=Rect { left: 0, top: 0, right: 160, bottom: 120 }
[1788815396] smart cmd (render=true): seq_raw_null=true const_seq_ok=true
[1788815396] render enter: Some(F32) in=160x120 out=192x144 win=(-16,-12) token=1008784274097377 compiled=true snap=true t=10240 step=1024 lstep=1024 scale=25600
[1788815396] execute_plan ok
[1788815396] smart cmd (render=false): seq_raw_null=true const_seq_ok=true
[1788815396] smart geometry: logical=320x240 downsample=1/2x1/2 request=PF_LRect { left: -16, top: -12, right: 176, bottom: 132 } upstream=Rect { left: 0, top: 0, right: 160, bottom: 120 } frame=Rect { left: 0, top: 0, right: 160, bottom: 120 } canvas=Rect { left: 0, top: 0, right: 160, bottom: 120 }
[1788815396] smart cmd (render=true): seq_raw_null=true const_seq_ok=true
[1788815396] render enter: Some(F32) in=160x120 out=192x144 win=(-16,-12) token=1008784274097377 compiled=true snap=true t=11264 step=1024 lstep=1024 scale=25600
[1788815396] execute_plan ok
[1788815396] smart cmd (render=false): seq_raw_null=true const_seq_ok=true
[1788815396] smart geometry: logical=320x240 downsample=1/2x1/2 request=PF_LRect { left: -16, top: -12, right: 176, bottom: 132 } upstream=Rect { left: 0, top: 0, right: 160, bottom: 120 } frame=Rect { left: 0, top: 0, right: 160, bottom: 120 } canvas=Rect { left: 0, top: 0, right: 160, bottom: 120 }
[1788815396] smart cmd (render=true): seq_raw_null=true const_seq_ok=true
[1788815396] render enter: Some(F32) in=160x120 out=192x144 win=(-16,-12) token=1008784274097377 compiled=true snap=true t=12288 step=1024 lstep=1024 scale=25600
[1788815396] execute_plan ok
[1788815396] smart cmd (render=false): seq_raw_null=true const_seq_ok=true
[1788815396] smart geometry: logical=320x240 downsample=1/2x1/2 request=PF_LRect { left: -16, top: -12, right: 176, bottom: 132 } upstream=Rect { left: 0, top: 0, right: 160, bottom: 120 } frame=Rect { left: 0, top: 0, right: 160, bottom: 120 } canvas=Rect { left: 0, top: 0, right: 160, bottom: 120 }
[1788815396] smart cmd (render=true): seq_raw_null=true const_seq_ok=true
[1788815396] render enter: Some(F32) in=160x120 out=192x144 win=(-16,-12) token=1008784274097377 compiled=true snap=true t=14336 step=1024 lstep=1024 scale=25600
[1788815396] execute_plan ok
[1788815396] smart cmd (render=false): seq_raw_null=true const_seq_ok=true
[1788815396] smart cmd (render=false): seq_raw_null=true const_seq_ok=true
[1788815396] smart geometry: logical=320x240 downsample=1/2x1/2 request=PF_LRect { left: -16, top: -12, right: 176, bottom: 132 } upstream=Rect { left: 0, top: 0, right: 160, bottom: 120 } frame=Rect { left: 0, top: 0, right: 160, bottom: 120 } canvas=Rect { left: 0, top: 0, right: 160, bottom: 120 }
[1788815396] smart geometry: logical=320x240 downsample=1/2x1/2 request=PF_LRect { left: -16, top: -12, right: 176, bottom: 132 } upstream=Rect { left: 0, top: 0, right: 160, bottom: 120 } frame=Rect { left: 0, top: 0, right: 160, bottom: 120 } canvas=Rect { left: 0, top: 0, right: 160, bottom: 120 }
[1788815396] smart cmd (render=true): seq_raw_null=true const_seq_ok=true
[1788815396] smart cmd (render=true): seq_raw_null=true const_seq_ok=true
[1788815396] render enter: Some(F32) in=160x120 out=192x144 win=(-16,-12) token=1008784274097377 compiled=true snap=true t=15360 step=1024 lstep=1024 scale=25600
[1788815396] execute_plan ok
[1788815396] render enter: Some(F32) in=160x120 out=192x144 win=(-16,-12) token=1008784274097377 compiled=true snap=true t=13312 step=1024 lstep=1024 scale=25600
[1788815396] smart cmd (render=false): seq_raw_null=true const_seq_ok=true
[1788815396] execute_plan ok
[1788815396] smart geometry: logical=320x240 downsample=1/2x1/2 request=PF_LRect { left: -16, top: -12, right: 176, bottom: 132 } upstream=Rect { left: 0, top: 0, right: 160, bottom: 120 } frame=Rect { left: 0, top: 0, right: 160, bottom: 120 } canvas=Rect { left: 0, top: 0, right: 160, bottom: 120 }
[1788815396] smart cmd (render=true): seq_raw_null=true const_seq_ok=true
[1788815396] render enter: Some(F32) in=160x120 out=192x144 win=(-16,-12) token=1008784274097377 compiled=true snap=true t=16384 step=1024 lstep=1024 scale=25600
[1788815396] execute_plan ok
[1788815396] smart cmd (render=false): seq_raw_null=true const_seq_ok=true
[1788815396] smart geometry: logical=320x240 downsample=1/2x1/2 request=PF_LRect { left: -16, top: -12, right: 176, bottom: 132 } upstream=Rect { left: 0, top: 0, right: 160, bottom: 120 } frame=Rect { left: 0, top: 0, right: 160, bottom: 120 } canvas=Rect { left: 0, top: 0, right: 160, bottom: 120 }
[1788815396] smart cmd (render=true): seq_raw_null=true const_seq_ok=true
[1788815396] render enter: Some(F32) in=160x120 out=192x144 win=(-16,-12) token=1008784274097377 compiled=true snap=true t=17408 step=1024 lstep=1024 scale=25600
[1788815396] execute_plan ok
[1788815396] smart cmd (render=false): seq_raw_null=true const_seq_ok=true
[1788815396] smart geometry: logical=320x240 downsample=1/2x1/2 request=PF_LRect { left: -16, top: -12, right: 176, bottom: 132 } upstream=Rect { left: 0, top: 0, right: 160, bottom: 120 } frame=Rect { left: 0, top: 0, right: 160, bottom: 120 } canvas=Rect { left: 0, top: 0, right: 160, bottom: 120 }
[1788815396] smart cmd (render=true): seq_raw_null=true const_seq_ok=true
[1788815396] render enter: Some(F32) in=160x120 out=192x144 win=(-16,-12) token=1008784274097377 compiled=true snap=true t=18432 step=1024 lstep=1024 scale=25600
[1788815396] execute_plan ok
[1788815396] smart cmd (render=false): seq_raw_null=true const_seq_ok=true
[1788815396] smart geometry: logical=320x240 downsample=1/2x1/2 request=PF_LRect { left: -16, top: -12, right: 176, bottom: 132 } upstream=Rect { left: 0, top: 0, right: 160, bottom: 120 } frame=Rect { left: 0, top: 0, right: 160, bottom: 120 } canvas=Rect { left: 0, top: 0, right: 160, bottom: 120 }
[1788815396] smart cmd (render=true): seq_raw_null=true const_seq_ok=true
[1788815396] render enter: Some(F32) in=160x120 out=192x144 win=(-16,-12) token=1008784274097377 compiled=true snap=true t=19456 step=1024 lstep=1024 scale=25600
[1788815396] execute_plan ok
[1788815396] smart cmd (render=false): seq_raw_null=true const_seq_ok=true
[1788815396] smart cmd (render=false): seq_raw_null=true const_seq_ok=true
[1788815396] smart geometry: logical=320x240 downsample=1/2x1/2 request=PF_LRect { left: -16, top: -12, right: 176, bottom: 132 } upstream=Rect { left: 0, top: 0, right: 160, bottom: 120 } frame=Rect { left: 0, top: 0, right: 160, bottom: 120 } canvas=Rect { left: 0, top: 0, right: 160, bottom: 120 }
[1788815396] smart geometry: logical=320x240 downsample=1/2x1/2 request=PF_LRect { left: -16, top: -12, right: 176, bottom: 132 } upstream=Rect { left: 0, top: 0, right: 160, bottom: 120 } frame=Rect { left: 0, top: 0, right: 160, bottom: 120 } canvas=Rect { left: 0, top: 0, right: 160, bottom: 120 }
[1788815396] smart cmd (render=true): seq_raw_null=true const_seq_ok=true
[1788815396] smart cmd (render=true): seq_raw_null=true const_seq_ok=true
[1788815396] render enter: Some(F32) in=160x120 out=192x144 win=(-16,-12) token=1008784274097377 compiled=true snap=true t=20480 step=1024 lstep=1024 scale=25600
[1788815396] execute_plan ok
[1788815396] render enter: Some(F32) in=160x120 out=192x144 win=(-16,-12) token=1008784274097377 compiled=true snap=true t=21504 step=1024 lstep=1024 scale=25600
[1788815396] smart cmd (render=false): seq_raw_null=true const_seq_ok=true
[1788815396] execute_plan ok
[1788815396] smart geometry: logical=320x240 downsample=1/2x1/2 request=PF_LRect { left: -16, top: -12, right: 176, bottom: 132 } upstream=Rect { left: 0, top: 0, right: 160, bottom: 120 } frame=Rect { left: 0, top: 0, right: 160, bottom: 120 } canvas=Rect { left: 0, top: 0, right: 160, bottom: 120 }
[1788815396] smart cmd (render=true): seq_raw_null=true const_seq_ok=true
[1788815396] render enter: Some(F32) in=160x120 out=192x144 win=(-16,-12) token=1008784274097377 compiled=true snap=true t=22528 step=1024 lstep=1024 scale=25600
[1788815396] smart cmd (render=false): seq_raw_null=true const_seq_ok=true
[1788815396] execute_plan ok
[1788815396] smart geometry: logical=320x240 downsample=1/2x1/2 request=PF_LRect { left: -16, top: -12, right: 176, bottom: 132 } upstream=Rect { left: 0, top: 0, right: 160, bottom: 120 } frame=Rect { left: 0, top: 0, right: 160, bottom: 120 } canvas=Rect { left: 0, top: 0, right: 160, bottom: 120 }
[1788815396] smart cmd (render=true): seq_raw_null=true const_seq_ok=true
[1788815396] render enter: Some(F32) in=160x120 out=192x144 win=(-16,-12) token=1008784274097377 compiled=true snap=true t=23552 step=1024 lstep=1024 scale=25600
[1788815396] execute_plan ok
[1788815396] smart cmd (render=false): seq_raw_null=true const_seq_ok=true
[1788815396] smart geometry: logical=320x240 downsample=1/2x1/2 request=PF_LRect { left: -16, top: -12, right: 176, bottom: 132 } upstream=Rect { left: 0, top: 0, right: 160, bottom: 120 } frame=Rect { left: 0, top: 0, right: 160, bottom: 120 } canvas=Rect { left: 0, top: 0, right: 160, bottom: 120 }
[1788815396] smart cmd (render=true): seq_raw_null=true const_seq_ok=true
[1788815396] render enter: Some(F32) in=160x120 out=192x144 win=(-16,-12) token=1008784274097377 compiled=true snap=true t=24576 step=1024 lstep=1024 scale=25600
[1788815396] execute_plan ok
[1788815396] smart cmd (render=false): seq_raw_null=true const_seq_ok=true
[1788815396] smart geometry: logical=320x240 downsample=1/2x1/2 request=PF_LRect { left: -16, top: -12, right: 176, bottom: 132 } upstream=Rect { left: 0, top: 0, right: 160, bottom: 120 } frame=Rect { left: 0, top: 0, right: 160, bottom: 120 } canvas=Rect { left: 0, top: 0, right: 160, bottom: 120 }
[1788815396] smart cmd (render=true): seq_raw_null=true const_seq_ok=true
[1788815396] render enter: Some(F32) in=160x120 out=192x144 win=(-16,-12) token=1008784274097377 compiled=true snap=true t=25600 step=1024 lstep=1024 scale=25600
[1788815397] execute_plan ok
[1788815397] smart cmd (render=false): seq_raw_null=true const_seq_ok=true
[1788815397] smart geometry: logical=320x240 downsample=1/2x1/2 request=PF_LRect { left: -16, top: -12, right: 176, bottom: 132 } upstream=Rect { left: 0, top: 0, right: 160, bottom: 120 } frame=Rect { left: 0, top: 0, right: 160, bottom: 120 } canvas=Rect { left: 0, top: 0, right: 160, bottom: 120 }
[1788815397] smart cmd (render=true): seq_raw_null=true const_seq_ok=true
[1788815397] render enter: Some(F32) in=160x120 out=192x144 win=(-16,-12) token=1008784274097377 compiled=true snap=true t=26624 step=1024 lstep=1024 scale=25600
[1788815397] execute_plan ok
[1788815397] smart cmd (render=false): seq_raw_null=true const_seq_ok=true
[1788815397] smart geometry: logical=320x240 downsample=1/2x1/2 request=PF_LRect { left: -16, top: -12, right: 176, bottom: 132 } upstream=Rect { left: 0, top: 0, right: 160, bottom: 120 } frame=Rect { left: 0, top: 0, right: 160, bottom: 120 } canvas=Rect { left: 0, top: 0, right: 160, bottom: 120 }
[1788815397] smart cmd (render=false): seq_raw_null=true const_seq_ok=true
[1788815397] smart cmd (render=true): seq_raw_null=true const_seq_ok=true
[1788815397] smart geometry: logical=320x240 downsample=1/2x1/2 request=PF_LRect { left: -16, top: -12, right: 176, bottom: 132 } upstream=Rect { left: 0, top: 0, right: 160, bottom: 120 } frame=Rect { left: 0, top: 0, right: 160, bottom: 120 } canvas=Rect { left: 0, top: 0, right: 160, bottom: 120 }
[1788815397] render enter: Some(F32) in=160x120 out=192x144 win=(-16,-12) token=1008784274097377 compiled=true snap=true t=27648 step=1024 lstep=1024 scale=25600
[1788815397] smart cmd (render=true): seq_raw_null=true const_seq_ok=true
[1788815397] execute_plan ok
[1788815397] render enter: Some(F32) in=160x120 out=192x144 win=(-16,-12) token=1008784274097377 compiled=true snap=true t=28672 step=1024 lstep=1024 scale=25600
[1788815397] smart cmd (render=false): seq_raw_null=true const_seq_ok=true
[1788815397] execute_plan ok
[1788815397] smart geometry: logical=320x240 downsample=1/2x1/2 request=PF_LRect { left: -16, top: -12, right: 176, bottom: 132 } upstream=Rect { left: 0, top: 0, right: 160, bottom: 120 } frame=Rect { left: 0, top: 0, right: 160, bottom: 120 } canvas=Rect { left: 0, top: 0, right: 160, bottom: 120 }
[1788815397] smart cmd (render=true): seq_raw_null=true const_seq_ok=true
[1788815397] render enter: Some(F32) in=160x120 out=192x144 win=(-16,-12) token=1008784274097377 compiled=true snap=true t=29696 step=1024 lstep=1024 scale=25600
[1788815397] smart cmd (render=false): seq_raw_null=true const_seq_ok=true
[1788815397] execute_plan ok
[1788815397] smart geometry: logical=320x240 downsample=1/2x1/2 request=PF_LRect { left: -16, top: -12, right: 176, bottom: 132 } upstream=Rect { left: 0, top: 0, right: 160, bottom: 120 } frame=Rect { left: 0, top: 0, right: 160, bottom: 120 } canvas=Rect { left: 0, top: 0, right: 160, bottom: 120 }
[1788815397] smart cmd (render=true): seq_raw_null=true const_seq_ok=true
[1788815397] render enter: Some(F32) in=160x120 out=192x144 win=(-16,-12) token=1008784274097377 compiled=true snap=true t=30720 step=1024 lstep=1024 scale=25600
[1788815397] execute_plan ok
[1788815397] smart cmd (render=false): seq_raw_null=true const_seq_ok=true
[1788815397] smart geometry: logical=320x240 downsample=1/2x1/2 request=PF_LRect { left: -16, top: -12, right: 176, bottom: 132 } upstream=Rect { left: 0, top: 0, right: 160, bottom: 120 } frame=Rect { left: 0, top: 0, right: 160, bottom: 120 } canvas=Rect { left: 0, top: 0, right: 160, bottom: 120 }
[1788815397] smart cmd (render=true): seq_raw_null=true const_seq_ok=true
[1788815397] render enter: Some(F32) in=160x120 out=192x144 win=(-16,-12) token=1008784274097377 compiled=true snap=true t=31744 step=1024 lstep=1024 scale=25600
[1788815397] execute_plan ok
[1788815397] smart cmd (render=false): seq_raw_null=true const_seq_ok=true
[1788815397] smart geometry: logical=320x240 downsample=1/2x1/2 request=PF_LRect { left: -16, top: -12, right: 176, bottom: 132 } upstream=Rect { left: 0, top: 0, right: 160, bottom: 120 } frame=Rect { left: 0, top: 0, right: 160, bottom: 120 } canvas=Rect { left: 0, top: 0, right: 160, bottom: 120 }
[1788815397] smart cmd (render=true): seq_raw_null=true const_seq_ok=true
[1788815397] render enter: Some(F32) in=160x120 out=192x144 win=(-16,-12) token=1008784274097377 compiled=true snap=true t=32768 step=1024 lstep=1024 scale=25600
[1788815397] execute_plan ok
[1788815397] smart cmd (render=false): seq_raw_null=true const_seq_ok=true
[1788815397] smart geometry: logical=320x240 downsample=1/2x1/2 request=PF_LRect { left: -16, top: -12, right: 176, bottom: 132 } upstream=Rect { left: 0, top: 0, right: 160, bottom: 120 } frame=Rect { left: 0, top: 0, right: 160, bottom: 120 } canvas=Rect { left: 0, top: 0, right: 160, bottom: 120 }
[1788815397] smart cmd (render=true): seq_raw_null=true const_seq_ok=true
[1788815397] render enter: Some(F32) in=160x120 out=192x144 win=(-16,-12) token=1008784274097377 compiled=true snap=true t=33792 step=1024 lstep=1024 scale=25600
[1788815397] execute_plan ok
[1788815397] smart cmd (render=false): seq_raw_null=true const_seq_ok=true
[1788815397] smart geometry: logical=320x240 downsample=1/2x1/2 request=PF_LRect { left: -16, top: -12, right: 176, bottom: 132 } upstream=Rect { left: 0, top: 0, right: 160, bottom: 120 } frame=Rect { left: 0, top: 0, right: 160, bottom: 120 } canvas=Rect { left: 0, top: 0, right: 160, bottom: 120 }
[1788815397] smart cmd (render=false): seq_raw_null=true const_seq_ok=true
[1788815397] smart cmd (render=true): seq_raw_null=true const_seq_ok=true
[1788815397] smart geometry: logical=320x240 downsample=1/2x1/2 request=PF_LRect { left: -16, top: -12, right: 176, bottom: 132 } upstream=Rect { left: 0, top: 0, right: 160, bottom: 120 } frame=Rect { left: 0, top: 0, right: 160, bottom: 120 } canvas=Rect { left: 0, top: 0, right: 160, bottom: 120 }
[1788815397] render enter: Some(F32) in=160x120 out=192x144 win=(-16,-12) token=1008784274097377 compiled=true snap=true t=34816 step=1024 lstep=1024 scale=25600
[1788815397] smart cmd (render=true): seq_raw_null=true const_seq_ok=true
[1788815397] execute_plan ok
[1788815397] render enter: Some(F32) in=160x120 out=192x144 win=(-16,-12) token=1008784274097377 compiled=true snap=true t=35840 step=1024 lstep=1024 scale=25600
[1788815397] smart cmd (render=false): seq_raw_null=true const_seq_ok=true
[1788815397] execute_plan ok
[1788815397] smart geometry: logical=320x240 downsample=1/2x1/2 request=PF_LRect { left: -16, top: -12, right: 176, bottom: 132 } upstream=Rect { left: 0, top: 0, right: 160, bottom: 120 } frame=Rect { left: 0, top: 0, right: 160, bottom: 120 } canvas=Rect { left: 0, top: 0, right: 160, bottom: 120 }
[1788815397] smart cmd (render=true): seq_raw_null=true const_seq_ok=true
[1788815397] render enter: Some(F32) in=160x120 out=192x144 win=(-16,-12) token=1008784274097377 compiled=true snap=true t=36864 step=1024 lstep=1024 scale=25600
[1788815397] smart cmd (render=false): seq_raw_null=true const_seq_ok=true
[1788815397] execute_plan ok
[1788815397] smart geometry: logical=320x240 downsample=1/2x1/2 request=PF_LRect { left: -16, top: -12, right: 176, bottom: 132 } upstream=Rect { left: 0, top: 0, right: 160, bottom: 120 } frame=Rect { left: 0, top: 0, right: 160, bottom: 120 } canvas=Rect { left: 0, top: 0, right: 160, bottom: 120 }
[1788815397] smart cmd (render=true): seq_raw_null=true const_seq_ok=true
[1788815397] render enter: Some(F32) in=160x120 out=192x144 win=(-16,-12) token=1008784274097377 compiled=true snap=true t=37888 step=1024 lstep=1024 scale=25600
[1788815397] execute_plan ok
[1788815397] smart cmd (render=false): seq_raw_null=true const_seq_ok=true
[1788815397] smart geometry: logical=320x240 downsample=1/2x1/2 request=PF_LRect { left: -16, top: -12, right: 176, bottom: 132 } upstream=Rect { left: 0, top: 0, right: 160, bottom: 120 } frame=Rect { left: 0, top: 0, right: 160, bottom: 120 } canvas=Rect { left: 0, top: 0, right: 160, bottom: 120 }
[1788815397] smart cmd (render=true): seq_raw_null=true const_seq_ok=true
[1788815397] render enter: Some(F32) in=160x120 out=192x144 win=(-16,-12) token=1008784274097377 compiled=true snap=true t=38912 step=1024 lstep=1024 scale=25600
[1788815397] execute_plan ok
[1788815397] smart cmd (render=false): seq_raw_null=true const_seq_ok=true
[1788815397] smart geometry: logical=320x240 downsample=1/2x1/2 request=PF_LRect { left: -16, top: -12, right: 176, bottom: 132 } upstream=Rect { left: 0, top: 0, right: 160, bottom: 120 } frame=Rect { left: 0, top: 0, right: 160, bottom: 120 } canvas=Rect { left: 0, top: 0, right: 160, bottom: 120 }
[1788815397] smart cmd (render=true): seq_raw_null=true const_seq_ok=true
[1788815397] render enter: Some(F32) in=160x120 out=192x144 win=(-16,-12) token=1008784274097377 compiled=true snap=true t=39936 step=1024 lstep=1024 scale=25600
[1788815397] execute_plan ok
[1788815397] smart cmd (render=false): seq_raw_null=true const_seq_ok=true
[1788815397] smart geometry: logical=320x240 downsample=1/2x1/2 request=PF_LRect { left: -16, top: -12, right: 176, bottom: 132 } upstream=Rect { left: 0, top: 0, right: 160, bottom: 120 } frame=Rect { left: 0, top: 0, right: 160, bottom: 120 } canvas=Rect { left: 0, top: 0, right: 160, bottom: 120 }
[1788815397] smart cmd (render=true): seq_raw_null=true const_seq_ok=true
[1788815397] render enter: Some(F32) in=160x120 out=192x144 win=(-16,-12) token=1008784274097377 compiled=true snap=true t=40960 step=1024 lstep=1024 scale=25600
[1788815397] execute_plan ok
[1788815397] smart cmd (render=false): seq_raw_null=true const_seq_ok=true
[1788815397] smart geometry: logical=320x240 downsample=1/2x1/2 request=PF_LRect { left: -16, top: -12, right: 176, bottom: 132 } upstream=Rect { left: 0, top: 0, right: 160, bottom: 120 } frame=Rect { left: 0, top: 0, right: 160, bottom: 120 } canvas=Rect { left: 0, top: 0, right: 160, bottom: 120 }
[1788815397] smart cmd (render=false): seq_raw_null=true const_seq_ok=true
[1788815397] smart cmd (render=true): seq_raw_null=true const_seq_ok=true
[1788815397] smart geometry: logical=320x240 downsample=1/2x1/2 request=PF_LRect { left: -16, top: -12, right: 176, bottom: 132 } upstream=Rect { left: 0, top: 0, right: 160, bottom: 120 } frame=Rect { left: 0, top: 0, right: 160, bottom: 120 } canvas=Rect { left: 0, top: 0, right: 160, bottom: 120 }
[1788815397] render enter: Some(F32) in=160x120 out=192x144 win=(-16,-12) token=1008784274097377 compiled=true snap=true t=43008 step=1024 lstep=1024 scale=25600
[1788815397] smart cmd (render=true): seq_raw_null=true const_seq_ok=true
[1788815397] execute_plan ok
[1788815397] render enter: Some(F32) in=160x120 out=192x144 win=(-16,-12) token=1008784274097377 compiled=true snap=true t=41984 step=1024 lstep=1024 scale=25600
[1788815397] smart cmd (render=false): seq_raw_null=true const_seq_ok=true
[1788815397] execute_plan ok
[1788815397] smart geometry: logical=320x240 downsample=1/2x1/2 request=PF_LRect { left: -16, top: -12, right: 176, bottom: 132 } upstream=Rect { left: 0, top: 0, right: 160, bottom: 120 } frame=Rect { left: 0, top: 0, right: 160, bottom: 120 } canvas=Rect { left: 0, top: 0, right: 160, bottom: 120 }
[1788815397] smart cmd (render=true): seq_raw_null=true const_seq_ok=true
[1788815397] render enter: Some(F32) in=160x120 out=192x144 win=(-16,-12) token=1008784274097377 compiled=true snap=true t=44032 step=1024 lstep=1024 scale=25600
[1788815397] smart cmd (render=false): seq_raw_null=true const_seq_ok=true
[1788815397] execute_plan ok
[1788815397] smart geometry: logical=320x240 downsample=1/2x1/2 request=PF_LRect { left: -16, top: -12, right: 176, bottom: 132 } upstream=Rect { left: 0, top: 0, right: 160, bottom: 120 } frame=Rect { left: 0, top: 0, right: 160, bottom: 120 } canvas=Rect { left: 0, top: 0, right: 160, bottom: 120 }
[1788815397] smart cmd (render=true): seq_raw_null=true const_seq_ok=true
[1788815397] render enter: Some(F32) in=160x120 out=192x144 win=(-16,-12) token=1008784274097377 compiled=true snap=true t=45056 step=1024 lstep=1024 scale=25600
[1788815397] execute_plan ok
[1788815397] smart cmd (render=false): seq_raw_null=true const_seq_ok=true
[1788815397] smart geometry: logical=320x240 downsample=1/2x1/2 request=PF_LRect { left: -16, top: -12, right: 176, bottom: 132 } upstream=Rect { left: 0, top: 0, right: 160, bottom: 120 } frame=Rect { left: 0, top: 0, right: 160, bottom: 120 } canvas=Rect { left: 0, top: 0, right: 160, bottom: 120 }
[1788815397] smart cmd (render=true): seq_raw_null=true const_seq_ok=true
[1788815397] render enter: Some(F32) in=160x120 out=192x144 win=(-16,-12) token=1008784274097377 compiled=true snap=true t=46080 step=1024 lstep=1024 scale=25600
[1788815397] execute_plan ok
[1788815397] smart cmd (render=false): seq_raw_null=true const_seq_ok=true
[1788815397] smart geometry: logical=320x240 downsample=1/2x1/2 request=PF_LRect { left: -16, top: -12, right: 176, bottom: 132 } upstream=Rect { left: 0, top: 0, right: 160, bottom: 120 } frame=Rect { left: 0, top: 0, right: 160, bottom: 120 } canvas=Rect { left: 0, top: 0, right: 160, bottom: 120 }
[1788815397] smart cmd (render=true): seq_raw_null=true const_seq_ok=true
[1788815397] render enter: Some(F32) in=160x120 out=192x144 win=(-16,-12) token=1008784274097377 compiled=true snap=true t=47104 step=1024 lstep=1024 scale=25600
[1788815397] execute_plan ok
[1788815397] smart cmd (render=false): seq_raw_null=true const_seq_ok=true
[1788815397] smart geometry: logical=320x240 downsample=1/2x1/2 request=PF_LRect { left: -16, top: -12, right: 176, bottom: 132 } upstream=Rect { left: 0, top: 0, right: 160, bottom: 120 } frame=Rect { left: 0, top: 0, right: 160, bottom: 120 } canvas=Rect { left: 0, top: 0, right: 160, bottom: 120 }
[1788815397] smart cmd (render=true): seq_raw_null=true const_seq_ok=true
[1788815397] render enter: Some(F32) in=160x120 out=192x144 win=(-16,-12) token=1008784274097377 compiled=true snap=true t=48128 step=1024 lstep=1024 scale=25600
[1788815397] execute_plan ok
[1788815397] smart cmd (render=false): seq_raw_null=true const_seq_ok=true
[1788815397] smart cmd (render=false): seq_raw_null=true const_seq_ok=true
[1788815397] smart geometry: logical=320x240 downsample=1/2x1/2 request=PF_LRect { left: -16, top: -12, right: 176, bottom: 132 } upstream=Rect { left: 0, top: 0, right: 160, bottom: 120 } frame=Rect { left: 0, top: 0, right: 160, bottom: 120 } canvas=Rect { left: 0, top: 0, right: 160, bottom: 120 }
[1788815397] smart geometry: logical=320x240 downsample=1/2x1/2 request=PF_LRect { left: -16, top: -12, right: 176, bottom: 132 } upstream=Rect { left: 0, top: 0, right: 160, bottom: 120 } frame=Rect { left: 0, top: 0, right: 160, bottom: 120 } canvas=Rect { left: 0, top: 0, right: 160, bottom: 120 }
[1788815397] smart cmd (render=true): seq_raw_null=true const_seq_ok=true
[1788815397] smart cmd (render=true): seq_raw_null=true const_seq_ok=true
[1788815397] render enter: Some(F32) in=160x120 out=192x144 win=(-16,-12) token=1008784274097377 compiled=true snap=true t=49152 step=1024 lstep=1024 scale=25600
[1788815397] execute_plan ok
[1788815397] render enter: Some(F32) in=160x120 out=192x144 win=(-16,-12) token=1008784274097377 compiled=true snap=true t=50176 step=1024 lstep=1024 scale=25600
[1788815397] execute_plan ok
[1788815408] sequence (re)setup: observation deferred
[1788815408] sequence (re)setup: observation deferred
[1788815408] sequence (re)setup: observation deferred
[1788815408] sequence (re)setup: observation deferred
[1788815408] sequence (re)setup: observation deferred
[1788815408] sequence (re)setup: observation deferred
[1788815408] sequence (re)setup: observation deferred
[1788815408] sequence (re)setup: observation deferred
[1788815408] sequence (re)setup: observation deferred
[1788815408] sequence (re)setup: observation deferred
[1788815408] sequence (re)setup: observation deferred
[1788815408] sequence (re)setup: observation deferred
[1788815408] sequence (re)setup: observation deferred
[1788815408] sequence (re)setup: observation deferred
[1788815408] sequence (re)setup: observation deferred
[1788815408] sequence (re)setup: observation deferred
[1788815408] smart cmd (render=false): seq_raw_null=true const_seq_ok=true
[1788815408] definition rebuilt from snapshot
[1788815408] smart geometry: logical=1280x720 downsample=1/11x1/11 request=PF_LRect { left: -11, top: -6, right: 128, bottom: 72 } upstream=Rect { left: 0, top: 0, right: 117, bottom: 66 } frame=Rect { left: 0, top: 0, right: 117, bottom: 66 } canvas=Rect { left: 0, top: 0, right: 117, bottom: 66 }
[1788815408] smart cmd (render=false): seq_raw_null=true const_seq_ok=true
[1788815408] smart geometry: logical=1280x720 downsample=1/1x1/1 request=PF_LRect { left: -128, top: -72, right: 1408, bottom: 792 } upstream=Rect { left: 0, top: 0, right: 1280, bottom: 720 } frame=Rect { left: 0, top: 0, right: 1280, bottom: 720 } canvas=Rect { left: 0, top: 0, right: 1280, bottom: 720 }
[1788815408] smart cmd (render=true): seq_raw_null=true const_seq_ok=true
[1788815408] render enter: Some(F32) in=1280x720 out=1536x864 win=(-128,-72) token=1396891973754618 compiled=true snap=true t=25600 step=1024 lstep=1024 scale=25600
[1788815408] pipelines built: 1 pass(es), plan 1 step(s), 0 physical intermediate(s) (~0 KiB transient at 1280x720, Rgba32Float working format) (adapter="Apple M5" backend=Metal driver=" ")
[1788815408] execute_plan ok
[1788815408] smart cmd (render=false): seq_raw_null=true const_seq_ok=true
[1788815408] smart geometry: logical=1280x720 downsample=1/11x1/11 request=PF_LRect { left: -11, top: -6, right: 128, bottom: 72 } upstream=Rect { left: 0, top: 0, right: 117, bottom: 66 } frame=Rect { left: 0, top: 0, right: 117, bottom: 66 } canvas=Rect { left: 0, top: 0, right: 117, bottom: 66 }
[1788815408] smart cmd (render=true): seq_raw_null=true const_seq_ok=true
[1788815408] render enter: Some(F32) in=117x66 out=139x78 win=(-11,-6) token=1396891973754618 compiled=true snap=true t=0 step=1024 lstep=1024 scale=25600
[1788815408] execute_plan ok
[1788815408] idle observation: compiled: 3 passes, 0 params
[1788815408] idle observation: compiled: 1 pass, 0 params
[1788815408] idle observation: compiled: 1 pass, 0 params
[1788815408] idle observation: pass `main`: GLSL error: Error { kind: InvalidToken(Identifier("this"), [Eof]), meta: Span { start: 13, end: 17 } }
[1788815408] idle observation: compiled: 3 passes, 0 params
[1788815408] idle observation: compiled: 1 pass, 1 params
[1788815408] idle slot ui applied: 1 bound, 0 defaults written
[1788815408] idle observation: compiled: 1 pass, 12 params
[1788815408] idle slot ui applied: 15 bound, 0 defaults written
[1788815408] idle observation: compiled: 1 pass, 0 params
[1788815416] smart cmd (render=false): seq_raw_null=true const_seq_ok=true
[1788815416] smart geometry: logical=1280x720 downsample=1/1x1/1 request=PF_LRect { left: -128, top: -72, right: 1408, bottom: 792 } upstream=Rect { left: 0, top: 0, right: 1280, bottom: 720 } frame=Rect { left: 0, top: 0, right: 1280, bottom: 720 } canvas=Rect { left: 0, top: 0, right: 1280, bottom: 720 }
[1788815416] smart cmd (render=true): seq_raw_null=true const_seq_ok=true
[1788815416] render enter: Some(F32) in=1280x720 out=1536x864 win=(-128,-72) token=1396891973754618 compiled=true snap=true t=24576 step=1024 lstep=1024 scale=25600
[1788815416] smart cmd (render=false): seq_raw_null=true const_seq_ok=true
[1788815416] execute_plan ok
[1788815416] smart geometry: logical=1280x720 downsample=1/1x1/1 request=PF_LRect { left: -128, top: -72, right: 1408, bottom: 792 } upstream=Rect { left: 0, top: 0, right: 1280, bottom: 720 } frame=Rect { left: 0, top: 0, right: 1280, bottom: 720 } canvas=Rect { left: 0, top: 0, right: 1280, bottom: 720 }
[1788815416] smart cmd (render=true): seq_raw_null=true const_seq_ok=true
[1788815416] render enter: Some(F32) in=1280x720 out=1536x864 win=(-128,-72) token=1396891973754618 compiled=true snap=true t=26624 step=1024 lstep=1024 scale=25600
[1788815416] execute_plan ok
[1788815416] smart cmd (render=false): seq_raw_null=true const_seq_ok=true
[1788815416] smart geometry: logical=1280x720 downsample=1/1x1/1 request=PF_LRect { left: -128, top: -72, right: 1408, bottom: 792 } upstream=Rect { left: 0, top: 0, right: 1280, bottom: 720 } frame=Rect { left: 0, top: 0, right: 1280, bottom: 720 } canvas=Rect { left: 0, top: 0, right: 1280, bottom: 720 }
[1788815416] smart cmd (render=true): seq_raw_null=true const_seq_ok=true
[1788815416] render enter: Some(F32) in=1280x720 out=1536x864 win=(-128,-72) token=1396891973754618 compiled=true snap=true t=23552 step=1024 lstep=1024 scale=25600
[1788815416] execute_plan ok
[1788815416] smart cmd (render=false): seq_raw_null=true const_seq_ok=true
[1788815416] smart geometry: logical=1280x720 downsample=1/1x1/1 request=PF_LRect { left: -128, top: -72, right: 1408, bottom: 792 } upstream=Rect { left: 0, top: 0, right: 1280, bottom: 720 } frame=Rect { left: 0, top: 0, right: 1280, bottom: 720 } canvas=Rect { left: 0, top: 0, right: 1280, bottom: 720 }
[1788815416] smart cmd (render=true): seq_raw_null=true const_seq_ok=true
[1788815416] render enter: Some(F32) in=1280x720 out=1536x864 win=(-128,-72) token=1396891973754618 compiled=true snap=true t=27648 step=1024 lstep=1024 scale=25600
[1788815417] execute_plan ok
[1788815417] smart cmd (render=false): seq_raw_null=true const_seq_ok=true
[1788815417] smart geometry: logical=1280x720 downsample=1/1x1/1 request=PF_LRect { left: -128, top: -72, right: 1408, bottom: 792 } upstream=Rect { left: 0, top: 0, right: 1280, bottom: 720 } frame=Rect { left: 0, top: 0, right: 1280, bottom: 720 } canvas=Rect { left: 0, top: 0, right: 1280, bottom: 720 }
[1788815417] smart cmd (render=true): seq_raw_null=true const_seq_ok=true
[1788815417] render enter: Some(F32) in=1280x720 out=1536x864 win=(-128,-72) token=1396891973754618 compiled=true snap=true t=22528 step=1024 lstep=1024 scale=25600
[1788815417] execute_plan ok
[1788815417] smart cmd (render=false): seq_raw_null=true const_seq_ok=true
[1788815417] smart cmd (render=false): seq_raw_null=true const_seq_ok=true
[1788815417] smart geometry: logical=1280x720 downsample=1/1x1/1 request=PF_LRect { left: -128, top: -72, right: 1408, bottom: 792 } upstream=Rect { left: 0, top: 0, right: 1280, bottom: 720 } frame=Rect { left: 0, top: 0, right: 1280, bottom: 720 } canvas=Rect { left: 0, top: 0, right: 1280, bottom: 720 }
[1788815417] smart geometry: logical=1280x720 downsample=1/1x1/1 request=PF_LRect { left: -128, top: -72, right: 1408, bottom: 792 } upstream=Rect { left: 0, top: 0, right: 1280, bottom: 720 } frame=Rect { left: 0, top: 0, right: 1280, bottom: 720 } canvas=Rect { left: 0, top: 0, right: 1280, bottom: 720 }
[1788815417] smart cmd (render=true): seq_raw_null=true const_seq_ok=true
[1788815417] smart cmd (render=true): seq_raw_null=true const_seq_ok=true
[1788815417] render enter: Some(F32) in=1280x720 out=1536x864 win=(-128,-72) token=1396891973754618 compiled=true snap=true t=21504 step=1024 lstep=1024 scale=25600
[1788815417] execute_plan ok
[1788815417] render enter: Some(F32) in=1280x720 out=1536x864 win=(-128,-72) token=1396891973754618 compiled=true snap=true t=28672 step=1024 lstep=1024 scale=25600
[1788815417] smart cmd (render=false): seq_raw_null=true const_seq_ok=true
[1788815417] execute_plan ok
[1788815417] smart geometry: logical=1280x720 downsample=1/1x1/1 request=PF_LRect { left: -128, top: -72, right: 1408, bottom: 792 } upstream=Rect { left: 0, top: 0, right: 1280, bottom: 720 } frame=Rect { left: 0, top: 0, right: 1280, bottom: 720 } canvas=Rect { left: 0, top: 0, right: 1280, bottom: 720 }
[1788815417] smart cmd (render=true): seq_raw_null=true const_seq_ok=true
[1788815417] render enter: Some(F32) in=1280x720 out=1536x864 win=(-128,-72) token=1396891973754618 compiled=true snap=true t=29696 step=1024 lstep=1024 scale=25600
[1788815417] execute_plan ok
[1788815417] smart cmd (render=false): seq_raw_null=true const_seq_ok=true
[1788815417] smart geometry: logical=1280x720 downsample=1/1x1/1 request=PF_LRect { left: -128, top: -72, right: 1408, bottom: 792 } upstream=Rect { left: 0, top: 0, right: 1280, bottom: 720 } frame=Rect { left: 0, top: 0, right: 1280, bottom: 720 } canvas=Rect { left: 0, top: 0, right: 1280, bottom: 720 }
[1788815417] smart cmd (render=true): seq_raw_null=true const_seq_ok=true
[1788815417] render enter: Some(F32) in=1280x720 out=1536x864 win=(-128,-72) token=1396891973754618 compiled=true snap=true t=20480 step=1024 lstep=1024 scale=25600
[1788815417] execute_plan ok
[1788815417] smart cmd (render=false): seq_raw_null=true const_seq_ok=true
[1788815417] smart geometry: logical=1280x720 downsample=1/1x1/1 request=PF_LRect { left: -128, top: -72, right: 1408, bottom: 792 } upstream=Rect { left: 0, top: 0, right: 1280, bottom: 720 } frame=Rect { left: 0, top: 0, right: 1280, bottom: 720 } canvas=Rect { left: 0, top: 0, right: 1280, bottom: 720 }
[1788815417] smart cmd (render=true): seq_raw_null=true const_seq_ok=true
[1788815417] render enter: Some(F32) in=1280x720 out=1536x864 win=(-128,-72) token=1396891973754618 compiled=true snap=true t=30720 step=1024 lstep=1024 scale=25600
[1788815417] execute_plan ok
[1788815417] smart cmd (render=false): seq_raw_null=true const_seq_ok=true
[1788815417] smart geometry: logical=1280x720 downsample=1/1x1/1 request=PF_LRect { left: -128, top: -72, right: 1408, bottom: 792 } upstream=Rect { left: 0, top: 0, right: 1280, bottom: 720 } frame=Rect { left: 0, top: 0, right: 1280, bottom: 720 } canvas=Rect { left: 0, top: 0, right: 1280, bottom: 720 }
[1788815417] smart cmd (render=true): seq_raw_null=true const_seq_ok=true
[1788815417] render enter: Some(F32) in=1280x720 out=1536x864 win=(-128,-72) token=1396891973754618 compiled=true snap=true t=19456 step=1024 lstep=1024 scale=25600
[1788815417] execute_plan ok
[1788815417] smart cmd (render=false): seq_raw_null=true const_seq_ok=true
[1788815417] smart geometry: logical=1280x720 downsample=1/1x1/1 request=PF_LRect { left: -128, top: -72, right: 1408, bottom: 792 } upstream=Rect { left: 0, top: 0, right: 1280, bottom: 720 } frame=Rect { left: 0, top: 0, right: 1280, bottom: 720 } canvas=Rect { left: 0, top: 0, right: 1280, bottom: 720 }
[1788815417] smart cmd (render=true): seq_raw_null=true const_seq_ok=true
[1788815417] render enter: Some(F32) in=1280x720 out=1536x864 win=(-128,-72) token=1396891973754618 compiled=true snap=true t=31744 step=1024 lstep=1024 scale=25600
[1788815417] execute_plan ok
[1788815417] smart cmd (render=false): seq_raw_null=true const_seq_ok=true
[1788815417] smart cmd (render=false): seq_raw_null=true const_seq_ok=true
[1788815417] smart geometry: logical=1280x720 downsample=1/1x1/1 request=PF_LRect { left: -128, top: -72, right: 1408, bottom: 792 } upstream=Rect { left: 0, top: 0, right: 1280, bottom: 720 } frame=Rect { left: 0, top: 0, right: 1280, bottom: 720 } canvas=Rect { left: 0, top: 0, right: 1280, bottom: 720 }
[1788815417] smart geometry: logical=1280x720 downsample=1/1x1/1 request=PF_LRect { left: -128, top: -72, right: 1408, bottom: 792 } upstream=Rect { left: 0, top: 0, right: 1280, bottom: 720 } frame=Rect { left: 0, top: 0, right: 1280, bottom: 720 } canvas=Rect { left: 0, top: 0, right: 1280, bottom: 720 }
[1788815417] smart cmd (render=true): seq_raw_null=true const_seq_ok=true
[1788815417] smart cmd (render=true): seq_raw_null=true const_seq_ok=true
[1788815417] render enter: Some(F32) in=1280x720 out=1536x864 win=(-128,-72) token=1396891973754618 compiled=true snap=true t=32768 step=1024 lstep=1024 scale=25600
[1788815417] execute_plan ok
[1788815417] render enter: Some(F32) in=1280x720 out=1536x864 win=(-128,-72) token=1396891973754618 compiled=true snap=true t=18432 step=1024 lstep=1024 scale=25600
[1788815417] smart cmd (render=false): seq_raw_null=true const_seq_ok=true
[1788815417] execute_plan ok
[1788815417] smart geometry: logical=1280x720 downsample=1/1x1/1 request=PF_LRect { left: -128, top: -72, right: 1408, bottom: 792 } upstream=Rect { left: 0, top: 0, right: 1280, bottom: 720 } frame=Rect { left: 0, top: 0, right: 1280, bottom: 720 } canvas=Rect { left: 0, top: 0, right: 1280, bottom: 720 }
[1788815417] smart cmd (render=true): seq_raw_null=true const_seq_ok=true
[1788815417] render enter: Some(F32) in=1280x720 out=1536x864 win=(-128,-72) token=1396891973754618 compiled=true snap=true t=17408 step=1024 lstep=1024 scale=25600
[1788815417] smart cmd (render=false): seq_raw_null=true const_seq_ok=true
[1788815417] execute_plan ok
[1788815417] smart geometry: logical=1280x720 downsample=1/1x1/1 request=PF_LRect { left: -128, top: -72, right: 1408, bottom: 792 } upstream=Rect { left: 0, top: 0, right: 1280, bottom: 720 } frame=Rect { left: 0, top: 0, right: 1280, bottom: 720 } canvas=Rect { left: 0, top: 0, right: 1280, bottom: 720 }
[1788815417] smart cmd (render=true): seq_raw_null=true const_seq_ok=true
[1788815417] render enter: Some(F32) in=1280x720 out=1536x864 win=(-128,-72) token=1396891973754618 compiled=true snap=true t=33792 step=1024 lstep=1024 scale=25600
[1788815417] execute_plan ok
[1788815417] smart cmd (render=false): seq_raw_null=true const_seq_ok=true
[1788815417] smart geometry: logical=1280x720 downsample=1/1x1/1 request=PF_LRect { left: -128, top: -72, right: 1408, bottom: 792 } upstream=Rect { left: 0, top: 0, right: 1280, bottom: 720 } frame=Rect { left: 0, top: 0, right: 1280, bottom: 720 } canvas=Rect { left: 0, top: 0, right: 1280, bottom: 720 }
[1788815417] smart cmd (render=true): seq_raw_null=true const_seq_ok=true
[1788815417] render enter: Some(F32) in=1280x720 out=1536x864 win=(-128,-72) token=1396891973754618 compiled=true snap=true t=16384 step=1024 lstep=1024 scale=25600
[1788815417] execute_plan ok
[1788815417] smart cmd (render=false): seq_raw_null=true const_seq_ok=true
[1788815417] smart geometry: logical=1280x720 downsample=1/1x1/1 request=PF_LRect { left: -128, top: -72, right: 1408, bottom: 792 } upstream=Rect { left: 0, top: 0, right: 1280, bottom: 720 } frame=Rect { left: 0, top: 0, right: 1280, bottom: 720 } canvas=Rect { left: 0, top: 0, right: 1280, bottom: 720 }
[1788815417] smart cmd (render=true): seq_raw_null=true const_seq_ok=true
[1788815417] render enter: Some(F32) in=1280x720 out=1536x864 win=(-128,-72) token=1396891973754618 compiled=true snap=true t=34816 step=1024 lstep=1024 scale=25600
[1788815417] execute_plan ok
[1788815417] smart cmd (render=false): seq_raw_null=true const_seq_ok=true
[1788815417] smart geometry: logical=1280x720 downsample=1/1x1/1 request=PF_LRect { left: -128, top: -72, right: 1408, bottom: 792 } upstream=Rect { left: 0, top: 0, right: 1280, bottom: 720 } frame=Rect { left: 0, top: 0, right: 1280, bottom: 720 } canvas=Rect { left: 0, top: 0, right: 1280, bottom: 720 }
[1788815417] smart cmd (render=true): seq_raw_null=true const_seq_ok=true
[1788815417] render enter: Some(F32) in=1280x720 out=1536x864 win=(-128,-72) token=1396891973754618 compiled=true snap=true t=15360 step=1024 lstep=1024 scale=25600
[1788815417] execute_plan ok
[1788815417] smart cmd (render=false): seq_raw_null=true const_seq_ok=true
[1788815417] smart geometry: logical=1280x720 downsample=1/1x1/1 request=PF_LRect { left: -128, top: -72, right: 1408, bottom: 792 } upstream=Rect { left: 0, top: 0, right: 1280, bottom: 720 } frame=Rect { left: 0, top: 0, right: 1280, bottom: 720 } canvas=Rect { left: 0, top: 0, right: 1280, bottom: 720 }
[1788815417] smart cmd (render=false): seq_raw_null=true const_seq_ok=true
[1788815417] smart cmd (render=true): seq_raw_null=true const_seq_ok=true
[1788815417] smart geometry: logical=1280x720 downsample=1/1x1/1 request=PF_LRect { left: -128, top: -72, right: 1408, bottom: 792 } upstream=Rect { left: 0, top: 0, right: 1280, bottom: 720 } frame=Rect { left: 0, top: 0, right: 1280, bottom: 720 } canvas=Rect { left: 0, top: 0, right: 1280, bottom: 720 }
[1788815417] smart cmd (render=true): seq_raw_null=true const_seq_ok=true
[1788815417] render enter: Some(F32) in=1280x720 out=1536x864 win=(-128,-72) token=1396891973754618 compiled=true snap=true t=35840 step=1024 lstep=1024 scale=25600
[1788815417] execute_plan ok
[1788815417] render enter: Some(F32) in=1280x720 out=1536x864 win=(-128,-72) token=1396891973754618 compiled=true snap=true t=14336 step=1024 lstep=1024 scale=25600
[1788815417] smart cmd (render=false): seq_raw_null=true const_seq_ok=true
[1788815417] execute_plan ok
[1788815417] smart geometry: logical=1280x720 downsample=1/1x1/1 request=PF_LRect { left: -128, top: -72, right: 1408, bottom: 792 } upstream=Rect { left: 0, top: 0, right: 1280, bottom: 720 } frame=Rect { left: 0, top: 0, right: 1280, bottom: 720 } canvas=Rect { left: 0, top: 0, right: 1280, bottom: 720 }
[1788815417] smart cmd (render=true): seq_raw_null=true const_seq_ok=true
[1788815417] render enter: Some(F32) in=1280x720 out=1536x864 win=(-128,-72) token=1396891973754618 compiled=true snap=true t=36864 step=1024 lstep=1024 scale=25600
[1788815417] smart cmd (render=false): seq_raw_null=true const_seq_ok=true
[1788815417] execute_plan ok
[1788815417] smart geometry: logical=1280x720 downsample=1/1x1/1 request=PF_LRect { left: -128, top: -72, right: 1408, bottom: 792 } upstream=Rect { left: 0, top: 0, right: 1280, bottom: 720 } frame=Rect { left: 0, top: 0, right: 1280, bottom: 720 } canvas=Rect { left: 0, top: 0, right: 1280, bottom: 720 }
[1788815417] smart cmd (render=true): seq_raw_null=true const_seq_ok=true
[1788815417] render enter: Some(F32) in=1280x720 out=1536x864 win=(-128,-72) token=1396891973754618 compiled=true snap=true t=13312 step=1024 lstep=1024 scale=25600
[1788815417] execute_plan ok
[1788815417] smart cmd (render=false): seq_raw_null=true const_seq_ok=true
[1788815417] smart geometry: logical=1280x720 downsample=1/1x1/1 request=PF_LRect { left: -128, top: -72, right: 1408, bottom: 792 } upstream=Rect { left: 0, top: 0, right: 1280, bottom: 720 } frame=Rect { left: 0, top: 0, right: 1280, bottom: 720 } canvas=Rect { left: 0, top: 0, right: 1280, bottom: 720 }
[1788815417] smart cmd (render=true): seq_raw_null=true const_seq_ok=true
[1788815417] render enter: Some(F32) in=1280x720 out=1536x864 win=(-128,-72) token=1396891973754618 compiled=true snap=true t=37888 step=1024 lstep=1024 scale=25600
[1788815417] execute_plan ok
[1788815417] smart cmd (render=false): seq_raw_null=true const_seq_ok=true
[1788815417] smart geometry: logical=1280x720 downsample=1/1x1/1 request=PF_LRect { left: -128, top: -72, right: 1408, bottom: 792 } upstream=Rect { left: 0, top: 0, right: 1280, bottom: 720 } frame=Rect { left: 0, top: 0, right: 1280, bottom: 720 } canvas=Rect { left: 0, top: 0, right: 1280, bottom: 720 }
[1788815417] smart cmd (render=true): seq_raw_null=true const_seq_ok=true
[1788815417] render enter: Some(F32) in=1280x720 out=1536x864 win=(-128,-72) token=1396891973754618 compiled=true snap=true t=12288 step=1024 lstep=1024 scale=25600
[1788815417] execute_plan ok
[1788815417] smart cmd (render=false): seq_raw_null=true const_seq_ok=true
[1788815417] smart geometry: logical=1280x720 downsample=1/1x1/1 request=PF_LRect { left: -128, top: -72, right: 1408, bottom: 792 } upstream=Rect { left: 0, top: 0, right: 1280, bottom: 720 } frame=Rect { left: 0, top: 0, right: 1280, bottom: 720 } canvas=Rect { left: 0, top: 0, right: 1280, bottom: 720 }
[1788815417] smart cmd (render=true): seq_raw_null=true const_seq_ok=true
[1788815417] render enter: Some(F32) in=1280x720 out=1536x864 win=(-128,-72) token=1396891973754618 compiled=true snap=true t=38912 step=1024 lstep=1024 scale=25600
[1788815417] execute_plan ok
[1788815417] smart cmd (render=false): seq_raw_null=true const_seq_ok=true
[1788815417] smart cmd (render=false): seq_raw_null=true const_seq_ok=true
[1788815417] smart geometry: logical=1280x720 downsample=1/1x1/1 request=PF_LRect { left: -128, top: -72, right: 1408, bottom: 792 } upstream=Rect { left: 0, top: 0, right: 1280, bottom: 720 } frame=Rect { left: 0, top: 0, right: 1280, bottom: 720 } canvas=Rect { left: 0, top: 0, right: 1280, bottom: 720 }
[1788815417] smart geometry: logical=1280x720 downsample=1/1x1/1 request=PF_LRect { left: -128, top: -72, right: 1408, bottom: 792 } upstream=Rect { left: 0, top: 0, right: 1280, bottom: 720 } frame=Rect { left: 0, top: 0, right: 1280, bottom: 720 } canvas=Rect { left: 0, top: 0, right: 1280, bottom: 720 }
[1788815417] smart cmd (render=true): seq_raw_null=true const_seq_ok=true
[1788815417] smart cmd (render=true): seq_raw_null=true const_seq_ok=true
[1788815417] render enter: Some(F32) in=1280x720 out=1536x864 win=(-128,-72) token=1396891973754618 compiled=true snap=true t=39936 step=1024 lstep=1024 scale=25600
[1788815417] execute_plan ok
[1788815417] render enter: Some(F32) in=1280x720 out=1536x864 win=(-128,-72) token=1396891973754618 compiled=true snap=true t=11264 step=1024 lstep=1024 scale=25600
[1788815417] smart cmd (render=false): seq_raw_null=true const_seq_ok=true
[1788815417] execute_plan ok
[1788815417] smart geometry: logical=1280x720 downsample=1/1x1/1 request=PF_LRect { left: -128, top: -72, right: 1408, bottom: 792 } upstream=Rect { left: 0, top: 0, right: 1280, bottom: 720 } frame=Rect { left: 0, top: 0, right: 1280, bottom: 720 } canvas=Rect { left: 0, top: 0, right: 1280, bottom: 720 }
[1788815417] smart cmd (render=true): seq_raw_null=true const_seq_ok=true
[1788815417] render enter: Some(F32) in=1280x720 out=1536x864 win=(-128,-72) token=1396891973754618 compiled=true snap=true t=10240 step=1024 lstep=1024 scale=25600
[1788815417] smart cmd (render=false): seq_raw_null=true const_seq_ok=true
[1788815417] execute_plan ok
[1788815417] smart geometry: logical=1280x720 downsample=1/1x1/1 request=PF_LRect { left: -128, top: -72, right: 1408, bottom: 792 } upstream=Rect { left: 0, top: 0, right: 1280, bottom: 720 } frame=Rect { left: 0, top: 0, right: 1280, bottom: 720 } canvas=Rect { left: 0, top: 0, right: 1280, bottom: 720 }
[1788815417] smart cmd (render=true): seq_raw_null=true const_seq_ok=true
[1788815417] render enter: Some(F32) in=1280x720 out=1536x864 win=(-128,-72) token=1396891973754618 compiled=true snap=true t=40960 step=1024 lstep=1024 scale=25600
[1788815417] execute_plan ok
[1788815417] smart cmd (render=false): seq_raw_null=true const_seq_ok=true
[1788815417] smart geometry: logical=1280x720 downsample=1/1x1/1 request=PF_LRect { left: -128, top: -72, right: 1408, bottom: 792 } upstream=Rect { left: 0, top: 0, right: 1280, bottom: 720 } frame=Rect { left: 0, top: 0, right: 1280, bottom: 720 } canvas=Rect { left: 0, top: 0, right: 1280, bottom: 720 }
[1788815417] smart cmd (render=true): seq_raw_null=true const_seq_ok=true
[1788815417] render enter: Some(F32) in=1280x720 out=1536x864 win=(-128,-72) token=1396891973754618 compiled=true snap=true t=9216 step=1024 lstep=1024 scale=25600
[1788815417] execute_plan ok
[1788815417] smart cmd (render=false): seq_raw_null=true const_seq_ok=true
[1788815417] smart geometry: logical=1280x720 downsample=1/1x1/1 request=PF_LRect { left: -128, top: -72, right: 1408, bottom: 792 } upstream=Rect { left: 0, top: 0, right: 1280, bottom: 720 } frame=Rect { left: 0, top: 0, right: 1280, bottom: 720 } canvas=Rect { left: 0, top: 0, right: 1280, bottom: 720 }
[1788815417] smart cmd (render=true): seq_raw_null=true const_seq_ok=true
[1788815417] render enter: Some(F32) in=1280x720 out=1536x864 win=(-128,-72) token=1396891973754618 compiled=true snap=true t=41984 step=1024 lstep=1024 scale=25600
[1788815417] execute_plan ok
[1788815417] smart cmd (render=false): seq_raw_null=true const_seq_ok=true
[1788815417] smart geometry: logical=1280x720 downsample=1/1x1/1 request=PF_LRect { left: -128, top: -72, right: 1408, bottom: 792 } upstream=Rect { left: 0, top: 0, right: 1280, bottom: 720 } frame=Rect { left: 0, top: 0, right: 1280, bottom: 720 } canvas=Rect { left: 0, top: 0, right: 1280, bottom: 720 }
[1788815417] smart cmd (render=true): seq_raw_null=true const_seq_ok=true
[1788815417] render enter: Some(F32) in=1280x720 out=1536x864 win=(-128,-72) token=1396891973754618 compiled=true snap=true t=8192 step=1024 lstep=1024 scale=25600
[1788815417] execute_plan ok
[1788815417] smart cmd (render=false): seq_raw_null=true const_seq_ok=true
[1788815417] smart cmd (render=false): seq_raw_null=true const_seq_ok=true
[1788815417] smart geometry: logical=1280x720 downsample=1/1x1/1 request=PF_LRect { left: -128, top: -72, right: 1408, bottom: 792 } upstream=Rect { left: 0, top: 0, right: 1280, bottom: 720 } frame=Rect { left: 0, top: 0, right: 1280, bottom: 720 } canvas=Rect { left: 0, top: 0, right: 1280, bottom: 720 }
[1788815417] smart geometry: logical=1280x720 downsample=1/1x1/1 request=PF_LRect { left: -128, top: -72, right: 1408, bottom: 792 } upstream=Rect { left: 0, top: 0, right: 1280, bottom: 720 } frame=Rect { left: 0, top: 0, right: 1280, bottom: 720 } canvas=Rect { left: 0, top: 0, right: 1280, bottom: 720 }
[1788815417] smart cmd (render=true): seq_raw_null=true const_seq_ok=true
[1788815417] smart cmd (render=true): seq_raw_null=true const_seq_ok=true
[1788815417] render enter: Some(F32) in=1280x720 out=1536x864 win=(-128,-72) token=1396891973754618 compiled=true snap=true t=43008 step=1024 lstep=1024 scale=25600
[1788815417] execute_plan ok
[1788815417] render enter: Some(F32) in=1280x720 out=1536x864 win=(-128,-72) token=1396891973754618 compiled=true snap=true t=7168 step=1024 lstep=1024 scale=25600
[1788815417] execute_plan ok
[1788815417] smart cmd (render=false): seq_raw_null=true const_seq_ok=true
[1788815417] smart cmd (render=false): seq_raw_null=true const_seq_ok=true
[1788815417] smart geometry: logical=1280x720 downsample=1/1x1/1 request=PF_LRect { left: -128, top: -72, right: 1408, bottom: 792 } upstream=Rect { left: 0, top: 0, right: 1280, bottom: 720 } frame=Rect { left: 0, top: 0, right: 1280, bottom: 720 } canvas=Rect { left: 0, top: 0, right: 1280, bottom: 720 }
[1788815417] smart geometry: logical=1280x720 downsample=1/1x1/1 request=PF_LRect { left: -128, top: -72, right: 1408, bottom: 792 } upstream=Rect { left: 0, top: 0, right: 1280, bottom: 720 } frame=Rect { left: 0, top: 0, right: 1280, bottom: 720 } canvas=Rect { left: 0, top: 0, right: 1280, bottom: 720 }
[1788815417] smart cmd (render=true): seq_raw_null=true const_seq_ok=true
[1788815417] smart cmd (render=true): seq_raw_null=true const_seq_ok=true
[1788815417] render enter: Some(F32) in=1280x720 out=1536x864 win=(-128,-72) token=1396891973754618 compiled=true snap=true t=44032 step=1024 lstep=1024 scale=25600
[1788815417] execute_plan ok
[1788815417] render enter: Some(F32) in=1280x720 out=1536x864 win=(-128,-72) token=1396891973754618 compiled=true snap=true t=6144 step=1024 lstep=1024 scale=25600
[1788815417] execute_plan ok
[1788815417] smart cmd (render=false): seq_raw_null=true const_seq_ok=true
[1788815417] smart geometry: logical=1280x720 downsample=1/1x1/1 request=PF_LRect { left: -128, top: -72, right: 1408, bottom: 792 } upstream=Rect { left: 0, top: 0, right: 1280, bottom: 720 } frame=Rect { left: 0, top: 0, right: 1280, bottom: 720 } canvas=Rect { left: 0, top: 0, right: 1280, bottom: 720 }
[1788815417] smart cmd (render=true): seq_raw_null=true const_seq_ok=true
[1788815417] render enter: Some(F32) in=1280x720 out=1536x864 win=(-128,-72) token=1396891973754618 compiled=true snap=true t=45056 step=1024 lstep=1024 scale=25600
[1788815417] execute_plan ok
[1788815417] smart cmd (render=false): seq_raw_null=true const_seq_ok=true
[1788815417] smart geometry: logical=1280x720 downsample=1/1x1/1 request=PF_LRect { left: -128, top: -72, right: 1408, bottom: 792 } upstream=Rect { left: 0, top: 0, right: 1280, bottom: 720 } frame=Rect { left: 0, top: 0, right: 1280, bottom: 720 } canvas=Rect { left: 0, top: 0, right: 1280, bottom: 720 }
[1788815417] smart cmd (render=true): seq_raw_null=true const_seq_ok=true
[1788815417] render enter: Some(F32) in=1280x720 out=1536x864 win=(-128,-72) token=1396891973754618 compiled=true snap=true t=5120 step=1024 lstep=1024 scale=25600
[1788815417] execute_plan ok
[1788815417] smart cmd (render=false): seq_raw_null=true const_seq_ok=true
[1788815417] smart geometry: logical=1280x720 downsample=1/1x1/1 request=PF_LRect { left: -128, top: -72, right: 1408, bottom: 792 } upstream=Rect { left: 0, top: 0, right: 1280, bottom: 720 } frame=Rect { left: 0, top: 0, right: 1280, bottom: 720 } canvas=Rect { left: 0, top: 0, right: 1280, bottom: 720 }
[1788815417] smart cmd (render=true): seq_raw_null=true const_seq_ok=true
[1788815417] render enter: Some(F32) in=1280x720 out=1536x864 win=(-128,-72) token=1396891973754618 compiled=true snap=true t=46080 step=1024 lstep=1024 scale=25600
[1788815417] execute_plan ok
[1788815417] smart cmd (render=false): seq_raw_null=true const_seq_ok=true
[1788815417] smart cmd (render=false): seq_raw_null=true const_seq_ok=true
[1788815417] smart geometry: logical=1280x720 downsample=1/1x1/1 request=PF_LRect { left: -128, top: -72, right: 1408, bottom: 792 } upstream=Rect { left: 0, top: 0, right: 1280, bottom: 720 } frame=Rect { left: 0, top: 0, right: 1280, bottom: 720 } canvas=Rect { left: 0, top: 0, right: 1280, bottom: 720 }
[1788815417] smart geometry: logical=1280x720 downsample=1/1x1/1 request=PF_LRect { left: -128, top: -72, right: 1408, bottom: 792 } upstream=Rect { left: 0, top: 0, right: 1280, bottom: 720 } frame=Rect { left: 0, top: 0, right: 1280, bottom: 720 } canvas=Rect { left: 0, top: 0, right: 1280, bottom: 720 }
[1788815417] smart cmd (render=true): seq_raw_null=true const_seq_ok=true
[1788815417] smart cmd (render=true): seq_raw_null=true const_seq_ok=true
[1788815417] render enter: Some(F32) in=1280x720 out=1536x864 win=(-128,-72) token=1396891973754618 compiled=true snap=true t=47104 step=1024 lstep=1024 scale=25600
[1788815417] execute_plan ok
[1788815417] render enter: Some(F32) in=1280x720 out=1536x864 win=(-128,-72) token=1396891973754618 compiled=true snap=true t=4096 step=1024 lstep=1024 scale=25600
[1788815417] smart cmd (render=false): seq_raw_null=true const_seq_ok=true
[1788815417] execute_plan ok
[1788815417] smart geometry: logical=1280x720 downsample=1/1x1/1 request=PF_LRect { left: -128, top: -72, right: 1408, bottom: 792 } upstream=Rect { left: 0, top: 0, right: 1280, bottom: 720 } frame=Rect { left: 0, top: 0, right: 1280, bottom: 720 } canvas=Rect { left: 0, top: 0, right: 1280, bottom: 720 }
[1788815417] smart cmd (render=true): seq_raw_null=true const_seq_ok=true
[1788815417] render enter: Some(F32) in=1280x720 out=1536x864 win=(-128,-72) token=1396891973754618 compiled=true snap=true t=3072 step=1024 lstep=1024 scale=25600
[1788815417] smart cmd (render=false): seq_raw_null=true const_seq_ok=true
[1788815417] execute_plan ok
[1788815417] smart geometry: logical=1280x720 downsample=1/1x1/1 request=PF_LRect { left: -128, top: -72, right: 1408, bottom: 792 } upstream=Rect { left: 0, top: 0, right: 1280, bottom: 720 } frame=Rect { left: 0, top: 0, right: 1280, bottom: 720 } canvas=Rect { left: 0, top: 0, right: 1280, bottom: 720 }
[1788815417] smart cmd (render=true): seq_raw_null=true const_seq_ok=true
[1788815417] render enter: Some(F32) in=1280x720 out=1536x864 win=(-128,-72) token=1396891973754618 compiled=true snap=true t=48128 step=1024 lstep=1024 scale=25600
[1788815417] execute_plan ok
[1788815417] smart cmd (render=false): seq_raw_null=true const_seq_ok=true
[1788815417] smart geometry: logical=1280x720 downsample=1/1x1/1 request=PF_LRect { left: -128, top: -72, right: 1408, bottom: 792 } upstream=Rect { left: 0, top: 0, right: 1280, bottom: 720 } frame=Rect { left: 0, top: 0, right: 1280, bottom: 720 } canvas=Rect { left: 0, top: 0, right: 1280, bottom: 720 }
[1788815417] smart cmd (render=true): seq_raw_null=true const_seq_ok=true
[1788815417] render enter: Some(F32) in=1280x720 out=1536x864 win=(-128,-72) token=1396891973754618 compiled=true snap=true t=2048 step=1024 lstep=1024 scale=25600
[1788815417] execute_plan ok
[1788815417] smart cmd (render=false): seq_raw_null=true const_seq_ok=true
[1788815417] smart geometry: logical=1280x720 downsample=1/1x1/1 request=PF_LRect { left: -128, top: -72, right: 1408, bottom: 792 } upstream=Rect { left: 0, top: 0, right: 1280, bottom: 720 } frame=Rect { left: 0, top: 0, right: 1280, bottom: 720 } canvas=Rect { left: 0, top: 0, right: 1280, bottom: 720 }
[1788815417] smart cmd (render=true): seq_raw_null=true const_seq_ok=true
[1788815417] render enter: Some(F32) in=1280x720 out=1536x864 win=(-128,-72) token=1396891973754618 compiled=true snap=true t=49152 step=1024 lstep=1024 scale=25600
[1788815417] execute_plan ok
[1788815417] smart cmd (render=false): seq_raw_null=true const_seq_ok=true
[1788815417] smart geometry: logical=1280x720 downsample=1/1x1/1 request=PF_LRect { left: -128, top: -72, right: 1408, bottom: 792 } upstream=Rect { left: 0, top: 0, right: 1280, bottom: 720 } frame=Rect { left: 0, top: 0, right: 1280, bottom: 720 } canvas=Rect { left: 0, top: 0, right: 1280, bottom: 720 }
[1788815417] smart cmd (render=true): seq_raw_null=true const_seq_ok=true
[1788815417] render enter: Some(F32) in=1280x720 out=1536x864 win=(-128,-72) token=1396891973754618 compiled=true snap=true t=1024 step=1024 lstep=1024 scale=25600
[1788815417] execute_plan ok
[1788815417] smart cmd (render=false): seq_raw_null=true const_seq_ok=true
[1788815417] smart cmd (render=false): seq_raw_null=true const_seq_ok=true
[1788815417] smart geometry: logical=1280x720 downsample=1/1x1/1 request=PF_LRect { left: -128, top: -72, right: 1408, bottom: 792 } upstream=Rect { left: 0, top: 0, right: 1280, bottom: 720 } frame=Rect { left: 0, top: 0, right: 1280, bottom: 720 } canvas=Rect { left: 0, top: 0, right: 1280, bottom: 720 }
[1788815417] smart geometry: logical=1280x720 downsample=1/1x1/1 request=PF_LRect { left: -128, top: -72, right: 1408, bottom: 792 } upstream=Rect { left: 0, top: 0, right: 1280, bottom: 720 } frame=Rect { left: 0, top: 0, right: 1280, bottom: 720 } canvas=Rect { left: 0, top: 0, right: 1280, bottom: 720 }
[1788815417] smart cmd (render=true): seq_raw_null=true const_seq_ok=true
[1788815417] smart cmd (render=true): seq_raw_null=true const_seq_ok=true
[1788815417] render enter: Some(F32) in=1280x720 out=1536x864 win=(-128,-72) token=1396891973754618 compiled=true snap=true t=50176 step=1024 lstep=1024 scale=25600
[1788815417] execute_plan ok
[1788815417] render enter: Some(F32) in=1280x720 out=1536x864 win=(-128,-72) token=1396891973754618 compiled=true snap=true t=0 step=1024 lstep=1024 scale=25600
[1788815417] execute_plan ok
[1788815417] smart cmd (render=false): seq_raw_null=true const_seq_ok=true
[1788815417] smart cmd (render=false): seq_raw_null=true const_seq_ok=true
[1788815417] smart geometry: logical=1280x720 downsample=1/1x1/1 request=PF_LRect { left: -128, top: -72, right: 1408, bottom: 792 } upstream=Rect { left: 0, top: 0, right: 1280, bottom: 720 } frame=Rect { left: 0, top: 0, right: 1280, bottom: 720 } canvas=Rect { left: 0, top: 0, right: 1280, bottom: 720 }
[1788815417] smart geometry: logical=1280x720 downsample=1/1x1/1 request=PF_LRect { left: -128, top: -72, right: 1408, bottom: 792 } upstream=Rect { left: 0, top: 0, right: 1280, bottom: 720 } frame=Rect { left: 0, top: 0, right: 1280, bottom: 720 } canvas=Rect { left: 0, top: 0, right: 1280, bottom: 720 }
[1788815417] smart cmd (render=true): seq_raw_null=true const_seq_ok=true
[1788815417] smart cmd (render=true): seq_raw_null=true const_seq_ok=true
[1788815417] render enter: Some(F32) in=1280x720 out=1536x864 win=(-128,-72) token=1396891973754618 compiled=true snap=true t=52224 step=1024 lstep=1024 scale=25600
[1788815417] execute_plan ok
[1788815417] render enter: Some(F32) in=1280x720 out=1536x864 win=(-128,-72) token=1396891973754618 compiled=true snap=true t=51200 step=1024 lstep=1024 scale=25600
[1788815417] execute_plan ok
[1788815417] smart cmd (render=false): seq_raw_null=true const_seq_ok=true
[1788815417] smart geometry: logical=1280x720 downsample=1/1x1/1 request=PF_LRect { left: -128, top: -72, right: 1408, bottom: 792 } upstream=Rect { left: 0, top: 0, right: 1280, bottom: 720 } frame=Rect { left: 0, top: 0, right: 1280, bottom: 720 } canvas=Rect { left: 0, top: 0, right: 1280, bottom: 720 }
[1788815417] smart cmd (render=true): seq_raw_null=true const_seq_ok=true
[1788815417] render enter: Some(F32) in=1280x720 out=1536x864 win=(-128,-72) token=1396891973754618 compiled=true snap=true t=53248 step=1024 lstep=1024 scale=25600
[1788815417] execute_plan ok
[1788815417] smart cmd (render=false): seq_raw_null=true const_seq_ok=true
[1788815417] smart geometry: logical=1280x720 downsample=1/1x1/1 request=PF_LRect { left: -128, top: -72, right: 1408, bottom: 792 } upstream=Rect { left: 0, top: 0, right: 1280, bottom: 720 } frame=Rect { left: 0, top: 0, right: 1280, bottom: 720 } canvas=Rect { left: 0, top: 0, right: 1280, bottom: 720 }
[1788815417] smart cmd (render=true): seq_raw_null=true const_seq_ok=true
[1788815417] render enter: Some(F32) in=1280x720 out=1536x864 win=(-128,-72) token=1396891973754618 compiled=true snap=true t=54272 step=1024 lstep=1024 scale=25600
[1788815417] execute_plan ok
[1788815417] smart cmd (render=false): seq_raw_null=true const_seq_ok=true
[1788815417] smart geometry: logical=1280x720 downsample=1/1x1/1 request=PF_LRect { left: -128, top: -72, right: 1408, bottom: 792 } upstream=Rect { left: 0, top: 0, right: 1280, bottom: 720 } frame=Rect { left: 0, top: 0, right: 1280, bottom: 720 } canvas=Rect { left: 0, top: 0, right: 1280, bottom: 720 }
[1788815417] smart cmd (render=true): seq_raw_null=true const_seq_ok=true
[1788815417] render enter: Some(F32) in=1280x720 out=1536x864 win=(-128,-72) token=1396891973754618 compiled=true snap=true t=55296 step=1024 lstep=1024 scale=25600
[1788815417] execute_plan ok
[1788815417] smart cmd (render=false): seq_raw_null=true const_seq_ok=true
[1788815417] smart cmd (render=false): seq_raw_null=true const_seq_ok=true
[1788815417] smart geometry: logical=1280x720 downsample=1/1x1/1 request=PF_LRect { left: -128, top: -72, right: 1408, bottom: 792 } upstream=Rect { left: 0, top: 0, right: 1280, bottom: 720 } frame=Rect { left: 0, top: 0, right: 1280, bottom: 720 } canvas=Rect { left: 0, top: 0, right: 1280, bottom: 720 }
[1788815417] smart geometry: logical=1280x720 downsample=1/1x1/1 request=PF_LRect { left: -128, top: -72, right: 1408, bottom: 792 } upstream=Rect { left: 0, top: 0, right: 1280, bottom: 720 } frame=Rect { left: 0, top: 0, right: 1280, bottom: 720 } canvas=Rect { left: 0, top: 0, right: 1280, bottom: 720 }
[1788815417] smart cmd (render=true): seq_raw_null=true const_seq_ok=true
[1788815417] smart cmd (render=true): seq_raw_null=true const_seq_ok=true
[1788815417] render enter: Some(F32) in=1280x720 out=1536x864 win=(-128,-72) token=1396891973754618 compiled=true snap=true t=56320 step=1024 lstep=1024 scale=25600
[1788815417] execute_plan ok
[1788815417] render enter: Some(F32) in=1280x720 out=1536x864 win=(-128,-72) token=1396891973754618 compiled=true snap=true t=57344 step=1024 lstep=1024 scale=25600
[1788815417] smart cmd (render=false): seq_raw_null=true const_seq_ok=true
[1788815417] execute_plan ok
[1788815417] smart geometry: logical=1280x720 downsample=1/1x1/1 request=PF_LRect { left: -128, top: -72, right: 1408, bottom: 792 } upstream=Rect { left: 0, top: 0, right: 1280, bottom: 720 } frame=Rect { left: 0, top: 0, right: 1280, bottom: 720 } canvas=Rect { left: 0, top: 0, right: 1280, bottom: 720 }
[1788815417] smart cmd (render=true): seq_raw_null=true const_seq_ok=true
[1788815417] render enter: Some(F32) in=1280x720 out=1536x864 win=(-128,-72) token=1396891973754618 compiled=true snap=true t=58368 step=1024 lstep=1024 scale=25600
[1788815417] smart cmd (render=false): seq_raw_null=true const_seq_ok=true
[1788815417] execute_plan ok
[1788815417] smart geometry: logical=1280x720 downsample=1/1x1/1 request=PF_LRect { left: -128, top: -72, right: 1408, bottom: 792 } upstream=Rect { left: 0, top: 0, right: 1280, bottom: 720 } frame=Rect { left: 0, top: 0, right: 1280, bottom: 720 } canvas=Rect { left: 0, top: 0, right: 1280, bottom: 720 }
[1788815417] smart cmd (render=true): seq_raw_null=true const_seq_ok=true
[1788815417] render enter: Some(F32) in=1280x720 out=1536x864 win=(-128,-72) token=1396891973754618 compiled=true snap=true t=59392 step=1024 lstep=1024 scale=25600
[1788815417] execute_plan ok
[1788815417] smart cmd (render=false): seq_raw_null=true const_seq_ok=true
[1788815417] smart geometry: logical=1280x720 downsample=1/1x1/1 request=PF_LRect { left: -128, top: -72, right: 1408, bottom: 792 } upstream=Rect { left: 0, top: 0, right: 1280, bottom: 720 } frame=Rect { left: 0, top: 0, right: 1280, bottom: 720 } canvas=Rect { left: 0, top: 0, right: 1280, bottom: 720 }
[1788815417] smart cmd (render=true): seq_raw_null=true const_seq_ok=true
[1788815417] render enter: Some(F32) in=1280x720 out=1536x864 win=(-128,-72) token=1396891973754618 compiled=true snap=true t=60416 step=1024 lstep=1024 scale=25600
[1788815417] execute_plan ok
[1788815417] smart cmd (render=false): seq_raw_null=true const_seq_ok=true
[1788815417] smart geometry: logical=1280x720 downsample=1/1x1/1 request=PF_LRect { left: -128, top: -72, right: 1408, bottom: 792 } upstream=Rect { left: 0, top: 0, right: 1280, bottom: 720 } frame=Rect { left: 0, top: 0, right: 1280, bottom: 720 } canvas=Rect { left: 0, top: 0, right: 1280, bottom: 720 }
[1788815417] smart cmd (render=true): seq_raw_null=true const_seq_ok=true
[1788815417] render enter: Some(F32) in=1280x720 out=1536x864 win=(-128,-72) token=1396891973754618 compiled=true snap=true t=61440 step=1024 lstep=1024 scale=25600
[1788815417] execute_plan ok
[1788815417] smart cmd (render=false): seq_raw_null=true const_seq_ok=true
[1788815417] smart geometry: logical=1280x720 downsample=1/1x1/1 request=PF_LRect { left: -128, top: -72, right: 1408, bottom: 792 } upstream=Rect { left: 0, top: 0, right: 1280, bottom: 720 } frame=Rect { left: 0, top: 0, right: 1280, bottom: 720 } canvas=Rect { left: 0, top: 0, right: 1280, bottom: 720 }
[1788815417] smart cmd (render=true): seq_raw_null=true const_seq_ok=true
[1788815417] render enter: Some(F32) in=1280x720 out=1536x864 win=(-128,-72) token=1396891973754618 compiled=true snap=true t=62464 step=1024 lstep=1024 scale=25600
[1788815417] execute_plan ok
[1788815417] smart cmd (render=false): seq_raw_null=true const_seq_ok=true
[1788815417] smart geometry: logical=1280x720 downsample=1/1x1/1 request=PF_LRect { left: -128, top: -72, right: 1408, bottom: 792 } upstream=Rect { left: 0, top: 0, right: 1280, bottom: 720 } frame=Rect { left: 0, top: 0, right: 1280, bottom: 720 } canvas=Rect { left: 0, top: 0, right: 1280, bottom: 720 }
[1788815417] smart cmd (render=false): seq_raw_null=true const_seq_ok=true
[1788815417] smart cmd (render=true): seq_raw_null=true const_seq_ok=true
[1788815417] smart geometry: logical=1280x720 downsample=1/1x1/1 request=PF_LRect { left: -128, top: -72, right: 1408, bottom: 792 } upstream=Rect { left: 0, top: 0, right: 1280, bottom: 720 } frame=Rect { left: 0, top: 0, right: 1280, bottom: 720 } canvas=Rect { left: 0, top: 0, right: 1280, bottom: 720 }
[1788815417] smart cmd (render=true): seq_raw_null=true const_seq_ok=true
[1788815417] render enter: Some(F32) in=1280x720 out=1536x864 win=(-128,-72) token=1396891973754618 compiled=true snap=true t=64512 step=1024 lstep=1024 scale=25600
[1788815417] execute_plan ok
[1788815417] render enter: Some(F32) in=1280x720 out=1536x864 win=(-128,-72) token=1396891973754618 compiled=true snap=true t=63488 step=1024 lstep=1024 scale=25600
[1788815417] smart cmd (render=false): seq_raw_null=true const_seq_ok=true
[1788815417] execute_plan ok
[1788815417] smart geometry: logical=1280x720 downsample=1/1x1/1 request=PF_LRect { left: -128, top: -72, right: 1408, bottom: 792 } upstream=Rect { left: 0, top: 0, right: 1280, bottom: 720 } frame=Rect { left: 0, top: 0, right: 1280, bottom: 720 } canvas=Rect { left: 0, top: 0, right: 1280, bottom: 720 }
[1788815417] smart cmd (render=true): seq_raw_null=true const_seq_ok=true
[1788815417] render enter: Some(F32) in=1280x720 out=1536x864 win=(-128,-72) token=1396891973754618 compiled=true snap=true t=65536 step=1024 lstep=1024 scale=25600
[1788815417] execute_plan ok
[1788815417] smart cmd (render=false): seq_raw_null=true const_seq_ok=true
[1788815417] smart geometry: logical=1280x720 downsample=1/1x1/1 request=PF_LRect { left: -128, top: -72, right: 1408, bottom: 792 } upstream=Rect { left: 0, top: 0, right: 1280, bottom: 720 } frame=Rect { left: 0, top: 0, right: 1280, bottom: 720 } canvas=Rect { left: 0, top: 0, right: 1280, bottom: 720 }
[1788815417] smart cmd (render=true): seq_raw_null=true const_seq_ok=true
[1788815417] render enter: Some(F32) in=1280x720 out=1536x864 win=(-128,-72) token=1396891973754618 compiled=true snap=true t=66560 step=1024 lstep=1024 scale=25600
[1788815417] execute_plan ok
[1788815417] smart cmd (render=false): seq_raw_null=true const_seq_ok=true
[1788815417] smart geometry: logical=1280x720 downsample=1/1x1/1 request=PF_LRect { left: -128, top: -72, right: 1408, bottom: 792 } upstream=Rect { left: 0, top: 0, right: 1280, bottom: 720 } frame=Rect { left: 0, top: 0, right: 1280, bottom: 720 } canvas=Rect { left: 0, top: 0, right: 1280, bottom: 720 }
[1788815417] smart cmd (render=true): seq_raw_null=true const_seq_ok=true
[1788815417] render enter: Some(F32) in=1280x720 out=1536x864 win=(-128,-72) token=1396891973754618 compiled=true snap=true t=67584 step=1024 lstep=1024 scale=25600
[1788815417] execute_plan ok
[1788815417] smart cmd (render=false): seq_raw_null=true const_seq_ok=true
[1788815417] smart geometry: logical=1280x720 downsample=1/1x1/1 request=PF_LRect { left: -128, top: -72, right: 1408, bottom: 792 } upstream=Rect { left: 0, top: 0, right: 1280, bottom: 720 } frame=Rect { left: 0, top: 0, right: 1280, bottom: 720 } canvas=Rect { left: 0, top: 0, right: 1280, bottom: 720 }
[1788815417] smart cmd (render=true): seq_raw_null=true const_seq_ok=true
[1788815417] render enter: Some(F32) in=1280x720 out=1536x864 win=(-128,-72) token=1396891973754618 compiled=true snap=true t=68608 step=1024 lstep=1024 scale=25600
[1788815417] execute_plan ok
[1788815417] smart cmd (render=false): seq_raw_null=true const_seq_ok=true
[1788815417] smart geometry: logical=1280x720 downsample=1/1x1/1 request=PF_LRect { left: -128, top: -72, right: 1408, bottom: 792 } upstream=Rect { left: 0, top: 0, right: 1280, bottom: 720 } frame=Rect { left: 0, top: 0, right: 1280, bottom: 720 } canvas=Rect { left: 0, top: 0, right: 1280, bottom: 720 }
[1788815417] smart cmd (render=true): seq_raw_null=true const_seq_ok=true
[1788815417] render enter: Some(F32) in=1280x720 out=1536x864 win=(-128,-72) token=1396891973754618 compiled=true snap=true t=69632 step=1024 lstep=1024 scale=25600
[1788815417] execute_plan ok
[1788815417] smart cmd (render=false): seq_raw_null=true const_seq_ok=true
[1788815417] smart cmd (render=false): seq_raw_null=true const_seq_ok=true
[1788815417] smart geometry: logical=1280x720 downsample=1/1x1/1 request=PF_LRect { left: -128, top: -72, right: 1408, bottom: 792 } upstream=Rect { left: 0, top: 0, right: 1280, bottom: 720 } frame=Rect { left: 0, top: 0, right: 1280, bottom: 720 } canvas=Rect { left: 0, top: 0, right: 1280, bottom: 720 }
[1788815417] smart geometry: logical=1280x720 downsample=1/1x1/1 request=PF_LRect { left: -128, top: -72, right: 1408, bottom: 792 } upstream=Rect { left: 0, top: 0, right: 1280, bottom: 720 } frame=Rect { left: 0, top: 0, right: 1280, bottom: 720 } canvas=Rect { left: 0, top: 0, right: 1280, bottom: 720 }
[1788815417] smart cmd (render=true): seq_raw_null=true const_seq_ok=true
[1788815417] smart cmd (render=true): seq_raw_null=true const_seq_ok=true
[1788815417] render enter: Some(F32) in=1280x720 out=1536x864 win=(-128,-72) token=1396891973754618 compiled=true snap=true t=70656 step=1024 lstep=1024 scale=25600
[1788815417] execute_plan ok
[1788815417] render enter: Some(F32) in=1280x720 out=1536x864 win=(-128,-72) token=1396891973754618 compiled=true snap=true t=71680 step=1024 lstep=1024 scale=25600
[1788815417] smart cmd (render=false): seq_raw_null=true const_seq_ok=true
[1788815417] execute_plan ok
[1788815417] smart geometry: logical=1280x720 downsample=1/1x1/1 request=PF_LRect { left: -128, top: -72, right: 1408, bottom: 792 } upstream=Rect { left: 0, top: 0, right: 1280, bottom: 720 } frame=Rect { left: 0, top: 0, right: 1280, bottom: 720 } canvas=Rect { left: 0, top: 0, right: 1280, bottom: 720 }
[1788815417] smart cmd (render=true): seq_raw_null=true const_seq_ok=true
[1788815417] render enter: Some(F32) in=1280x720 out=1536x864 win=(-128,-72) token=1396891973754618 compiled=true snap=true t=72704 step=1024 lstep=1024 scale=25600
[1788815417] smart cmd (render=false): seq_raw_null=true const_seq_ok=true
[1788815417] execute_plan ok
[1788815417] smart geometry: logical=1280x720 downsample=1/1x1/1 request=PF_LRect { left: -128, top: -72, right: 1408, bottom: 792 } upstream=Rect { left: 0, top: 0, right: 1280, bottom: 720 } frame=Rect { left: 0, top: 0, right: 1280, bottom: 720 } canvas=Rect { left: 0, top: 0, right: 1280, bottom: 720 }
[1788815417] smart cmd (render=true): seq_raw_null=true const_seq_ok=true
[1788815417] render enter: Some(F32) in=1280x720 out=1536x864 win=(-128,-72) token=1396891973754618 compiled=true snap=true t=73728 step=1024 lstep=1024 scale=25600
[1788815417] execute_plan ok
[1788815417] smart cmd (render=false): seq_raw_null=true const_seq_ok=true
[1788815417] smart geometry: logical=1280x720 downsample=1/1x1/1 request=PF_LRect { left: -128, top: -72, right: 1408, bottom: 792 } upstream=Rect { left: 0, top: 0, right: 1280, bottom: 720 } frame=Rect { left: 0, top: 0, right: 1280, bottom: 720 } canvas=Rect { left: 0, top: 0, right: 1280, bottom: 720 }
[1788815417] smart cmd (render=true): seq_raw_null=true const_seq_ok=true
[1788815417] render enter: Some(F32) in=1280x720 out=1536x864 win=(-128,-72) token=1396891973754618 compiled=true snap=true t=74752 step=1024 lstep=1024 scale=25600
[1788815417] execute_plan ok
[1788815417] smart cmd (render=false): seq_raw_null=true const_seq_ok=true
[1788815417] smart geometry: logical=1280x720 downsample=1/1x1/1 request=PF_LRect { left: -128, top: -72, right: 1408, bottom: 792 } upstream=Rect { left: 0, top: 0, right: 1280, bottom: 720 } frame=Rect { left: 0, top: 0, right: 1280, bottom: 720 } canvas=Rect { left: 0, top: 0, right: 1280, bottom: 720 }
[1788815417] smart cmd (render=true): seq_raw_null=true const_seq_ok=true
[1788815417] render enter: Some(F32) in=1280x720 out=1536x864 win=(-128,-72) token=1396891973754618 compiled=true snap=true t=75776 step=1024 lstep=1024 scale=25600
[1788815418] execute_plan ok
[1788815418] smart cmd (render=false): seq_raw_null=true const_seq_ok=true
[1788815418] smart geometry: logical=1280x720 downsample=1/1x1/1 request=PF_LRect { left: -128, top: -72, right: 1408, bottom: 792 } upstream=Rect { left: 0, top: 0, right: 1280, bottom: 720 } frame=Rect { left: 0, top: 0, right: 1280, bottom: 720 } canvas=Rect { left: 0, top: 0, right: 1280, bottom: 720 }
[1788815418] smart cmd (render=true): seq_raw_null=true const_seq_ok=true
[1788815418] render enter: Some(F32) in=1280x720 out=1536x864 win=(-128,-72) token=1396891973754618 compiled=true snap=true t=76800 step=1024 lstep=1024 scale=25600
[1788815418] execute_plan ok
[1788815418] smart cmd (render=false): seq_raw_null=true const_seq_ok=true
[1788815418] smart cmd (render=false): seq_raw_null=true const_seq_ok=true
[1788815418] smart geometry: logical=1280x720 downsample=1/1x1/1 request=PF_LRect { left: -128, top: -72, right: 1408, bottom: 792 } upstream=Rect { left: 0, top: 0, right: 1280, bottom: 720 } frame=Rect { left: 0, top: 0, right: 1280, bottom: 720 } canvas=Rect { left: 0, top: 0, right: 1280, bottom: 720 }
[1788815418] smart geometry: logical=1280x720 downsample=1/1x1/1 request=PF_LRect { left: -128, top: -72, right: 1408, bottom: 792 } upstream=Rect { left: 0, top: 0, right: 1280, bottom: 720 } frame=Rect { left: 0, top: 0, right: 1280, bottom: 720 } canvas=Rect { left: 0, top: 0, right: 1280, bottom: 720 }
[1788815418] smart cmd (render=true): seq_raw_null=true const_seq_ok=true
[1788815418] smart cmd (render=true): seq_raw_null=true const_seq_ok=true
[1788815418] render enter: Some(F32) in=1280x720 out=1536x864 win=(-128,-72) token=1396891973754618 compiled=true snap=true t=78848 step=1024 lstep=1024 scale=25600
[1788815418] execute_plan ok
[1788815418] render enter: Some(F32) in=1280x720 out=1536x864 win=(-128,-72) token=1396891973754618 compiled=true snap=true t=77824 step=1024 lstep=1024 scale=25600
[1788815418] smart cmd (render=false): seq_raw_null=true const_seq_ok=true
[1788815418] execute_plan ok
[1788815418] smart geometry: logical=1280x720 downsample=1/1x1/1 request=PF_LRect { left: -128, top: -72, right: 1408, bottom: 792 } upstream=Rect { left: 0, top: 0, right: 1280, bottom: 720 } frame=Rect { left: 0, top: 0, right: 1280, bottom: 720 } canvas=Rect { left: 0, top: 0, right: 1280, bottom: 720 }
[1788815418] smart cmd (render=true): seq_raw_null=true const_seq_ok=true
[1788815418] render enter: Some(F32) in=1280x720 out=1536x864 win=(-128,-72) token=1396891973754618 compiled=true snap=true t=79872 step=1024 lstep=1024 scale=25600
[1788815418] smart cmd (render=false): seq_raw_null=true const_seq_ok=true
[1788815418] execute_plan ok
[1788815418] smart geometry: logical=1280x720 downsample=1/1x1/1 request=PF_LRect { left: -128, top: -72, right: 1408, bottom: 792 } upstream=Rect { left: 0, top: 0, right: 1280, bottom: 720 } frame=Rect { left: 0, top: 0, right: 1280, bottom: 720 } canvas=Rect { left: 0, top: 0, right: 1280, bottom: 720 }
[1788815418] smart cmd (render=true): seq_raw_null=true const_seq_ok=true
[1788815418] render enter: Some(F32) in=1280x720 out=1536x864 win=(-128,-72) token=1396891973754618 compiled=true snap=true t=80896 step=1024 lstep=1024 scale=25600
[1788815418] execute_plan ok
[1788815418] smart cmd (render=false): seq_raw_null=true const_seq_ok=true
[1788815418] smart geometry: logical=1280x720 downsample=1/1x1/1 request=PF_LRect { left: -128, top: -72, right: 1408, bottom: 792 } upstream=Rect { left: 0, top: 0, right: 1280, bottom: 720 } frame=Rect { left: 0, top: 0, right: 1280, bottom: 720 } canvas=Rect { left: 0, top: 0, right: 1280, bottom: 720 }
[1788815418] smart cmd (render=true): seq_raw_null=true const_seq_ok=true
[1788815418] render enter: Some(F32) in=1280x720 out=1536x864 win=(-128,-72) token=1396891973754618 compiled=true snap=true t=81920 step=1024 lstep=1024 scale=25600
[1788815418] execute_plan ok
[1788815418] smart cmd (render=false): seq_raw_null=true const_seq_ok=true
[1788815418] smart geometry: logical=1280x720 downsample=1/1x1/1 request=PF_LRect { left: -128, top: -72, right: 1408, bottom: 792 } upstream=Rect { left: 0, top: 0, right: 1280, bottom: 720 } frame=Rect { left: 0, top: 0, right: 1280, bottom: 720 } canvas=Rect { left: 0, top: 0, right: 1280, bottom: 720 }
[1788815418] smart cmd (render=true): seq_raw_null=true const_seq_ok=true
[1788815418] render enter: Some(F32) in=1280x720 out=1536x864 win=(-128,-72) token=1396891973754618 compiled=true snap=true t=82944 step=1024 lstep=1024 scale=25600
[1788815418] execute_plan ok
[1788815418] smart cmd (render=false): seq_raw_null=true const_seq_ok=true
[1788815418] smart geometry: logical=1280x720 downsample=1/1x1/1 request=PF_LRect { left: -128, top: -72, right: 1408, bottom: 792 } upstream=Rect { left: 0, top: 0, right: 1280, bottom: 720 } frame=Rect { left: 0, top: 0, right: 1280, bottom: 720 } canvas=Rect { left: 0, top: 0, right: 1280, bottom: 720 }
[1788815418] smart cmd (render=true): seq_raw_null=true const_seq_ok=true
[1788815418] render enter: Some(F32) in=1280x720 out=1536x864 win=(-128,-72) token=1396891973754618 compiled=true snap=true t=83968 step=1024 lstep=1024 scale=25600
[1788815418] execute_plan ok
[1788815418] smart cmd (render=false): seq_raw_null=true const_seq_ok=true
[1788815418] smart cmd (render=false): seq_raw_null=true const_seq_ok=true
[1788815418] smart geometry: logical=1280x720 downsample=1/1x1/1 request=PF_LRect { left: -128, top: -72, right: 1408, bottom: 792 } upstream=Rect { left: 0, top: 0, right: 1280, bottom: 720 } frame=Rect { left: 0, top: 0, right: 1280, bottom: 720 } canvas=Rect { left: 0, top: 0, right: 1280, bottom: 720 }
[1788815418] smart geometry: logical=1280x720 downsample=1/1x1/1 request=PF_LRect { left: -128, top: -72, right: 1408, bottom: 792 } upstream=Rect { left: 0, top: 0, right: 1280, bottom: 720 } frame=Rect { left: 0, top: 0, right: 1280, bottom: 720 } canvas=Rect { left: 0, top: 0, right: 1280, bottom: 720 }
[1788815418] smart cmd (render=true): seq_raw_null=true const_seq_ok=true
[1788815418] smart cmd (render=true): seq_raw_null=true const_seq_ok=true
[1788815418] render enter: Some(F32) in=1280x720 out=1536x864 win=(-128,-72) token=1396891973754618 compiled=true snap=true t=84992 step=1024 lstep=1024 scale=25600
[1788815418] execute_plan ok
[1788815418] render enter: Some(F32) in=1280x720 out=1536x864 win=(-128,-72) token=1396891973754618 compiled=true snap=true t=86016 step=1024 lstep=1024 scale=25600
[1788815418] smart cmd (render=false): seq_raw_null=true const_seq_ok=true
[1788815418] execute_plan ok
[1788815418] smart geometry: logical=1280x720 downsample=1/1x1/1 request=PF_LRect { left: -128, top: -72, right: 1408, bottom: 792 } upstream=Rect { left: 0, top: 0, right: 1280, bottom: 720 } frame=Rect { left: 0, top: 0, right: 1280, bottom: 720 } canvas=Rect { left: 0, top: 0, right: 1280, bottom: 720 }
[1788815418] smart cmd (render=true): seq_raw_null=true const_seq_ok=true
[1788815418] render enter: Some(F32) in=1280x720 out=1536x864 win=(-128,-72) token=1396891973754618 compiled=true snap=true t=87040 step=1024 lstep=1024 scale=25600
[1788815418] smart cmd (render=false): seq_raw_null=true const_seq_ok=true
[1788815418] execute_plan ok
[1788815418] smart geometry: logical=1280x720 downsample=1/1x1/1 request=PF_LRect { left: -128, top: -72, right: 1408, bottom: 792 } upstream=Rect { left: 0, top: 0, right: 1280, bottom: 720 } frame=Rect { left: 0, top: 0, right: 1280, bottom: 720 } canvas=Rect { left: 0, top: 0, right: 1280, bottom: 720 }
[1788815418] smart cmd (render=true): seq_raw_null=true const_seq_ok=true
[1788815418] render enter: Some(F32) in=1280x720 out=1536x864 win=(-128,-72) token=1396891973754618 compiled=true snap=true t=88064 step=1024 lstep=1024 scale=25600
[1788815418] execute_plan ok
[1788815418] smart cmd (render=false): seq_raw_null=true const_seq_ok=true
[1788815418] smart geometry: logical=1280x720 downsample=1/1x1/1 request=PF_LRect { left: -128, top: -72, right: 1408, bottom: 792 } upstream=Rect { left: 0, top: 0, right: 1280, bottom: 720 } frame=Rect { left: 0, top: 0, right: 1280, bottom: 720 } canvas=Rect { left: 0, top: 0, right: 1280, bottom: 720 }
[1788815418] smart cmd (render=true): seq_raw_null=true const_seq_ok=true
[1788815418] render enter: Some(F32) in=1280x720 out=1536x864 win=(-128,-72) token=1396891973754618 compiled=true snap=true t=89088 step=1024 lstep=1024 scale=25600
[1788815418] execute_plan ok
[1788815418] smart cmd (render=false): seq_raw_null=true const_seq_ok=true
[1788815418] smart geometry: logical=1280x720 downsample=1/1x1/1 request=PF_LRect { left: -128, top: -72, right: 1408, bottom: 792 } upstream=Rect { left: 0, top: 0, right: 1280, bottom: 720 } frame=Rect { left: 0, top: 0, right: 1280, bottom: 720 } canvas=Rect { left: 0, top: 0, right: 1280, bottom: 720 }
[1788815418] smart cmd (render=true): seq_raw_null=true const_seq_ok=true
[1788815418] render enter: Some(F32) in=1280x720 out=1536x864 win=(-128,-72) token=1396891973754618 compiled=true snap=true t=90112 step=1024 lstep=1024 scale=25600
[1788815418] execute_plan ok
[1788815418] smart cmd (render=false): seq_raw_null=true const_seq_ok=true
[1788815418] smart geometry: logical=1280x720 downsample=1/1x1/1 request=PF_LRect { left: -128, top: -72, right: 1408, bottom: 792 } upstream=Rect { left: 0, top: 0, right: 1280, bottom: 720 } frame=Rect { left: 0, top: 0, right: 1280, bottom: 720 } canvas=Rect { left: 0, top: 0, right: 1280, bottom: 720 }
[1788815418] smart cmd (render=true): seq_raw_null=true const_seq_ok=true
[1788815418] render enter: Some(F32) in=1280x720 out=1536x864 win=(-128,-72) token=1396891973754618 compiled=true snap=true t=91136 step=1024 lstep=1024 scale=25600
[1788815418] execute_plan ok
[1788815418] smart cmd (render=false): seq_raw_null=true const_seq_ok=true
[1788815418] smart cmd (render=false): seq_raw_null=true const_seq_ok=true
[1788815418] smart geometry: logical=1280x720 downsample=1/1x1/1 request=PF_LRect { left: -128, top: -72, right: 1408, bottom: 792 } upstream=Rect { left: 0, top: 0, right: 1280, bottom: 720 } frame=Rect { left: 0, top: 0, right: 1280, bottom: 720 } canvas=Rect { left: 0, top: 0, right: 1280, bottom: 720 }
[1788815418] smart geometry: logical=1280x720 downsample=1/1x1/1 request=PF_LRect { left: -128, top: -72, right: 1408, bottom: 792 } upstream=Rect { left: 0, top: 0, right: 1280, bottom: 720 } frame=Rect { left: 0, top: 0, right: 1280, bottom: 720 } canvas=Rect { left: 0, top: 0, right: 1280, bottom: 720 }
[1788815418] smart cmd (render=true): seq_raw_null=true const_seq_ok=true
[1788815418] smart cmd (render=true): seq_raw_null=true const_seq_ok=true
[1788815418] render enter: Some(F32) in=1280x720 out=1536x864 win=(-128,-72) token=1396891973754618 compiled=true snap=true t=93184 step=1024 lstep=1024 scale=25600
[1788815418] execute_plan ok
[1788815418] render enter: Some(F32) in=1280x720 out=1536x864 win=(-128,-72) token=1396891973754618 compiled=true snap=true t=92160 step=1024 lstep=1024 scale=25600
[1788815418] smart cmd (render=false): seq_raw_null=true const_seq_ok=true
[1788815418] execute_plan ok
[1788815418] smart geometry: logical=1280x720 downsample=1/1x1/1 request=PF_LRect { left: -128, top: -72, right: 1408, bottom: 792 } upstream=Rect { left: 0, top: 0, right: 1280, bottom: 720 } frame=Rect { left: 0, top: 0, right: 1280, bottom: 720 } canvas=Rect { left: 0, top: 0, right: 1280, bottom: 720 }
[1788815418] smart cmd (render=true): seq_raw_null=true const_seq_ok=true
[1788815418] render enter: Some(F32) in=1280x720 out=1536x864 win=(-128,-72) token=1396891973754618 compiled=true snap=true t=94208 step=1024 lstep=1024 scale=25600
[1788815418] smart cmd (render=false): seq_raw_null=true const_seq_ok=true
[1788815418] execute_plan ok
[1788815418] smart geometry: logical=1280x720 downsample=1/1x1/1 request=PF_LRect { left: -128, top: -72, right: 1408, bottom: 792 } upstream=Rect { left: 0, top: 0, right: 1280, bottom: 720 } frame=Rect { left: 0, top: 0, right: 1280, bottom: 720 } canvas=Rect { left: 0, top: 0, right: 1280, bottom: 720 }
[1788815418] smart cmd (render=true): seq_raw_null=true const_seq_ok=true
[1788815418] render enter: Some(F32) in=1280x720 out=1536x864 win=(-128,-72) token=1396891973754618 compiled=true snap=true t=95232 step=1024 lstep=1024 scale=25600
[1788815418] execute_plan ok
[1788815418] smart cmd (render=false): seq_raw_null=true const_seq_ok=true
[1788815418] smart geometry: logical=1280x720 downsample=1/1x1/1 request=PF_LRect { left: -128, top: -72, right: 1408, bottom: 792 } upstream=Rect { left: 0, top: 0, right: 1280, bottom: 720 } frame=Rect { left: 0, top: 0, right: 1280, bottom: 720 } canvas=Rect { left: 0, top: 0, right: 1280, bottom: 720 }
[1788815418] smart cmd (render=true): seq_raw_null=true const_seq_ok=true
[1788815418] render enter: Some(F32) in=1280x720 out=1536x864 win=(-128,-72) token=1396891973754618 compiled=true snap=true t=96256 step=1024 lstep=1024 scale=25600
[1788815418] execute_plan ok
[1788815418] smart cmd (render=false): seq_raw_null=true const_seq_ok=true
[1788815418] smart geometry: logical=1280x720 downsample=1/1x1/1 request=PF_LRect { left: -128, top: -72, right: 1408, bottom: 792 } upstream=Rect { left: 0, top: 0, right: 1280, bottom: 720 } frame=Rect { left: 0, top: 0, right: 1280, bottom: 720 } canvas=Rect { left: 0, top: 0, right: 1280, bottom: 720 }
[1788815418] smart cmd (render=true): seq_raw_null=true const_seq_ok=true
[1788815418] render enter: Some(F32) in=1280x720 out=1536x864 win=(-128,-72) token=1396891973754618 compiled=true snap=true t=97280 step=1024 lstep=1024 scale=25600
[1788815418] execute_plan ok
[1788815418] smart cmd (render=false): seq_raw_null=true const_seq_ok=true
[1788815418] smart geometry: logical=1280x720 downsample=1/1x1/1 request=PF_LRect { left: -128, top: -72, right: 1408, bottom: 792 } upstream=Rect { left: 0, top: 0, right: 1280, bottom: 720 } frame=Rect { left: 0, top: 0, right: 1280, bottom: 720 } canvas=Rect { left: 0, top: 0, right: 1280, bottom: 720 }
[1788815418] smart cmd (render=true): seq_raw_null=true const_seq_ok=true
[1788815418] render enter: Some(F32) in=1280x720 out=1536x864 win=(-128,-72) token=1396891973754618 compiled=true snap=true t=98304 step=1024 lstep=1024 scale=25600
[1788815418] execute_plan ok
[1788815418] smart cmd (render=false): seq_raw_null=true const_seq_ok=true
[1788815418] smart geometry: logical=1280x720 downsample=1/1x1/1 request=PF_LRect { left: -128, top: -72, right: 1408, bottom: 792 } upstream=Rect { left: 0, top: 0, right: 1280, bottom: 720 } frame=Rect { left: 0, top: 0, right: 1280, bottom: 720 } canvas=Rect { left: 0, top: 0, right: 1280, bottom: 720 }
[1788815418] smart cmd (render=true): seq_raw_null=true const_seq_ok=true
[1788815418] smart cmd (render=false): seq_raw_null=true const_seq_ok=true
[1788815418] smart geometry: logical=1280x720 downsample=1/1x1/1 request=PF_LRect { left: -128, top: -72, right: 1408, bottom: 792 } upstream=Rect { left: 0, top: 0, right: 1280, bottom: 720 } frame=Rect { left: 0, top: 0, right: 1280, bottom: 720 } canvas=Rect { left: 0, top: 0, right: 1280, bottom: 720 }
[1788815418] smart cmd (render=true): seq_raw_null=true const_seq_ok=true
[1788815418] render enter: Some(F32) in=1280x720 out=1536x864 win=(-128,-72) token=1396891973754618 compiled=true snap=true t=100352 step=1024 lstep=1024 scale=25600
[1788815418] execute_plan ok
[1788815418] render enter: Some(F32) in=1280x720 out=1536x864 win=(-128,-72) token=1396891973754618 compiled=true snap=true t=99328 step=1024 lstep=1024 scale=25600
[1788815418] smart cmd (render=false): seq_raw_null=true const_seq_ok=true
[1788815418] execute_plan ok
[1788815418] smart geometry: logical=1280x720 downsample=1/1x1/1 request=PF_LRect { left: -128, top: -72, right: 1408, bottom: 792 } upstream=Rect { left: 0, top: 0, right: 1280, bottom: 720 } frame=Rect { left: 0, top: 0, right: 1280, bottom: 720 } canvas=Rect { left: 0, top: 0, right: 1280, bottom: 720 }
[1788815418] smart cmd (render=true): seq_raw_null=true const_seq_ok=true
[1788815418] render enter: Some(F32) in=1280x720 out=1536x864 win=(-128,-72) token=1396891973754618 compiled=true snap=true t=101376 step=1024 lstep=1024 scale=25600
[1788815418] smart cmd (render=false): seq_raw_null=true const_seq_ok=true
[1788815418] execute_plan ok
[1788815418] smart geometry: logical=1280x720 downsample=1/1x1/1 request=PF_LRect { left: -128, top: -72, right: 1408, bottom: 792 } upstream=Rect { left: 0, top: 0, right: 1280, bottom: 720 } frame=Rect { left: 0, top: 0, right: 1280, bottom: 720 } canvas=Rect { left: 0, top: 0, right: 1280, bottom: 720 }
[1788815418] smart cmd (render=true): seq_raw_null=true const_seq_ok=true
[1788815418] render enter: Some(F32) in=1280x720 out=1536x864 win=(-128,-72) token=1396891973754618 compiled=true snap=true t=102400 step=1024 lstep=1024 scale=25600
[1788815418] execute_plan ok
[1788815418] smart cmd (render=false): seq_raw_null=true const_seq_ok=true
[1788815418] smart geometry: logical=1280x720 downsample=1/1x1/1 request=PF_LRect { left: -128, top: -72, right: 1408, bottom: 792 } upstream=Rect { left: 0, top: 0, right: 1280, bottom: 720 } frame=Rect { left: 0, top: 0, right: 1280, bottom: 720 } canvas=Rect { left: 0, top: 0, right: 1280, bottom: 720 }
[1788815418] smart cmd (render=true): seq_raw_null=true const_seq_ok=true
[1788815418] render enter: Some(F32) in=1280x720 out=1536x864 win=(-128,-72) token=1396891973754618 compiled=true snap=true t=103424 step=1024 lstep=1024 scale=25600
[1788815418] execute_plan ok
[1788815418] smart cmd (render=false): seq_raw_null=true const_seq_ok=true
[1788815418] smart geometry: logical=1280x720 downsample=1/1x1/1 request=PF_LRect { left: -128, top: -72, right: 1408, bottom: 792 } upstream=Rect { left: 0, top: 0, right: 1280, bottom: 720 } frame=Rect { left: 0, top: 0, right: 1280, bottom: 720 } canvas=Rect { left: 0, top: 0, right: 1280, bottom: 720 }
[1788815418] smart cmd (render=true): seq_raw_null=true const_seq_ok=true
[1788815418] render enter: Some(F32) in=1280x720 out=1536x864 win=(-128,-72) token=1396891973754618 compiled=true snap=true t=104448 step=1024 lstep=1024 scale=25600
[1788815418] execute_plan ok
[1788815418] smart cmd (render=false): seq_raw_null=true const_seq_ok=true
[1788815418] smart geometry: logical=1280x720 downsample=1/1x1/1 request=PF_LRect { left: -128, top: -72, right: 1408, bottom: 792 } upstream=Rect { left: 0, top: 0, right: 1280, bottom: 720 } frame=Rect { left: 0, top: 0, right: 1280, bottom: 720 } canvas=Rect { left: 0, top: 0, right: 1280, bottom: 720 }
[1788815418] smart cmd (render=true): seq_raw_null=true const_seq_ok=true
[1788815418] render enter: Some(F32) in=1280x720 out=1536x864 win=(-128,-72) token=1396891973754618 compiled=true snap=true t=105472 step=1024 lstep=1024 scale=25600
[1788815418] execute_plan ok
[1788815418] smart cmd (render=false): seq_raw_null=true const_seq_ok=true
[1788815418] smart cmd (render=false): seq_raw_null=true const_seq_ok=true
[1788815418] smart geometry: logical=1280x720 downsample=1/1x1/1 request=PF_LRect { left: -128, top: -72, right: 1408, bottom: 792 } upstream=Rect { left: 0, top: 0, right: 1280, bottom: 720 } frame=Rect { left: 0, top: 0, right: 1280, bottom: 720 } canvas=Rect { left: 0, top: 0, right: 1280, bottom: 720 }
[1788815418] smart geometry: logical=1280x720 downsample=1/1x1/1 request=PF_LRect { left: -128, top: -72, right: 1408, bottom: 792 } upstream=Rect { left: 0, top: 0, right: 1280, bottom: 720 } frame=Rect { left: 0, top: 0, right: 1280, bottom: 720 } canvas=Rect { left: 0, top: 0, right: 1280, bottom: 720 }
[1788815418] smart cmd (render=true): seq_raw_null=true const_seq_ok=true
[1788815418] smart cmd (render=true): seq_raw_null=true const_seq_ok=true
[1788815418] render enter: Some(F32) in=1280x720 out=1536x864 win=(-128,-72) token=1396891973754618 compiled=true snap=true t=107520 step=1024 lstep=1024 scale=25600
[1788815418] execute_plan ok
[1788815418] render enter: Some(F32) in=1280x720 out=1536x864 win=(-128,-72) token=1396891973754618 compiled=true snap=true t=106496 step=1024 lstep=1024 scale=25600
[1788815418] smart cmd (render=false): seq_raw_null=true const_seq_ok=true
[1788815418] execute_plan ok
[1788815418] smart geometry: logical=1280x720 downsample=1/1x1/1 request=PF_LRect { left: -128, top: -72, right: 1408, bottom: 792 } upstream=Rect { left: 0, top: 0, right: 1280, bottom: 720 } frame=Rect { left: 0, top: 0, right: 1280, bottom: 720 } canvas=Rect { left: 0, top: 0, right: 1280, bottom: 720 }
[1788815418] smart cmd (render=true): seq_raw_null=true const_seq_ok=true
[1788815418] render enter: Some(F32) in=1280x720 out=1536x864 win=(-128,-72) token=1396891973754618 compiled=true snap=true t=108544 step=1024 lstep=1024 scale=25600
[1788815418] smart cmd (render=false): seq_raw_null=true const_seq_ok=true
[1788815418] execute_plan ok
[1788815418] smart geometry: logical=1280x720 downsample=1/1x1/1 request=PF_LRect { left: -128, top: -72, right: 1408, bottom: 792 } upstream=Rect { left: 0, top: 0, right: 1280, bottom: 720 } frame=Rect { left: 0, top: 0, right: 1280, bottom: 720 } canvas=Rect { left: 0, top: 0, right: 1280, bottom: 720 }
[1788815418] smart cmd (render=true): seq_raw_null=true const_seq_ok=true
[1788815418] render enter: Some(F32) in=1280x720 out=1536x864 win=(-128,-72) token=1396891973754618 compiled=true snap=true t=109568 step=1024 lstep=1024 scale=25600
[1788815418] execute_plan ok
[1788815418] smart cmd (render=false): seq_raw_null=true const_seq_ok=true
[1788815418] smart geometry: logical=1280x720 downsample=1/1x1/1 request=PF_LRect { left: -128, top: -72, right: 1408, bottom: 792 } upstream=Rect { left: 0, top: 0, right: 1280, bottom: 720 } frame=Rect { left: 0, top: 0, right: 1280, bottom: 720 } canvas=Rect { left: 0, top: 0, right: 1280, bottom: 720 }
[1788815418] smart cmd (render=true): seq_raw_null=true const_seq_ok=true
[1788815418] render enter: Some(F32) in=1280x720 out=1536x864 win=(-128,-72) token=1396891973754618 compiled=true snap=true t=110592 step=1024 lstep=1024 scale=25600
[1788815418] execute_plan ok
[1788815418] smart cmd (render=false): seq_raw_null=true const_seq_ok=true
[1788815418] smart geometry: logical=1280x720 downsample=1/1x1/1 request=PF_LRect { left: -128, top: -72, right: 1408, bottom: 792 } upstream=Rect { left: 0, top: 0, right: 1280, bottom: 720 } frame=Rect { left: 0, top: 0, right: 1280, bottom: 720 } canvas=Rect { left: 0, top: 0, right: 1280, bottom: 720 }
[1788815418] smart cmd (render=true): seq_raw_null=true const_seq_ok=true
[1788815418] render enter: Some(F32) in=1280x720 out=1536x864 win=(-128,-72) token=1396891973754618 compiled=true snap=true t=111616 step=1024 lstep=1024 scale=25600
[1788815418] execute_plan ok
[1788815418] smart cmd (render=false): seq_raw_null=true const_seq_ok=true
[1788815418] smart geometry: logical=1280x720 downsample=1/1x1/1 request=PF_LRect { left: -128, top: -72, right: 1408, bottom: 792 } upstream=Rect { left: 0, top: 0, right: 1280, bottom: 720 } frame=Rect { left: 0, top: 0, right: 1280, bottom: 720 } canvas=Rect { left: 0, top: 0, right: 1280, bottom: 720 }
[1788815418] smart cmd (render=true): seq_raw_null=true const_seq_ok=true
[1788815418] render enter: Some(F32) in=1280x720 out=1536x864 win=(-128,-72) token=1396891973754618 compiled=true snap=true t=112640 step=1024 lstep=1024 scale=25600
[1788815418] execute_plan ok
[1788815418] smart cmd (render=false): seq_raw_null=true const_seq_ok=true
[1788815418] smart cmd (render=false): seq_raw_null=true const_seq_ok=true
[1788815418] smart geometry: logical=1280x720 downsample=1/1x1/1 request=PF_LRect { left: -128, top: -72, right: 1408, bottom: 792 } upstream=Rect { left: 0, top: 0, right: 1280, bottom: 720 } frame=Rect { left: 0, top: 0, right: 1280, bottom: 720 } canvas=Rect { left: 0, top: 0, right: 1280, bottom: 720 }
[1788815418] smart geometry: logical=1280x720 downsample=1/1x1/1 request=PF_LRect { left: -128, top: -72, right: 1408, bottom: 792 } upstream=Rect { left: 0, top: 0, right: 1280, bottom: 720 } frame=Rect { left: 0, top: 0, right: 1280, bottom: 720 } canvas=Rect { left: 0, top: 0, right: 1280, bottom: 720 }
[1788815418] smart cmd (render=true): seq_raw_null=true const_seq_ok=true
[1788815418] smart cmd (render=true): seq_raw_null=true const_seq_ok=true
[1788815418] render enter: Some(F32) in=1280x720 out=1536x864 win=(-128,-72) token=1396891973754618 compiled=true snap=true t=114688 step=1024 lstep=1024 scale=25600
[1788815418] execute_plan ok
[1788815418] render enter: Some(F32) in=1280x720 out=1536x864 win=(-128,-72) token=1396891973754618 compiled=true snap=true t=113664 step=1024 lstep=1024 scale=25600
[1788815418] smart cmd (render=false): seq_raw_null=true const_seq_ok=true
[1788815418] execute_plan ok
[1788815418] smart geometry: logical=1280x720 downsample=1/1x1/1 request=PF_LRect { left: -128, top: -72, right: 1408, bottom: 792 } upstream=Rect { left: 0, top: 0, right: 1280, bottom: 720 } frame=Rect { left: 0, top: 0, right: 1280, bottom: 720 } canvas=Rect { left: 0, top: 0, right: 1280, bottom: 720 }
[1788815418] smart cmd (render=true): seq_raw_null=true const_seq_ok=true
[1788815418] render enter: Some(F32) in=1280x720 out=1536x864 win=(-128,-72) token=1396891973754618 compiled=true snap=true t=115712 step=1024 lstep=1024 scale=25600
[1788815418] smart cmd (render=false): seq_raw_null=true const_seq_ok=true
[1788815418] execute_plan ok
[1788815418] smart geometry: logical=1280x720 downsample=1/1x1/1 request=PF_LRect { left: -128, top: -72, right: 1408, bottom: 792 } upstream=Rect { left: 0, top: 0, right: 1280, bottom: 720 } frame=Rect { left: 0, top: 0, right: 1280, bottom: 720 } canvas=Rect { left: 0, top: 0, right: 1280, bottom: 720 }
[1788815418] smart cmd (render=true): seq_raw_null=true const_seq_ok=true
[1788815418] render enter: Some(F32) in=1280x720 out=1536x864 win=(-128,-72) token=1396891973754618 compiled=true snap=true t=116736 step=1024 lstep=1024 scale=25600
[1788815418] execute_plan ok
[1788815418] smart cmd (render=false): seq_raw_null=true const_seq_ok=true
[1788815418] smart geometry: logical=1280x720 downsample=1/1x1/1 request=PF_LRect { left: -128, top: -72, right: 1408, bottom: 792 } upstream=Rect { left: 0, top: 0, right: 1280, bottom: 720 } frame=Rect { left: 0, top: 0, right: 1280, bottom: 720 } canvas=Rect { left: 0, top: 0, right: 1280, bottom: 720 }
[1788815418] smart cmd (render=true): seq_raw_null=true const_seq_ok=true
[1788815418] render enter: Some(F32) in=1280x720 out=1536x864 win=(-128,-72) token=1396891973754618 compiled=true snap=true t=117760 step=1024 lstep=1024 scale=25600
[1788815418] execute_plan ok
[1788815418] smart cmd (render=false): seq_raw_null=true const_seq_ok=true
[1788815418] smart geometry: logical=1280x720 downsample=1/1x1/1 request=PF_LRect { left: -128, top: -72, right: 1408, bottom: 792 } upstream=Rect { left: 0, top: 0, right: 1280, bottom: 720 } frame=Rect { left: 0, top: 0, right: 1280, bottom: 720 } canvas=Rect { left: 0, top: 0, right: 1280, bottom: 720 }
[1788815418] smart cmd (render=true): seq_raw_null=true const_seq_ok=true
[1788815418] render enter: Some(F32) in=1280x720 out=1536x864 win=(-128,-72) token=1396891973754618 compiled=true snap=true t=118784 step=1024 lstep=1024 scale=25600
[1788815418] execute_plan ok
[1788815418] smart cmd (render=false): seq_raw_null=true const_seq_ok=true
[1788815418] smart geometry: logical=1280x720 downsample=1/1x1/1 request=PF_LRect { left: -128, top: -72, right: 1408, bottom: 792 } upstream=Rect { left: 0, top: 0, right: 1280, bottom: 720 } frame=Rect { left: 0, top: 0, right: 1280, bottom: 720 } canvas=Rect { left: 0, top: 0, right: 1280, bottom: 720 }
[1788815418] smart cmd (render=true): seq_raw_null=true const_seq_ok=true
[1788815418] render enter: Some(F32) in=1280x720 out=1536x864 win=(-128,-72) token=1396891973754618 compiled=true snap=true t=119808 step=1024 lstep=1024 scale=25600
[1788815418] execute_plan ok
[1788815418] smart cmd (render=false): seq_raw_null=true const_seq_ok=true
[1788815418] smart cmd (render=false): seq_raw_null=true const_seq_ok=true
[1788815418] smart geometry: logical=1280x720 downsample=1/1x1/1 request=PF_LRect { left: -128, top: -72, right: 1408, bottom: 792 } upstream=Rect { left: 0, top: 0, right: 1280, bottom: 720 } frame=Rect { left: 0, top: 0, right: 1280, bottom: 720 } canvas=Rect { left: 0, top: 0, right: 1280, bottom: 720 }
[1788815418] smart geometry: logical=1280x720 downsample=1/1x1/1 request=PF_LRect { left: -128, top: -72, right: 1408, bottom: 792 } upstream=Rect { left: 0, top: 0, right: 1280, bottom: 720 } frame=Rect { left: 0, top: 0, right: 1280, bottom: 720 } canvas=Rect { left: 0, top: 0, right: 1280, bottom: 720 }
[1788815418] smart cmd (render=true): seq_raw_null=true const_seq_ok=true
[1788815418] smart cmd (render=true): seq_raw_null=true const_seq_ok=true
[1788815418] render enter: Some(F32) in=1280x720 out=1536x864 win=(-128,-72) token=1396891973754618 compiled=true snap=true t=121856 step=1024 lstep=1024 scale=25600
[1788815418] execute_plan ok
[1788815418] render enter: Some(F32) in=1280x720 out=1536x864 win=(-128,-72) token=1396891973754618 compiled=true snap=true t=120832 step=1024 lstep=1024 scale=25600
[1788815418] smart cmd (render=false): seq_raw_null=true const_seq_ok=true
[1788815418] execute_plan ok
[1788815418] smart geometry: logical=1280x720 downsample=1/1x1/1 request=PF_LRect { left: -128, top: -72, right: 1408, bottom: 792 } upstream=Rect { left: 0, top: 0, right: 1280, bottom: 720 } frame=Rect { left: 0, top: 0, right: 1280, bottom: 720 } canvas=Rect { left: 0, top: 0, right: 1280, bottom: 720 }
[1788815418] smart cmd (render=true): seq_raw_null=true const_seq_ok=true
[1788815418] render enter: Some(F32) in=1280x720 out=1536x864 win=(-128,-72) token=1396891973754618 compiled=true snap=true t=122880 step=1024 lstep=1024 scale=25600
[1788815418] smart cmd (render=false): seq_raw_null=true const_seq_ok=true
[1788815418] execute_plan ok
[1788815418] smart geometry: logical=1280x720 downsample=1/1x1/1 request=PF_LRect { left: -128, top: -72, right: 1408, bottom: 792 } upstream=Rect { left: 0, top: 0, right: 1280, bottom: 720 } frame=Rect { left: 0, top: 0, right: 1280, bottom: 720 } canvas=Rect { left: 0, top: 0, right: 1280, bottom: 720 }
[1788815418] smart cmd (render=true): seq_raw_null=true const_seq_ok=true
[1788815418] render enter: Some(F32) in=1280x720 out=1536x864 win=(-128,-72) token=1396891973754618 compiled=true snap=true t=123904 step=1024 lstep=1024 scale=25600
[1788815418] execute_plan ok
[1788815418] smart cmd (render=false): seq_raw_null=true const_seq_ok=true
[1788815418] smart geometry: logical=1280x720 downsample=1/1x1/1 request=PF_LRect { left: -128, top: -72, right: 1408, bottom: 792 } upstream=Rect { left: 0, top: 0, right: 1280, bottom: 720 } frame=Rect { left: 0, top: 0, right: 1280, bottom: 720 } canvas=Rect { left: 0, top: 0, right: 1280, bottom: 720 }
[1788815418] smart cmd (render=true): seq_raw_null=true const_seq_ok=true
[1788815418] render enter: Some(F32) in=1280x720 out=1536x864 win=(-128,-72) token=1396891973754618 compiled=true snap=true t=124928 step=1024 lstep=1024 scale=25600
[1788815418] execute_plan ok
[1788815418] smart cmd (render=false): seq_raw_null=true const_seq_ok=true
[1788815418] smart geometry: logical=1280x720 downsample=1/1x1/1 request=PF_LRect { left: -128, top: -72, right: 1408, bottom: 792 } upstream=Rect { left: 0, top: 0, right: 1280, bottom: 720 } frame=Rect { left: 0, top: 0, right: 1280, bottom: 720 } canvas=Rect { left: 0, top: 0, right: 1280, bottom: 720 }
[1788815418] smart cmd (render=true): seq_raw_null=true const_seq_ok=true
[1788815418] render enter: Some(F32) in=1280x720 out=1536x864 win=(-128,-72) token=1396891973754618 compiled=true snap=true t=125952 step=1024 lstep=1024 scale=25600
[1788815418] execute_plan ok
[1788815418] smart cmd (render=false): seq_raw_null=true const_seq_ok=true
[1788815418] smart geometry: logical=1280x720 downsample=1/1x1/1 request=PF_LRect { left: -128, top: -72, right: 1408, bottom: 792 } upstream=Rect { left: 0, top: 0, right: 1280, bottom: 720 } frame=Rect { left: 0, top: 0, right: 1280, bottom: 720 } canvas=Rect { left: 0, top: 0, right: 1280, bottom: 720 }
[1788815418] smart cmd (render=true): seq_raw_null=true const_seq_ok=true
[1788815418] render enter: Some(F32) in=1280x720 out=1536x864 win=(-128,-72) token=1396891973754618 compiled=true snap=true t=126976 step=1024 lstep=1024 scale=25600
[1788815418] execute_plan ok
[1788815418] smart cmd (render=false): seq_raw_null=true const_seq_ok=true
[1788815418] smart cmd (render=false): seq_raw_null=true const_seq_ok=true
[1788815418] smart geometry: logical=1280x720 downsample=1/1x1/1 request=PF_LRect { left: -128, top: -72, right: 1408, bottom: 792 } upstream=Rect { left: 0, top: 0, right: 1280, bottom: 720 } frame=Rect { left: 0, top: 0, right: 1280, bottom: 720 } canvas=Rect { left: 0, top: 0, right: 1280, bottom: 720 }
[1788815418] smart geometry: logical=1280x720 downsample=1/1x1/1 request=PF_LRect { left: -128, top: -72, right: 1408, bottom: 792 } upstream=Rect { left: 0, top: 0, right: 1280, bottom: 720 } frame=Rect { left: 0, top: 0, right: 1280, bottom: 720 } canvas=Rect { left: 0, top: 0, right: 1280, bottom: 720 }
[1788815418] smart cmd (render=true): seq_raw_null=true const_seq_ok=true
[1788815418] smart cmd (render=true): seq_raw_null=true const_seq_ok=true
[1788815418] render enter: Some(F32) in=1280x720 out=1536x864 win=(-128,-72) token=1396891973754618 compiled=true snap=true t=128000 step=1024 lstep=1024 scale=25600
[1788815418] execute_plan ok
[1788815418] render enter: Some(F32) in=1280x720 out=1536x864 win=(-128,-72) token=1396891973754618 compiled=true snap=true t=129024 step=1024 lstep=1024 scale=25600
[1788815418] smart cmd (render=false): seq_raw_null=true const_seq_ok=true
[1788815418] execute_plan ok
[1788815418] smart geometry: logical=1280x720 downsample=1/1x1/1 request=PF_LRect { left: -128, top: -72, right: 1408, bottom: 792 } upstream=Rect { left: 0, top: 0, right: 1280, bottom: 720 } frame=Rect { left: 0, top: 0, right: 1280, bottom: 720 } canvas=Rect { left: 0, top: 0, right: 1280, bottom: 720 }
[1788815418] smart cmd (render=true): seq_raw_null=true const_seq_ok=true
[1788815418] render enter: Some(F32) in=1280x720 out=1536x864 win=(-128,-72) token=1396891973754618 compiled=true snap=true t=130048 step=1024 lstep=1024 scale=25600
[1788815418] smart cmd (render=false): seq_raw_null=true const_seq_ok=true
[1788815418] execute_plan ok
[1788815418] smart geometry: logical=1280x720 downsample=1/1x1/1 request=PF_LRect { left: -128, top: -72, right: 1408, bottom: 792 } upstream=Rect { left: 0, top: 0, right: 1280, bottom: 720 } frame=Rect { left: 0, top: 0, right: 1280, bottom: 720 } canvas=Rect { left: 0, top: 0, right: 1280, bottom: 720 }
[1788815418] smart cmd (render=true): seq_raw_null=true const_seq_ok=true
[1788815418] render enter: Some(F32) in=1280x720 out=1536x864 win=(-128,-72) token=1396891973754618 compiled=true snap=true t=131072 step=1024 lstep=1024 scale=25600
[1788815418] execute_plan ok
[1788815418] smart cmd (render=false): seq_raw_null=true const_seq_ok=true
[1788815418] smart geometry: logical=1280x720 downsample=1/1x1/1 request=PF_LRect { left: -128, top: -72, right: 1408, bottom: 792 } upstream=Rect { left: 0, top: 0, right: 1280, bottom: 720 } frame=Rect { left: 0, top: 0, right: 1280, bottom: 720 } canvas=Rect { left: 0, top: 0, right: 1280, bottom: 720 }
[1788815418] smart cmd (render=true): seq_raw_null=true const_seq_ok=true
[1788815418] render enter: Some(F32) in=1280x720 out=1536x864 win=(-128,-72) token=1396891973754618 compiled=true snap=true t=132096 step=1024 lstep=1024 scale=25600
[1788815418] execute_plan ok
[1788815418] smart cmd (render=false): seq_raw_null=true const_seq_ok=true
[1788815418] smart geometry: logical=1280x720 downsample=1/1x1/1 request=PF_LRect { left: -128, top: -72, right: 1408, bottom: 792 } upstream=Rect { left: 0, top: 0, right: 1280, bottom: 720 } frame=Rect { left: 0, top: 0, right: 1280, bottom: 720 } canvas=Rect { left: 0, top: 0, right: 1280, bottom: 720 }
[1788815418] smart cmd (render=true): seq_raw_null=true const_seq_ok=true
[1788815418] render enter: Some(F32) in=1280x720 out=1536x864 win=(-128,-72) token=1396891973754618 compiled=true snap=true t=133120 step=1024 lstep=1024 scale=25600
[1788815418] execute_plan ok
[1788815418] smart cmd (render=false): seq_raw_null=true const_seq_ok=true
[1788815418] smart geometry: logical=1280x720 downsample=1/1x1/1 request=PF_LRect { left: -128, top: -72, right: 1408, bottom: 792 } upstream=Rect { left: 0, top: 0, right: 1280, bottom: 720 } frame=Rect { left: 0, top: 0, right: 1280, bottom: 720 } canvas=Rect { left: 0, top: 0, right: 1280, bottom: 720 }
[1788815418] smart cmd (render=true): seq_raw_null=true const_seq_ok=true
[1788815418] render enter: Some(F32) in=1280x720 out=1536x864 win=(-128,-72) token=1396891973754618 compiled=true snap=true t=134144 step=1024 lstep=1024 scale=25600
[1788815418] execute_plan ok
[1788815418] smart cmd (render=false): seq_raw_null=true const_seq_ok=true
[1788815418] smart geometry: logical=1280x720 downsample=1/1x1/1 request=PF_LRect { left: -128, top: -72, right: 1408, bottom: 792 } upstream=Rect { left: 0, top: 0, right: 1280, bottom: 720 } frame=Rect { left: 0, top: 0, right: 1280, bottom: 720 } canvas=Rect { left: 0, top: 0, right: 1280, bottom: 720 }
[1788815418] smart cmd (render=true): seq_raw_null=true const_seq_ok=true
[1788815418] smart cmd (render=false): seq_raw_null=true const_seq_ok=true
[1788815418] smart geometry: logical=1280x720 downsample=1/1x1/1 request=PF_LRect { left: -128, top: -72, right: 1408, bottom: 792 } upstream=Rect { left: 0, top: 0, right: 1280, bottom: 720 } frame=Rect { left: 0, top: 0, right: 1280, bottom: 720 } canvas=Rect { left: 0, top: 0, right: 1280, bottom: 720 }
[1788815418] smart cmd (render=true): seq_raw_null=true const_seq_ok=true
[1788815418] render enter: Some(F32) in=1280x720 out=1536x864 win=(-128,-72) token=1396891973754618 compiled=true snap=true t=136192 step=1024 lstep=1024 scale=25600
[1788815418] execute_plan ok
[1788815418] render enter: Some(F32) in=1280x720 out=1536x864 win=(-128,-72) token=1396891973754618 compiled=true snap=true t=135168 step=1024 lstep=1024 scale=25600
[1788815418] smart cmd (render=false): seq_raw_null=true const_seq_ok=true
[1788815418] execute_plan ok
[1788815418] smart geometry: logical=1280x720 downsample=1/1x1/1 request=PF_LRect { left: -128, top: -72, right: 1408, bottom: 792 } upstream=Rect { left: 0, top: 0, right: 1280, bottom: 720 } frame=Rect { left: 0, top: 0, right: 1280, bottom: 720 } canvas=Rect { left: 0, top: 0, right: 1280, bottom: 720 }
[1788815418] smart cmd (render=true): seq_raw_null=true const_seq_ok=true
[1788815418] render enter: Some(F32) in=1280x720 out=1536x864 win=(-128,-72) token=1396891973754618 compiled=true snap=true t=137216 step=1024 lstep=1024 scale=25600
[1788815418] smart cmd (render=false): seq_raw_null=true const_seq_ok=true
[1788815418] execute_plan ok
[1788815418] smart geometry: logical=1280x720 downsample=1/1x1/1 request=PF_LRect { left: -128, top: -72, right: 1408, bottom: 792 } upstream=Rect { left: 0, top: 0, right: 1280, bottom: 720 } frame=Rect { left: 0, top: 0, right: 1280, bottom: 720 } canvas=Rect { left: 0, top: 0, right: 1280, bottom: 720 }
[1788815418] smart cmd (render=true): seq_raw_null=true const_seq_ok=true
[1788815418] render enter: Some(F32) in=1280x720 out=1536x864 win=(-128,-72) token=1396891973754618 compiled=true snap=true t=138240 step=1024 lstep=1024 scale=25600
[1788815418] execute_plan ok
[1788815418] smart cmd (render=false): seq_raw_null=true const_seq_ok=true
[1788815418] smart geometry: logical=1280x720 downsample=1/1x1/1 request=PF_LRect { left: -128, top: -72, right: 1408, bottom: 792 } upstream=Rect { left: 0, top: 0, right: 1280, bottom: 720 } frame=Rect { left: 0, top: 0, right: 1280, bottom: 720 } canvas=Rect { left: 0, top: 0, right: 1280, bottom: 720 }
[1788815418] smart cmd (render=true): seq_raw_null=true const_seq_ok=true
[1788815418] render enter: Some(F32) in=1280x720 out=1536x864 win=(-128,-72) token=1396891973754618 compiled=true snap=true t=139264 step=1024 lstep=1024 scale=25600
[1788815418] execute_plan ok
[1788815418] smart cmd (render=false): seq_raw_null=true const_seq_ok=true
[1788815418] smart geometry: logical=1280x720 downsample=1/1x1/1 request=PF_LRect { left: -128, top: -72, right: 1408, bottom: 792 } upstream=Rect { left: 0, top: 0, right: 1280, bottom: 720 } frame=Rect { left: 0, top: 0, right: 1280, bottom: 720 } canvas=Rect { left: 0, top: 0, right: 1280, bottom: 720 }
[1788815418] smart cmd (render=true): seq_raw_null=true const_seq_ok=true
[1788815418] render enter: Some(F32) in=1280x720 out=1536x864 win=(-128,-72) token=1396891973754618 compiled=true snap=true t=140288 step=1024 lstep=1024 scale=25600
[1788815418] execute_plan ok
[1788815418] smart cmd (render=false): seq_raw_null=true const_seq_ok=true
[1788815418] smart geometry: logical=1280x720 downsample=1/1x1/1 request=PF_LRect { left: -128, top: -72, right: 1408, bottom: 792 } upstream=Rect { left: 0, top: 0, right: 1280, bottom: 720 } frame=Rect { left: 0, top: 0, right: 1280, bottom: 720 } canvas=Rect { left: 0, top: 0, right: 1280, bottom: 720 }
[1788815418] smart cmd (render=true): seq_raw_null=true const_seq_ok=true
[1788815418] render enter: Some(F32) in=1280x720 out=1536x864 win=(-128,-72) token=1396891973754618 compiled=true snap=true t=141312 step=1024 lstep=1024 scale=25600
[1788815418] execute_plan ok
[1788815418] smart cmd (render=false): seq_raw_null=true const_seq_ok=true
[1788815418] smart cmd (render=false): seq_raw_null=true const_seq_ok=true
[1788815418] smart geometry: logical=1280x720 downsample=1/1x1/1 request=PF_LRect { left: -128, top: -72, right: 1408, bottom: 792 } upstream=Rect { left: 0, top: 0, right: 1280, bottom: 720 } frame=Rect { left: 0, top: 0, right: 1280, bottom: 720 } canvas=Rect { left: 0, top: 0, right: 1280, bottom: 720 }
[1788815418] smart geometry: logical=1280x720 downsample=1/1x1/1 request=PF_LRect { left: -128, top: -72, right: 1408, bottom: 792 } upstream=Rect { left: 0, top: 0, right: 1280, bottom: 720 } frame=Rect { left: 0, top: 0, right: 1280, bottom: 720 } canvas=Rect { left: 0, top: 0, right: 1280, bottom: 720 }
[1788815418] smart cmd (render=true): seq_raw_null=true const_seq_ok=true
[1788815418] smart cmd (render=true): seq_raw_null=true const_seq_ok=true
[1788815418] render enter: Some(F32) in=1280x720 out=1536x864 win=(-128,-72) token=1396891973754618 compiled=true snap=true t=143360 step=1024 lstep=1024 scale=25600
[1788815418] execute_plan ok
[1788815418] render enter: Some(F32) in=1280x720 out=1536x864 win=(-128,-72) token=1396891973754618 compiled=true snap=true t=142336 step=1024 lstep=1024 scale=25600
[1788815418] smart cmd (render=false): seq_raw_null=true const_seq_ok=true
[1788815418] execute_plan ok
[1788815418] smart geometry: logical=1280x720 downsample=1/1x1/1 request=PF_LRect { left: -128, top: -72, right: 1408, bottom: 792 } upstream=Rect { left: 0, top: 0, right: 1280, bottom: 720 } frame=Rect { left: 0, top: 0, right: 1280, bottom: 720 } canvas=Rect { left: 0, top: 0, right: 1280, bottom: 720 }
[1788815418] smart cmd (render=true): seq_raw_null=true const_seq_ok=true
[1788815418] render enter: Some(F32) in=1280x720 out=1536x864 win=(-128,-72) token=1396891973754618 compiled=true snap=true t=144384 step=1024 lstep=1024 scale=25600
[1788815418] smart cmd (render=false): seq_raw_null=true const_seq_ok=true
[1788815418] execute_plan ok
[1788815418] smart geometry: logical=1280x720 downsample=1/1x1/1 request=PF_LRect { left: -128, top: -72, right: 1408, bottom: 792 } upstream=Rect { left: 0, top: 0, right: 1280, bottom: 720 } frame=Rect { left: 0, top: 0, right: 1280, bottom: 720 } canvas=Rect { left: 0, top: 0, right: 1280, bottom: 720 }
[1788815418] smart cmd (render=true): seq_raw_null=true const_seq_ok=true
[1788815418] render enter: Some(F32) in=1280x720 out=1536x864 win=(-128,-72) token=1396891973754618 compiled=true snap=true t=145408 step=1024 lstep=1024 scale=25600
[1788815418] execute_plan ok
[1788815418] smart cmd (render=false): seq_raw_null=true const_seq_ok=true
[1788815418] smart geometry: logical=1280x720 downsample=1/1x1/1 request=PF_LRect { left: -128, top: -72, right: 1408, bottom: 792 } upstream=Rect { left: 0, top: 0, right: 1280, bottom: 720 } frame=Rect { left: 0, top: 0, right: 1280, bottom: 720 } canvas=Rect { left: 0, top: 0, right: 1280, bottom: 720 }
[1788815418] smart cmd (render=true): seq_raw_null=true const_seq_ok=true
[1788815418] render enter: Some(F32) in=1280x720 out=1536x864 win=(-128,-72) token=1396891973754618 compiled=true snap=true t=146432 step=1024 lstep=1024 scale=25600
[1788815418] execute_plan ok
[1788815418] smart cmd (render=false): seq_raw_null=true const_seq_ok=true
[1788815418] smart geometry: logical=1280x720 downsample=1/1x1/1 request=PF_LRect { left: -128, top: -72, right: 1408, bottom: 792 } upstream=Rect { left: 0, top: 0, right: 1280, bottom: 720 } frame=Rect { left: 0, top: 0, right: 1280, bottom: 720 } canvas=Rect { left: 0, top: 0, right: 1280, bottom: 720 }
[1788815418] smart cmd (render=true): seq_raw_null=true const_seq_ok=true
[1788815418] render enter: Some(F32) in=1280x720 out=1536x864 win=(-128,-72) token=1396891973754618 compiled=true snap=true t=147456 step=1024 lstep=1024 scale=25600
[1788815418] execute_plan ok
[1788815418] smart cmd (render=false): seq_raw_null=true const_seq_ok=true
[1788815418] smart geometry: logical=1280x720 downsample=1/1x1/1 request=PF_LRect { left: -128, top: -72, right: 1408, bottom: 792 } upstream=Rect { left: 0, top: 0, right: 1280, bottom: 720 } frame=Rect { left: 0, top: 0, right: 1280, bottom: 720 } canvas=Rect { left: 0, top: 0, right: 1280, bottom: 720 }
[1788815418] smart cmd (render=true): seq_raw_null=true const_seq_ok=true
[1788815418] render enter: Some(F32) in=1280x720 out=1536x864 win=(-128,-72) token=1396891973754618 compiled=true snap=true t=148480 step=1024 lstep=1024 scale=25600
[1788815418] execute_plan ok
[1788815418] smart cmd (render=false): seq_raw_null=true const_seq_ok=true
[1788815418] smart cmd (render=false): seq_raw_null=true const_seq_ok=true
[1788815418] smart geometry: logical=1280x720 downsample=1/1x1/1 request=PF_LRect { left: -128, top: -72, right: 1408, bottom: 792 } upstream=Rect { left: 0, top: 0, right: 1280, bottom: 720 } frame=Rect { left: 0, top: 0, right: 1280, bottom: 720 } canvas=Rect { left: 0, top: 0, right: 1280, bottom: 720 }
[1788815418] smart geometry: logical=1280x720 downsample=1/1x1/1 request=PF_LRect { left: -128, top: -72, right: 1408, bottom: 792 } upstream=Rect { left: 0, top: 0, right: 1280, bottom: 720 } frame=Rect { left: 0, top: 0, right: 1280, bottom: 720 } canvas=Rect { left: 0, top: 0, right: 1280, bottom: 720 }
[1788815418] smart cmd (render=true): seq_raw_null=true const_seq_ok=true
[1788815418] smart cmd (render=true): seq_raw_null=true const_seq_ok=true
[1788815418] render enter: Some(F32) in=1280x720 out=1536x864 win=(-128,-72) token=1396891973754618 compiled=true snap=true t=149504 step=1024 lstep=1024 scale=25600
[1788815418] execute_plan ok
[1788815418] render enter: Some(F32) in=1280x720 out=1536x864 win=(-128,-72) token=1396891973754618 compiled=true snap=true t=150528 step=1024 lstep=1024 scale=25600
[1788815418] smart cmd (render=false): seq_raw_null=true const_seq_ok=true
[1788815418] execute_plan ok
[1788815418] smart geometry: logical=1280x720 downsample=1/1x1/1 request=PF_LRect { left: -128, top: -72, right: 1408, bottom: 792 } upstream=Rect { left: 0, top: 0, right: 1280, bottom: 720 } frame=Rect { left: 0, top: 0, right: 1280, bottom: 720 } canvas=Rect { left: 0, top: 0, right: 1280, bottom: 720 }
[1788815418] smart cmd (render=true): seq_raw_null=true const_seq_ok=true
[1788815418] render enter: Some(F32) in=1280x720 out=1536x864 win=(-128,-72) token=1396891973754618 compiled=true snap=true t=151552 step=1024 lstep=1024 scale=25600
[1788815418] smart cmd (render=false): seq_raw_null=true const_seq_ok=true
[1788815418] execute_plan ok
[1788815418] smart geometry: logical=1280x720 downsample=1/1x1/1 request=PF_LRect { left: -128, top: -72, right: 1408, bottom: 792 } upstream=Rect { left: 0, top: 0, right: 1280, bottom: 720 } frame=Rect { left: 0, top: 0, right: 1280, bottom: 720 } canvas=Rect { left: 0, top: 0, right: 1280, bottom: 720 }
[1788815418] smart cmd (render=true): seq_raw_null=true const_seq_ok=true
[1788815418] render enter: Some(F32) in=1280x720 out=1536x864 win=(-128,-72) token=1396891973754618 compiled=true snap=true t=152576 step=1024 lstep=1024 scale=25600
[1788815418] execute_plan ok
[1788815459] smart cmd (render=false): seq_raw_null=true const_seq_ok=true
[1788815459] smart geometry: logical=1280x720 downsample=1/2x1/2 request=PF_LRect { left: -64, top: -36, right: 704, bottom: 396 } upstream=Rect { left: 0, top: 0, right: 640, bottom: 360 } frame=Rect { left: 0, top: 0, right: 640, bottom: 360 } canvas=Rect { left: 0, top: 0, right: 640, bottom: 360 }
[1788815459] smart cmd (render=true): seq_raw_null=true const_seq_ok=true
[1788815459] render enter: Some(F32) in=640x360 out=768x432 win=(-64,-36) token=1396891973754618 compiled=true snap=true t=25600 step=1024 lstep=1024 scale=25600
[1788815459] execute_plan ok
[1788815466] smart cmd (render=false): seq_raw_null=true const_seq_ok=true
[1788815466] smart geometry: logical=1280x720 downsample=1/4x1/4 request=PF_LRect { left: -32, top: -18, right: 352, bottom: 198 } upstream=Rect { left: 0, top: 0, right: 320, bottom: 180 } frame=Rect { left: 0, top: 0, right: 320, bottom: 180 } canvas=Rect { left: 0, top: 0, right: 320, bottom: 180 }
[1788815466] smart cmd (render=true): seq_raw_null=true const_seq_ok=true
[1788815466] render enter: Some(F32) in=320x180 out=384x216 win=(-32,-18) token=1396891973754618 compiled=true snap=true t=25600 step=1024 lstep=1024 scale=25600
[1788815466] execute_plan ok
[1788815474] smart cmd (render=false): seq_raw_null=true const_seq_ok=true
[1788815474] smart geometry: logical=1280x720 downsample=1/4x1/4 request=PF_LRect { left: -32, top: -18, right: 352, bottom: 198 } upstream=Rect { left: 0, top: 0, right: 320, bottom: 180 } frame=Rect { left: 0, top: 0, right: 320, bottom: 180 } canvas=Rect { left: 0, top: 0, right: 320, bottom: 180 }
[1788815474] smart cmd (render=true): seq_raw_null=true const_seq_ok=true
[1788815474] render enter: Some(F32) in=320x180 out=384x216 win=(-32,-18) token=1396891973754618 compiled=true snap=true t=24576 step=1024 lstep=1024 scale=25600
[1788815474] smart cmd (render=false): seq_raw_null=true const_seq_ok=true
[1788815474] execute_plan ok
[1788815474] smart geometry: logical=1280x720 downsample=1/4x1/4 request=PF_LRect { left: -32, top: -18, right: 352, bottom: 198 } upstream=Rect { left: 0, top: 0, right: 320, bottom: 180 } frame=Rect { left: 0, top: 0, right: 320, bottom: 180 } canvas=Rect { left: 0, top: 0, right: 320, bottom: 180 }
[1788815474] smart cmd (render=true): seq_raw_null=true const_seq_ok=true
[1788815474] render enter: Some(F32) in=320x180 out=384x216 win=(-32,-18) token=1396891973754618 compiled=true snap=true t=26624 step=1024 lstep=1024 scale=25600
[1788815474] execute_plan ok
[1788815474] smart cmd (render=false): seq_raw_null=true const_seq_ok=true
[1788815474] smart geometry: logical=1280x720 downsample=1/4x1/4 request=PF_LRect { left: -32, top: -18, right: 352, bottom: 198 } upstream=Rect { left: 0, top: 0, right: 320, bottom: 180 } frame=Rect { left: 0, top: 0, right: 320, bottom: 180 } canvas=Rect { left: 0, top: 0, right: 320, bottom: 180 }
[1788815474] smart cmd (render=true): seq_raw_null=true const_seq_ok=true
[1788815474] render enter: Some(F32) in=320x180 out=384x216 win=(-32,-18) token=1396891973754618 compiled=true snap=true t=23552 step=1024 lstep=1024 scale=25600
[1788815474] execute_plan ok
[1788815474] smart cmd (render=false): seq_raw_null=true const_seq_ok=true
[1788815474] smart geometry: logical=1280x720 downsample=1/4x1/4 request=PF_LRect { left: -32, top: -18, right: 352, bottom: 198 } upstream=Rect { left: 0, top: 0, right: 320, bottom: 180 } frame=Rect { left: 0, top: 0, right: 320, bottom: 180 } canvas=Rect { left: 0, top: 0, right: 320, bottom: 180 }
[1788815474] smart cmd (render=true): seq_raw_null=true const_seq_ok=true
[1788815474] render enter: Some(F32) in=320x180 out=384x216 win=(-32,-18) token=1396891973754618 compiled=true snap=true t=27648 step=1024 lstep=1024 scale=25600
[1788815474] execute_plan ok
[1788815474] smart cmd (render=false): seq_raw_null=true const_seq_ok=true
[1788815474] smart geometry: logical=1280x720 downsample=1/4x1/4 request=PF_LRect { left: -32, top: -18, right: 352, bottom: 198 } upstream=Rect { left: 0, top: 0, right: 320, bottom: 180 } frame=Rect { left: 0, top: 0, right: 320, bottom: 180 } canvas=Rect { left: 0, top: 0, right: 320, bottom: 180 }
[1788815474] smart cmd (render=true): seq_raw_null=true const_seq_ok=true
[1788815474] render enter: Some(F32) in=320x180 out=384x216 win=(-32,-18) token=1396891973754618 compiled=true snap=true t=22528 step=1024 lstep=1024 scale=25600
[1788815474] execute_plan ok
[1788815474] smart cmd (render=false): seq_raw_null=true const_seq_ok=true
[1788815474] smart geometry: logical=1280x720 downsample=1/4x1/4 request=PF_LRect { left: -32, top: -18, right: 352, bottom: 198 } upstream=Rect { left: 0, top: 0, right: 320, bottom: 180 } frame=Rect { left: 0, top: 0, right: 320, bottom: 180 } canvas=Rect { left: 0, top: 0, right: 320, bottom: 180 }
[1788815474] smart cmd (render=true): seq_raw_null=true const_seq_ok=true
[1788815474] render enter: Some(F32) in=320x180 out=384x216 win=(-32,-18) token=1396891973754618 compiled=true snap=true t=28672 step=1024 lstep=1024 scale=25600
[1788815474] execute_plan ok
[1788815474] smart cmd (render=false): seq_raw_null=true const_seq_ok=true
[1788815474] smart geometry: logical=1280x720 downsample=1/4x1/4 request=PF_LRect { left: -32, top: -18, right: 352, bottom: 198 } upstream=Rect { left: 0, top: 0, right: 320, bottom: 180 } frame=Rect { left: 0, top: 0, right: 320, bottom: 180 } canvas=Rect { left: 0, top: 0, right: 320, bottom: 180 }
[1788815474] smart cmd (render=false): seq_raw_null=true const_seq_ok=true
[1788815474] smart cmd (render=true): seq_raw_null=true const_seq_ok=true
[1788815474] smart geometry: logical=1280x720 downsample=1/4x1/4 request=PF_LRect { left: -32, top: -18, right: 352, bottom: 198 } upstream=Rect { left: 0, top: 0, right: 320, bottom: 180 } frame=Rect { left: 0, top: 0, right: 320, bottom: 180 } canvas=Rect { left: 0, top: 0, right: 320, bottom: 180 }
[1788815474] smart cmd (render=true): seq_raw_null=true const_seq_ok=true
[1788815474] render enter: Some(F32) in=320x180 out=384x216 win=(-32,-18) token=1396891973754618 compiled=true snap=true t=21504 step=1024 lstep=1024 scale=25600
[1788815474] execute_plan ok
[1788815474] render enter: Some(F32) in=320x180 out=384x216 win=(-32,-18) token=1396891973754618 compiled=true snap=true t=29696 step=1024 lstep=1024 scale=25600
[1788815474] smart cmd (render=false): seq_raw_null=true const_seq_ok=true
[1788815474] execute_plan ok
[1788815474] smart geometry: logical=1280x720 downsample=1/4x1/4 request=PF_LRect { left: -32, top: -18, right: 352, bottom: 198 } upstream=Rect { left: 0, top: 0, right: 320, bottom: 180 } frame=Rect { left: 0, top: 0, right: 320, bottom: 180 } canvas=Rect { left: 0, top: 0, right: 320, bottom: 180 }
[1788815474] smart cmd (render=true): seq_raw_null=true const_seq_ok=true
[1788815474] render enter: Some(F32) in=320x180 out=384x216 win=(-32,-18) token=1396891973754618 compiled=true snap=true t=20480 step=1024 lstep=1024 scale=25600
[1788815474] execute_plan ok
[1788815474] smart cmd (render=false): seq_raw_null=true const_seq_ok=true
[1788815474] smart geometry: logical=1280x720 downsample=1/4x1/4 request=PF_LRect { left: -32, top: -18, right: 352, bottom: 198 } upstream=Rect { left: 0, top: 0, right: 320, bottom: 180 } frame=Rect { left: 0, top: 0, right: 320, bottom: 180 } canvas=Rect { left: 0, top: 0, right: 320, bottom: 180 }
[1788815474] smart cmd (render=true): seq_raw_null=true const_seq_ok=true
[1788815474] render enter: Some(F32) in=320x180 out=384x216 win=(-32,-18) token=1396891973754618 compiled=true snap=true t=30720 step=1024 lstep=1024 scale=25600
[1788815474] execute_plan ok
[1788815474] smart cmd (render=false): seq_raw_null=true const_seq_ok=true
[1788815474] smart geometry: logical=1280x720 downsample=1/4x1/4 request=PF_LRect { left: -32, top: -18, right: 352, bottom: 198 } upstream=Rect { left: 0, top: 0, right: 320, bottom: 180 } frame=Rect { left: 0, top: 0, right: 320, bottom: 180 } canvas=Rect { left: 0, top: 0, right: 320, bottom: 180 }
[1788815474] smart cmd (render=true): seq_raw_null=true const_seq_ok=true
[1788815474] render enter: Some(F32) in=320x180 out=384x216 win=(-32,-18) token=1396891973754618 compiled=true snap=true t=19456 step=1024 lstep=1024 scale=25600
[1788815474] execute_plan ok
[1788815474] smart cmd (render=false): seq_raw_null=true const_seq_ok=true
[1788815474] smart geometry: logical=1280x720 downsample=1/4x1/4 request=PF_LRect { left: -32, top: -18, right: 352, bottom: 198 } upstream=Rect { left: 0, top: 0, right: 320, bottom: 180 } frame=Rect { left: 0, top: 0, right: 320, bottom: 180 } canvas=Rect { left: 0, top: 0, right: 320, bottom: 180 }
[1788815474] smart cmd (render=true): seq_raw_null=true const_seq_ok=true
[1788815474] render enter: Some(F32) in=320x180 out=384x216 win=(-32,-18) token=1396891973754618 compiled=true snap=true t=31744 step=1024 lstep=1024 scale=25600
[1788815474] execute_plan ok
[1788815474] smart cmd (render=false): seq_raw_null=true const_seq_ok=true
[1788815474] smart cmd (render=false): seq_raw_null=true const_seq_ok=true
[1788815474] smart geometry: logical=1280x720 downsample=1/4x1/4 request=PF_LRect { left: -32, top: -18, right: 352, bottom: 198 } upstream=Rect { left: 0, top: 0, right: 320, bottom: 180 } frame=Rect { left: 0, top: 0, right: 320, bottom: 180 } canvas=Rect { left: 0, top: 0, right: 320, bottom: 180 }
[1788815474] smart geometry: logical=1280x720 downsample=1/4x1/4 request=PF_LRect { left: -32, top: -18, right: 352, bottom: 198 } upstream=Rect { left: 0, top: 0, right: 320, bottom: 180 } frame=Rect { left: 0, top: 0, right: 320, bottom: 180 } canvas=Rect { left: 0, top: 0, right: 320, bottom: 180 }
[1788815474] smart cmd (render=true): seq_raw_null=true const_seq_ok=true
[1788815474] smart cmd (render=true): seq_raw_null=true const_seq_ok=true
[1788815474] render enter: Some(F32) in=320x180 out=384x216 win=(-32,-18) token=1396891973754618 compiled=true snap=true t=32768 step=1024 lstep=1024 scale=25600
[1788815474] execute_plan ok
[1788815474] render enter: Some(F32) in=320x180 out=384x216 win=(-32,-18) token=1396891973754618 compiled=true snap=true t=18432 step=1024 lstep=1024 scale=25600
[1788815474] smart cmd (render=false): seq_raw_null=true const_seq_ok=true
[1788815474] execute_plan ok
[1788815474] smart geometry: logical=1280x720 downsample=1/4x1/4 request=PF_LRect { left: -32, top: -18, right: 352, bottom: 198 } upstream=Rect { left: 0, top: 0, right: 320, bottom: 180 } frame=Rect { left: 0, top: 0, right: 320, bottom: 180 } canvas=Rect { left: 0, top: 0, right: 320, bottom: 180 }
[1788815474] smart cmd (render=true): seq_raw_null=true const_seq_ok=true
[1788815474] render enter: Some(F32) in=320x180 out=384x216 win=(-32,-18) token=1396891973754618 compiled=true snap=true t=17408 step=1024 lstep=1024 scale=25600
[1788815474] smart cmd (render=false): seq_raw_null=true const_seq_ok=true
[1788815474] execute_plan ok
[1788815474] smart geometry: logical=1280x720 downsample=1/4x1/4 request=PF_LRect { left: -32, top: -18, right: 352, bottom: 198 } upstream=Rect { left: 0, top: 0, right: 320, bottom: 180 } frame=Rect { left: 0, top: 0, right: 320, bottom: 180 } canvas=Rect { left: 0, top: 0, right: 320, bottom: 180 }
[1788815474] smart cmd (render=true): seq_raw_null=true const_seq_ok=true
[1788815474] render enter: Some(F32) in=320x180 out=384x216 win=(-32,-18) token=1396891973754618 compiled=true snap=true t=33792 step=1024 lstep=1024 scale=25600
[1788815474] execute_plan ok
[1788815474] smart cmd (render=false): seq_raw_null=true const_seq_ok=true
[1788815474] smart geometry: logical=1280x720 downsample=1/4x1/4 request=PF_LRect { left: -32, top: -18, right: 352, bottom: 198 } upstream=Rect { left: 0, top: 0, right: 320, bottom: 180 } frame=Rect { left: 0, top: 0, right: 320, bottom: 180 } canvas=Rect { left: 0, top: 0, right: 320, bottom: 180 }
[1788815474] smart cmd (render=true): seq_raw_null=true const_seq_ok=true
[1788815474] render enter: Some(F32) in=320x180 out=384x216 win=(-32,-18) token=1396891973754618 compiled=true snap=true t=16384 step=1024 lstep=1024 scale=25600
[1788815474] execute_plan ok
[1788815474] smart cmd (render=false): seq_raw_null=true const_seq_ok=true
[1788815474] smart geometry: logical=1280x720 downsample=1/4x1/4 request=PF_LRect { left: -32, top: -18, right: 352, bottom: 198 } upstream=Rect { left: 0, top: 0, right: 320, bottom: 180 } frame=Rect { left: 0, top: 0, right: 320, bottom: 180 } canvas=Rect { left: 0, top: 0, right: 320, bottom: 180 }
[1788815474] smart cmd (render=true): seq_raw_null=true const_seq_ok=true
[1788815474] render enter: Some(F32) in=320x180 out=384x216 win=(-32,-18) token=1396891973754618 compiled=true snap=true t=34816 step=1024 lstep=1024 scale=25600
[1788815474] execute_plan ok
[1788815474] smart cmd (render=false): seq_raw_null=true const_seq_ok=true
[1788815474] smart geometry: logical=1280x720 downsample=1/4x1/4 request=PF_LRect { left: -32, top: -18, right: 352, bottom: 198 } upstream=Rect { left: 0, top: 0, right: 320, bottom: 180 } frame=Rect { left: 0, top: 0, right: 320, bottom: 180 } canvas=Rect { left: 0, top: 0, right: 320, bottom: 180 }
[1788815474] smart cmd (render=true): seq_raw_null=true const_seq_ok=true
[1788815474] render enter: Some(F32) in=320x180 out=384x216 win=(-32,-18) token=1396891973754618 compiled=true snap=true t=15360 step=1024 lstep=1024 scale=25600
[1788815474] execute_plan ok
[1788815474] smart cmd (render=false): seq_raw_null=true const_seq_ok=true
[1788815474] smart cmd (render=false): seq_raw_null=true const_seq_ok=true
[1788815474] smart geometry: logical=1280x720 downsample=1/4x1/4 request=PF_LRect { left: -32, top: -18, right: 352, bottom: 198 } upstream=Rect { left: 0, top: 0, right: 320, bottom: 180 } frame=Rect { left: 0, top: 0, right: 320, bottom: 180 } canvas=Rect { left: 0, top: 0, right: 320, bottom: 180 }
[1788815474] smart geometry: logical=1280x720 downsample=1/4x1/4 request=PF_LRect { left: -32, top: -18, right: 352, bottom: 198 } upstream=Rect { left: 0, top: 0, right: 320, bottom: 180 } frame=Rect { left: 0, top: 0, right: 320, bottom: 180 } canvas=Rect { left: 0, top: 0, right: 320, bottom: 180 }
[1788815474] smart cmd (render=true): seq_raw_null=true const_seq_ok=true
[1788815474] smart cmd (render=true): seq_raw_null=true const_seq_ok=true
[1788815474] render enter: Some(F32) in=320x180 out=384x216 win=(-32,-18) token=1396891973754618 compiled=true snap=true t=35840 step=1024 lstep=1024 scale=25600
[1788815474] execute_plan ok
[1788815474] render enter: Some(F32) in=320x180 out=384x216 win=(-32,-18) token=1396891973754618 compiled=true snap=true t=14336 step=1024 lstep=1024 scale=25600
[1788815474] smart cmd (render=false): seq_raw_null=true const_seq_ok=true
[1788815474] execute_plan ok
[1788815474] smart geometry: logical=1280x720 downsample=1/4x1/4 request=PF_LRect { left: -32, top: -18, right: 352, bottom: 198 } upstream=Rect { left: 0, top: 0, right: 320, bottom: 180 } frame=Rect { left: 0, top: 0, right: 320, bottom: 180 } canvas=Rect { left: 0, top: 0, right: 320, bottom: 180 }
[1788815474] smart cmd (render=true): seq_raw_null=true const_seq_ok=true
[1788815474] render enter: Some(F32) in=320x180 out=384x216 win=(-32,-18) token=1396891973754618 compiled=true snap=true t=36864 step=1024 lstep=1024 scale=25600
[1788815474] smart cmd (render=false): seq_raw_null=true const_seq_ok=true
[1788815474] execute_plan ok
[1788815474] smart geometry: logical=1280x720 downsample=1/4x1/4 request=PF_LRect { left: -32, top: -18, right: 352, bottom: 198 } upstream=Rect { left: 0, top: 0, right: 320, bottom: 180 } frame=Rect { left: 0, top: 0, right: 320, bottom: 180 } canvas=Rect { left: 0, top: 0, right: 320, bottom: 180 }
[1788815474] smart cmd (render=true): seq_raw_null=true const_seq_ok=true
[1788815474] render enter: Some(F32) in=320x180 out=384x216 win=(-32,-18) token=1396891973754618 compiled=true snap=true t=13312 step=1024 lstep=1024 scale=25600
[1788815474] execute_plan ok
[1788815474] smart cmd (render=false): seq_raw_null=true const_seq_ok=true
[1788815474] smart geometry: logical=1280x720 downsample=1/4x1/4 request=PF_LRect { left: -32, top: -18, right: 352, bottom: 198 } upstream=Rect { left: 0, top: 0, right: 320, bottom: 180 } frame=Rect { left: 0, top: 0, right: 320, bottom: 180 } canvas=Rect { left: 0, top: 0, right: 320, bottom: 180 }
[1788815474] smart cmd (render=true): seq_raw_null=true const_seq_ok=true
[1788815474] render enter: Some(F32) in=320x180 out=384x216 win=(-32,-18) token=1396891973754618 compiled=true snap=true t=37888 step=1024 lstep=1024 scale=25600
[1788815474] execute_plan ok
[1788815474] smart cmd (render=false): seq_raw_null=true const_seq_ok=true
[1788815474] smart geometry: logical=1280x720 downsample=1/4x1/4 request=PF_LRect { left: -32, top: -18, right: 352, bottom: 198 } upstream=Rect { left: 0, top: 0, right: 320, bottom: 180 } frame=Rect { left: 0, top: 0, right: 320, bottom: 180 } canvas=Rect { left: 0, top: 0, right: 320, bottom: 180 }
[1788815474] smart cmd (render=true): seq_raw_null=true const_seq_ok=true
[1788815474] render enter: Some(F32) in=320x180 out=384x216 win=(-32,-18) token=1396891973754618 compiled=true snap=true t=12288 step=1024 lstep=1024 scale=25600
[1788815474] execute_plan ok
[1788815474] smart cmd (render=false): seq_raw_null=true const_seq_ok=true
[1788815474] smart geometry: logical=1280x720 downsample=1/4x1/4 request=PF_LRect { left: -32, top: -18, right: 352, bottom: 198 } upstream=Rect { left: 0, top: 0, right: 320, bottom: 180 } frame=Rect { left: 0, top: 0, right: 320, bottom: 180 } canvas=Rect { left: 0, top: 0, right: 320, bottom: 180 }
[1788815474] smart cmd (render=true): seq_raw_null=true const_seq_ok=true
[1788815474] render enter: Some(F32) in=320x180 out=384x216 win=(-32,-18) token=1396891973754618 compiled=true snap=true t=38912 step=1024 lstep=1024 scale=25600
[1788815474] execute_plan ok
[1788815474] smart cmd (render=false): seq_raw_null=true const_seq_ok=true
[1788815474] smart cmd (render=false): seq_raw_null=true const_seq_ok=true
[1788815474] smart geometry: logical=1280x720 downsample=1/4x1/4 request=PF_LRect { left: -32, top: -18, right: 352, bottom: 198 } upstream=Rect { left: 0, top: 0, right: 320, bottom: 180 } frame=Rect { left: 0, top: 0, right: 320, bottom: 180 } canvas=Rect { left: 0, top: 0, right: 320, bottom: 180 }
[1788815474] smart geometry: logical=1280x720 downsample=1/4x1/4 request=PF_LRect { left: -32, top: -18, right: 352, bottom: 198 } upstream=Rect { left: 0, top: 0, right: 320, bottom: 180 } frame=Rect { left: 0, top: 0, right: 320, bottom: 180 } canvas=Rect { left: 0, top: 0, right: 320, bottom: 180 }
[1788815474] smart cmd (render=true): seq_raw_null=true const_seq_ok=true
[1788815474] smart cmd (render=true): seq_raw_null=true const_seq_ok=true
[1788815474] render enter: Some(F32) in=320x180 out=384x216 win=(-32,-18) token=1396891973754618 compiled=true snap=true t=11264 step=1024 lstep=1024 scale=25600
[1788815474] execute_plan ok
[1788815474] render enter: Some(F32) in=320x180 out=384x216 win=(-32,-18) token=1396891973754618 compiled=true snap=true t=39936 step=1024 lstep=1024 scale=25600
[1788815474] execute_plan ok
[1788815474] smart cmd (render=false): seq_raw_null=true const_seq_ok=true
[1788815474] smart cmd (render=false): seq_raw_null=true const_seq_ok=true
[1788815474] smart geometry: logical=1280x720 downsample=1/4x1/4 request=PF_LRect { left: -32, top: -18, right: 352, bottom: 198 } upstream=Rect { left: 0, top: 0, right: 320, bottom: 180 } frame=Rect { left: 0, top: 0, right: 320, bottom: 180 } canvas=Rect { left: 0, top: 0, right: 320, bottom: 180 }
[1788815474] smart geometry: logical=1280x720 downsample=1/4x1/4 request=PF_LRect { left: -32, top: -18, right: 352, bottom: 198 } upstream=Rect { left: 0, top: 0, right: 320, bottom: 180 } frame=Rect { left: 0, top: 0, right: 320, bottom: 180 } canvas=Rect { left: 0, top: 0, right: 320, bottom: 180 }
[1788815474] smart cmd (render=true): seq_raw_null=true const_seq_ok=true
[1788815474] smart cmd (render=true): seq_raw_null=true const_seq_ok=true
[1788815474] render enter: Some(F32) in=320x180 out=384x216 win=(-32,-18) token=1396891973754618 compiled=true snap=true t=10240 step=1024 lstep=1024 scale=25600
[1788815474] execute_plan ok
[1788815474] render enter: Some(F32) in=320x180 out=384x216 win=(-32,-18) token=1396891973754618 compiled=true snap=true t=40960 step=1024 lstep=1024 scale=25600
[1788815474] execute_plan ok
[1788815474] smart cmd (render=false): seq_raw_null=true const_seq_ok=true
[1788815474] smart geometry: logical=1280x720 downsample=1/4x1/4 request=PF_LRect { left: -32, top: -18, right: 352, bottom: 198 } upstream=Rect { left: 0, top: 0, right: 320, bottom: 180 } frame=Rect { left: 0, top: 0, right: 320, bottom: 180 } canvas=Rect { left: 0, top: 0, right: 320, bottom: 180 }
[1788815474] smart cmd (render=true): seq_raw_null=true const_seq_ok=true
[1788815474] render enter: Some(F32) in=320x180 out=384x216 win=(-32,-18) token=1396891973754618 compiled=true snap=true t=9216 step=1024 lstep=1024 scale=25600
[1788815474] execute_plan ok
[1788815474] smart cmd (render=false): seq_raw_null=true const_seq_ok=true
[1788815474] smart geometry: logical=1280x720 downsample=1/4x1/4 request=PF_LRect { left: -32, top: -18, right: 352, bottom: 198 } upstream=Rect { left: 0, top: 0, right: 320, bottom: 180 } frame=Rect { left: 0, top: 0, right: 320, bottom: 180 } canvas=Rect { left: 0, top: 0, right: 320, bottom: 180 }
[1788815474] smart cmd (render=true): seq_raw_null=true const_seq_ok=true
[1788815474] render enter: Some(F32) in=320x180 out=384x216 win=(-32,-18) token=1396891973754618 compiled=true snap=true t=41984 step=1024 lstep=1024 scale=25600
[1788815474] execute_plan ok
[1788815474] smart cmd (render=false): seq_raw_null=true const_seq_ok=true
[1788815474] smart geometry: logical=1280x720 downsample=1/4x1/4 request=PF_LRect { left: -32, top: -18, right: 352, bottom: 198 } upstream=Rect { left: 0, top: 0, right: 320, bottom: 180 } frame=Rect { left: 0, top: 0, right: 320, bottom: 180 } canvas=Rect { left: 0, top: 0, right: 320, bottom: 180 }
[1788815474] smart cmd (render=true): seq_raw_null=true const_seq_ok=true
[1788815474] render enter: Some(F32) in=320x180 out=384x216 win=(-32,-18) token=1396891973754618 compiled=true snap=true t=8192 step=1024 lstep=1024 scale=25600
[1788815474] execute_plan ok
[1788815474] smart cmd (render=false): seq_raw_null=true const_seq_ok=true
[1788815474] smart geometry: logical=1280x720 downsample=1/4x1/4 request=PF_LRect { left: -32, top: -18, right: 352, bottom: 198 } upstream=Rect { left: 0, top: 0, right: 320, bottom: 180 } frame=Rect { left: 0, top: 0, right: 320, bottom: 180 } canvas=Rect { left: 0, top: 0, right: 320, bottom: 180 }
[1788815474] smart cmd (render=false): seq_raw_null=true const_seq_ok=true
[1788815474] smart cmd (render=true): seq_raw_null=true const_seq_ok=true
[1788815474] smart geometry: logical=1280x720 downsample=1/4x1/4 request=PF_LRect { left: -32, top: -18, right: 352, bottom: 198 } upstream=Rect { left: 0, top: 0, right: 320, bottom: 180 } frame=Rect { left: 0, top: 0, right: 320, bottom: 180 } canvas=Rect { left: 0, top: 0, right: 320, bottom: 180 }
[1788815474] smart cmd (render=true): seq_raw_null=true const_seq_ok=true
[1788815474] render enter: Some(F32) in=320x180 out=384x216 win=(-32,-18) token=1396891973754618 compiled=true snap=true t=43008 step=1024 lstep=1024 scale=25600
[1788815474] execute_plan ok
[1788815474] render enter: Some(F32) in=320x180 out=384x216 win=(-32,-18) token=1396891973754618 compiled=true snap=true t=7168 step=1024 lstep=1024 scale=25600
[1788815474] smart cmd (render=false): seq_raw_null=true const_seq_ok=true
[1788815474] execute_plan ok
[1788815474] smart geometry: logical=1280x720 downsample=1/4x1/4 request=PF_LRect { left: -32, top: -18, right: 352, bottom: 198 } upstream=Rect { left: 0, top: 0, right: 320, bottom: 180 } frame=Rect { left: 0, top: 0, right: 320, bottom: 180 } canvas=Rect { left: 0, top: 0, right: 320, bottom: 180 }
[1788815474] smart cmd (render=true): seq_raw_null=true const_seq_ok=true
[1788815474] render enter: Some(F32) in=320x180 out=384x216 win=(-32,-18) token=1396891973754618 compiled=true snap=true t=44032 step=1024 lstep=1024 scale=25600
[1788815474] smart cmd (render=false): seq_raw_null=true const_seq_ok=true
[1788815474] execute_plan ok
[1788815474] smart geometry: logical=1280x720 downsample=1/4x1/4 request=PF_LRect { left: -32, top: -18, right: 352, bottom: 198 } upstream=Rect { left: 0, top: 0, right: 320, bottom: 180 } frame=Rect { left: 0, top: 0, right: 320, bottom: 180 } canvas=Rect { left: 0, top: 0, right: 320, bottom: 180 }
[1788815474] smart cmd (render=true): seq_raw_null=true const_seq_ok=true
[1788815474] render enter: Some(F32) in=320x180 out=384x216 win=(-32,-18) token=1396891973754618 compiled=true snap=true t=6144 step=1024 lstep=1024 scale=25600
[1788815474] execute_plan ok
[1788815474] smart cmd (render=false): seq_raw_null=true const_seq_ok=true
[1788815474] smart geometry: logical=1280x720 downsample=1/4x1/4 request=PF_LRect { left: -32, top: -18, right: 352, bottom: 198 } upstream=Rect { left: 0, top: 0, right: 320, bottom: 180 } frame=Rect { left: 0, top: 0, right: 320, bottom: 180 } canvas=Rect { left: 0, top: 0, right: 320, bottom: 180 }
[1788815474] smart cmd (render=true): seq_raw_null=true const_seq_ok=true
[1788815474] render enter: Some(F32) in=320x180 out=384x216 win=(-32,-18) token=1396891973754618 compiled=true snap=true t=45056 step=1024 lstep=1024 scale=25600
[1788815474] execute_plan ok
[1788815474] smart cmd (render=false): seq_raw_null=true const_seq_ok=true
[1788815474] smart geometry: logical=1280x720 downsample=1/4x1/4 request=PF_LRect { left: -32, top: -18, right: 352, bottom: 198 } upstream=Rect { left: 0, top: 0, right: 320, bottom: 180 } frame=Rect { left: 0, top: 0, right: 320, bottom: 180 } canvas=Rect { left: 0, top: 0, right: 320, bottom: 180 }
[1788815474] smart cmd (render=true): seq_raw_null=true const_seq_ok=true
[1788815474] render enter: Some(F32) in=320x180 out=384x216 win=(-32,-18) token=1396891973754618 compiled=true snap=true t=5120 step=1024 lstep=1024 scale=25600
[1788815474] execute_plan ok
[1788815474] smart cmd (render=false): seq_raw_null=true const_seq_ok=true
[1788815474] smart geometry: logical=1280x720 downsample=1/4x1/4 request=PF_LRect { left: -32, top: -18, right: 352, bottom: 198 } upstream=Rect { left: 0, top: 0, right: 320, bottom: 180 } frame=Rect { left: 0, top: 0, right: 320, bottom: 180 } canvas=Rect { left: 0, top: 0, right: 320, bottom: 180 }
[1788815474] smart cmd (render=true): seq_raw_null=true const_seq_ok=true
[1788815474] render enter: Some(F32) in=320x180 out=384x216 win=(-32,-18) token=1396891973754618 compiled=true snap=true t=46080 step=1024 lstep=1024 scale=25600
[1788815474] execute_plan ok
[1788815474] smart cmd (render=false): seq_raw_null=true const_seq_ok=true
[1788815474] smart geometry: logical=1280x720 downsample=1/4x1/4 request=PF_LRect { left: -32, top: -18, right: 352, bottom: 198 } upstream=Rect { left: 0, top: 0, right: 320, bottom: 180 } frame=Rect { left: 0, top: 0, right: 320, bottom: 180 } canvas=Rect { left: 0, top: 0, right: 320, bottom: 180 }
[1788815474] smart cmd (render=true): seq_raw_null=true const_seq_ok=true
[1788815474] render enter: Some(F32) in=320x180 out=384x216 win=(-32,-18) token=1396891973754618 compiled=true snap=true t=4096 step=1024 lstep=1024 scale=25600
[1788815474] execute_plan ok
[1788815474] smart cmd (render=false): seq_raw_null=true const_seq_ok=true
[1788815474] smart cmd (render=false): seq_raw_null=true const_seq_ok=true
[1788815474] smart geometry: logical=1280x720 downsample=1/4x1/4 request=PF_LRect { left: -32, top: -18, right: 352, bottom: 198 } upstream=Rect { left: 0, top: 0, right: 320, bottom: 180 } frame=Rect { left: 0, top: 0, right: 320, bottom: 180 } canvas=Rect { left: 0, top: 0, right: 320, bottom: 180 }
[1788815474] smart geometry: logical=1280x720 downsample=1/4x1/4 request=PF_LRect { left: -32, top: -18, right: 352, bottom: 198 } upstream=Rect { left: 0, top: 0, right: 320, bottom: 180 } frame=Rect { left: 0, top: 0, right: 320, bottom: 180 } canvas=Rect { left: 0, top: 0, right: 320, bottom: 180 }
[1788815474] smart cmd (render=true): seq_raw_null=true const_seq_ok=true
[1788815474] smart cmd (render=true): seq_raw_null=true const_seq_ok=true
[1788815474] render enter: Some(F32) in=320x180 out=384x216 win=(-32,-18) token=1396891973754618 compiled=true snap=true t=3072 step=1024 lstep=1024 scale=25600
[1788815474] execute_plan ok
[1788815474] render enter: Some(F32) in=320x180 out=384x216 win=(-32,-18) token=1396891973754618 compiled=true snap=true t=47104 step=1024 lstep=1024 scale=25600
[1788815474] smart cmd (render=false): seq_raw_null=true const_seq_ok=true
[1788815474] execute_plan ok
[1788815474] smart geometry: logical=1280x720 downsample=1/4x1/4 request=PF_LRect { left: -32, top: -18, right: 352, bottom: 198 } upstream=Rect { left: 0, top: 0, right: 320, bottom: 180 } frame=Rect { left: 0, top: 0, right: 320, bottom: 180 } canvas=Rect { left: 0, top: 0, right: 320, bottom: 180 }
[1788815474] smart cmd (render=true): seq_raw_null=true const_seq_ok=true
[1788815474] render enter: Some(F32) in=320x180 out=384x216 win=(-32,-18) token=1396891973754618 compiled=true snap=true t=48128 step=1024 lstep=1024 scale=25600
[1788815474] execute_plan ok
[1788815474] smart cmd (render=false): seq_raw_null=true const_seq_ok=true
[1788815474] smart geometry: logical=1280x720 downsample=1/4x1/4 request=PF_LRect { left: -32, top: -18, right: 352, bottom: 198 } upstream=Rect { left: 0, top: 0, right: 320, bottom: 180 } frame=Rect { left: 0, top: 0, right: 320, bottom: 180 } canvas=Rect { left: 0, top: 0, right: 320, bottom: 180 }
[1788815474] smart cmd (render=true): seq_raw_null=true const_seq_ok=true
[1788815474] render enter: Some(F32) in=320x180 out=384x216 win=(-32,-18) token=1396891973754618 compiled=true snap=true t=2048 step=1024 lstep=1024 scale=25600
[1788815474] execute_plan ok
[1788815474] smart cmd (render=false): seq_raw_null=true const_seq_ok=true
[1788815474] smart geometry: logical=1280x720 downsample=1/4x1/4 request=PF_LRect { left: -32, top: -18, right: 352, bottom: 198 } upstream=Rect { left: 0, top: 0, right: 320, bottom: 180 } frame=Rect { left: 0, top: 0, right: 320, bottom: 180 } canvas=Rect { left: 0, top: 0, right: 320, bottom: 180 }
[1788815474] smart cmd (render=true): seq_raw_null=true const_seq_ok=true
[1788815474] render enter: Some(F32) in=320x180 out=384x216 win=(-32,-18) token=1396891973754618 compiled=true snap=true t=49152 step=1024 lstep=1024 scale=25600
[1788815474] execute_plan ok
[1788815474] smart cmd (render=false): seq_raw_null=true const_seq_ok=true
[1788815474] smart geometry: logical=1280x720 downsample=1/4x1/4 request=PF_LRect { left: -32, top: -18, right: 352, bottom: 198 } upstream=Rect { left: 0, top: 0, right: 320, bottom: 180 } frame=Rect { left: 0, top: 0, right: 320, bottom: 180 } canvas=Rect { left: 0, top: 0, right: 320, bottom: 180 }
[1788815474] smart cmd (render=true): seq_raw_null=true const_seq_ok=true
[1788815474] render enter: Some(F32) in=320x180 out=384x216 win=(-32,-18) token=1396891973754618 compiled=true snap=true t=1024 step=1024 lstep=1024 scale=25600
[1788815474] execute_plan ok
[1788815474] smart cmd (render=false): seq_raw_null=true const_seq_ok=true
[1788815474] smart cmd (render=false): seq_raw_null=true const_seq_ok=true
[1788815474] smart geometry: logical=1280x720 downsample=1/4x1/4 request=PF_LRect { left: -32, top: -18, right: 352, bottom: 198 } upstream=Rect { left: 0, top: 0, right: 320, bottom: 180 } frame=Rect { left: 0, top: 0, right: 320, bottom: 180 } canvas=Rect { left: 0, top: 0, right: 320, bottom: 180 }
[1788815474] smart geometry: logical=1280x720 downsample=1/4x1/4 request=PF_LRect { left: -32, top: -18, right: 352, bottom: 198 } upstream=Rect { left: 0, top: 0, right: 320, bottom: 180 } frame=Rect { left: 0, top: 0, right: 320, bottom: 180 } canvas=Rect { left: 0, top: 0, right: 320, bottom: 180 }
[1788815474] smart cmd (render=true): seq_raw_null=true const_seq_ok=true
[1788815474] smart cmd (render=true): seq_raw_null=true const_seq_ok=true
[1788815474] render enter: Some(F32) in=320x180 out=384x216 win=(-32,-18) token=1396891973754618 compiled=true snap=true t=0 step=1024 lstep=1024 scale=25600
[1788815474] execute_plan ok
[1788815474] render enter: Some(F32) in=320x180 out=384x216 win=(-32,-18) token=1396891973754618 compiled=true snap=true t=50176 step=1024 lstep=1024 scale=25600
[1788815474] smart cmd (render=false): seq_raw_null=true const_seq_ok=true
[1788815474] execute_plan ok
[1788815474] smart geometry: logical=1280x720 downsample=1/4x1/4 request=PF_LRect { left: -32, top: -18, right: 352, bottom: 198 } upstream=Rect { left: 0, top: 0, right: 320, bottom: 180 } frame=Rect { left: 0, top: 0, right: 320, bottom: 180 } canvas=Rect { left: 0, top: 0, right: 320, bottom: 180 }
[1788815474] smart cmd (render=true): seq_raw_null=true const_seq_ok=true
[1788815474] render enter: Some(F32) in=320x180 out=384x216 win=(-32,-18) token=1396891973754618 compiled=true snap=true t=51200 step=1024 lstep=1024 scale=25600
[1788815474] smart cmd (render=false): seq_raw_null=true const_seq_ok=true
[1788815474] execute_plan ok
[1788815474] smart geometry: logical=1280x720 downsample=1/4x1/4 request=PF_LRect { left: -32, top: -18, right: 352, bottom: 198 } upstream=Rect { left: 0, top: 0, right: 320, bottom: 180 } frame=Rect { left: 0, top: 0, right: 320, bottom: 180 } canvas=Rect { left: 0, top: 0, right: 320, bottom: 180 }
[1788815474] smart cmd (render=true): seq_raw_null=true const_seq_ok=true
[1788815474] render enter: Some(F32) in=320x180 out=384x216 win=(-32,-18) token=1396891973754618 compiled=true snap=true t=52224 step=1024 lstep=1024 scale=25600
[1788815474] execute_plan ok
[1788815474] smart cmd (render=false): seq_raw_null=true const_seq_ok=true
[1788815474] smart geometry: logical=1280x720 downsample=1/4x1/4 request=PF_LRect { left: -32, top: -18, right: 352, bottom: 198 } upstream=Rect { left: 0, top: 0, right: 320, bottom: 180 } frame=Rect { left: 0, top: 0, right: 320, bottom: 180 } canvas=Rect { left: 0, top: 0, right: 320, bottom: 180 }
[1788815474] smart cmd (render=true): seq_raw_null=true const_seq_ok=true
[1788815474] render enter: Some(F32) in=320x180 out=384x216 win=(-32,-18) token=1396891973754618 compiled=true snap=true t=53248 step=1024 lstep=1024 scale=25600
[1788815474] execute_plan ok
[1788815474] smart cmd (render=false): seq_raw_null=true const_seq_ok=true
[1788815474] smart geometry: logical=1280x720 downsample=1/4x1/4 request=PF_LRect { left: -32, top: -18, right: 352, bottom: 198 } upstream=Rect { left: 0, top: 0, right: 320, bottom: 180 } frame=Rect { left: 0, top: 0, right: 320, bottom: 180 } canvas=Rect { left: 0, top: 0, right: 320, bottom: 180 }
[1788815474] smart cmd (render=true): seq_raw_null=true const_seq_ok=true
[1788815474] render enter: Some(F32) in=320x180 out=384x216 win=(-32,-18) token=1396891973754618 compiled=true snap=true t=54272 step=1024 lstep=1024 scale=25600
[1788815474] execute_plan ok
[1788815474] smart cmd (render=false): seq_raw_null=true const_seq_ok=true
[1788815474] smart geometry: logical=1280x720 downsample=1/4x1/4 request=PF_LRect { left: -32, top: -18, right: 352, bottom: 198 } upstream=Rect { left: 0, top: 0, right: 320, bottom: 180 } frame=Rect { left: 0, top: 0, right: 320, bottom: 180 } canvas=Rect { left: 0, top: 0, right: 320, bottom: 180 }
[1788815474] smart cmd (render=true): seq_raw_null=true const_seq_ok=true
[1788815474] render enter: Some(F32) in=320x180 out=384x216 win=(-32,-18) token=1396891973754618 compiled=true snap=true t=55296 step=1024 lstep=1024 scale=25600
[1788815474] execute_plan ok
[1788815474] smart cmd (render=false): seq_raw_null=true const_seq_ok=true
[1788815474] smart cmd (render=false): seq_raw_null=true const_seq_ok=true
[1788815474] smart geometry: logical=1280x720 downsample=1/4x1/4 request=PF_LRect { left: -32, top: -18, right: 352, bottom: 198 } upstream=Rect { left: 0, top: 0, right: 320, bottom: 180 } frame=Rect { left: 0, top: 0, right: 320, bottom: 180 } canvas=Rect { left: 0, top: 0, right: 320, bottom: 180 }
[1788815474] smart geometry: logical=1280x720 downsample=1/4x1/4 request=PF_LRect { left: -32, top: -18, right: 352, bottom: 198 } upstream=Rect { left: 0, top: 0, right: 320, bottom: 180 } frame=Rect { left: 0, top: 0, right: 320, bottom: 180 } canvas=Rect { left: 0, top: 0, right: 320, bottom: 180 }
[1788815474] smart cmd (render=true): seq_raw_null=true const_seq_ok=true
[1788815474] smart cmd (render=true): seq_raw_null=true const_seq_ok=true
[1788815474] render enter: Some(F32) in=320x180 out=384x216 win=(-32,-18) token=1396891973754618 compiled=true snap=true t=56320 step=1024 lstep=1024 scale=25600
[1788815474] execute_plan ok
[1788815474] render enter: Some(F32) in=320x180 out=384x216 win=(-32,-18) token=1396891973754618 compiled=true snap=true t=57344 step=1024 lstep=1024 scale=25600
[1788815474] smart cmd (render=false): seq_raw_null=true const_seq_ok=true
[1788815474] execute_plan ok
[1788815474] smart geometry: logical=1280x720 downsample=1/4x1/4 request=PF_LRect { left: -32, top: -18, right: 352, bottom: 198 } upstream=Rect { left: 0, top: 0, right: 320, bottom: 180 } frame=Rect { left: 0, top: 0, right: 320, bottom: 180 } canvas=Rect { left: 0, top: 0, right: 320, bottom: 180 }
[1788815474] smart cmd (render=true): seq_raw_null=true const_seq_ok=true
[1788815474] render enter: Some(F32) in=320x180 out=384x216 win=(-32,-18) token=1396891973754618 compiled=true snap=true t=58368 step=1024 lstep=1024 scale=25600
[1788815474] smart cmd (render=false): seq_raw_null=true const_seq_ok=true
[1788815474] execute_plan ok
[1788815474] smart geometry: logical=1280x720 downsample=1/4x1/4 request=PF_LRect { left: -32, top: -18, right: 352, bottom: 198 } upstream=Rect { left: 0, top: 0, right: 320, bottom: 180 } frame=Rect { left: 0, top: 0, right: 320, bottom: 180 } canvas=Rect { left: 0, top: 0, right: 320, bottom: 180 }
[1788815474] smart cmd (render=true): seq_raw_null=true const_seq_ok=true
[1788815474] render enter: Some(F32) in=320x180 out=384x216 win=(-32,-18) token=1396891973754618 compiled=true snap=true t=59392 step=1024 lstep=1024 scale=25600
[1788815474] execute_plan ok
[1788815474] smart cmd (render=false): seq_raw_null=true const_seq_ok=true
[1788815474] smart geometry: logical=1280x720 downsample=1/4x1/4 request=PF_LRect { left: -32, top: -18, right: 352, bottom: 198 } upstream=Rect { left: 0, top: 0, right: 320, bottom: 180 } frame=Rect { left: 0, top: 0, right: 320, bottom: 180 } canvas=Rect { left: 0, top: 0, right: 320, bottom: 180 }
[1788815474] smart cmd (render=true): seq_raw_null=true const_seq_ok=true
[1788815474] render enter: Some(F32) in=320x180 out=384x216 win=(-32,-18) token=1396891973754618 compiled=true snap=true t=60416 step=1024 lstep=1024 scale=25600
[1788815474] execute_plan ok
[1788815474] smart cmd (render=false): seq_raw_null=true const_seq_ok=true
[1788815474] smart geometry: logical=1280x720 downsample=1/4x1/4 request=PF_LRect { left: -32, top: -18, right: 352, bottom: 198 } upstream=Rect { left: 0, top: 0, right: 320, bottom: 180 } frame=Rect { left: 0, top: 0, right: 320, bottom: 180 } canvas=Rect { left: 0, top: 0, right: 320, bottom: 180 }
[1788815474] smart cmd (render=true): seq_raw_null=true const_seq_ok=true
[1788815474] render enter: Some(F32) in=320x180 out=384x216 win=(-32,-18) token=1396891973754618 compiled=true snap=true t=61440 step=1024 lstep=1024 scale=25600
[1788815474] execute_plan ok
[1788815474] smart cmd (render=false): seq_raw_null=true const_seq_ok=true
[1788815474] smart geometry: logical=1280x720 downsample=1/4x1/4 request=PF_LRect { left: -32, top: -18, right: 352, bottom: 198 } upstream=Rect { left: 0, top: 0, right: 320, bottom: 180 } frame=Rect { left: 0, top: 0, right: 320, bottom: 180 } canvas=Rect { left: 0, top: 0, right: 320, bottom: 180 }
[1788815474] smart cmd (render=true): seq_raw_null=true const_seq_ok=true
[1788815474] render enter: Some(F32) in=320x180 out=384x216 win=(-32,-18) token=1396891973754618 compiled=true snap=true t=62464 step=1024 lstep=1024 scale=25600
[1788815474] execute_plan ok
[1788815474] smart cmd (render=false): seq_raw_null=true const_seq_ok=true
[1788815474] smart cmd (render=false): seq_raw_null=true const_seq_ok=true
[1788815474] smart geometry: logical=1280x720 downsample=1/4x1/4 request=PF_LRect { left: -32, top: -18, right: 352, bottom: 198 } upstream=Rect { left: 0, top: 0, right: 320, bottom: 180 } frame=Rect { left: 0, top: 0, right: 320, bottom: 180 } canvas=Rect { left: 0, top: 0, right: 320, bottom: 180 }
[1788815474] smart geometry: logical=1280x720 downsample=1/4x1/4 request=PF_LRect { left: -32, top: -18, right: 352, bottom: 198 } upstream=Rect { left: 0, top: 0, right: 320, bottom: 180 } frame=Rect { left: 0, top: 0, right: 320, bottom: 180 } canvas=Rect { left: 0, top: 0, right: 320, bottom: 180 }
[1788815474] smart cmd (render=true): seq_raw_null=true const_seq_ok=true
[1788815474] smart cmd (render=true): seq_raw_null=true const_seq_ok=true
[1788815474] render enter: Some(F32) in=320x180 out=384x216 win=(-32,-18) token=1396891973754618 compiled=true snap=true t=63488 step=1024 lstep=1024 scale=25600
[1788815474] execute_plan ok
[1788815474] render enter: Some(F32) in=320x180 out=384x216 win=(-32,-18) token=1396891973754618 compiled=true snap=true t=64512 step=1024 lstep=1024 scale=25600
[1788815474] smart cmd (render=false): seq_raw_null=true const_seq_ok=true
[1788815474] execute_plan ok
[1788815474] smart geometry: logical=1280x720 downsample=1/4x1/4 request=PF_LRect { left: -32, top: -18, right: 352, bottom: 198 } upstream=Rect { left: 0, top: 0, right: 320, bottom: 180 } frame=Rect { left: 0, top: 0, right: 320, bottom: 180 } canvas=Rect { left: 0, top: 0, right: 320, bottom: 180 }
[1788815474] smart cmd (render=true): seq_raw_null=true const_seq_ok=true
[1788815474] render enter: Some(F32) in=320x180 out=384x216 win=(-32,-18) token=1396891973754618 compiled=true snap=true t=65536 step=1024 lstep=1024 scale=25600
[1788815474] smart cmd (render=false): seq_raw_null=true const_seq_ok=true
[1788815474] execute_plan ok
[1788815474] smart geometry: logical=1280x720 downsample=1/4x1/4 request=PF_LRect { left: -32, top: -18, right: 352, bottom: 198 } upstream=Rect { left: 0, top: 0, right: 320, bottom: 180 } frame=Rect { left: 0, top: 0, right: 320, bottom: 180 } canvas=Rect { left: 0, top: 0, right: 320, bottom: 180 }
[1788815474] smart cmd (render=true): seq_raw_null=true const_seq_ok=true
[1788815474] render enter: Some(F32) in=320x180 out=384x216 win=(-32,-18) token=1396891973754618 compiled=true snap=true t=66560 step=1024 lstep=1024 scale=25600
[1788815474] execute_plan ok
[1788815474] smart cmd (render=false): seq_raw_null=true const_seq_ok=true
[1788815474] smart geometry: logical=1280x720 downsample=1/4x1/4 request=PF_LRect { left: -32, top: -18, right: 352, bottom: 198 } upstream=Rect { left: 0, top: 0, right: 320, bottom: 180 } frame=Rect { left: 0, top: 0, right: 320, bottom: 180 } canvas=Rect { left: 0, top: 0, right: 320, bottom: 180 }
[1788815474] smart cmd (render=true): seq_raw_null=true const_seq_ok=true
[1788815474] render enter: Some(F32) in=320x180 out=384x216 win=(-32,-18) token=1396891973754618 compiled=true snap=true t=67584 step=1024 lstep=1024 scale=25600
[1788815474] execute_plan ok
[1788815474] smart cmd (render=false): seq_raw_null=true const_seq_ok=true
[1788815474] smart geometry: logical=1280x720 downsample=1/4x1/4 request=PF_LRect { left: -32, top: -18, right: 352, bottom: 198 } upstream=Rect { left: 0, top: 0, right: 320, bottom: 180 } frame=Rect { left: 0, top: 0, right: 320, bottom: 180 } canvas=Rect { left: 0, top: 0, right: 320, bottom: 180 }
[1788815474] smart cmd (render=true): seq_raw_null=true const_seq_ok=true
[1788815474] render enter: Some(F32) in=320x180 out=384x216 win=(-32,-18) token=1396891973754618 compiled=true snap=true t=68608 step=1024 lstep=1024 scale=25600
[1788815474] execute_plan ok
[1788815474] smart cmd (render=false): seq_raw_null=true const_seq_ok=true
[1788815474] smart geometry: logical=1280x720 downsample=1/4x1/4 request=PF_LRect { left: -32, top: -18, right: 352, bottom: 198 } upstream=Rect { left: 0, top: 0, right: 320, bottom: 180 } frame=Rect { left: 0, top: 0, right: 320, bottom: 180 } canvas=Rect { left: 0, top: 0, right: 320, bottom: 180 }
[1788815474] smart cmd (render=true): seq_raw_null=true const_seq_ok=true
[1788815474] render enter: Some(F32) in=320x180 out=384x216 win=(-32,-18) token=1396891973754618 compiled=true snap=true t=69632 step=1024 lstep=1024 scale=25600
[1788815474] execute_plan ok
[1788815474] smart cmd (render=false): seq_raw_null=true const_seq_ok=true
[1788815474] smart cmd (render=false): seq_raw_null=true const_seq_ok=true
[1788815474] smart geometry: logical=1280x720 downsample=1/4x1/4 request=PF_LRect { left: -32, top: -18, right: 352, bottom: 198 } upstream=Rect { left: 0, top: 0, right: 320, bottom: 180 } frame=Rect { left: 0, top: 0, right: 320, bottom: 180 } canvas=Rect { left: 0, top: 0, right: 320, bottom: 180 }
[1788815474] smart geometry: logical=1280x720 downsample=1/4x1/4 request=PF_LRect { left: -32, top: -18, right: 352, bottom: 198 } upstream=Rect { left: 0, top: 0, right: 320, bottom: 180 } frame=Rect { left: 0, top: 0, right: 320, bottom: 180 } canvas=Rect { left: 0, top: 0, right: 320, bottom: 180 }
[1788815474] smart cmd (render=true): seq_raw_null=true const_seq_ok=true
[1788815474] smart cmd (render=true): seq_raw_null=true const_seq_ok=true
[1788815474] render enter: Some(F32) in=320x180 out=384x216 win=(-32,-18) token=1396891973754618 compiled=true snap=true t=70656 step=1024 lstep=1024 scale=25600
[1788815474] execute_plan ok
[1788815474] render enter: Some(F32) in=320x180 out=384x216 win=(-32,-18) token=1396891973754618 compiled=true snap=true t=71680 step=1024 lstep=1024 scale=25600
[1788815474] smart cmd (render=false): seq_raw_null=true const_seq_ok=true
[1788815474] execute_plan ok
[1788815474] smart geometry: logical=1280x720 downsample=1/4x1/4 request=PF_LRect { left: -32, top: -18, right: 352, bottom: 198 } upstream=Rect { left: 0, top: 0, right: 320, bottom: 180 } frame=Rect { left: 0, top: 0, right: 320, bottom: 180 } canvas=Rect { left: 0, top: 0, right: 320, bottom: 180 }
[1788815474] smart cmd (render=true): seq_raw_null=true const_seq_ok=true
[1788815474] render enter: Some(F32) in=320x180 out=384x216 win=(-32,-18) token=1396891973754618 compiled=true snap=true t=72704 step=1024 lstep=1024 scale=25600
[1788815474] smart cmd (render=false): seq_raw_null=true const_seq_ok=true
[1788815474] execute_plan ok
[1788815474] smart geometry: logical=1280x720 downsample=1/4x1/4 request=PF_LRect { left: -32, top: -18, right: 352, bottom: 198 } upstream=Rect { left: 0, top: 0, right: 320, bottom: 180 } frame=Rect { left: 0, top: 0, right: 320, bottom: 180 } canvas=Rect { left: 0, top: 0, right: 320, bottom: 180 }
[1788815474] smart cmd (render=true): seq_raw_null=true const_seq_ok=true
[1788815474] render enter: Some(F32) in=320x180 out=384x216 win=(-32,-18) token=1396891973754618 compiled=true snap=true t=73728 step=1024 lstep=1024 scale=25600
[1788815474] execute_plan ok
[1788815474] smart cmd (render=false): seq_raw_null=true const_seq_ok=true
[1788815474] smart geometry: logical=1280x720 downsample=1/4x1/4 request=PF_LRect { left: -32, top: -18, right: 352, bottom: 198 } upstream=Rect { left: 0, top: 0, right: 320, bottom: 180 } frame=Rect { left: 0, top: 0, right: 320, bottom: 180 } canvas=Rect { left: 0, top: 0, right: 320, bottom: 180 }
[1788815474] smart cmd (render=true): seq_raw_null=true const_seq_ok=true
[1788815474] render enter: Some(F32) in=320x180 out=384x216 win=(-32,-18) token=1396891973754618 compiled=true snap=true t=74752 step=1024 lstep=1024 scale=25600
[1788815474] execute_plan ok
[1788815474] smart cmd (render=false): seq_raw_null=true const_seq_ok=true
[1788815474] smart geometry: logical=1280x720 downsample=1/4x1/4 request=PF_LRect { left: -32, top: -18, right: 352, bottom: 198 } upstream=Rect { left: 0, top: 0, right: 320, bottom: 180 } frame=Rect { left: 0, top: 0, right: 320, bottom: 180 } canvas=Rect { left: 0, top: 0, right: 320, bottom: 180 }
[1788815474] smart cmd (render=true): seq_raw_null=true const_seq_ok=true
[1788815474] render enter: Some(F32) in=320x180 out=384x216 win=(-32,-18) token=1396891973754618 compiled=true snap=true t=75776 step=1024 lstep=1024 scale=25600
[1788815474] execute_plan ok
[1788815474] smart cmd (render=false): seq_raw_null=true const_seq_ok=true
[1788815474] smart geometry: logical=1280x720 downsample=1/4x1/4 request=PF_LRect { left: -32, top: -18, right: 352, bottom: 198 } upstream=Rect { left: 0, top: 0, right: 320, bottom: 180 } frame=Rect { left: 0, top: 0, right: 320, bottom: 180 } canvas=Rect { left: 0, top: 0, right: 320, bottom: 180 }
[1788815474] smart cmd (render=true): seq_raw_null=true const_seq_ok=true
[1788815474] render enter: Some(F32) in=320x180 out=384x216 win=(-32,-18) token=1396891973754618 compiled=true snap=true t=76800 step=1024 lstep=1024 scale=25600
[1788815474] execute_plan ok
[1788815474] smart cmd (render=false): seq_raw_null=true const_seq_ok=true
[1788815474] smart cmd (render=false): seq_raw_null=true const_seq_ok=true
[1788815474] smart geometry: logical=1280x720 downsample=1/4x1/4 request=PF_LRect { left: -32, top: -18, right: 352, bottom: 198 } upstream=Rect { left: 0, top: 0, right: 320, bottom: 180 } frame=Rect { left: 0, top: 0, right: 320, bottom: 180 } canvas=Rect { left: 0, top: 0, right: 320, bottom: 180 }
[1788815474] smart geometry: logical=1280x720 downsample=1/4x1/4 request=PF_LRect { left: -32, top: -18, right: 352, bottom: 198 } upstream=Rect { left: 0, top: 0, right: 320, bottom: 180 } frame=Rect { left: 0, top: 0, right: 320, bottom: 180 } canvas=Rect { left: 0, top: 0, right: 320, bottom: 180 }
[1788815474] smart cmd (render=true): seq_raw_null=true const_seq_ok=true
[1788815474] smart cmd (render=true): seq_raw_null=true const_seq_ok=true
[1788815474] render enter: Some(F32) in=320x180 out=384x216 win=(-32,-18) token=1396891973754618 compiled=true snap=true t=78848 step=1024 lstep=1024 scale=25600
[1788815474] execute_plan ok
[1788815474] render enter: Some(F32) in=320x180 out=384x216 win=(-32,-18) token=1396891973754618 compiled=true snap=true t=77824 step=1024 lstep=1024 scale=25600
[1788815474] smart cmd (render=false): seq_raw_null=true const_seq_ok=true
[1788815474] execute_plan ok
[1788815474] smart geometry: logical=1280x720 downsample=1/4x1/4 request=PF_LRect { left: -32, top: -18, right: 352, bottom: 198 } upstream=Rect { left: 0, top: 0, right: 320, bottom: 180 } frame=Rect { left: 0, top: 0, right: 320, bottom: 180 } canvas=Rect { left: 0, top: 0, right: 320, bottom: 180 }
[1788815474] smart cmd (render=true): seq_raw_null=true const_seq_ok=true
[1788815474] render enter: Some(F32) in=320x180 out=384x216 win=(-32,-18) token=1396891973754618 compiled=true snap=true t=79872 step=1024 lstep=1024 scale=25600
[1788815474] smart cmd (render=false): seq_raw_null=true const_seq_ok=true
[1788815474] execute_plan ok
[1788815474] smart geometry: logical=1280x720 downsample=1/4x1/4 request=PF_LRect { left: -32, top: -18, right: 352, bottom: 198 } upstream=Rect { left: 0, top: 0, right: 320, bottom: 180 } frame=Rect { left: 0, top: 0, right: 320, bottom: 180 } canvas=Rect { left: 0, top: 0, right: 320, bottom: 180 }
[1788815474] smart cmd (render=true): seq_raw_null=true const_seq_ok=true
[1788815474] render enter: Some(F32) in=320x180 out=384x216 win=(-32,-18) token=1396891973754618 compiled=true snap=true t=80896 step=1024 lstep=1024 scale=25600
[1788815474] execute_plan ok
[1788815474] smart cmd (render=false): seq_raw_null=true const_seq_ok=true
[1788815474] smart geometry: logical=1280x720 downsample=1/4x1/4 request=PF_LRect { left: -32, top: -18, right: 352, bottom: 198 } upstream=Rect { left: 0, top: 0, right: 320, bottom: 180 } frame=Rect { left: 0, top: 0, right: 320, bottom: 180 } canvas=Rect { left: 0, top: 0, right: 320, bottom: 180 }
[1788815474] smart cmd (render=true): seq_raw_null=true const_seq_ok=true
[1788815474] render enter: Some(F32) in=320x180 out=384x216 win=(-32,-18) token=1396891973754618 compiled=true snap=true t=81920 step=1024 lstep=1024 scale=25600
[1788815474] execute_plan ok
[1788815474] smart cmd (render=false): seq_raw_null=true const_seq_ok=true
[1788815474] smart geometry: logical=1280x720 downsample=1/4x1/4 request=PF_LRect { left: -32, top: -18, right: 352, bottom: 198 } upstream=Rect { left: 0, top: 0, right: 320, bottom: 180 } frame=Rect { left: 0, top: 0, right: 320, bottom: 180 } canvas=Rect { left: 0, top: 0, right: 320, bottom: 180 }
[1788815474] smart cmd (render=true): seq_raw_null=true const_seq_ok=true
[1788815474] render enter: Some(F32) in=320x180 out=384x216 win=(-32,-18) token=1396891973754618 compiled=true snap=true t=82944 step=1024 lstep=1024 scale=25600
[1788815474] execute_plan ok
[1788815474] smart cmd (render=false): seq_raw_null=true const_seq_ok=true
[1788815474] smart geometry: logical=1280x720 downsample=1/4x1/4 request=PF_LRect { left: -32, top: -18, right: 352, bottom: 198 } upstream=Rect { left: 0, top: 0, right: 320, bottom: 180 } frame=Rect { left: 0, top: 0, right: 320, bottom: 180 } canvas=Rect { left: 0, top: 0, right: 320, bottom: 180 }
[1788815474] smart cmd (render=true): seq_raw_null=true const_seq_ok=true
[1788815474] render enter: Some(F32) in=320x180 out=384x216 win=(-32,-18) token=1396891973754618 compiled=true snap=true t=83968 step=1024 lstep=1024 scale=25600
[1788815474] execute_plan ok
[1788815474] smart cmd (render=false): seq_raw_null=true const_seq_ok=true
[1788815474] smart cmd (render=false): seq_raw_null=true const_seq_ok=true
[1788815474] smart geometry: logical=1280x720 downsample=1/4x1/4 request=PF_LRect { left: -32, top: -18, right: 352, bottom: 198 } upstream=Rect { left: 0, top: 0, right: 320, bottom: 180 } frame=Rect { left: 0, top: 0, right: 320, bottom: 180 } canvas=Rect { left: 0, top: 0, right: 320, bottom: 180 }
[1788815474] smart geometry: logical=1280x720 downsample=1/4x1/4 request=PF_LRect { left: -32, top: -18, right: 352, bottom: 198 } upstream=Rect { left: 0, top: 0, right: 320, bottom: 180 } frame=Rect { left: 0, top: 0, right: 320, bottom: 180 } canvas=Rect { left: 0, top: 0, right: 320, bottom: 180 }
[1788815474] smart cmd (render=true): seq_raw_null=true const_seq_ok=true
[1788815474] smart cmd (render=true): seq_raw_null=true const_seq_ok=true
[1788815474] render enter: Some(F32) in=320x180 out=384x216 win=(-32,-18) token=1396891973754618 compiled=true snap=true t=86016 step=1024 lstep=1024 scale=25600
[1788815474] execute_plan ok
[1788815474] render enter: Some(F32) in=320x180 out=384x216 win=(-32,-18) token=1396891973754618 compiled=true snap=true t=84992 step=1024 lstep=1024 scale=25600
[1788815474] smart cmd (render=false): seq_raw_null=true const_seq_ok=true
[1788815474] execute_plan ok
[1788815474] smart geometry: logical=1280x720 downsample=1/4x1/4 request=PF_LRect { left: -32, top: -18, right: 352, bottom: 198 } upstream=Rect { left: 0, top: 0, right: 320, bottom: 180 } frame=Rect { left: 0, top: 0, right: 320, bottom: 180 } canvas=Rect { left: 0, top: 0, right: 320, bottom: 180 }
[1788815474] smart cmd (render=true): seq_raw_null=true const_seq_ok=true
[1788815474] render enter: Some(F32) in=320x180 out=384x216 win=(-32,-18) token=1396891973754618 compiled=true snap=true t=87040 step=1024 lstep=1024 scale=25600
[1788815474] smart cmd (render=false): seq_raw_null=true const_seq_ok=true
[1788815474] execute_plan ok
[1788815474] smart geometry: logical=1280x720 downsample=1/4x1/4 request=PF_LRect { left: -32, top: -18, right: 352, bottom: 198 } upstream=Rect { left: 0, top: 0, right: 320, bottom: 180 } frame=Rect { left: 0, top: 0, right: 320, bottom: 180 } canvas=Rect { left: 0, top: 0, right: 320, bottom: 180 }
[1788815474] smart cmd (render=true): seq_raw_null=true const_seq_ok=true
[1788815474] render enter: Some(F32) in=320x180 out=384x216 win=(-32,-18) token=1396891973754618 compiled=true snap=true t=88064 step=1024 lstep=1024 scale=25600
[1788815474] execute_plan ok
[1788815474] smart cmd (render=false): seq_raw_null=true const_seq_ok=true
[1788815474] smart geometry: logical=1280x720 downsample=1/4x1/4 request=PF_LRect { left: -32, top: -18, right: 352, bottom: 198 } upstream=Rect { left: 0, top: 0, right: 320, bottom: 180 } frame=Rect { left: 0, top: 0, right: 320, bottom: 180 } canvas=Rect { left: 0, top: 0, right: 320, bottom: 180 }
[1788815474] smart cmd (render=true): seq_raw_null=true const_seq_ok=true
[1788815474] render enter: Some(F32) in=320x180 out=384x216 win=(-32,-18) token=1396891973754618 compiled=true snap=true t=89088 step=1024 lstep=1024 scale=25600
[1788815474] execute_plan ok
[1788815474] smart cmd (render=false): seq_raw_null=true const_seq_ok=true
[1788815474] smart geometry: logical=1280x720 downsample=1/4x1/4 request=PF_LRect { left: -32, top: -18, right: 352, bottom: 198 } upstream=Rect { left: 0, top: 0, right: 320, bottom: 180 } frame=Rect { left: 0, top: 0, right: 320, bottom: 180 } canvas=Rect { left: 0, top: 0, right: 320, bottom: 180 }
[1788815474] smart cmd (render=true): seq_raw_null=true const_seq_ok=true
[1788815474] render enter: Some(F32) in=320x180 out=384x216 win=(-32,-18) token=1396891973754618 compiled=true snap=true t=90112 step=1024 lstep=1024 scale=25600
[1788815474] execute_plan ok
[1788815474] smart cmd (render=false): seq_raw_null=true const_seq_ok=true
[1788815474] smart geometry: logical=1280x720 downsample=1/4x1/4 request=PF_LRect { left: -32, top: -18, right: 352, bottom: 198 } upstream=Rect { left: 0, top: 0, right: 320, bottom: 180 } frame=Rect { left: 0, top: 0, right: 320, bottom: 180 } canvas=Rect { left: 0, top: 0, right: 320, bottom: 180 }
[1788815474] smart cmd (render=true): seq_raw_null=true const_seq_ok=true
[1788815474] render enter: Some(F32) in=320x180 out=384x216 win=(-32,-18) token=1396891973754618 compiled=true snap=true t=91136 step=1024 lstep=1024 scale=25600
[1788815474] execute_plan ok
[1788815474] smart cmd (render=false): seq_raw_null=true const_seq_ok=true
[1788815474] smart cmd (render=false): seq_raw_null=true const_seq_ok=true
[1788815474] smart geometry: logical=1280x720 downsample=1/4x1/4 request=PF_LRect { left: -32, top: -18, right: 352, bottom: 198 } upstream=Rect { left: 0, top: 0, right: 320, bottom: 180 } frame=Rect { left: 0, top: 0, right: 320, bottom: 180 } canvas=Rect { left: 0, top: 0, right: 320, bottom: 180 }
[1788815474] smart geometry: logical=1280x720 downsample=1/4x1/4 request=PF_LRect { left: -32, top: -18, right: 352, bottom: 198 } upstream=Rect { left: 0, top: 0, right: 320, bottom: 180 } frame=Rect { left: 0, top: 0, right: 320, bottom: 180 } canvas=Rect { left: 0, top: 0, right: 320, bottom: 180 }
[1788815474] smart cmd (render=true): seq_raw_null=true const_seq_ok=true
[1788815474] smart cmd (render=true): seq_raw_null=true const_seq_ok=true
[1788815474] render enter: Some(F32) in=320x180 out=384x216 win=(-32,-18) token=1396891973754618 compiled=true snap=true t=93184 step=1024 lstep=1024 scale=25600
[1788815474] execute_plan ok
[1788815474] render enter: Some(F32) in=320x180 out=384x216 win=(-32,-18) token=1396891973754618 compiled=true snap=true t=92160 step=1024 lstep=1024 scale=25600
[1788815474] smart cmd (render=false): seq_raw_null=true const_seq_ok=true
[1788815474] execute_plan ok
[1788815474] smart geometry: logical=1280x720 downsample=1/4x1/4 request=PF_LRect { left: -32, top: -18, right: 352, bottom: 198 } upstream=Rect { left: 0, top: 0, right: 320, bottom: 180 } frame=Rect { left: 0, top: 0, right: 320, bottom: 180 } canvas=Rect { left: 0, top: 0, right: 320, bottom: 180 }
[1788815474] smart cmd (render=true): seq_raw_null=true const_seq_ok=true
[1788815474] render enter: Some(F32) in=320x180 out=384x216 win=(-32,-18) token=1396891973754618 compiled=true snap=true t=94208 step=1024 lstep=1024 scale=25600
[1788815474] smart cmd (render=false): seq_raw_null=true const_seq_ok=true
[1788815474] execute_plan ok
[1788815474] smart geometry: logical=1280x720 downsample=1/4x1/4 request=PF_LRect { left: -32, top: -18, right: 352, bottom: 198 } upstream=Rect { left: 0, top: 0, right: 320, bottom: 180 } frame=Rect { left: 0, top: 0, right: 320, bottom: 180 } canvas=Rect { left: 0, top: 0, right: 320, bottom: 180 }
[1788815474] smart cmd (render=true): seq_raw_null=true const_seq_ok=true
[1788815474] render enter: Some(F32) in=320x180 out=384x216 win=(-32,-18) token=1396891973754618 compiled=true snap=true t=95232 step=1024 lstep=1024 scale=25600
[1788815474] execute_plan ok
[1788815474] smart cmd (render=false): seq_raw_null=true const_seq_ok=true
[1788815474] smart geometry: logical=1280x720 downsample=1/4x1/4 request=PF_LRect { left: -32, top: -18, right: 352, bottom: 198 } upstream=Rect { left: 0, top: 0, right: 320, bottom: 180 } frame=Rect { left: 0, top: 0, right: 320, bottom: 180 } canvas=Rect { left: 0, top: 0, right: 320, bottom: 180 }
[1788815474] smart cmd (render=true): seq_raw_null=true const_seq_ok=true
[1788815474] render enter: Some(F32) in=320x180 out=384x216 win=(-32,-18) token=1396891973754618 compiled=true snap=true t=96256 step=1024 lstep=1024 scale=25600
[1788815474] execute_plan ok
[1788815474] smart cmd (render=false): seq_raw_null=true const_seq_ok=true
[1788815474] smart geometry: logical=1280x720 downsample=1/4x1/4 request=PF_LRect { left: -32, top: -18, right: 352, bottom: 198 } upstream=Rect { left: 0, top: 0, right: 320, bottom: 180 } frame=Rect { left: 0, top: 0, right: 320, bottom: 180 } canvas=Rect { left: 0, top: 0, right: 320, bottom: 180 }
[1788815474] smart cmd (render=true): seq_raw_null=true const_seq_ok=true
[1788815474] render enter: Some(F32) in=320x180 out=384x216 win=(-32,-18) token=1396891973754618 compiled=true snap=true t=97280 step=1024 lstep=1024 scale=25600
[1788815474] execute_plan ok
[1788815474] smart cmd (render=false): seq_raw_null=true const_seq_ok=true
[1788815474] smart geometry: logical=1280x720 downsample=1/4x1/4 request=PF_LRect { left: -32, top: -18, right: 352, bottom: 198 } upstream=Rect { left: 0, top: 0, right: 320, bottom: 180 } frame=Rect { left: 0, top: 0, right: 320, bottom: 180 } canvas=Rect { left: 0, top: 0, right: 320, bottom: 180 }
[1788815474] smart cmd (render=true): seq_raw_null=true const_seq_ok=true
[1788815474] render enter: Some(F32) in=320x180 out=384x216 win=(-32,-18) token=1396891973754618 compiled=true snap=true t=98304 step=1024 lstep=1024 scale=25600
[1788815474] execute_plan ok
[1788815474] smart cmd (render=false): seq_raw_null=true const_seq_ok=true
[1788815474] smart cmd (render=false): seq_raw_null=true const_seq_ok=true
[1788815474] smart geometry: logical=1280x720 downsample=1/4x1/4 request=PF_LRect { left: -32, top: -18, right: 352, bottom: 198 } upstream=Rect { left: 0, top: 0, right: 320, bottom: 180 } frame=Rect { left: 0, top: 0, right: 320, bottom: 180 } canvas=Rect { left: 0, top: 0, right: 320, bottom: 180 }
[1788815474] smart geometry: logical=1280x720 downsample=1/4x1/4 request=PF_LRect { left: -32, top: -18, right: 352, bottom: 198 } upstream=Rect { left: 0, top: 0, right: 320, bottom: 180 } frame=Rect { left: 0, top: 0, right: 320, bottom: 180 } canvas=Rect { left: 0, top: 0, right: 320, bottom: 180 }
[1788815474] smart cmd (render=true): seq_raw_null=true const_seq_ok=true
[1788815474] smart cmd (render=true): seq_raw_null=true const_seq_ok=true
[1788815474] render enter: Some(F32) in=320x180 out=384x216 win=(-32,-18) token=1396891973754618 compiled=true snap=true t=99328 step=1024 lstep=1024 scale=25600
[1788815474] execute_plan ok
[1788815474] render enter: Some(F32) in=320x180 out=384x216 win=(-32,-18) token=1396891973754618 compiled=true snap=true t=100352 step=1024 lstep=1024 scale=25600
[1788815474] execute_plan ok
[1788815474] smart cmd (render=false): seq_raw_null=true const_seq_ok=true
[1788815474] smart cmd (render=false): seq_raw_null=true const_seq_ok=true
[1788815474] smart geometry: logical=1280x720 downsample=1/4x1/4 request=PF_LRect { left: -32, top: -18, right: 352, bottom: 198 } upstream=Rect { left: 0, top: 0, right: 320, bottom: 180 } frame=Rect { left: 0, top: 0, right: 320, bottom: 180 } canvas=Rect { left: 0, top: 0, right: 320, bottom: 180 }
[1788815474] smart geometry: logical=1280x720 downsample=1/4x1/4 request=PF_LRect { left: -32, top: -18, right: 352, bottom: 198 } upstream=Rect { left: 0, top: 0, right: 320, bottom: 180 } frame=Rect { left: 0, top: 0, right: 320, bottom: 180 } canvas=Rect { left: 0, top: 0, right: 320, bottom: 180 }
[1788815474] smart cmd (render=true): seq_raw_null=true const_seq_ok=true
[1788815474] smart cmd (render=true): seq_raw_null=true const_seq_ok=true
[1788815474] render enter: Some(F32) in=320x180 out=384x216 win=(-32,-18) token=1396891973754618 compiled=true snap=true t=102400 step=1024 lstep=1024 scale=25600
[1788815474] execute_plan ok
[1788815474] render enter: Some(F32) in=320x180 out=384x216 win=(-32,-18) token=1396891973754618 compiled=true snap=true t=101376 step=1024 lstep=1024 scale=25600
[1788815474] execute_plan ok
[1788815474] smart cmd (render=false): seq_raw_null=true const_seq_ok=true
[1788815474] smart geometry: logical=1280x720 downsample=1/4x1/4 request=PF_LRect { left: -32, top: -18, right: 352, bottom: 198 } upstream=Rect { left: 0, top: 0, right: 320, bottom: 180 } frame=Rect { left: 0, top: 0, right: 320, bottom: 180 } canvas=Rect { left: 0, top: 0, right: 320, bottom: 180 }
[1788815474] smart cmd (render=true): seq_raw_null=true const_seq_ok=true
[1788815474] render enter: Some(F32) in=320x180 out=384x216 win=(-32,-18) token=1396891973754618 compiled=true snap=true t=103424 step=1024 lstep=1024 scale=25600
[1788815474] execute_plan ok
[1788815474] smart cmd (render=false): seq_raw_null=true const_seq_ok=true
[1788815474] smart geometry: logical=1280x720 downsample=1/4x1/4 request=PF_LRect { left: -32, top: -18, right: 352, bottom: 198 } upstream=Rect { left: 0, top: 0, right: 320, bottom: 180 } frame=Rect { left: 0, top: 0, right: 320, bottom: 180 } canvas=Rect { left: 0, top: 0, right: 320, bottom: 180 }
[1788815474] smart cmd (render=true): seq_raw_null=true const_seq_ok=true
[1788815474] render enter: Some(F32) in=320x180 out=384x216 win=(-32,-18) token=1396891973754618 compiled=true snap=true t=104448 step=1024 lstep=1024 scale=25600
[1788815474] execute_plan ok
[1788815474] smart cmd (render=false): seq_raw_null=true const_seq_ok=true
[1788815474] smart geometry: logical=1280x720 downsample=1/4x1/4 request=PF_LRect { left: -32, top: -18, right: 352, bottom: 198 } upstream=Rect { left: 0, top: 0, right: 320, bottom: 180 } frame=Rect { left: 0, top: 0, right: 320, bottom: 180 } canvas=Rect { left: 0, top: 0, right: 320, bottom: 180 }
[1788815474] smart cmd (render=true): seq_raw_null=true const_seq_ok=true
[1788815474] render enter: Some(F32) in=320x180 out=384x216 win=(-32,-18) token=1396891973754618 compiled=true snap=true t=105472 step=1024 lstep=1024 scale=25600
[1788815474] execute_plan ok
[1788815474] smart cmd (render=false): seq_raw_null=true const_seq_ok=true
[1788815474] smart cmd (render=false): seq_raw_null=true const_seq_ok=true
[1788815474] smart geometry: logical=1280x720 downsample=1/4x1/4 request=PF_LRect { left: -32, top: -18, right: 352, bottom: 198 } upstream=Rect { left: 0, top: 0, right: 320, bottom: 180 } frame=Rect { left: 0, top: 0, right: 320, bottom: 180 } canvas=Rect { left: 0, top: 0, right: 320, bottom: 180 }
[1788815474] smart geometry: logical=1280x720 downsample=1/4x1/4 request=PF_LRect { left: -32, top: -18, right: 352, bottom: 198 } upstream=Rect { left: 0, top: 0, right: 320, bottom: 180 } frame=Rect { left: 0, top: 0, right: 320, bottom: 180 } canvas=Rect { left: 0, top: 0, right: 320, bottom: 180 }
[1788815474] smart cmd (render=true): seq_raw_null=true const_seq_ok=true
[1788815474] smart cmd (render=true): seq_raw_null=true const_seq_ok=true
[1788815474] render enter: Some(F32) in=320x180 out=384x216 win=(-32,-18) token=1396891973754618 compiled=true snap=true t=107520 step=1024 lstep=1024 scale=25600
[1788815474] execute_plan ok
[1788815474] render enter: Some(F32) in=320x180 out=384x216 win=(-32,-18) token=1396891973754618 compiled=true snap=true t=106496 step=1024 lstep=1024 scale=25600
[1788815474] smart cmd (render=false): seq_raw_null=true const_seq_ok=true
[1788815474] execute_plan ok
[1788815474] smart geometry: logical=1280x720 downsample=1/4x1/4 request=PF_LRect { left: -32, top: -18, right: 352, bottom: 198 } upstream=Rect { left: 0, top: 0, right: 320, bottom: 180 } frame=Rect { left: 0, top: 0, right: 320, bottom: 180 } canvas=Rect { left: 0, top: 0, right: 320, bottom: 180 }
[1788815474] smart cmd (render=true): seq_raw_null=true const_seq_ok=true
[1788815474] render enter: Some(F32) in=320x180 out=384x216 win=(-32,-18) token=1396891973754618 compiled=true snap=true t=108544 step=1024 lstep=1024 scale=25600
[1788815474] smart cmd (render=false): seq_raw_null=true const_seq_ok=true
[1788815474] execute_plan ok
[1788815474] smart geometry: logical=1280x720 downsample=1/4x1/4 request=PF_LRect { left: -32, top: -18, right: 352, bottom: 198 } upstream=Rect { left: 0, top: 0, right: 320, bottom: 180 } frame=Rect { left: 0, top: 0, right: 320, bottom: 180 } canvas=Rect { left: 0, top: 0, right: 320, bottom: 180 }
[1788815474] smart cmd (render=true): seq_raw_null=true const_seq_ok=true
[1788815474] render enter: Some(F32) in=320x180 out=384x216 win=(-32,-18) token=1396891973754618 compiled=true snap=true t=109568 step=1024 lstep=1024 scale=25600
[1788815474] execute_plan ok
[1788815474] smart cmd (render=false): seq_raw_null=true const_seq_ok=true
[1788815474] smart geometry: logical=1280x720 downsample=1/4x1/4 request=PF_LRect { left: -32, top: -18, right: 352, bottom: 198 } upstream=Rect { left: 0, top: 0, right: 320, bottom: 180 } frame=Rect { left: 0, top: 0, right: 320, bottom: 180 } canvas=Rect { left: 0, top: 0, right: 320, bottom: 180 }
[1788815474] smart cmd (render=true): seq_raw_null=true const_seq_ok=true
[1788815474] render enter: Some(F32) in=320x180 out=384x216 win=(-32,-18) token=1396891973754618 compiled=true snap=true t=110592 step=1024 lstep=1024 scale=25600
[1788815474] execute_plan ok
[1788815474] smart cmd (render=false): seq_raw_null=true const_seq_ok=true
[1788815474] smart geometry: logical=1280x720 downsample=1/4x1/4 request=PF_LRect { left: -32, top: -18, right: 352, bottom: 198 } upstream=Rect { left: 0, top: 0, right: 320, bottom: 180 } frame=Rect { left: 0, top: 0, right: 320, bottom: 180 } canvas=Rect { left: 0, top: 0, right: 320, bottom: 180 }
[1788815474] smart cmd (render=true): seq_raw_null=true const_seq_ok=true
[1788815474] render enter: Some(F32) in=320x180 out=384x216 win=(-32,-18) token=1396891973754618 compiled=true snap=true t=111616 step=1024 lstep=1024 scale=25600
[1788815474] execute_plan ok
[1788815474] smart cmd (render=false): seq_raw_null=true const_seq_ok=true
[1788815474] smart geometry: logical=1280x720 downsample=1/4x1/4 request=PF_LRect { left: -32, top: -18, right: 352, bottom: 198 } upstream=Rect { left: 0, top: 0, right: 320, bottom: 180 } frame=Rect { left: 0, top: 0, right: 320, bottom: 180 } canvas=Rect { left: 0, top: 0, right: 320, bottom: 180 }
[1788815474] smart cmd (render=true): seq_raw_null=true const_seq_ok=true
[1788815474] render enter: Some(F32) in=320x180 out=384x216 win=(-32,-18) token=1396891973754618 compiled=true snap=true t=112640 step=1024 lstep=1024 scale=25600
[1788815474] execute_plan ok
[1788815474] smart cmd (render=false): seq_raw_null=true const_seq_ok=true
[1788815474] smart cmd (render=false): seq_raw_null=true const_seq_ok=true
[1788815474] smart geometry: logical=1280x720 downsample=1/4x1/4 request=PF_LRect { left: -32, top: -18, right: 352, bottom: 198 } upstream=Rect { left: 0, top: 0, right: 320, bottom: 180 } frame=Rect { left: 0, top: 0, right: 320, bottom: 180 } canvas=Rect { left: 0, top: 0, right: 320, bottom: 180 }
[1788815474] smart geometry: logical=1280x720 downsample=1/4x1/4 request=PF_LRect { left: -32, top: -18, right: 352, bottom: 198 } upstream=Rect { left: 0, top: 0, right: 320, bottom: 180 } frame=Rect { left: 0, top: 0, right: 320, bottom: 180 } canvas=Rect { left: 0, top: 0, right: 320, bottom: 180 }
[1788815474] smart cmd (render=true): seq_raw_null=true const_seq_ok=true
[1788815474] smart cmd (render=true): seq_raw_null=true const_seq_ok=true
[1788815474] render enter: Some(F32) in=320x180 out=384x216 win=(-32,-18) token=1396891973754618 compiled=true snap=true t=114688 step=1024 lstep=1024 scale=25600
[1788815474] execute_plan ok
[1788815474] render enter: Some(F32) in=320x180 out=384x216 win=(-32,-18) token=1396891973754618 compiled=true snap=true t=113664 step=1024 lstep=1024 scale=25600
[1788815474] smart cmd (render=false): seq_raw_null=true const_seq_ok=true
[1788815474] execute_plan ok
[1788815474] smart geometry: logical=1280x720 downsample=1/4x1/4 request=PF_LRect { left: -32, top: -18, right: 352, bottom: 198 } upstream=Rect { left: 0, top: 0, right: 320, bottom: 180 } frame=Rect { left: 0, top: 0, right: 320, bottom: 180 } canvas=Rect { left: 0, top: 0, right: 320, bottom: 180 }
[1788815474] smart cmd (render=true): seq_raw_null=true const_seq_ok=true
[1788815474] render enter: Some(F32) in=320x180 out=384x216 win=(-32,-18) token=1396891973754618 compiled=true snap=true t=115712 step=1024 lstep=1024 scale=25600
[1788815474] smart cmd (render=false): seq_raw_null=true const_seq_ok=true
[1788815474] execute_plan ok
[1788815474] smart geometry: logical=1280x720 downsample=1/4x1/4 request=PF_LRect { left: -32, top: -18, right: 352, bottom: 198 } upstream=Rect { left: 0, top: 0, right: 320, bottom: 180 } frame=Rect { left: 0, top: 0, right: 320, bottom: 180 } canvas=Rect { left: 0, top: 0, right: 320, bottom: 180 }
[1788815474] smart cmd (render=true): seq_raw_null=true const_seq_ok=true
[1788815474] render enter: Some(F32) in=320x180 out=384x216 win=(-32,-18) token=1396891973754618 compiled=true snap=true t=116736 step=1024 lstep=1024 scale=25600
[1788815474] execute_plan ok
[1788815474] smart cmd (render=false): seq_raw_null=true const_seq_ok=true
[1788815474] smart geometry: logical=1280x720 downsample=1/4x1/4 request=PF_LRect { left: -32, top: -18, right: 352, bottom: 198 } upstream=Rect { left: 0, top: 0, right: 320, bottom: 180 } frame=Rect { left: 0, top: 0, right: 320, bottom: 180 } canvas=Rect { left: 0, top: 0, right: 320, bottom: 180 }
[1788815474] smart cmd (render=true): seq_raw_null=true const_seq_ok=true
[1788815474] render enter: Some(F32) in=320x180 out=384x216 win=(-32,-18) token=1396891973754618 compiled=true snap=true t=117760 step=1024 lstep=1024 scale=25600
[1788815474] execute_plan ok
[1788815474] smart cmd (render=false): seq_raw_null=true const_seq_ok=true
[1788815474] smart geometry: logical=1280x720 downsample=1/4x1/4 request=PF_LRect { left: -32, top: -18, right: 352, bottom: 198 } upstream=Rect { left: 0, top: 0, right: 320, bottom: 180 } frame=Rect { left: 0, top: 0, right: 320, bottom: 180 } canvas=Rect { left: 0, top: 0, right: 320, bottom: 180 }
[1788815474] smart cmd (render=true): seq_raw_null=true const_seq_ok=true
[1788815474] render enter: Some(F32) in=320x180 out=384x216 win=(-32,-18) token=1396891973754618 compiled=true snap=true t=118784 step=1024 lstep=1024 scale=25600
[1788815474] execute_plan ok
[1788815474] smart cmd (render=false): seq_raw_null=true const_seq_ok=true
[1788815474] smart geometry: logical=1280x720 downsample=1/4x1/4 request=PF_LRect { left: -32, top: -18, right: 352, bottom: 198 } upstream=Rect { left: 0, top: 0, right: 320, bottom: 180 } frame=Rect { left: 0, top: 0, right: 320, bottom: 180 } canvas=Rect { left: 0, top: 0, right: 320, bottom: 180 }
[1788815474] smart cmd (render=true): seq_raw_null=true const_seq_ok=true
[1788815474] render enter: Some(F32) in=320x180 out=384x216 win=(-32,-18) token=1396891973754618 compiled=true snap=true t=119808 step=1024 lstep=1024 scale=25600
[1788815474] execute_plan ok
[1788815474] smart cmd (render=false): seq_raw_null=true const_seq_ok=true
[1788815474] smart cmd (render=false): seq_raw_null=true const_seq_ok=true
[1788815474] smart geometry: logical=1280x720 downsample=1/4x1/4 request=PF_LRect { left: -32, top: -18, right: 352, bottom: 198 } upstream=Rect { left: 0, top: 0, right: 320, bottom: 180 } frame=Rect { left: 0, top: 0, right: 320, bottom: 180 } canvas=Rect { left: 0, top: 0, right: 320, bottom: 180 }
[1788815474] smart geometry: logical=1280x720 downsample=1/4x1/4 request=PF_LRect { left: -32, top: -18, right: 352, bottom: 198 } upstream=Rect { left: 0, top: 0, right: 320, bottom: 180 } frame=Rect { left: 0, top: 0, right: 320, bottom: 180 } canvas=Rect { left: 0, top: 0, right: 320, bottom: 180 }
[1788815474] smart cmd (render=true): seq_raw_null=true const_seq_ok=true
[1788815474] smart cmd (render=true): seq_raw_null=true const_seq_ok=true
[1788815474] render enter: Some(F32) in=320x180 out=384x216 win=(-32,-18) token=1396891973754618 compiled=true snap=true t=120832 step=1024 lstep=1024 scale=25600
[1788815474] execute_plan ok
[1788815474] render enter: Some(F32) in=320x180 out=384x216 win=(-32,-18) token=1396891973754618 compiled=true snap=true t=121856 step=1024 lstep=1024 scale=25600
[1788815474] smart cmd (render=false): seq_raw_null=true const_seq_ok=true
[1788815474] execute_plan ok
[1788815474] smart geometry: logical=1280x720 downsample=1/4x1/4 request=PF_LRect { left: -32, top: -18, right: 352, bottom: 198 } upstream=Rect { left: 0, top: 0, right: 320, bottom: 180 } frame=Rect { left: 0, top: 0, right: 320, bottom: 180 } canvas=Rect { left: 0, top: 0, right: 320, bottom: 180 }
[1788815474] smart cmd (render=true): seq_raw_null=true const_seq_ok=true
[1788815474] render enter: Some(F32) in=320x180 out=384x216 win=(-32,-18) token=1396891973754618 compiled=true snap=true t=122880 step=1024 lstep=1024 scale=25600
[1788815474] smart cmd (render=false): seq_raw_null=true const_seq_ok=true
[1788815474] execute_plan ok
[1788815474] smart geometry: logical=1280x720 downsample=1/4x1/4 request=PF_LRect { left: -32, top: -18, right: 352, bottom: 198 } upstream=Rect { left: 0, top: 0, right: 320, bottom: 180 } frame=Rect { left: 0, top: 0, right: 320, bottom: 180 } canvas=Rect { left: 0, top: 0, right: 320, bottom: 180 }
[1788815474] smart cmd (render=true): seq_raw_null=true const_seq_ok=true
[1788815474] render enter: Some(F32) in=320x180 out=384x216 win=(-32,-18) token=1396891973754618 compiled=true snap=true t=123904 step=1024 lstep=1024 scale=25600
[1788815474] execute_plan ok
[1788815474] smart cmd (render=false): seq_raw_null=true const_seq_ok=true
[1788815474] smart geometry: logical=1280x720 downsample=1/4x1/4 request=PF_LRect { left: -32, top: -18, right: 352, bottom: 198 } upstream=Rect { left: 0, top: 0, right: 320, bottom: 180 } frame=Rect { left: 0, top: 0, right: 320, bottom: 180 } canvas=Rect { left: 0, top: 0, right: 320, bottom: 180 }
[1788815474] smart cmd (render=true): seq_raw_null=true const_seq_ok=true
[1788815474] render enter: Some(F32) in=320x180 out=384x216 win=(-32,-18) token=1396891973754618 compiled=true snap=true t=124928 step=1024 lstep=1024 scale=25600
[1788815474] execute_plan ok
[1788815474] smart cmd (render=false): seq_raw_null=true const_seq_ok=true
[1788815474] smart geometry: logical=1280x720 downsample=1/4x1/4 request=PF_LRect { left: -32, top: -18, right: 352, bottom: 198 } upstream=Rect { left: 0, top: 0, right: 320, bottom: 180 } frame=Rect { left: 0, top: 0, right: 320, bottom: 180 } canvas=Rect { left: 0, top: 0, right: 320, bottom: 180 }
[1788815474] smart cmd (render=true): seq_raw_null=true const_seq_ok=true
[1788815474] render enter: Some(F32) in=320x180 out=384x216 win=(-32,-18) token=1396891973754618 compiled=true snap=true t=125952 step=1024 lstep=1024 scale=25600
[1788815474] execute_plan ok
[1788815474] smart cmd (render=false): seq_raw_null=true const_seq_ok=true
[1788815474] smart geometry: logical=1280x720 downsample=1/4x1/4 request=PF_LRect { left: -32, top: -18, right: 352, bottom: 198 } upstream=Rect { left: 0, top: 0, right: 320, bottom: 180 } frame=Rect { left: 0, top: 0, right: 320, bottom: 180 } canvas=Rect { left: 0, top: 0, right: 320, bottom: 180 }
[1788815474] smart cmd (render=true): seq_raw_null=true const_seq_ok=true
[1788815474] render enter: Some(F32) in=320x180 out=384x216 win=(-32,-18) token=1396891973754618 compiled=true snap=true t=126976 step=1024 lstep=1024 scale=25600
[1788815474] execute_plan ok
[1788815474] smart cmd (render=false): seq_raw_null=true const_seq_ok=true
[1788815474] smart cmd (render=false): seq_raw_null=true const_seq_ok=true
[1788815474] smart geometry: logical=1280x720 downsample=1/4x1/4 request=PF_LRect { left: -32, top: -18, right: 352, bottom: 198 } upstream=Rect { left: 0, top: 0, right: 320, bottom: 180 } frame=Rect { left: 0, top: 0, right: 320, bottom: 180 } canvas=Rect { left: 0, top: 0, right: 320, bottom: 180 }
[1788815474] smart geometry: logical=1280x720 downsample=1/4x1/4 request=PF_LRect { left: -32, top: -18, right: 352, bottom: 198 } upstream=Rect { left: 0, top: 0, right: 320, bottom: 180 } frame=Rect { left: 0, top: 0, right: 320, bottom: 180 } canvas=Rect { left: 0, top: 0, right: 320, bottom: 180 }
[1788815474] smart cmd (render=true): seq_raw_null=true const_seq_ok=true
[1788815474] smart cmd (render=true): seq_raw_null=true const_seq_ok=true
[1788815474] render enter: Some(F32) in=320x180 out=384x216 win=(-32,-18) token=1396891973754618 compiled=true snap=true t=128000 step=1024 lstep=1024 scale=25600
[1788815474] execute_plan ok
[1788815474] render enter: Some(F32) in=320x180 out=384x216 win=(-32,-18) token=1396891973754618 compiled=true snap=true t=129024 step=1024 lstep=1024 scale=25600
[1788815474] smart cmd (render=false): seq_raw_null=true const_seq_ok=true
[1788815474] execute_plan ok
[1788815474] smart geometry: logical=1280x720 downsample=1/4x1/4 request=PF_LRect { left: -32, top: -18, right: 352, bottom: 198 } upstream=Rect { left: 0, top: 0, right: 320, bottom: 180 } frame=Rect { left: 0, top: 0, right: 320, bottom: 180 } canvas=Rect { left: 0, top: 0, right: 320, bottom: 180 }
[1788815474] smart cmd (render=true): seq_raw_null=true const_seq_ok=true
[1788815474] render enter: Some(F32) in=320x180 out=384x216 win=(-32,-18) token=1396891973754618 compiled=true snap=true t=130048 step=1024 lstep=1024 scale=25600
[1788815474] smart cmd (render=false): seq_raw_null=true const_seq_ok=true
[1788815474] execute_plan ok
[1788815474] smart geometry: logical=1280x720 downsample=1/4x1/4 request=PF_LRect { left: -32, top: -18, right: 352, bottom: 198 } upstream=Rect { left: 0, top: 0, right: 320, bottom: 180 } frame=Rect { left: 0, top: 0, right: 320, bottom: 180 } canvas=Rect { left: 0, top: 0, right: 320, bottom: 180 }
[1788815474] smart cmd (render=true): seq_raw_null=true const_seq_ok=true
[1788815474] render enter: Some(F32) in=320x180 out=384x216 win=(-32,-18) token=1396891973754618 compiled=true snap=true t=131072 step=1024 lstep=1024 scale=25600
[1788815474] execute_plan ok
[1788815474] smart cmd (render=false): seq_raw_null=true const_seq_ok=true
[1788815474] smart geometry: logical=1280x720 downsample=1/4x1/4 request=PF_LRect { left: -32, top: -18, right: 352, bottom: 198 } upstream=Rect { left: 0, top: 0, right: 320, bottom: 180 } frame=Rect { left: 0, top: 0, right: 320, bottom: 180 } canvas=Rect { left: 0, top: 0, right: 320, bottom: 180 }
[1788815474] smart cmd (render=true): seq_raw_null=true const_seq_ok=true
[1788815474] render enter: Some(F32) in=320x180 out=384x216 win=(-32,-18) token=1396891973754618 compiled=true snap=true t=132096 step=1024 lstep=1024 scale=25600
[1788815474] execute_plan ok
[1788815474] smart cmd (render=false): seq_raw_null=true const_seq_ok=true
[1788815474] smart geometry: logical=1280x720 downsample=1/4x1/4 request=PF_LRect { left: -32, top: -18, right: 352, bottom: 198 } upstream=Rect { left: 0, top: 0, right: 320, bottom: 180 } frame=Rect { left: 0, top: 0, right: 320, bottom: 180 } canvas=Rect { left: 0, top: 0, right: 320, bottom: 180 }
[1788815474] smart cmd (render=true): seq_raw_null=true const_seq_ok=true
[1788815474] render enter: Some(F32) in=320x180 out=384x216 win=(-32,-18) token=1396891973754618 compiled=true snap=true t=133120 step=1024 lstep=1024 scale=25600
[1788815474] execute_plan ok
[1788815474] smart cmd (render=false): seq_raw_null=true const_seq_ok=true
[1788815474] smart geometry: logical=1280x720 downsample=1/4x1/4 request=PF_LRect { left: -32, top: -18, right: 352, bottom: 198 } upstream=Rect { left: 0, top: 0, right: 320, bottom: 180 } frame=Rect { left: 0, top: 0, right: 320, bottom: 180 } canvas=Rect { left: 0, top: 0, right: 320, bottom: 180 }
[1788815474] smart cmd (render=true): seq_raw_null=true const_seq_ok=true
[1788815474] render enter: Some(F32) in=320x180 out=384x216 win=(-32,-18) token=1396891973754618 compiled=true snap=true t=134144 step=1024 lstep=1024 scale=25600
[1788815474] execute_plan ok
[1788815474] smart cmd (render=false): seq_raw_null=true const_seq_ok=true
[1788815474] smart cmd (render=false): seq_raw_null=true const_seq_ok=true
[1788815474] smart geometry: logical=1280x720 downsample=1/4x1/4 request=PF_LRect { left: -32, top: -18, right: 352, bottom: 198 } upstream=Rect { left: 0, top: 0, right: 320, bottom: 180 } frame=Rect { left: 0, top: 0, right: 320, bottom: 180 } canvas=Rect { left: 0, top: 0, right: 320, bottom: 180 }
[1788815474] smart geometry: logical=1280x720 downsample=1/4x1/4 request=PF_LRect { left: -32, top: -18, right: 352, bottom: 198 } upstream=Rect { left: 0, top: 0, right: 320, bottom: 180 } frame=Rect { left: 0, top: 0, right: 320, bottom: 180 } canvas=Rect { left: 0, top: 0, right: 320, bottom: 180 }
[1788815474] smart cmd (render=true): seq_raw_null=true const_seq_ok=true
[1788815474] smart cmd (render=true): seq_raw_null=true const_seq_ok=true
[1788815474] render enter: Some(F32) in=320x180 out=384x216 win=(-32,-18) token=1396891973754618 compiled=true snap=true t=135168 step=1024 lstep=1024 scale=25600
[1788815474] execute_plan ok
[1788815474] render enter: Some(F32) in=320x180 out=384x216 win=(-32,-18) token=1396891973754618 compiled=true snap=true t=136192 step=1024 lstep=1024 scale=25600
[1788815474] smart cmd (render=false): seq_raw_null=true const_seq_ok=true
[1788815474] execute_plan ok
[1788815474] smart geometry: logical=1280x720 downsample=1/4x1/4 request=PF_LRect { left: -32, top: -18, right: 352, bottom: 198 } upstream=Rect { left: 0, top: 0, right: 320, bottom: 180 } frame=Rect { left: 0, top: 0, right: 320, bottom: 180 } canvas=Rect { left: 0, top: 0, right: 320, bottom: 180 }
[1788815474] smart cmd (render=true): seq_raw_null=true const_seq_ok=true
[1788815474] render enter: Some(F32) in=320x180 out=384x216 win=(-32,-18) token=1396891973754618 compiled=true snap=true t=137216 step=1024 lstep=1024 scale=25600
[1788815474] smart cmd (render=false): seq_raw_null=true const_seq_ok=true
[1788815474] execute_plan ok
[1788815474] smart geometry: logical=1280x720 downsample=1/4x1/4 request=PF_LRect { left: -32, top: -18, right: 352, bottom: 198 } upstream=Rect { left: 0, top: 0, right: 320, bottom: 180 } frame=Rect { left: 0, top: 0, right: 320, bottom: 180 } canvas=Rect { left: 0, top: 0, right: 320, bottom: 180 }
[1788815474] smart cmd (render=true): seq_raw_null=true const_seq_ok=true
[1788815474] render enter: Some(F32) in=320x180 out=384x216 win=(-32,-18) token=1396891973754618 compiled=true snap=true t=138240 step=1024 lstep=1024 scale=25600
[1788815474] execute_plan ok
[1788815474] smart cmd (render=false): seq_raw_null=true const_seq_ok=true
[1788815474] smart geometry: logical=1280x720 downsample=1/4x1/4 request=PF_LRect { left: -32, top: -18, right: 352, bottom: 198 } upstream=Rect { left: 0, top: 0, right: 320, bottom: 180 } frame=Rect { left: 0, top: 0, right: 320, bottom: 180 } canvas=Rect { left: 0, top: 0, right: 320, bottom: 180 }
[1788815474] smart cmd (render=true): seq_raw_null=true const_seq_ok=true
[1788815474] render enter: Some(F32) in=320x180 out=384x216 win=(-32,-18) token=1396891973754618 compiled=true snap=true t=139264 step=1024 lstep=1024 scale=25600
[1788815474] execute_plan ok
[1788815474] smart cmd (render=false): seq_raw_null=true const_seq_ok=true
[1788815474] smart geometry: logical=1280x720 downsample=1/4x1/4 request=PF_LRect { left: -32, top: -18, right: 352, bottom: 198 } upstream=Rect { left: 0, top: 0, right: 320, bottom: 180 } frame=Rect { left: 0, top: 0, right: 320, bottom: 180 } canvas=Rect { left: 0, top: 0, right: 320, bottom: 180 }
[1788815474] smart cmd (render=true): seq_raw_null=true const_seq_ok=true
[1788815474] render enter: Some(F32) in=320x180 out=384x216 win=(-32,-18) token=1396891973754618 compiled=true snap=true t=140288 step=1024 lstep=1024 scale=25600
[1788815474] execute_plan ok
[1788815474] smart cmd (render=false): seq_raw_null=true const_seq_ok=true
[1788815474] smart geometry: logical=1280x720 downsample=1/4x1/4 request=PF_LRect { left: -32, top: -18, right: 352, bottom: 198 } upstream=Rect { left: 0, top: 0, right: 320, bottom: 180 } frame=Rect { left: 0, top: 0, right: 320, bottom: 180 } canvas=Rect { left: 0, top: 0, right: 320, bottom: 180 }
[1788815474] smart cmd (render=true): seq_raw_null=true const_seq_ok=true
[1788815474] render enter: Some(F32) in=320x180 out=384x216 win=(-32,-18) token=1396891973754618 compiled=true snap=true t=141312 step=1024 lstep=1024 scale=25600
[1788815474] execute_plan ok
[1788815474] smart cmd (render=false): seq_raw_null=true const_seq_ok=true
[1788815474] smart cmd (render=false): seq_raw_null=true const_seq_ok=true
[1788815474] smart geometry: logical=1280x720 downsample=1/4x1/4 request=PF_LRect { left: -32, top: -18, right: 352, bottom: 198 } upstream=Rect { left: 0, top: 0, right: 320, bottom: 180 } frame=Rect { left: 0, top: 0, right: 320, bottom: 180 } canvas=Rect { left: 0, top: 0, right: 320, bottom: 180 }
[1788815474] smart geometry: logical=1280x720 downsample=1/4x1/4 request=PF_LRect { left: -32, top: -18, right: 352, bottom: 198 } upstream=Rect { left: 0, top: 0, right: 320, bottom: 180 } frame=Rect { left: 0, top: 0, right: 320, bottom: 180 } canvas=Rect { left: 0, top: 0, right: 320, bottom: 180 }
[1788815474] smart cmd (render=true): seq_raw_null=true const_seq_ok=true
[1788815474] smart cmd (render=true): seq_raw_null=true const_seq_ok=true
[1788815474] render enter: Some(F32) in=320x180 out=384x216 win=(-32,-18) token=1396891973754618 compiled=true snap=true t=142336 step=1024 lstep=1024 scale=25600
[1788815474] execute_plan ok
[1788815474] render enter: Some(F32) in=320x180 out=384x216 win=(-32,-18) token=1396891973754618 compiled=true snap=true t=143360 step=1024 lstep=1024 scale=25600
[1788815474] smart cmd (render=false): seq_raw_null=true const_seq_ok=true
[1788815474] execute_plan ok
[1788815474] smart geometry: logical=1280x720 downsample=1/4x1/4 request=PF_LRect { left: -32, top: -18, right: 352, bottom: 198 } upstream=Rect { left: 0, top: 0, right: 320, bottom: 180 } frame=Rect { left: 0, top: 0, right: 320, bottom: 180 } canvas=Rect { left: 0, top: 0, right: 320, bottom: 180 }
[1788815474] smart cmd (render=true): seq_raw_null=true const_seq_ok=true
[1788815474] render enter: Some(F32) in=320x180 out=384x216 win=(-32,-18) token=1396891973754618 compiled=true snap=true t=144384 step=1024 lstep=1024 scale=25600
[1788815474] smart cmd (render=false): seq_raw_null=true const_seq_ok=true
[1788815474] execute_plan ok
[1788815474] smart geometry: logical=1280x720 downsample=1/4x1/4 request=PF_LRect { left: -32, top: -18, right: 352, bottom: 198 } upstream=Rect { left: 0, top: 0, right: 320, bottom: 180 } frame=Rect { left: 0, top: 0, right: 320, bottom: 180 } canvas=Rect { left: 0, top: 0, right: 320, bottom: 180 }
[1788815474] smart cmd (render=true): seq_raw_null=true const_seq_ok=true
[1788815474] render enter: Some(F32) in=320x180 out=384x216 win=(-32,-18) token=1396891973754618 compiled=true snap=true t=145408 step=1024 lstep=1024 scale=25600
[1788815474] execute_plan ok
[1788815474] smart cmd (render=false): seq_raw_null=true const_seq_ok=true
[1788815474] smart geometry: logical=1280x720 downsample=1/4x1/4 request=PF_LRect { left: -32, top: -18, right: 352, bottom: 198 } upstream=Rect { left: 0, top: 0, right: 320, bottom: 180 } frame=Rect { left: 0, top: 0, right: 320, bottom: 180 } canvas=Rect { left: 0, top: 0, right: 320, bottom: 180 }
[1788815474] smart cmd (render=true): seq_raw_null=true const_seq_ok=true
[1788815474] render enter: Some(F32) in=320x180 out=384x216 win=(-32,-18) token=1396891973754618 compiled=true snap=true t=146432 step=1024 lstep=1024 scale=25600
[1788815474] execute_plan ok
[1788815474] smart cmd (render=false): seq_raw_null=true const_seq_ok=true
[1788815474] smart geometry: logical=1280x720 downsample=1/4x1/4 request=PF_LRect { left: -32, top: -18, right: 352, bottom: 198 } upstream=Rect { left: 0, top: 0, right: 320, bottom: 180 } frame=Rect { left: 0, top: 0, right: 320, bottom: 180 } canvas=Rect { left: 0, top: 0, right: 320, bottom: 180 }
[1788815474] smart cmd (render=true): seq_raw_null=true const_seq_ok=true
[1788815474] render enter: Some(F32) in=320x180 out=384x216 win=(-32,-18) token=1396891973754618 compiled=true snap=true t=147456 step=1024 lstep=1024 scale=25600
[1788815474] execute_plan ok
[1788815474] smart cmd (render=false): seq_raw_null=true const_seq_ok=true
[1788815474] smart geometry: logical=1280x720 downsample=1/4x1/4 request=PF_LRect { left: -32, top: -18, right: 352, bottom: 198 } upstream=Rect { left: 0, top: 0, right: 320, bottom: 180 } frame=Rect { left: 0, top: 0, right: 320, bottom: 180 } canvas=Rect { left: 0, top: 0, right: 320, bottom: 180 }
[1788815474] smart cmd (render=true): seq_raw_null=true const_seq_ok=true
[1788815474] render enter: Some(F32) in=320x180 out=384x216 win=(-32,-18) token=1396891973754618 compiled=true snap=true t=148480 step=1024 lstep=1024 scale=25600
[1788815474] execute_plan ok
[1788815474] smart cmd (render=false): seq_raw_null=true const_seq_ok=true
[1788815474] smart cmd (render=false): seq_raw_null=true const_seq_ok=true
[1788815474] smart geometry: logical=1280x720 downsample=1/4x1/4 request=PF_LRect { left: -32, top: -18, right: 352, bottom: 198 } upstream=Rect { left: 0, top: 0, right: 320, bottom: 180 } frame=Rect { left: 0, top: 0, right: 320, bottom: 180 } canvas=Rect { left: 0, top: 0, right: 320, bottom: 180 }
[1788815474] smart geometry: logical=1280x720 downsample=1/4x1/4 request=PF_LRect { left: -32, top: -18, right: 352, bottom: 198 } upstream=Rect { left: 0, top: 0, right: 320, bottom: 180 } frame=Rect { left: 0, top: 0, right: 320, bottom: 180 } canvas=Rect { left: 0, top: 0, right: 320, bottom: 180 }
[1788815474] smart cmd (render=true): seq_raw_null=true const_seq_ok=true
[1788815474] smart cmd (render=true): seq_raw_null=true const_seq_ok=true
[1788815474] render enter: Some(F32) in=320x180 out=384x216 win=(-32,-18) token=1396891973754618 compiled=true snap=true t=149504 step=1024 lstep=1024 scale=25600
[1788815474] execute_plan ok
[1788815474] render enter: Some(F32) in=320x180 out=384x216 win=(-32,-18) token=1396891973754618 compiled=true snap=true t=150528 step=1024 lstep=1024 scale=25600
[1788815474] smart cmd (render=false): seq_raw_null=true const_seq_ok=true
[1788815474] execute_plan ok
[1788815474] smart geometry: logical=1280x720 downsample=1/4x1/4 request=PF_LRect { left: -32, top: -18, right: 352, bottom: 198 } upstream=Rect { left: 0, top: 0, right: 320, bottom: 180 } frame=Rect { left: 0, top: 0, right: 320, bottom: 180 } canvas=Rect { left: 0, top: 0, right: 320, bottom: 180 }
[1788815474] smart cmd (render=true): seq_raw_null=true const_seq_ok=true
[1788815474] render enter: Some(F32) in=320x180 out=384x216 win=(-32,-18) token=1396891973754618 compiled=true snap=true t=151552 step=1024 lstep=1024 scale=25600
[1788815474] smart cmd (render=false): seq_raw_null=true const_seq_ok=true
[1788815474] execute_plan ok
[1788815474] smart geometry: logical=1280x720 downsample=1/4x1/4 request=PF_LRect { left: -32, top: -18, right: 352, bottom: 198 } upstream=Rect { left: 0, top: 0, right: 320, bottom: 180 } frame=Rect { left: 0, top: 0, right: 320, bottom: 180 } canvas=Rect { left: 0, top: 0, right: 320, bottom: 180 }
[1788815474] smart cmd (render=true): seq_raw_null=true const_seq_ok=true
[1788815474] render enter: Some(F32) in=320x180 out=384x216 win=(-32,-18) token=1396891973754618 compiled=true snap=true t=152576 step=1024 lstep=1024 scale=25600
[1788815474] execute_plan ok
[1788815490] sequence (re)setup: observation deferred
[1788815490] sequence (re)setup: observation deferred
[1788815491] idle observation: compiled: 3 passes, 0 params
[1788815491] idle plan token updated: 0x2c1cc966454c8
[1788815491] idle slot ui applied: 0 bound, 0 defaults written
[1788815491] idle state token updated: Active(630350820090751)
[1788815517] smart cmd (render=false): seq_raw_null=true const_seq_ok=true
[1788815517] smart geometry: logical=1280x720 downsample=1/11x1/11 request=PF_LRect { left: -11, top: -6, right: 128, bottom: 72 } upstream=Rect { left: 0, top: 0, right: 117, bottom: 66 } frame=Rect { left: 0, top: 0, right: 117, bottom: 66 } canvas=Rect { left: 0, top: 0, right: 117, bottom: 66 }
[1788815517] smart cmd (render=true): seq_raw_null=true const_seq_ok=true
[1788815517] render enter: Some(U8) in=117x66 out=139x78 win=(-11,-6) token=1396891973754618 compiled=true snap=true t=0 step=1024 lstep=1024 scale=25600
[1788815517] pipelines built: 1 pass(es), plan 1 step(s), 0 physical intermediate(s) (~0 KiB transient at 117x66, Rgba8Unorm working format) (adapter="Apple M5" backend=Metal driver=" ")
[1788815517] execute_plan ok
[1788815517] smart cmd (render=false): seq_raw_null=true const_seq_ok=true
[1788815517] smart geometry: logical=1280x720 downsample=1/4x1/4 request=PF_LRect { left: -32, top: -18, right: 352, bottom: 198 } upstream=Rect { left: 0, top: 0, right: 320, bottom: 180 } frame=Rect { left: 0, top: 0, right: 320, bottom: 180 } canvas=Rect { left: 0, top: 0, right: 320, bottom: 180 }
[1788815517] smart cmd (render=true): seq_raw_null=true const_seq_ok=true
[1788815517] render enter: Some(U8) in=320x180 out=384x216 win=(-32,-18) token=1396891973754618 compiled=true snap=true t=25600 step=1024 lstep=1024 scale=25600
[1788815517] execute_plan ok
[1788815525] smart cmd (render=false): seq_raw_null=true const_seq_ok=true
[1788815525] smart geometry: logical=1280x720 downsample=1/4x1/4 request=PF_LRect { left: -32, top: -18, right: 352, bottom: 198 } upstream=Rect { left: 0, top: 0, right: 320, bottom: 180 } frame=Rect { left: 0, top: 0, right: 320, bottom: 180 } canvas=Rect { left: 0, top: 0, right: 320, bottom: 180 }
[1788815525] smart cmd (render=true): seq_raw_null=true const_seq_ok=true
[1788815525] render enter: Some(U8) in=320x180 out=384x216 win=(-32,-18) token=1396891973754618 compiled=true snap=true t=26624 step=1024 lstep=1024 scale=25600
[1788815525] execute_plan ok
[1788815525] smart cmd (render=false): seq_raw_null=true const_seq_ok=true
[1788815525] smart geometry: logical=1280x720 downsample=1/4x1/4 request=PF_LRect { left: -32, top: -18, right: 352, bottom: 198 } upstream=Rect { left: 0, top: 0, right: 320, bottom: 180 } frame=Rect { left: 0, top: 0, right: 320, bottom: 180 } canvas=Rect { left: 0, top: 0, right: 320, bottom: 180 }
[1788815525] smart cmd (render=true): seq_raw_null=true const_seq_ok=true
[1788815525] render enter: Some(U8) in=320x180 out=384x216 win=(-32,-18) token=1396891973754618 compiled=true snap=true t=24576 step=1024 lstep=1024 scale=25600
[1788815525] execute_plan ok
[1788815525] smart cmd (render=false): seq_raw_null=true const_seq_ok=true
[1788815525] smart geometry: logical=1280x720 downsample=1/4x1/4 request=PF_LRect { left: -32, top: -18, right: 352, bottom: 198 } upstream=Rect { left: 0, top: 0, right: 320, bottom: 180 } frame=Rect { left: 0, top: 0, right: 320, bottom: 180 } canvas=Rect { left: 0, top: 0, right: 320, bottom: 180 }
[1788815525] smart cmd (render=true): seq_raw_null=true const_seq_ok=true
[1788815525] render enter: Some(U8) in=320x180 out=384x216 win=(-32,-18) token=1396891973754618 compiled=true snap=true t=23552 step=1024 lstep=1024 scale=25600
[1788815525] execute_plan ok
[1788815525] smart cmd (render=false): seq_raw_null=true const_seq_ok=true
[1788815525] smart geometry: logical=1280x720 downsample=1/4x1/4 request=PF_LRect { left: -32, top: -18, right: 352, bottom: 198 } upstream=Rect { left: 0, top: 0, right: 320, bottom: 180 } frame=Rect { left: 0, top: 0, right: 320, bottom: 180 } canvas=Rect { left: 0, top: 0, right: 320, bottom: 180 }
[1788815525] smart cmd (render=true): seq_raw_null=true const_seq_ok=true
[1788815525] render enter: Some(U8) in=320x180 out=384x216 win=(-32,-18) token=1396891973754618 compiled=true snap=true t=27648 step=1024 lstep=1024 scale=25600
[1788815525] execute_plan ok
[1788815525] smart cmd (render=false): seq_raw_null=true const_seq_ok=true
[1788815525] smart geometry: logical=1280x720 downsample=1/4x1/4 request=PF_LRect { left: -32, top: -18, right: 352, bottom: 198 } upstream=Rect { left: 0, top: 0, right: 320, bottom: 180 } frame=Rect { left: 0, top: 0, right: 320, bottom: 180 } canvas=Rect { left: 0, top: 0, right: 320, bottom: 180 }
[1788815525] smart cmd (render=true): seq_raw_null=true const_seq_ok=true
[1788815525] render enter: Some(U8) in=320x180 out=384x216 win=(-32,-18) token=1396891973754618 compiled=true snap=true t=22528 step=1024 lstep=1024 scale=25600
[1788815525] execute_plan ok
[1788815525] smart cmd (render=false): seq_raw_null=true const_seq_ok=true
[1788815525] smart cmd (render=false): seq_raw_null=true const_seq_ok=true
[1788815525] smart geometry: logical=1280x720 downsample=1/4x1/4 request=PF_LRect { left: -32, top: -18, right: 352, bottom: 198 } upstream=Rect { left: 0, top: 0, right: 320, bottom: 180 } frame=Rect { left: 0, top: 0, right: 320, bottom: 180 } canvas=Rect { left: 0, top: 0, right: 320, bottom: 180 }
[1788815525] smart geometry: logical=1280x720 downsample=1/4x1/4 request=PF_LRect { left: -32, top: -18, right: 352, bottom: 198 } upstream=Rect { left: 0, top: 0, right: 320, bottom: 180 } frame=Rect { left: 0, top: 0, right: 320, bottom: 180 } canvas=Rect { left: 0, top: 0, right: 320, bottom: 180 }
[1788815525] smart cmd (render=true): seq_raw_null=true const_seq_ok=true
[1788815525] smart cmd (render=true): seq_raw_null=true const_seq_ok=true
[1788815525] render enter: Some(U8) in=320x180 out=384x216 win=(-32,-18) token=1396891973754618 compiled=true snap=true t=28672 step=1024 lstep=1024 scale=25600
[1788815525] execute_plan ok
[1788815525] render enter: Some(U8) in=320x180 out=384x216 win=(-32,-18) token=1396891973754618 compiled=true snap=true t=21504 step=1024 lstep=1024 scale=25600
[1788815525] smart cmd (render=false): seq_raw_null=true const_seq_ok=true
[1788815525] execute_plan ok
[1788815525] smart geometry: logical=1280x720 downsample=1/4x1/4 request=PF_LRect { left: -32, top: -18, right: 352, bottom: 198 } upstream=Rect { left: 0, top: 0, right: 320, bottom: 180 } frame=Rect { left: 0, top: 0, right: 320, bottom: 180 } canvas=Rect { left: 0, top: 0, right: 320, bottom: 180 }
[1788815525] smart cmd (render=true): seq_raw_null=true const_seq_ok=true
[1788815525] render enter: Some(U8) in=320x180 out=384x216 win=(-32,-18) token=1396891973754618 compiled=true snap=true t=29696 step=1024 lstep=1024 scale=25600
[1788815525] smart cmd (render=false): seq_raw_null=true const_seq_ok=true
[1788815525] execute_plan ok
[1788815525] smart geometry: logical=1280x720 downsample=1/4x1/4 request=PF_LRect { left: -32, top: -18, right: 352, bottom: 198 } upstream=Rect { left: 0, top: 0, right: 320, bottom: 180 } frame=Rect { left: 0, top: 0, right: 320, bottom: 180 } canvas=Rect { left: 0, top: 0, right: 320, bottom: 180 }
[1788815525] smart cmd (render=true): seq_raw_null=true const_seq_ok=true
[1788815525] render enter: Some(U8) in=320x180 out=384x216 win=(-32,-18) token=1396891973754618 compiled=true snap=true t=20480 step=1024 lstep=1024 scale=25600
[1788815525] execute_plan ok
[1788815525] smart cmd (render=false): seq_raw_null=true const_seq_ok=true
[1788815525] smart geometry: logical=1280x720 downsample=1/4x1/4 request=PF_LRect { left: -32, top: -18, right: 352, bottom: 198 } upstream=Rect { left: 0, top: 0, right: 320, bottom: 180 } frame=Rect { left: 0, top: 0, right: 320, bottom: 180 } canvas=Rect { left: 0, top: 0, right: 320, bottom: 180 }
[1788815525] smart cmd (render=true): seq_raw_null=true const_seq_ok=true
[1788815525] render enter: Some(U8) in=320x180 out=384x216 win=(-32,-18) token=1396891973754618 compiled=true snap=true t=30720 step=1024 lstep=1024 scale=25600
[1788815525] execute_plan ok
[1788815525] smart cmd (render=false): seq_raw_null=true const_seq_ok=true
[1788815525] smart geometry: logical=1280x720 downsample=1/4x1/4 request=PF_LRect { left: -32, top: -18, right: 352, bottom: 198 } upstream=Rect { left: 0, top: 0, right: 320, bottom: 180 } frame=Rect { left: 0, top: 0, right: 320, bottom: 180 } canvas=Rect { left: 0, top: 0, right: 320, bottom: 180 }
[1788815525] smart cmd (render=true): seq_raw_null=true const_seq_ok=true
[1788815525] render enter: Some(U8) in=320x180 out=384x216 win=(-32,-18) token=1396891973754618 compiled=true snap=true t=19456 step=1024 lstep=1024 scale=25600
[1788815525] execute_plan ok
[1788815525] smart cmd (render=false): seq_raw_null=true const_seq_ok=true
[1788815525] smart geometry: logical=1280x720 downsample=1/4x1/4 request=PF_LRect { left: -32, top: -18, right: 352, bottom: 198 } upstream=Rect { left: 0, top: 0, right: 320, bottom: 180 } frame=Rect { left: 0, top: 0, right: 320, bottom: 180 } canvas=Rect { left: 0, top: 0, right: 320, bottom: 180 }
[1788815525] smart cmd (render=true): seq_raw_null=true const_seq_ok=true
[1788815525] render enter: Some(U8) in=320x180 out=384x216 win=(-32,-18) token=1396891973754618 compiled=true snap=true t=31744 step=1024 lstep=1024 scale=25600
[1788815525] execute_plan ok
[1788815525] smart cmd (render=false): seq_raw_null=true const_seq_ok=true
[1788815525] smart cmd (render=false): seq_raw_null=true const_seq_ok=true
[1788815525] smart geometry: logical=1280x720 downsample=1/4x1/4 request=PF_LRect { left: -32, top: -18, right: 352, bottom: 198 } upstream=Rect { left: 0, top: 0, right: 320, bottom: 180 } frame=Rect { left: 0, top: 0, right: 320, bottom: 180 } canvas=Rect { left: 0, top: 0, right: 320, bottom: 180 }
[1788815525] smart geometry: logical=1280x720 downsample=1/4x1/4 request=PF_LRect { left: -32, top: -18, right: 352, bottom: 198 } upstream=Rect { left: 0, top: 0, right: 320, bottom: 180 } frame=Rect { left: 0, top: 0, right: 320, bottom: 180 } canvas=Rect { left: 0, top: 0, right: 320, bottom: 180 }
[1788815525] smart cmd (render=true): seq_raw_null=true const_seq_ok=true
[1788815525] smart cmd (render=true): seq_raw_null=true const_seq_ok=true
[1788815525] render enter: Some(U8) in=320x180 out=384x216 win=(-32,-18) token=1396891973754618 compiled=true snap=true t=32768 step=1024 lstep=1024 scale=25600
[1788815525] execute_plan ok
[1788815525] render enter: Some(U8) in=320x180 out=384x216 win=(-32,-18) token=1396891973754618 compiled=true snap=true t=18432 step=1024 lstep=1024 scale=25600
[1788815525] smart cmd (render=false): seq_raw_null=true const_seq_ok=true
[1788815525] execute_plan ok
[1788815525] smart geometry: logical=1280x720 downsample=1/4x1/4 request=PF_LRect { left: -32, top: -18, right: 352, bottom: 198 } upstream=Rect { left: 0, top: 0, right: 320, bottom: 180 } frame=Rect { left: 0, top: 0, right: 320, bottom: 180 } canvas=Rect { left: 0, top: 0, right: 320, bottom: 180 }
[1788815525] smart cmd (render=true): seq_raw_null=true const_seq_ok=true
[1788815525] render enter: Some(U8) in=320x180 out=384x216 win=(-32,-18) token=1396891973754618 compiled=true snap=true t=17408 step=1024 lstep=1024 scale=25600
[1788815525] smart cmd (render=false): seq_raw_null=true const_seq_ok=true
[1788815525] execute_plan ok
[1788815525] smart geometry: logical=1280x720 downsample=1/4x1/4 request=PF_LRect { left: -32, top: -18, right: 352, bottom: 198 } upstream=Rect { left: 0, top: 0, right: 320, bottom: 180 } frame=Rect { left: 0, top: 0, right: 320, bottom: 180 } canvas=Rect { left: 0, top: 0, right: 320, bottom: 180 }
[1788815525] smart cmd (render=true): seq_raw_null=true const_seq_ok=true
[1788815525] render enter: Some(U8) in=320x180 out=384x216 win=(-32,-18) token=1396891973754618 compiled=true snap=true t=33792 step=1024 lstep=1024 scale=25600
[1788815525] execute_plan ok
[1788815525] smart cmd (render=false): seq_raw_null=true const_seq_ok=true
[1788815525] smart geometry: logical=1280x720 downsample=1/4x1/4 request=PF_LRect { left: -32, top: -18, right: 352, bottom: 198 } upstream=Rect { left: 0, top: 0, right: 320, bottom: 180 } frame=Rect { left: 0, top: 0, right: 320, bottom: 180 } canvas=Rect { left: 0, top: 0, right: 320, bottom: 180 }
[1788815525] smart cmd (render=true): seq_raw_null=true const_seq_ok=true
[1788815525] render enter: Some(U8) in=320x180 out=384x216 win=(-32,-18) token=1396891973754618 compiled=true snap=true t=16384 step=1024 lstep=1024 scale=25600
[1788815525] execute_plan ok
[1788815525] smart cmd (render=false): seq_raw_null=true const_seq_ok=true
[1788815525] smart geometry: logical=1280x720 downsample=1/4x1/4 request=PF_LRect { left: -32, top: -18, right: 352, bottom: 198 } upstream=Rect { left: 0, top: 0, right: 320, bottom: 180 } frame=Rect { left: 0, top: 0, right: 320, bottom: 180 } canvas=Rect { left: 0, top: 0, right: 320, bottom: 180 }
[1788815525] smart cmd (render=true): seq_raw_null=true const_seq_ok=true
[1788815525] render enter: Some(U8) in=320x180 out=384x216 win=(-32,-18) token=1396891973754618 compiled=true snap=true t=34816 step=1024 lstep=1024 scale=25600
[1788815525] execute_plan ok
[1788815525] smart cmd (render=false): seq_raw_null=true const_seq_ok=true
[1788815525] smart geometry: logical=1280x720 downsample=1/4x1/4 request=PF_LRect { left: -32, top: -18, right: 352, bottom: 198 } upstream=Rect { left: 0, top: 0, right: 320, bottom: 180 } frame=Rect { left: 0, top: 0, right: 320, bottom: 180 } canvas=Rect { left: 0, top: 0, right: 320, bottom: 180 }
[1788815525] smart cmd (render=true): seq_raw_null=true const_seq_ok=true
[1788815525] render enter: Some(U8) in=320x180 out=384x216 win=(-32,-18) token=1396891973754618 compiled=true snap=true t=15360 step=1024 lstep=1024 scale=25600
[1788815525] execute_plan ok
[1788815525] smart cmd (render=false): seq_raw_null=true const_seq_ok=true
[1788815525] smart cmd (render=false): seq_raw_null=true const_seq_ok=true
[1788815525] smart geometry: logical=1280x720 downsample=1/4x1/4 request=PF_LRect { left: -32, top: -18, right: 352, bottom: 198 } upstream=Rect { left: 0, top: 0, right: 320, bottom: 180 } frame=Rect { left: 0, top: 0, right: 320, bottom: 180 } canvas=Rect { left: 0, top: 0, right: 320, bottom: 180 }
[1788815525] smart geometry: logical=1280x720 downsample=1/4x1/4 request=PF_LRect { left: -32, top: -18, right: 352, bottom: 198 } upstream=Rect { left: 0, top: 0, right: 320, bottom: 180 } frame=Rect { left: 0, top: 0, right: 320, bottom: 180 } canvas=Rect { left: 0, top: 0, right: 320, bottom: 180 }
[1788815525] smart cmd (render=true): seq_raw_null=true const_seq_ok=true
[1788815525] smart cmd (render=true): seq_raw_null=true const_seq_ok=true
[1788815525] render enter: Some(U8) in=320x180 out=384x216 win=(-32,-18) token=1396891973754618 compiled=true snap=true t=35840 step=1024 lstep=1024 scale=25600
[1788815525] execute_plan ok
[1788815525] render enter: Some(U8) in=320x180 out=384x216 win=(-32,-18) token=1396891973754618 compiled=true snap=true t=14336 step=1024 lstep=1024 scale=25600
[1788815525] smart cmd (render=false): seq_raw_null=true const_seq_ok=true
[1788815525] execute_plan ok
[1788815525] smart geometry: logical=1280x720 downsample=1/4x1/4 request=PF_LRect { left: -32, top: -18, right: 352, bottom: 198 } upstream=Rect { left: 0, top: 0, right: 320, bottom: 180 } frame=Rect { left: 0, top: 0, right: 320, bottom: 180 } canvas=Rect { left: 0, top: 0, right: 320, bottom: 180 }
[1788815525] smart cmd (render=true): seq_raw_null=true const_seq_ok=true
[1788815525] render enter: Some(U8) in=320x180 out=384x216 win=(-32,-18) token=1396891973754618 compiled=true snap=true t=36864 step=1024 lstep=1024 scale=25600
[1788815525] smart cmd (render=false): seq_raw_null=true const_seq_ok=true
[1788815525] execute_plan ok
[1788815525] smart geometry: logical=1280x720 downsample=1/4x1/4 request=PF_LRect { left: -32, top: -18, right: 352, bottom: 198 } upstream=Rect { left: 0, top: 0, right: 320, bottom: 180 } frame=Rect { left: 0, top: 0, right: 320, bottom: 180 } canvas=Rect { left: 0, top: 0, right: 320, bottom: 180 }
[1788815525] smart cmd (render=true): seq_raw_null=true const_seq_ok=true
[1788815525] render enter: Some(U8) in=320x180 out=384x216 win=(-32,-18) token=1396891973754618 compiled=true snap=true t=13312 step=1024 lstep=1024 scale=25600
[1788815525] execute_plan ok
[1788815525] smart cmd (render=false): seq_raw_null=true const_seq_ok=true
[1788815525] smart geometry: logical=1280x720 downsample=1/4x1/4 request=PF_LRect { left: -32, top: -18, right: 352, bottom: 198 } upstream=Rect { left: 0, top: 0, right: 320, bottom: 180 } frame=Rect { left: 0, top: 0, right: 320, bottom: 180 } canvas=Rect { left: 0, top: 0, right: 320, bottom: 180 }
[1788815525] smart cmd (render=true): seq_raw_null=true const_seq_ok=true
[1788815525] render enter: Some(U8) in=320x180 out=384x216 win=(-32,-18) token=1396891973754618 compiled=true snap=true t=37888 step=1024 lstep=1024 scale=25600
[1788815525] execute_plan ok
[1788815525] smart cmd (render=false): seq_raw_null=true const_seq_ok=true
[1788815525] smart geometry: logical=1280x720 downsample=1/4x1/4 request=PF_LRect { left: -32, top: -18, right: 352, bottom: 198 } upstream=Rect { left: 0, top: 0, right: 320, bottom: 180 } frame=Rect { left: 0, top: 0, right: 320, bottom: 180 } canvas=Rect { left: 0, top: 0, right: 320, bottom: 180 }
[1788815525] smart cmd (render=true): seq_raw_null=true const_seq_ok=true
[1788815525] render enter: Some(U8) in=320x180 out=384x216 win=(-32,-18) token=1396891973754618 compiled=true snap=true t=12288 step=1024 lstep=1024 scale=25600
[1788815525] execute_plan ok
[1788815525] smart cmd (render=false): seq_raw_null=true const_seq_ok=true
[1788815525] smart geometry: logical=1280x720 downsample=1/4x1/4 request=PF_LRect { left: -32, top: -18, right: 352, bottom: 198 } upstream=Rect { left: 0, top: 0, right: 320, bottom: 180 } frame=Rect { left: 0, top: 0, right: 320, bottom: 180 } canvas=Rect { left: 0, top: 0, right: 320, bottom: 180 }
[1788815525] smart cmd (render=true): seq_raw_null=true const_seq_ok=true
[1788815525] render enter: Some(U8) in=320x180 out=384x216 win=(-32,-18) token=1396891973754618 compiled=true snap=true t=38912 step=1024 lstep=1024 scale=25600
[1788815525] execute_plan ok
[1788815525] smart cmd (render=false): seq_raw_null=true const_seq_ok=true
[1788815525] smart cmd (render=false): seq_raw_null=true const_seq_ok=true
[1788815525] smart geometry: logical=1280x720 downsample=1/4x1/4 request=PF_LRect { left: -32, top: -18, right: 352, bottom: 198 } upstream=Rect { left: 0, top: 0, right: 320, bottom: 180 } frame=Rect { left: 0, top: 0, right: 320, bottom: 180 } canvas=Rect { left: 0, top: 0, right: 320, bottom: 180 }
[1788815525] smart geometry: logical=1280x720 downsample=1/4x1/4 request=PF_LRect { left: -32, top: -18, right: 352, bottom: 198 } upstream=Rect { left: 0, top: 0, right: 320, bottom: 180 } frame=Rect { left: 0, top: 0, right: 320, bottom: 180 } canvas=Rect { left: 0, top: 0, right: 320, bottom: 180 }
[1788815525] smart cmd (render=true): seq_raw_null=true const_seq_ok=true
[1788815525] smart cmd (render=true): seq_raw_null=true const_seq_ok=true
[1788815525] render enter: Some(U8) in=320x180 out=384x216 win=(-32,-18) token=1396891973754618 compiled=true snap=true t=11264 step=1024 lstep=1024 scale=25600
[1788815525] execute_plan ok
[1788815525] render enter: Some(U8) in=320x180 out=384x216 win=(-32,-18) token=1396891973754618 compiled=true snap=true t=39936 step=1024 lstep=1024 scale=25600
[1788815525] smart cmd (render=false): seq_raw_null=true const_seq_ok=true
[1788815525] execute_plan ok
[1788815525] smart geometry: logical=1280x720 downsample=1/4x1/4 request=PF_LRect { left: -32, top: -18, right: 352, bottom: 198 } upstream=Rect { left: 0, top: 0, right: 320, bottom: 180 } frame=Rect { left: 0, top: 0, right: 320, bottom: 180 } canvas=Rect { left: 0, top: 0, right: 320, bottom: 180 }
[1788815525] smart cmd (render=true): seq_raw_null=true const_seq_ok=true
[1788815525] render enter: Some(U8) in=320x180 out=384x216 win=(-32,-18) token=1396891973754618 compiled=true snap=true t=10240 step=1024 lstep=1024 scale=25600
[1788815525] smart cmd (render=false): seq_raw_null=true const_seq_ok=true
[1788815525] execute_plan ok
[1788815525] smart geometry: logical=1280x720 downsample=1/4x1/4 request=PF_LRect { left: -32, top: -18, right: 352, bottom: 198 } upstream=Rect { left: 0, top: 0, right: 320, bottom: 180 } frame=Rect { left: 0, top: 0, right: 320, bottom: 180 } canvas=Rect { left: 0, top: 0, right: 320, bottom: 180 }
[1788815525] smart cmd (render=true): seq_raw_null=true const_seq_ok=true
[1788815525] render enter: Some(U8) in=320x180 out=384x216 win=(-32,-18) token=1396891973754618 compiled=true snap=true t=40960 step=1024 lstep=1024 scale=25600
[1788815525] execute_plan ok
[1788815525] smart cmd (render=false): seq_raw_null=true const_seq_ok=true
[1788815525] smart geometry: logical=1280x720 downsample=1/4x1/4 request=PF_LRect { left: -32, top: -18, right: 352, bottom: 198 } upstream=Rect { left: 0, top: 0, right: 320, bottom: 180 } frame=Rect { left: 0, top: 0, right: 320, bottom: 180 } canvas=Rect { left: 0, top: 0, right: 320, bottom: 180 }
[1788815525] smart cmd (render=true): seq_raw_null=true const_seq_ok=true
[1788815525] render enter: Some(U8) in=320x180 out=384x216 win=(-32,-18) token=1396891973754618 compiled=true snap=true t=9216 step=1024 lstep=1024 scale=25600
[1788815525] execute_plan ok
[1788815525] smart cmd (render=false): seq_raw_null=true const_seq_ok=true
[1788815525] smart geometry: logical=1280x720 downsample=1/4x1/4 request=PF_LRect { left: -32, top: -18, right: 352, bottom: 198 } upstream=Rect { left: 0, top: 0, right: 320, bottom: 180 } frame=Rect { left: 0, top: 0, right: 320, bottom: 180 } canvas=Rect { left: 0, top: 0, right: 320, bottom: 180 }
[1788815525] smart cmd (render=true): seq_raw_null=true const_seq_ok=true
[1788815525] render enter: Some(U8) in=320x180 out=384x216 win=(-32,-18) token=1396891973754618 compiled=true snap=true t=41984 step=1024 lstep=1024 scale=25600
[1788815525] execute_plan ok
[1788815525] smart cmd (render=false): seq_raw_null=true const_seq_ok=true
[1788815525] smart geometry: logical=1280x720 downsample=1/4x1/4 request=PF_LRect { left: -32, top: -18, right: 352, bottom: 198 } upstream=Rect { left: 0, top: 0, right: 320, bottom: 180 } frame=Rect { left: 0, top: 0, right: 320, bottom: 180 } canvas=Rect { left: 0, top: 0, right: 320, bottom: 180 }
[1788815525] smart cmd (render=true): seq_raw_null=true const_seq_ok=true
[1788815525] render enter: Some(U8) in=320x180 out=384x216 win=(-32,-18) token=1396891973754618 compiled=true snap=true t=8192 step=1024 lstep=1024 scale=25600
[1788815525] execute_plan ok
[1788815525] smart cmd (render=false): seq_raw_null=true const_seq_ok=true
[1788815525] smart geometry: logical=1280x720 downsample=1/4x1/4 request=PF_LRect { left: -32, top: -18, right: 352, bottom: 198 } upstream=Rect { left: 0, top: 0, right: 320, bottom: 180 } frame=Rect { left: 0, top: 0, right: 320, bottom: 180 } canvas=Rect { left: 0, top: 0, right: 320, bottom: 180 }
[1788815525] smart cmd (render=true): seq_raw_null=true const_seq_ok=true
[1788815525] render enter: Some(U8) in=320x180 out=384x216 win=(-32,-18) token=1396891973754618 compiled=true snap=true t=43008 step=1024 lstep=1024 scale=25600
[1788815525] execute_plan ok
[1788815525] smart cmd (render=false): seq_raw_null=true const_seq_ok=true
[1788815525] smart cmd (render=false): seq_raw_null=true const_seq_ok=true
[1788815525] smart geometry: logical=1280x720 downsample=1/4x1/4 request=PF_LRect { left: -32, top: -18, right: 352, bottom: 198 } upstream=Rect { left: 0, top: 0, right: 320, bottom: 180 } frame=Rect { left: 0, top: 0, right: 320, bottom: 180 } canvas=Rect { left: 0, top: 0, right: 320, bottom: 180 }
[1788815525] smart geometry: logical=1280x720 downsample=1/4x1/4 request=PF_LRect { left: -32, top: -18, right: 352, bottom: 198 } upstream=Rect { left: 0, top: 0, right: 320, bottom: 180 } frame=Rect { left: 0, top: 0, right: 320, bottom: 180 } canvas=Rect { left: 0, top: 0, right: 320, bottom: 180 }
[1788815525] smart cmd (render=true): seq_raw_null=true const_seq_ok=true
[1788815525] smart cmd (render=true): seq_raw_null=true const_seq_ok=true
[1788815525] render enter: Some(U8) in=320x180 out=384x216 win=(-32,-18) token=1396891973754618 compiled=true snap=true t=44032 step=1024 lstep=1024 scale=25600
[1788815525] execute_plan ok
[1788815525] render enter: Some(U8) in=320x180 out=384x216 win=(-32,-18) token=1396891973754618 compiled=true snap=true t=7168 step=1024 lstep=1024 scale=25600
[1788815525] smart cmd (render=false): seq_raw_null=true const_seq_ok=true
[1788815525] execute_plan ok
[1788815525] smart geometry: logical=1280x720 downsample=1/4x1/4 request=PF_LRect { left: -32, top: -18, right: 352, bottom: 198 } upstream=Rect { left: 0, top: 0, right: 320, bottom: 180 } frame=Rect { left: 0, top: 0, right: 320, bottom: 180 } canvas=Rect { left: 0, top: 0, right: 320, bottom: 180 }
[1788815525] smart cmd (render=true): seq_raw_null=true const_seq_ok=true
[1788815525] render enter: Some(U8) in=320x180 out=384x216 win=(-32,-18) token=1396891973754618 compiled=true snap=true t=6144 step=1024 lstep=1024 scale=25600
[1788815525] execute_plan ok
[1788815525] smart cmd (render=false): seq_raw_null=true const_seq_ok=true
[1788815525] smart geometry: logical=1280x720 downsample=1/4x1/4 request=PF_LRect { left: -32, top: -18, right: 352, bottom: 198 } upstream=Rect { left: 0, top: 0, right: 320, bottom: 180 } frame=Rect { left: 0, top: 0, right: 320, bottom: 180 } canvas=Rect { left: 0, top: 0, right: 320, bottom: 180 }
[1788815525] smart cmd (render=true): seq_raw_null=true const_seq_ok=true
[1788815525] render enter: Some(U8) in=320x180 out=384x216 win=(-32,-18) token=1396891973754618 compiled=true snap=true t=45056 step=1024 lstep=1024 scale=25600
[1788815525] execute_plan ok
[1788815525] smart cmd (render=false): seq_raw_null=true const_seq_ok=true
[1788815525] smart geometry: logical=1280x720 downsample=1/4x1/4 request=PF_LRect { left: -32, top: -18, right: 352, bottom: 198 } upstream=Rect { left: 0, top: 0, right: 320, bottom: 180 } frame=Rect { left: 0, top: 0, right: 320, bottom: 180 } canvas=Rect { left: 0, top: 0, right: 320, bottom: 180 }
[1788815525] smart cmd (render=true): seq_raw_null=true const_seq_ok=true
[1788815525] render enter: Some(U8) in=320x180 out=384x216 win=(-32,-18) token=1396891973754618 compiled=true snap=true t=5120 step=1024 lstep=1024 scale=25600
[1788815525] execute_plan ok
[1788815525] smart cmd (render=false): seq_raw_null=true const_seq_ok=true
[1788815525] smart geometry: logical=1280x720 downsample=1/4x1/4 request=PF_LRect { left: -32, top: -18, right: 352, bottom: 198 } upstream=Rect { left: 0, top: 0, right: 320, bottom: 180 } frame=Rect { left: 0, top: 0, right: 320, bottom: 180 } canvas=Rect { left: 0, top: 0, right: 320, bottom: 180 }
[1788815525] smart cmd (render=true): seq_raw_null=true const_seq_ok=true
[1788815525] render enter: Some(U8) in=320x180 out=384x216 win=(-32,-18) token=1396891973754618 compiled=true snap=true t=46080 step=1024 lstep=1024 scale=25600
[1788815525] execute_plan ok
[1788815525] smart cmd (render=false): seq_raw_null=true const_seq_ok=true
[1788815525] smart cmd (render=false): seq_raw_null=true const_seq_ok=true
[1788815525] smart geometry: logical=1280x720 downsample=1/4x1/4 request=PF_LRect { left: -32, top: -18, right: 352, bottom: 198 } upstream=Rect { left: 0, top: 0, right: 320, bottom: 180 } frame=Rect { left: 0, top: 0, right: 320, bottom: 180 } canvas=Rect { left: 0, top: 0, right: 320, bottom: 180 }
[1788815525] smart geometry: logical=1280x720 downsample=1/4x1/4 request=PF_LRect { left: -32, top: -18, right: 352, bottom: 198 } upstream=Rect { left: 0, top: 0, right: 320, bottom: 180 } frame=Rect { left: 0, top: 0, right: 320, bottom: 180 } canvas=Rect { left: 0, top: 0, right: 320, bottom: 180 }
[1788815525] smart cmd (render=true): seq_raw_null=true const_seq_ok=true
[1788815525] smart cmd (render=true): seq_raw_null=true const_seq_ok=true
[1788815525] render enter: Some(U8) in=320x180 out=384x216 win=(-32,-18) token=1396891973754618 compiled=true snap=true t=4096 step=1024 lstep=1024 scale=25600
[1788815525] execute_plan ok
[1788815525] render enter: Some(U8) in=320x180 out=384x216 win=(-32,-18) token=1396891973754618 compiled=true snap=true t=47104 step=1024 lstep=1024 scale=25600
[1788815525] smart cmd (render=false): seq_raw_null=true const_seq_ok=true
[1788815525] execute_plan ok
[1788815525] smart geometry: logical=1280x720 downsample=1/4x1/4 request=PF_LRect { left: -32, top: -18, right: 352, bottom: 198 } upstream=Rect { left: 0, top: 0, right: 320, bottom: 180 } frame=Rect { left: 0, top: 0, right: 320, bottom: 180 } canvas=Rect { left: 0, top: 0, right: 320, bottom: 180 }
[1788815525] smart cmd (render=true): seq_raw_null=true const_seq_ok=true
[1788815525] render enter: Some(U8) in=320x180 out=384x216 win=(-32,-18) token=1396891973754618 compiled=true snap=true t=3072 step=1024 lstep=1024 scale=25600
[1788815525] smart cmd (render=false): seq_raw_null=true const_seq_ok=true
[1788815525] execute_plan ok
[1788815525] smart geometry: logical=1280x720 downsample=1/4x1/4 request=PF_LRect { left: -32, top: -18, right: 352, bottom: 198 } upstream=Rect { left: 0, top: 0, right: 320, bottom: 180 } frame=Rect { left: 0, top: 0, right: 320, bottom: 180 } canvas=Rect { left: 0, top: 0, right: 320, bottom: 180 }
[1788815525] smart cmd (render=true): seq_raw_null=true const_seq_ok=true
[1788815525] render enter: Some(U8) in=320x180 out=384x216 win=(-32,-18) token=1396891973754618 compiled=true snap=true t=48128 step=1024 lstep=1024 scale=25600
[1788815525] execute_plan ok
[1788815525] smart cmd (render=false): seq_raw_null=true const_seq_ok=true
[1788815525] smart geometry: logical=1280x720 downsample=1/4x1/4 request=PF_LRect { left: -32, top: -18, right: 352, bottom: 198 } upstream=Rect { left: 0, top: 0, right: 320, bottom: 180 } frame=Rect { left: 0, top: 0, right: 320, bottom: 180 } canvas=Rect { left: 0, top: 0, right: 320, bottom: 180 }
[1788815525] smart cmd (render=true): seq_raw_null=true const_seq_ok=true
[1788815525] render enter: Some(U8) in=320x180 out=384x216 win=(-32,-18) token=1396891973754618 compiled=true snap=true t=2048 step=1024 lstep=1024 scale=25600
[1788815525] execute_plan ok
[1788815525] smart cmd (render=false): seq_raw_null=true const_seq_ok=true
[1788815525] smart geometry: logical=1280x720 downsample=1/4x1/4 request=PF_LRect { left: -32, top: -18, right: 352, bottom: 198 } upstream=Rect { left: 0, top: 0, right: 320, bottom: 180 } frame=Rect { left: 0, top: 0, right: 320, bottom: 180 } canvas=Rect { left: 0, top: 0, right: 320, bottom: 180 }
[1788815525] smart cmd (render=true): seq_raw_null=true const_seq_ok=true
[1788815525] render enter: Some(U8) in=320x180 out=384x216 win=(-32,-18) token=1396891973754618 compiled=true snap=true t=49152 step=1024 lstep=1024 scale=25600
[1788815525] execute_plan ok
[1788815525] smart cmd (render=false): seq_raw_null=true const_seq_ok=true
[1788815525] smart geometry: logical=1280x720 downsample=1/4x1/4 request=PF_LRect { left: -32, top: -18, right: 352, bottom: 198 } upstream=Rect { left: 0, top: 0, right: 320, bottom: 180 } frame=Rect { left: 0, top: 0, right: 320, bottom: 180 } canvas=Rect { left: 0, top: 0, right: 320, bottom: 180 }
[1788815525] smart cmd (render=true): seq_raw_null=true const_seq_ok=true
[1788815525] render enter: Some(U8) in=320x180 out=384x216 win=(-32,-18) token=1396891973754618 compiled=true snap=true t=1024 step=1024 lstep=1024 scale=25600
[1788815525] execute_plan ok
[1788815525] smart cmd (render=false): seq_raw_null=true const_seq_ok=true
[1788815525] smart cmd (render=false): seq_raw_null=true const_seq_ok=true
[1788815525] smart geometry: logical=1280x720 downsample=1/4x1/4 request=PF_LRect { left: -32, top: -18, right: 352, bottom: 198 } upstream=Rect { left: 0, top: 0, right: 320, bottom: 180 } frame=Rect { left: 0, top: 0, right: 320, bottom: 180 } canvas=Rect { left: 0, top: 0, right: 320, bottom: 180 }
[1788815525] smart geometry: logical=1280x720 downsample=1/4x1/4 request=PF_LRect { left: -32, top: -18, right: 352, bottom: 198 } upstream=Rect { left: 0, top: 0, right: 320, bottom: 180 } frame=Rect { left: 0, top: 0, right: 320, bottom: 180 } canvas=Rect { left: 0, top: 0, right: 320, bottom: 180 }
[1788815525] smart cmd (render=true): seq_raw_null=true const_seq_ok=true
[1788815525] smart cmd (render=true): seq_raw_null=true const_seq_ok=true
[1788815525] render enter: Some(U8) in=320x180 out=384x216 win=(-32,-18) token=1396891973754618 compiled=true snap=true t=0 step=1024 lstep=1024 scale=25600
[1788815525] execute_plan ok
[1788815525] render enter: Some(U8) in=320x180 out=384x216 win=(-32,-18) token=1396891973754618 compiled=true snap=true t=50176 step=1024 lstep=1024 scale=25600
[1788815525] smart cmd (render=false): seq_raw_null=true const_seq_ok=true
[1788815525] execute_plan ok
[1788815525] smart geometry: logical=1280x720 downsample=1/4x1/4 request=PF_LRect { left: -32, top: -18, right: 352, bottom: 198 } upstream=Rect { left: 0, top: 0, right: 320, bottom: 180 } frame=Rect { left: 0, top: 0, right: 320, bottom: 180 } canvas=Rect { left: 0, top: 0, right: 320, bottom: 180 }
[1788815525] smart cmd (render=true): seq_raw_null=true const_seq_ok=true
[1788815525] render enter: Some(U8) in=320x180 out=384x216 win=(-32,-18) token=1396891973754618 compiled=true snap=true t=51200 step=1024 lstep=1024 scale=25600
[1788815525] smart cmd (render=false): seq_raw_null=true const_seq_ok=true
[1788815525] execute_plan ok
[1788815525] smart geometry: logical=1280x720 downsample=1/4x1/4 request=PF_LRect { left: -32, top: -18, right: 352, bottom: 198 } upstream=Rect { left: 0, top: 0, right: 320, bottom: 180 } frame=Rect { left: 0, top: 0, right: 320, bottom: 180 } canvas=Rect { left: 0, top: 0, right: 320, bottom: 180 }
[1788815525] smart cmd (render=true): seq_raw_null=true const_seq_ok=true
[1788815525] render enter: Some(U8) in=320x180 out=384x216 win=(-32,-18) token=1396891973754618 compiled=true snap=true t=52224 step=1024 lstep=1024 scale=25600
[1788815525] execute_plan ok
[1788815525] smart cmd (render=false): seq_raw_null=true const_seq_ok=true
[1788815525] smart geometry: logical=1280x720 downsample=1/4x1/4 request=PF_LRect { left: -32, top: -18, right: 352, bottom: 198 } upstream=Rect { left: 0, top: 0, right: 320, bottom: 180 } frame=Rect { left: 0, top: 0, right: 320, bottom: 180 } canvas=Rect { left: 0, top: 0, right: 320, bottom: 180 }
[1788815525] smart cmd (render=true): seq_raw_null=true const_seq_ok=true
[1788815525] render enter: Some(U8) in=320x180 out=384x216 win=(-32,-18) token=1396891973754618 compiled=true snap=true t=53248 step=1024 lstep=1024 scale=25600
[1788815525] execute_plan ok
[1788815525] smart cmd (render=false): seq_raw_null=true const_seq_ok=true
[1788815525] smart geometry: logical=1280x720 downsample=1/4x1/4 request=PF_LRect { left: -32, top: -18, right: 352, bottom: 198 } upstream=Rect { left: 0, top: 0, right: 320, bottom: 180 } frame=Rect { left: 0, top: 0, right: 320, bottom: 180 } canvas=Rect { left: 0, top: 0, right: 320, bottom: 180 }
[1788815525] smart cmd (render=true): seq_raw_null=true const_seq_ok=true
[1788815525] render enter: Some(U8) in=320x180 out=384x216 win=(-32,-18) token=1396891973754618 compiled=true snap=true t=54272 step=1024 lstep=1024 scale=25600
[1788815525] execute_plan ok
[1788815525] smart cmd (render=false): seq_raw_null=true const_seq_ok=true
[1788815525] smart geometry: logical=1280x720 downsample=1/4x1/4 request=PF_LRect { left: -32, top: -18, right: 352, bottom: 198 } upstream=Rect { left: 0, top: 0, right: 320, bottom: 180 } frame=Rect { left: 0, top: 0, right: 320, bottom: 180 } canvas=Rect { left: 0, top: 0, right: 320, bottom: 180 }
[1788815525] smart cmd (render=true): seq_raw_null=true const_seq_ok=true
[1788815525] render enter: Some(U8) in=320x180 out=384x216 win=(-32,-18) token=1396891973754618 compiled=true snap=true t=55296 step=1024 lstep=1024 scale=25600
[1788815525] execute_plan ok
[1788815525] smart cmd (render=false): seq_raw_null=true const_seq_ok=true
[1788815525] smart cmd (render=false): seq_raw_null=true const_seq_ok=true
[1788815525] smart geometry: logical=1280x720 downsample=1/4x1/4 request=PF_LRect { left: -32, top: -18, right: 352, bottom: 198 } upstream=Rect { left: 0, top: 0, right: 320, bottom: 180 } frame=Rect { left: 0, top: 0, right: 320, bottom: 180 } canvas=Rect { left: 0, top: 0, right: 320, bottom: 180 }
[1788815525] smart geometry: logical=1280x720 downsample=1/4x1/4 request=PF_LRect { left: -32, top: -18, right: 352, bottom: 198 } upstream=Rect { left: 0, top: 0, right: 320, bottom: 180 } frame=Rect { left: 0, top: 0, right: 320, bottom: 180 } canvas=Rect { left: 0, top: 0, right: 320, bottom: 180 }
[1788815525] smart cmd (render=true): seq_raw_null=true const_seq_ok=true
[1788815525] smart cmd (render=true): seq_raw_null=true const_seq_ok=true
[1788815525] render enter: Some(U8) in=320x180 out=384x216 win=(-32,-18) token=1396891973754618 compiled=true snap=true t=57344 step=1024 lstep=1024 scale=25600
[1788815525] execute_plan ok
[1788815525] render enter: Some(U8) in=320x180 out=384x216 win=(-32,-18) token=1396891973754618 compiled=true snap=true t=56320 step=1024 lstep=1024 scale=25600
[1788815525] smart cmd (render=false): seq_raw_null=true const_seq_ok=true
[1788815525] execute_plan ok
[1788815525] smart geometry: logical=1280x720 downsample=1/4x1/4 request=PF_LRect { left: -32, top: -18, right: 352, bottom: 198 } upstream=Rect { left: 0, top: 0, right: 320, bottom: 180 } frame=Rect { left: 0, top: 0, right: 320, bottom: 180 } canvas=Rect { left: 0, top: 0, right: 320, bottom: 180 }
[1788815525] smart cmd (render=true): seq_raw_null=true const_seq_ok=true
[1788815525] render enter: Some(U8) in=320x180 out=384x216 win=(-32,-18) token=1396891973754618 compiled=true snap=true t=58368 step=1024 lstep=1024 scale=25600
[1788815525] smart cmd (render=false): seq_raw_null=true const_seq_ok=true
[1788815525] execute_plan ok
[1788815525] smart geometry: logical=1280x720 downsample=1/4x1/4 request=PF_LRect { left: -32, top: -18, right: 352, bottom: 198 } upstream=Rect { left: 0, top: 0, right: 320, bottom: 180 } frame=Rect { left: 0, top: 0, right: 320, bottom: 180 } canvas=Rect { left: 0, top: 0, right: 320, bottom: 180 }
[1788815525] smart cmd (render=true): seq_raw_null=true const_seq_ok=true
[1788815525] render enter: Some(U8) in=320x180 out=384x216 win=(-32,-18) token=1396891973754618 compiled=true snap=true t=59392 step=1024 lstep=1024 scale=25600
[1788815525] execute_plan ok
[1788815525] smart cmd (render=false): seq_raw_null=true const_seq_ok=true
[1788815525] smart geometry: logical=1280x720 downsample=1/4x1/4 request=PF_LRect { left: -32, top: -18, right: 352, bottom: 198 } upstream=Rect { left: 0, top: 0, right: 320, bottom: 180 } frame=Rect { left: 0, top: 0, right: 320, bottom: 180 } canvas=Rect { left: 0, top: 0, right: 320, bottom: 180 }
[1788815525] smart cmd (render=true): seq_raw_null=true const_seq_ok=true
[1788815525] render enter: Some(U8) in=320x180 out=384x216 win=(-32,-18) token=1396891973754618 compiled=true snap=true t=60416 step=1024 lstep=1024 scale=25600
[1788815525] execute_plan ok
[1788815525] smart cmd (render=false): seq_raw_null=true const_seq_ok=true
[1788815525] smart geometry: logical=1280x720 downsample=1/4x1/4 request=PF_LRect { left: -32, top: -18, right: 352, bottom: 198 } upstream=Rect { left: 0, top: 0, right: 320, bottom: 180 } frame=Rect { left: 0, top: 0, right: 320, bottom: 180 } canvas=Rect { left: 0, top: 0, right: 320, bottom: 180 }
[1788815525] smart cmd (render=true): seq_raw_null=true const_seq_ok=true
[1788815525] render enter: Some(U8) in=320x180 out=384x216 win=(-32,-18) token=1396891973754618 compiled=true snap=true t=61440 step=1024 lstep=1024 scale=25600
[1788815525] execute_plan ok
[1788815525] smart cmd (render=false): seq_raw_null=true const_seq_ok=true
[1788815525] smart geometry: logical=1280x720 downsample=1/4x1/4 request=PF_LRect { left: -32, top: -18, right: 352, bottom: 198 } upstream=Rect { left: 0, top: 0, right: 320, bottom: 180 } frame=Rect { left: 0, top: 0, right: 320, bottom: 180 } canvas=Rect { left: 0, top: 0, right: 320, bottom: 180 }
[1788815525] smart cmd (render=true): seq_raw_null=true const_seq_ok=true
[1788815525] render enter: Some(U8) in=320x180 out=384x216 win=(-32,-18) token=1396891973754618 compiled=true snap=true t=62464 step=1024 lstep=1024 scale=25600
[1788815525] execute_plan ok
[1788815525] smart cmd (render=false): seq_raw_null=true const_seq_ok=true
[1788815525] smart geometry: logical=1280x720 downsample=1/4x1/4 request=PF_LRect { left: -32, top: -18, right: 352, bottom: 198 } upstream=Rect { left: 0, top: 0, right: 320, bottom: 180 } frame=Rect { left: 0, top: 0, right: 320, bottom: 180 } canvas=Rect { left: 0, top: 0, right: 320, bottom: 180 }
[1788815525] smart cmd (render=true): seq_raw_null=true const_seq_ok=true
[1788815525] smart cmd (render=false): seq_raw_null=true const_seq_ok=true
[1788815525] smart geometry: logical=1280x720 downsample=1/4x1/4 request=PF_LRect { left: -32, top: -18, right: 352, bottom: 198 } upstream=Rect { left: 0, top: 0, right: 320, bottom: 180 } frame=Rect { left: 0, top: 0, right: 320, bottom: 180 } canvas=Rect { left: 0, top: 0, right: 320, bottom: 180 }
[1788815525] render enter: Some(U8) in=320x180 out=384x216 win=(-32,-18) token=1396891973754618 compiled=true snap=true t=63488 step=1024 lstep=1024 scale=25600
[1788815525] smart cmd (render=true): seq_raw_null=true const_seq_ok=true
[1788815525] execute_plan ok
[1788815525] render enter: Some(U8) in=320x180 out=384x216 win=(-32,-18) token=1396891973754618 compiled=true snap=true t=64512 step=1024 lstep=1024 scale=25600
[1788815525] smart cmd (render=false): seq_raw_null=true const_seq_ok=true
[1788815525] execute_plan ok
[1788815525] smart geometry: logical=1280x720 downsample=1/4x1/4 request=PF_LRect { left: -32, top: -18, right: 352, bottom: 198 } upstream=Rect { left: 0, top: 0, right: 320, bottom: 180 } frame=Rect { left: 0, top: 0, right: 320, bottom: 180 } canvas=Rect { left: 0, top: 0, right: 320, bottom: 180 }
[1788815525] smart cmd (render=true): seq_raw_null=true const_seq_ok=true
[1788815525] render enter: Some(U8) in=320x180 out=384x216 win=(-32,-18) token=1396891973754618 compiled=true snap=true t=65536 step=1024 lstep=1024 scale=25600
[1788815525] smart cmd (render=false): seq_raw_null=true const_seq_ok=true
[1788815525] execute_plan ok
[1788815525] smart geometry: logical=1280x720 downsample=1/4x1/4 request=PF_LRect { left: -32, top: -18, right: 352, bottom: 198 } upstream=Rect { left: 0, top: 0, right: 320, bottom: 180 } frame=Rect { left: 0, top: 0, right: 320, bottom: 180 } canvas=Rect { left: 0, top: 0, right: 320, bottom: 180 }
[1788815525] smart cmd (render=true): seq_raw_null=true const_seq_ok=true
[1788815525] render enter: Some(U8) in=320x180 out=384x216 win=(-32,-18) token=1396891973754618 compiled=true snap=true t=66560 step=1024 lstep=1024 scale=25600
[1788815525] execute_plan ok
[1788815525] smart cmd (render=false): seq_raw_null=true const_seq_ok=true
[1788815525] smart geometry: logical=1280x720 downsample=1/4x1/4 request=PF_LRect { left: -32, top: -18, right: 352, bottom: 198 } upstream=Rect { left: 0, top: 0, right: 320, bottom: 180 } frame=Rect { left: 0, top: 0, right: 320, bottom: 180 } canvas=Rect { left: 0, top: 0, right: 320, bottom: 180 }
[1788815525] smart cmd (render=true): seq_raw_null=true const_seq_ok=true
[1788815525] render enter: Some(U8) in=320x180 out=384x216 win=(-32,-18) token=1396891973754618 compiled=true snap=true t=67584 step=1024 lstep=1024 scale=25600
[1788815525] execute_plan ok
[1788815525] smart cmd (render=false): seq_raw_null=true const_seq_ok=true
[1788815525] smart geometry: logical=1280x720 downsample=1/4x1/4 request=PF_LRect { left: -32, top: -18, right: 352, bottom: 198 } upstream=Rect { left: 0, top: 0, right: 320, bottom: 180 } frame=Rect { left: 0, top: 0, right: 320, bottom: 180 } canvas=Rect { left: 0, top: 0, right: 320, bottom: 180 }
[1788815525] smart cmd (render=true): seq_raw_null=true const_seq_ok=true
[1788815525] render enter: Some(U8) in=320x180 out=384x216 win=(-32,-18) token=1396891973754618 compiled=true snap=true t=68608 step=1024 lstep=1024 scale=25600
[1788815525] execute_plan ok
[1788815525] smart cmd (render=false): seq_raw_null=true const_seq_ok=true
[1788815525] smart geometry: logical=1280x720 downsample=1/4x1/4 request=PF_LRect { left: -32, top: -18, right: 352, bottom: 198 } upstream=Rect { left: 0, top: 0, right: 320, bottom: 180 } frame=Rect { left: 0, top: 0, right: 320, bottom: 180 } canvas=Rect { left: 0, top: 0, right: 320, bottom: 180 }
[1788815525] smart cmd (render=true): seq_raw_null=true const_seq_ok=true
[1788815525] render enter: Some(U8) in=320x180 out=384x216 win=(-32,-18) token=1396891973754618 compiled=true snap=true t=69632 step=1024 lstep=1024 scale=25600
[1788815525] execute_plan ok
[1788815525] smart cmd (render=false): seq_raw_null=true const_seq_ok=true
[1788815525] smart geometry: logical=1280x720 downsample=1/4x1/4 request=PF_LRect { left: -32, top: -18, right: 352, bottom: 198 } upstream=Rect { left: 0, top: 0, right: 320, bottom: 180 } frame=Rect { left: 0, top: 0, right: 320, bottom: 180 } canvas=Rect { left: 0, top: 0, right: 320, bottom: 180 }
[1788815525] smart cmd (render=true): seq_raw_null=true const_seq_ok=true
[1788815525] render enter: Some(U8) in=320x180 out=384x216 win=(-32,-18) token=1396891973754618 compiled=true snap=true t=70656 step=1024 lstep=1024 scale=25600
[1788815525] execute_plan ok
[1788815525] smart cmd (render=false): seq_raw_null=true const_seq_ok=true
[1788815525] smart cmd (render=false): seq_raw_null=true const_seq_ok=true
[1788815525] smart geometry: logical=1280x720 downsample=1/4x1/4 request=PF_LRect { left: -32, top: -18, right: 352, bottom: 198 } upstream=Rect { left: 0, top: 0, right: 320, bottom: 180 } frame=Rect { left: 0, top: 0, right: 320, bottom: 180 } canvas=Rect { left: 0, top: 0, right: 320, bottom: 180 }
[1788815525] smart geometry: logical=1280x720 downsample=1/4x1/4 request=PF_LRect { left: -32, top: -18, right: 352, bottom: 198 } upstream=Rect { left: 0, top: 0, right: 320, bottom: 180 } frame=Rect { left: 0, top: 0, right: 320, bottom: 180 } canvas=Rect { left: 0, top: 0, right: 320, bottom: 180 }
[1788815525] smart cmd (render=true): seq_raw_null=true const_seq_ok=true
[1788815525] smart cmd (render=true): seq_raw_null=true const_seq_ok=true
[1788815525] render enter: Some(U8) in=320x180 out=384x216 win=(-32,-18) token=1396891973754618 compiled=true snap=true t=72704 step=1024 lstep=1024 scale=25600
[1788815525] execute_plan ok
[1788815525] render enter: Some(U8) in=320x180 out=384x216 win=(-32,-18) token=1396891973754618 compiled=true snap=true t=71680 step=1024 lstep=1024 scale=25600
[1788815525] smart cmd (render=false): seq_raw_null=true const_seq_ok=true
[1788815525] execute_plan ok
[1788815525] smart geometry: logical=1280x720 downsample=1/4x1/4 request=PF_LRect { left: -32, top: -18, right: 352, bottom: 198 } upstream=Rect { left: 0, top: 0, right: 320, bottom: 180 } frame=Rect { left: 0, top: 0, right: 320, bottom: 180 } canvas=Rect { left: 0, top: 0, right: 320, bottom: 180 }
[1788815525] smart cmd (render=true): seq_raw_null=true const_seq_ok=true
[1788815525] render enter: Some(U8) in=320x180 out=384x216 win=(-32,-18) token=1396891973754618 compiled=true snap=true t=73728 step=1024 lstep=1024 scale=25600
[1788815525] execute_plan ok
[1788815525] smart cmd (render=false): seq_raw_null=true const_seq_ok=true
[1788815525] smart geometry: logical=1280x720 downsample=1/4x1/4 request=PF_LRect { left: -32, top: -18, right: 352, bottom: 198 } upstream=Rect { left: 0, top: 0, right: 320, bottom: 180 } frame=Rect { left: 0, top: 0, right: 320, bottom: 180 } canvas=Rect { left: 0, top: 0, right: 320, bottom: 180 }
[1788815525] smart cmd (render=true): seq_raw_null=true const_seq_ok=true
[1788815525] render enter: Some(U8) in=320x180 out=384x216 win=(-32,-18) token=1396891973754618 compiled=true snap=true t=74752 step=1024 lstep=1024 scale=25600
[1788815525] execute_plan ok
[1788815525] smart cmd (render=false): seq_raw_null=true const_seq_ok=true
[1788815525] smart geometry: logical=1280x720 downsample=1/4x1/4 request=PF_LRect { left: -32, top: -18, right: 352, bottom: 198 } upstream=Rect { left: 0, top: 0, right: 320, bottom: 180 } frame=Rect { left: 0, top: 0, right: 320, bottom: 180 } canvas=Rect { left: 0, top: 0, right: 320, bottom: 180 }
[1788815525] smart cmd (render=true): seq_raw_null=true const_seq_ok=true
[1788815525] render enter: Some(U8) in=320x180 out=384x216 win=(-32,-18) token=1396891973754618 compiled=true snap=true t=75776 step=1024 lstep=1024 scale=25600
[1788815525] execute_plan ok
[1788815525] smart cmd (render=false): seq_raw_null=true const_seq_ok=true
[1788815525] smart geometry: logical=1280x720 downsample=1/4x1/4 request=PF_LRect { left: -32, top: -18, right: 352, bottom: 198 } upstream=Rect { left: 0, top: 0, right: 320, bottom: 180 } frame=Rect { left: 0, top: 0, right: 320, bottom: 180 } canvas=Rect { left: 0, top: 0, right: 320, bottom: 180 }
[1788815525] smart cmd (render=true): seq_raw_null=true const_seq_ok=true
[1788815525] render enter: Some(U8) in=320x180 out=384x216 win=(-32,-18) token=1396891973754618 compiled=true snap=true t=76800 step=1024 lstep=1024 scale=25600
[1788815525] execute_plan ok
[1788815525] smart cmd (render=false): seq_raw_null=true const_seq_ok=true
[1788815525] smart cmd (render=false): seq_raw_null=true const_seq_ok=true
[1788815525] smart geometry: logical=1280x720 downsample=1/4x1/4 request=PF_LRect { left: -32, top: -18, right: 352, bottom: 198 } upstream=Rect { left: 0, top: 0, right: 320, bottom: 180 } frame=Rect { left: 0, top: 0, right: 320, bottom: 180 } canvas=Rect { left: 0, top: 0, right: 320, bottom: 180 }
[1788815525] smart geometry: logical=1280x720 downsample=1/4x1/4 request=PF_LRect { left: -32, top: -18, right: 352, bottom: 198 } upstream=Rect { left: 0, top: 0, right: 320, bottom: 180 } frame=Rect { left: 0, top: 0, right: 320, bottom: 180 } canvas=Rect { left: 0, top: 0, right: 320, bottom: 180 }
[1788815525] smart cmd (render=true): seq_raw_null=true const_seq_ok=true
[1788815525] smart cmd (render=true): seq_raw_null=true const_seq_ok=true
[1788815525] render enter: Some(U8) in=320x180 out=384x216 win=(-32,-18) token=1396891973754618 compiled=true snap=true t=77824 step=1024 lstep=1024 scale=25600
[1788815525] execute_plan ok
[1788815525] render enter: Some(U8) in=320x180 out=384x216 win=(-32,-18) token=1396891973754618 compiled=true snap=true t=78848 step=1024 lstep=1024 scale=25600
[1788815525] smart cmd (render=false): seq_raw_null=true const_seq_ok=true
[1788815525] execute_plan ok
[1788815525] smart geometry: logical=1280x720 downsample=1/4x1/4 request=PF_LRect { left: -32, top: -18, right: 352, bottom: 198 } upstream=Rect { left: 0, top: 0, right: 320, bottom: 180 } frame=Rect { left: 0, top: 0, right: 320, bottom: 180 } canvas=Rect { left: 0, top: 0, right: 320, bottom: 180 }
[1788815525] smart cmd (render=true): seq_raw_null=true const_seq_ok=true
[1788815525] render enter: Some(U8) in=320x180 out=384x216 win=(-32,-18) token=1396891973754618 compiled=true snap=true t=79872 step=1024 lstep=1024 scale=25600
[1788815525] smart cmd (render=false): seq_raw_null=true const_seq_ok=true
[1788815525] execute_plan ok
[1788815525] smart geometry: logical=1280x720 downsample=1/4x1/4 request=PF_LRect { left: -32, top: -18, right: 352, bottom: 198 } upstream=Rect { left: 0, top: 0, right: 320, bottom: 180 } frame=Rect { left: 0, top: 0, right: 320, bottom: 180 } canvas=Rect { left: 0, top: 0, right: 320, bottom: 180 }
[1788815525] smart cmd (render=true): seq_raw_null=true const_seq_ok=true
[1788815525] render enter: Some(U8) in=320x180 out=384x216 win=(-32,-18) token=1396891973754618 compiled=true snap=true t=80896 step=1024 lstep=1024 scale=25600
[1788815526] execute_plan ok
[1788815526] smart cmd (render=false): seq_raw_null=true const_seq_ok=true
[1788815526] smart geometry: logical=1280x720 downsample=1/4x1/4 request=PF_LRect { left: -32, top: -18, right: 352, bottom: 198 } upstream=Rect { left: 0, top: 0, right: 320, bottom: 180 } frame=Rect { left: 0, top: 0, right: 320, bottom: 180 } canvas=Rect { left: 0, top: 0, right: 320, bottom: 180 }
[1788815526] smart cmd (render=true): seq_raw_null=true const_seq_ok=true
[1788815526] render enter: Some(U8) in=320x180 out=384x216 win=(-32,-18) token=1396891973754618 compiled=true snap=true t=81920 step=1024 lstep=1024 scale=25600
[1788815526] execute_plan ok
[1788815526] smart cmd (render=false): seq_raw_null=true const_seq_ok=true
[1788815526] smart geometry: logical=1280x720 downsample=1/4x1/4 request=PF_LRect { left: -32, top: -18, right: 352, bottom: 198 } upstream=Rect { left: 0, top: 0, right: 320, bottom: 180 } frame=Rect { left: 0, top: 0, right: 320, bottom: 180 } canvas=Rect { left: 0, top: 0, right: 320, bottom: 180 }
[1788815526] smart cmd (render=true): seq_raw_null=true const_seq_ok=true
[1788815526] render enter: Some(U8) in=320x180 out=384x216 win=(-32,-18) token=1396891973754618 compiled=true snap=true t=82944 step=1024 lstep=1024 scale=25600
[1788815526] execute_plan ok
[1788815526] smart cmd (render=false): seq_raw_null=true const_seq_ok=true
[1788815526] smart geometry: logical=1280x720 downsample=1/4x1/4 request=PF_LRect { left: -32, top: -18, right: 352, bottom: 198 } upstream=Rect { left: 0, top: 0, right: 320, bottom: 180 } frame=Rect { left: 0, top: 0, right: 320, bottom: 180 } canvas=Rect { left: 0, top: 0, right: 320, bottom: 180 }
[1788815526] smart cmd (render=true): seq_raw_null=true const_seq_ok=true
[1788815526] render enter: Some(U8) in=320x180 out=384x216 win=(-32,-18) token=1396891973754618 compiled=true snap=true t=83968 step=1024 lstep=1024 scale=25600
[1788815526] execute_plan ok
[1788815526] smart cmd (render=false): seq_raw_null=true const_seq_ok=true
[1788815526] smart cmd (render=false): seq_raw_null=true const_seq_ok=true
[1788815526] smart geometry: logical=1280x720 downsample=1/4x1/4 request=PF_LRect { left: -32, top: -18, right: 352, bottom: 198 } upstream=Rect { left: 0, top: 0, right: 320, bottom: 180 } frame=Rect { left: 0, top: 0, right: 320, bottom: 180 } canvas=Rect { left: 0, top: 0, right: 320, bottom: 180 }
[1788815526] smart geometry: logical=1280x720 downsample=1/4x1/4 request=PF_LRect { left: -32, top: -18, right: 352, bottom: 198 } upstream=Rect { left: 0, top: 0, right: 320, bottom: 180 } frame=Rect { left: 0, top: 0, right: 320, bottom: 180 } canvas=Rect { left: 0, top: 0, right: 320, bottom: 180 }
[1788815526] smart cmd (render=true): seq_raw_null=true const_seq_ok=true
[1788815526] smart cmd (render=true): seq_raw_null=true const_seq_ok=true
[1788815526] render enter: Some(U8) in=320x180 out=384x216 win=(-32,-18) token=1396891973754618 compiled=true snap=true t=86016 step=1024 lstep=1024 scale=25600
[1788815526] execute_plan ok
[1788815526] render enter: Some(U8) in=320x180 out=384x216 win=(-32,-18) token=1396891973754618 compiled=true snap=true t=84992 step=1024 lstep=1024 scale=25600
[1788815526] smart cmd (render=false): seq_raw_null=true const_seq_ok=true
[1788815526] execute_plan ok
[1788815526] smart geometry: logical=1280x720 downsample=1/4x1/4 request=PF_LRect { left: -32, top: -18, right: 352, bottom: 198 } upstream=Rect { left: 0, top: 0, right: 320, bottom: 180 } frame=Rect { left: 0, top: 0, right: 320, bottom: 180 } canvas=Rect { left: 0, top: 0, right: 320, bottom: 180 }
[1788815526] smart cmd (render=true): seq_raw_null=true const_seq_ok=true
[1788815526] render enter: Some(U8) in=320x180 out=384x216 win=(-32,-18) token=1396891973754618 compiled=true snap=true t=87040 step=1024 lstep=1024 scale=25600
[1788815526] smart cmd (render=false): seq_raw_null=true const_seq_ok=true
[1788815526] execute_plan ok
[1788815526] smart geometry: logical=1280x720 downsample=1/4x1/4 request=PF_LRect { left: -32, top: -18, right: 352, bottom: 198 } upstream=Rect { left: 0, top: 0, right: 320, bottom: 180 } frame=Rect { left: 0, top: 0, right: 320, bottom: 180 } canvas=Rect { left: 0, top: 0, right: 320, bottom: 180 }
[1788815526] smart cmd (render=true): seq_raw_null=true const_seq_ok=true
[1788815526] render enter: Some(U8) in=320x180 out=384x216 win=(-32,-18) token=1396891973754618 compiled=true snap=true t=88064 step=1024 lstep=1024 scale=25600
[1788815526] execute_plan ok
[1788815526] smart cmd (render=false): seq_raw_null=true const_seq_ok=true
[1788815526] smart geometry: logical=1280x720 downsample=1/4x1/4 request=PF_LRect { left: -32, top: -18, right: 352, bottom: 198 } upstream=Rect { left: 0, top: 0, right: 320, bottom: 180 } frame=Rect { left: 0, top: 0, right: 320, bottom: 180 } canvas=Rect { left: 0, top: 0, right: 320, bottom: 180 }
[1788815526] smart cmd (render=true): seq_raw_null=true const_seq_ok=true
[1788815526] render enter: Some(U8) in=320x180 out=384x216 win=(-32,-18) token=1396891973754618 compiled=true snap=true t=89088 step=1024 lstep=1024 scale=25600
[1788815526] execute_plan ok
[1788815526] smart cmd (render=false): seq_raw_null=true const_seq_ok=true
[1788815526] smart geometry: logical=1280x720 downsample=1/4x1/4 request=PF_LRect { left: -32, top: -18, right: 352, bottom: 198 } upstream=Rect { left: 0, top: 0, right: 320, bottom: 180 } frame=Rect { left: 0, top: 0, right: 320, bottom: 180 } canvas=Rect { left: 0, top: 0, right: 320, bottom: 180 }
[1788815526] smart cmd (render=true): seq_raw_null=true const_seq_ok=true
[1788815526] render enter: Some(U8) in=320x180 out=384x216 win=(-32,-18) token=1396891973754618 compiled=true snap=true t=90112 step=1024 lstep=1024 scale=25600
[1788815526] execute_plan ok
[1788815526] smart cmd (render=false): seq_raw_null=true const_seq_ok=true
[1788815526] smart geometry: logical=1280x720 downsample=1/4x1/4 request=PF_LRect { left: -32, top: -18, right: 352, bottom: 198 } upstream=Rect { left: 0, top: 0, right: 320, bottom: 180 } frame=Rect { left: 0, top: 0, right: 320, bottom: 180 } canvas=Rect { left: 0, top: 0, right: 320, bottom: 180 }
[1788815526] smart cmd (render=true): seq_raw_null=true const_seq_ok=true
[1788815526] render enter: Some(U8) in=320x180 out=384x216 win=(-32,-18) token=1396891973754618 compiled=true snap=true t=91136 step=1024 lstep=1024 scale=25600
[1788815526] execute_plan ok
[1788815526] smart cmd (render=false): seq_raw_null=true const_seq_ok=true
[1788815526] smart cmd (render=false): seq_raw_null=true const_seq_ok=true
[1788815526] smart geometry: logical=1280x720 downsample=1/4x1/4 request=PF_LRect { left: -32, top: -18, right: 352, bottom: 198 } upstream=Rect { left: 0, top: 0, right: 320, bottom: 180 } frame=Rect { left: 0, top: 0, right: 320, bottom: 180 } canvas=Rect { left: 0, top: 0, right: 320, bottom: 180 }
[1788815526] smart geometry: logical=1280x720 downsample=1/4x1/4 request=PF_LRect { left: -32, top: -18, right: 352, bottom: 198 } upstream=Rect { left: 0, top: 0, right: 320, bottom: 180 } frame=Rect { left: 0, top: 0, right: 320, bottom: 180 } canvas=Rect { left: 0, top: 0, right: 320, bottom: 180 }
[1788815526] smart cmd (render=true): seq_raw_null=true const_seq_ok=true
[1788815526] smart cmd (render=true): seq_raw_null=true const_seq_ok=true
[1788815526] render enter: Some(U8) in=320x180 out=384x216 win=(-32,-18) token=1396891973754618 compiled=true snap=true t=93184 step=1024 lstep=1024 scale=25600
[1788815526] execute_plan ok
[1788815526] render enter: Some(U8) in=320x180 out=384x216 win=(-32,-18) token=1396891973754618 compiled=true snap=true t=92160 step=1024 lstep=1024 scale=25600
[1788815526] smart cmd (render=false): seq_raw_null=true const_seq_ok=true
[1788815526] execute_plan ok
[1788815526] smart geometry: logical=1280x720 downsample=1/4x1/4 request=PF_LRect { left: -32, top: -18, right: 352, bottom: 198 } upstream=Rect { left: 0, top: 0, right: 320, bottom: 180 } frame=Rect { left: 0, top: 0, right: 320, bottom: 180 } canvas=Rect { left: 0, top: 0, right: 320, bottom: 180 }
[1788815526] smart cmd (render=true): seq_raw_null=true const_seq_ok=true
[1788815526] render enter: Some(U8) in=320x180 out=384x216 win=(-32,-18) token=1396891973754618 compiled=true snap=true t=94208 step=1024 lstep=1024 scale=25600
[1788815526] smart cmd (render=false): seq_raw_null=true const_seq_ok=true
[1788815526] execute_plan ok
[1788815526] smart geometry: logical=1280x720 downsample=1/4x1/4 request=PF_LRect { left: -32, top: -18, right: 352, bottom: 198 } upstream=Rect { left: 0, top: 0, right: 320, bottom: 180 } frame=Rect { left: 0, top: 0, right: 320, bottom: 180 } canvas=Rect { left: 0, top: 0, right: 320, bottom: 180 }
[1788815526] smart cmd (render=true): seq_raw_null=true const_seq_ok=true
[1788815526] render enter: Some(U8) in=320x180 out=384x216 win=(-32,-18) token=1396891973754618 compiled=true snap=true t=95232 step=1024 lstep=1024 scale=25600
[1788815526] execute_plan ok
[1788815526] smart cmd (render=false): seq_raw_null=true const_seq_ok=true
[1788815526] smart geometry: logical=1280x720 downsample=1/4x1/4 request=PF_LRect { left: -32, top: -18, right: 352, bottom: 198 } upstream=Rect { left: 0, top: 0, right: 320, bottom: 180 } frame=Rect { left: 0, top: 0, right: 320, bottom: 180 } canvas=Rect { left: 0, top: 0, right: 320, bottom: 180 }
[1788815526] smart cmd (render=true): seq_raw_null=true const_seq_ok=true
[1788815526] render enter: Some(U8) in=320x180 out=384x216 win=(-32,-18) token=1396891973754618 compiled=true snap=true t=96256 step=1024 lstep=1024 scale=25600
[1788815526] execute_plan ok
[1788815526] smart cmd (render=false): seq_raw_null=true const_seq_ok=true
[1788815526] smart geometry: logical=1280x720 downsample=1/4x1/4 request=PF_LRect { left: -32, top: -18, right: 352, bottom: 198 } upstream=Rect { left: 0, top: 0, right: 320, bottom: 180 } frame=Rect { left: 0, top: 0, right: 320, bottom: 180 } canvas=Rect { left: 0, top: 0, right: 320, bottom: 180 }
[1788815526] smart cmd (render=true): seq_raw_null=true const_seq_ok=true
[1788815526] render enter: Some(U8) in=320x180 out=384x216 win=(-32,-18) token=1396891973754618 compiled=true snap=true t=97280 step=1024 lstep=1024 scale=25600
[1788815526] execute_plan ok
[1788815526] smart cmd (render=false): seq_raw_null=true const_seq_ok=true
[1788815526] smart geometry: logical=1280x720 downsample=1/4x1/4 request=PF_LRect { left: -32, top: -18, right: 352, bottom: 198 } upstream=Rect { left: 0, top: 0, right: 320, bottom: 180 } frame=Rect { left: 0, top: 0, right: 320, bottom: 180 } canvas=Rect { left: 0, top: 0, right: 320, bottom: 180 }
[1788815526] smart cmd (render=true): seq_raw_null=true const_seq_ok=true
[1788815526] render enter: Some(U8) in=320x180 out=384x216 win=(-32,-18) token=1396891973754618 compiled=true snap=true t=98304 step=1024 lstep=1024 scale=25600
[1788815526] execute_plan ok
[1788815526] smart cmd (render=false): seq_raw_null=true const_seq_ok=true
[1788815526] smart cmd (render=false): seq_raw_null=true const_seq_ok=true
[1788815526] smart geometry: logical=1280x720 downsample=1/4x1/4 request=PF_LRect { left: -32, top: -18, right: 352, bottom: 198 } upstream=Rect { left: 0, top: 0, right: 320, bottom: 180 } frame=Rect { left: 0, top: 0, right: 320, bottom: 180 } canvas=Rect { left: 0, top: 0, right: 320, bottom: 180 }
[1788815526] smart geometry: logical=1280x720 downsample=1/4x1/4 request=PF_LRect { left: -32, top: -18, right: 352, bottom: 198 } upstream=Rect { left: 0, top: 0, right: 320, bottom: 180 } frame=Rect { left: 0, top: 0, right: 320, bottom: 180 } canvas=Rect { left: 0, top: 0, right: 320, bottom: 180 }
[1788815526] smart cmd (render=true): seq_raw_null=true const_seq_ok=true
[1788815526] smart cmd (render=true): seq_raw_null=true const_seq_ok=true
[1788815526] render enter: Some(U8) in=320x180 out=384x216 win=(-32,-18) token=1396891973754618 compiled=true snap=true t=99328 step=1024 lstep=1024 scale=25600
[1788815526] execute_plan ok
[1788815526] render enter: Some(U8) in=320x180 out=384x216 win=(-32,-18) token=1396891973754618 compiled=true snap=true t=100352 step=1024 lstep=1024 scale=25600
[1788815526] smart cmd (render=false): seq_raw_null=true const_seq_ok=true
[1788815526] execute_plan ok
[1788815526] smart geometry: logical=1280x720 downsample=1/4x1/4 request=PF_LRect { left: -32, top: -18, right: 352, bottom: 198 } upstream=Rect { left: 0, top: 0, right: 320, bottom: 180 } frame=Rect { left: 0, top: 0, right: 320, bottom: 180 } canvas=Rect { left: 0, top: 0, right: 320, bottom: 180 }
[1788815526] smart cmd (render=true): seq_raw_null=true const_seq_ok=true
[1788815526] render enter: Some(U8) in=320x180 out=384x216 win=(-32,-18) token=1396891973754618 compiled=true snap=true t=101376 step=1024 lstep=1024 scale=25600
[1788815526] smart cmd (render=false): seq_raw_null=true const_seq_ok=true
[1788815526] execute_plan ok
[1788815526] smart geometry: logical=1280x720 downsample=1/4x1/4 request=PF_LRect { left: -32, top: -18, right: 352, bottom: 198 } upstream=Rect { left: 0, top: 0, right: 320, bottom: 180 } frame=Rect { left: 0, top: 0, right: 320, bottom: 180 } canvas=Rect { left: 0, top: 0, right: 320, bottom: 180 }
[1788815526] smart cmd (render=true): seq_raw_null=true const_seq_ok=true
[1788815526] render enter: Some(U8) in=320x180 out=384x216 win=(-32,-18) token=1396891973754618 compiled=true snap=true t=102400 step=1024 lstep=1024 scale=25600
[1788815526] execute_plan ok
[1788815526] smart cmd (render=false): seq_raw_null=true const_seq_ok=true
[1788815526] smart geometry: logical=1280x720 downsample=1/4x1/4 request=PF_LRect { left: -32, top: -18, right: 352, bottom: 198 } upstream=Rect { left: 0, top: 0, right: 320, bottom: 180 } frame=Rect { left: 0, top: 0, right: 320, bottom: 180 } canvas=Rect { left: 0, top: 0, right: 320, bottom: 180 }
[1788815526] smart cmd (render=true): seq_raw_null=true const_seq_ok=true
[1788815526] render enter: Some(U8) in=320x180 out=384x216 win=(-32,-18) token=1396891973754618 compiled=true snap=true t=103424 step=1024 lstep=1024 scale=25600
[1788815526] execute_plan ok
[1788815526] smart cmd (render=false): seq_raw_null=true const_seq_ok=true
[1788815526] smart geometry: logical=1280x720 downsample=1/4x1/4 request=PF_LRect { left: -32, top: -18, right: 352, bottom: 198 } upstream=Rect { left: 0, top: 0, right: 320, bottom: 180 } frame=Rect { left: 0, top: 0, right: 320, bottom: 180 } canvas=Rect { left: 0, top: 0, right: 320, bottom: 180 }
[1788815526] smart cmd (render=true): seq_raw_null=true const_seq_ok=true
[1788815526] render enter: Some(U8) in=320x180 out=384x216 win=(-32,-18) token=1396891973754618 compiled=true snap=true t=104448 step=1024 lstep=1024 scale=25600
[1788815526] execute_plan ok
[1788815526] smart cmd (render=false): seq_raw_null=true const_seq_ok=true
[1788815526] smart geometry: logical=1280x720 downsample=1/4x1/4 request=PF_LRect { left: -32, top: -18, right: 352, bottom: 198 } upstream=Rect { left: 0, top: 0, right: 320, bottom: 180 } frame=Rect { left: 0, top: 0, right: 320, bottom: 180 } canvas=Rect { left: 0, top: 0, right: 320, bottom: 180 }
[1788815526] smart cmd (render=true): seq_raw_null=true const_seq_ok=true
[1788815526] render enter: Some(U8) in=320x180 out=384x216 win=(-32,-18) token=1396891973754618 compiled=true snap=true t=105472 step=1024 lstep=1024 scale=25600
[1788815526] execute_plan ok
[1788815526] smart cmd (render=false): seq_raw_null=true const_seq_ok=true
[1788815526] smart cmd (render=false): seq_raw_null=true const_seq_ok=true
[1788815526] smart geometry: logical=1280x720 downsample=1/4x1/4 request=PF_LRect { left: -32, top: -18, right: 352, bottom: 198 } upstream=Rect { left: 0, top: 0, right: 320, bottom: 180 } frame=Rect { left: 0, top: 0, right: 320, bottom: 180 } canvas=Rect { left: 0, top: 0, right: 320, bottom: 180 }
[1788815526] smart geometry: logical=1280x720 downsample=1/4x1/4 request=PF_LRect { left: -32, top: -18, right: 352, bottom: 198 } upstream=Rect { left: 0, top: 0, right: 320, bottom: 180 } frame=Rect { left: 0, top: 0, right: 320, bottom: 180 } canvas=Rect { left: 0, top: 0, right: 320, bottom: 180 }
[1788815526] smart cmd (render=true): seq_raw_null=true const_seq_ok=true
[1788815526] smart cmd (render=true): seq_raw_null=true const_seq_ok=true
[1788815526] render enter: Some(U8) in=320x180 out=384x216 win=(-32,-18) token=1396891973754618 compiled=true snap=true t=107520 step=1024 lstep=1024 scale=25600
[1788815526] execute_plan ok
[1788815526] render enter: Some(U8) in=320x180 out=384x216 win=(-32,-18) token=1396891973754618 compiled=true snap=true t=106496 step=1024 lstep=1024 scale=25600
[1788815526] smart cmd (render=false): seq_raw_null=true const_seq_ok=true
[1788815526] execute_plan ok
[1788815526] smart geometry: logical=1280x720 downsample=1/4x1/4 request=PF_LRect { left: -32, top: -18, right: 352, bottom: 198 } upstream=Rect { left: 0, top: 0, right: 320, bottom: 180 } frame=Rect { left: 0, top: 0, right: 320, bottom: 180 } canvas=Rect { left: 0, top: 0, right: 320, bottom: 180 }
[1788815526] smart cmd (render=true): seq_raw_null=true const_seq_ok=true
[1788815526] render enter: Some(U8) in=320x180 out=384x216 win=(-32,-18) token=1396891973754618 compiled=true snap=true t=108544 step=1024 lstep=1024 scale=25600
[1788815526] smart cmd (render=false): seq_raw_null=true const_seq_ok=true
[1788815526] execute_plan ok
[1788815526] smart geometry: logical=1280x720 downsample=1/4x1/4 request=PF_LRect { left: -32, top: -18, right: 352, bottom: 198 } upstream=Rect { left: 0, top: 0, right: 320, bottom: 180 } frame=Rect { left: 0, top: 0, right: 320, bottom: 180 } canvas=Rect { left: 0, top: 0, right: 320, bottom: 180 }
[1788815526] smart cmd (render=true): seq_raw_null=true const_seq_ok=true
[1788815526] render enter: Some(U8) in=320x180 out=384x216 win=(-32,-18) token=1396891973754618 compiled=true snap=true t=109568 step=1024 lstep=1024 scale=25600
[1788815526] execute_plan ok
[1788815526] smart cmd (render=false): seq_raw_null=true const_seq_ok=true
[1788815526] smart geometry: logical=1280x720 downsample=1/4x1/4 request=PF_LRect { left: -32, top: -18, right: 352, bottom: 198 } upstream=Rect { left: 0, top: 0, right: 320, bottom: 180 } frame=Rect { left: 0, top: 0, right: 320, bottom: 180 } canvas=Rect { left: 0, top: 0, right: 320, bottom: 180 }
[1788815526] smart cmd (render=true): seq_raw_null=true const_seq_ok=true
[1788815526] render enter: Some(U8) in=320x180 out=384x216 win=(-32,-18) token=1396891973754618 compiled=true snap=true t=110592 step=1024 lstep=1024 scale=25600
[1788815526] execute_plan ok
[1788815526] smart cmd (render=false): seq_raw_null=true const_seq_ok=true
[1788815526] smart geometry: logical=1280x720 downsample=1/4x1/4 request=PF_LRect { left: -32, top: -18, right: 352, bottom: 198 } upstream=Rect { left: 0, top: 0, right: 320, bottom: 180 } frame=Rect { left: 0, top: 0, right: 320, bottom: 180 } canvas=Rect { left: 0, top: 0, right: 320, bottom: 180 }
[1788815526] smart cmd (render=true): seq_raw_null=true const_seq_ok=true
[1788815526] render enter: Some(U8) in=320x180 out=384x216 win=(-32,-18) token=1396891973754618 compiled=true snap=true t=111616 step=1024 lstep=1024 scale=25600
[1788815526] execute_plan ok
[1788815526] smart cmd (render=false): seq_raw_null=true const_seq_ok=true
[1788815526] smart geometry: logical=1280x720 downsample=1/4x1/4 request=PF_LRect { left: -32, top: -18, right: 352, bottom: 198 } upstream=Rect { left: 0, top: 0, right: 320, bottom: 180 } frame=Rect { left: 0, top: 0, right: 320, bottom: 180 } canvas=Rect { left: 0, top: 0, right: 320, bottom: 180 }
[1788815526] smart cmd (render=true): seq_raw_null=true const_seq_ok=true
[1788815526] render enter: Some(U8) in=320x180 out=384x216 win=(-32,-18) token=1396891973754618 compiled=true snap=true t=112640 step=1024 lstep=1024 scale=25600
[1788815526] execute_plan ok
[1788815526] smart cmd (render=false): seq_raw_null=true const_seq_ok=true
[1788815526] smart cmd (render=false): seq_raw_null=true const_seq_ok=true
[1788815526] smart geometry: logical=1280x720 downsample=1/4x1/4 request=PF_LRect { left: -32, top: -18, right: 352, bottom: 198 } upstream=Rect { left: 0, top: 0, right: 320, bottom: 180 } frame=Rect { left: 0, top: 0, right: 320, bottom: 180 } canvas=Rect { left: 0, top: 0, right: 320, bottom: 180 }
[1788815526] smart geometry: logical=1280x720 downsample=1/4x1/4 request=PF_LRect { left: -32, top: -18, right: 352, bottom: 198 } upstream=Rect { left: 0, top: 0, right: 320, bottom: 180 } frame=Rect { left: 0, top: 0, right: 320, bottom: 180 } canvas=Rect { left: 0, top: 0, right: 320, bottom: 180 }
[1788815526] smart cmd (render=true): seq_raw_null=true const_seq_ok=true
[1788815526] smart cmd (render=true): seq_raw_null=true const_seq_ok=true
[1788815526] render enter: Some(U8) in=320x180 out=384x216 win=(-32,-18) token=1396891973754618 compiled=true snap=true t=114688 step=1024 lstep=1024 scale=25600
[1788815526] execute_plan ok
[1788815526] render enter: Some(U8) in=320x180 out=384x216 win=(-32,-18) token=1396891973754618 compiled=true snap=true t=113664 step=1024 lstep=1024 scale=25600
[1788815526] smart cmd (render=false): seq_raw_null=true const_seq_ok=true
[1788815526] execute_plan ok
[1788815526] smart geometry: logical=1280x720 downsample=1/4x1/4 request=PF_LRect { left: -32, top: -18, right: 352, bottom: 198 } upstream=Rect { left: 0, top: 0, right: 320, bottom: 180 } frame=Rect { left: 0, top: 0, right: 320, bottom: 180 } canvas=Rect { left: 0, top: 0, right: 320, bottom: 180 }
[1788815526] smart cmd (render=true): seq_raw_null=true const_seq_ok=true
[1788815526] render enter: Some(U8) in=320x180 out=384x216 win=(-32,-18) token=1396891973754618 compiled=true snap=true t=115712 step=1024 lstep=1024 scale=25600
[1788815526] smart cmd (render=false): seq_raw_null=true const_seq_ok=true
[1788815526] execute_plan ok
[1788815526] smart geometry: logical=1280x720 downsample=1/4x1/4 request=PF_LRect { left: -32, top: -18, right: 352, bottom: 198 } upstream=Rect { left: 0, top: 0, right: 320, bottom: 180 } frame=Rect { left: 0, top: 0, right: 320, bottom: 180 } canvas=Rect { left: 0, top: 0, right: 320, bottom: 180 }
[1788815526] smart cmd (render=true): seq_raw_null=true const_seq_ok=true
[1788815526] render enter: Some(U8) in=320x180 out=384x216 win=(-32,-18) token=1396891973754618 compiled=true snap=true t=116736 step=1024 lstep=1024 scale=25600
[1788815526] execute_plan ok
[1788815526] smart cmd (render=false): seq_raw_null=true const_seq_ok=true
[1788815526] smart geometry: logical=1280x720 downsample=1/4x1/4 request=PF_LRect { left: -32, top: -18, right: 352, bottom: 198 } upstream=Rect { left: 0, top: 0, right: 320, bottom: 180 } frame=Rect { left: 0, top: 0, right: 320, bottom: 180 } canvas=Rect { left: 0, top: 0, right: 320, bottom: 180 }
[1788815526] smart cmd (render=true): seq_raw_null=true const_seq_ok=true
[1788815526] render enter: Some(U8) in=320x180 out=384x216 win=(-32,-18) token=1396891973754618 compiled=true snap=true t=117760 step=1024 lstep=1024 scale=25600
[1788815526] execute_plan ok
[1788815526] smart cmd (render=false): seq_raw_null=true const_seq_ok=true
[1788815526] smart geometry: logical=1280x720 downsample=1/4x1/4 request=PF_LRect { left: -32, top: -18, right: 352, bottom: 198 } upstream=Rect { left: 0, top: 0, right: 320, bottom: 180 } frame=Rect { left: 0, top: 0, right: 320, bottom: 180 } canvas=Rect { left: 0, top: 0, right: 320, bottom: 180 }
[1788815526] smart cmd (render=true): seq_raw_null=true const_seq_ok=true
[1788815526] render enter: Some(U8) in=320x180 out=384x216 win=(-32,-18) token=1396891973754618 compiled=true snap=true t=118784 step=1024 lstep=1024 scale=25600
[1788815526] execute_plan ok
[1788815526] smart cmd (render=false): seq_raw_null=true const_seq_ok=true
[1788815526] smart geometry: logical=1280x720 downsample=1/4x1/4 request=PF_LRect { left: -32, top: -18, right: 352, bottom: 198 } upstream=Rect { left: 0, top: 0, right: 320, bottom: 180 } frame=Rect { left: 0, top: 0, right: 320, bottom: 180 } canvas=Rect { left: 0, top: 0, right: 320, bottom: 180 }
[1788815526] smart cmd (render=true): seq_raw_null=true const_seq_ok=true
[1788815526] render enter: Some(U8) in=320x180 out=384x216 win=(-32,-18) token=1396891973754618 compiled=true snap=true t=119808 step=1024 lstep=1024 scale=25600
[1788815526] execute_plan ok
[1788815526] smart cmd (render=false): seq_raw_null=true const_seq_ok=true
[1788815526] smart cmd (render=false): seq_raw_null=true const_seq_ok=true
[1788815526] smart geometry: logical=1280x720 downsample=1/4x1/4 request=PF_LRect { left: -32, top: -18, right: 352, bottom: 198 } upstream=Rect { left: 0, top: 0, right: 320, bottom: 180 } frame=Rect { left: 0, top: 0, right: 320, bottom: 180 } canvas=Rect { left: 0, top: 0, right: 320, bottom: 180 }
[1788815526] smart geometry: logical=1280x720 downsample=1/4x1/4 request=PF_LRect { left: -32, top: -18, right: 352, bottom: 198 } upstream=Rect { left: 0, top: 0, right: 320, bottom: 180 } frame=Rect { left: 0, top: 0, right: 320, bottom: 180 } canvas=Rect { left: 0, top: 0, right: 320, bottom: 180 }
[1788815526] smart cmd (render=true): seq_raw_null=true const_seq_ok=true
[1788815526] smart cmd (render=true): seq_raw_null=true const_seq_ok=true
[1788815526] render enter: Some(U8) in=320x180 out=384x216 win=(-32,-18) token=1396891973754618 compiled=true snap=true t=120832 step=1024 lstep=1024 scale=25600
[1788815526] execute_plan ok
[1788815526] render enter: Some(U8) in=320x180 out=384x216 win=(-32,-18) token=1396891973754618 compiled=true snap=true t=121856 step=1024 lstep=1024 scale=25600
[1788815526] smart cmd (render=false): seq_raw_null=true const_seq_ok=true
[1788815526] execute_plan ok
[1788815526] smart geometry: logical=1280x720 downsample=1/4x1/4 request=PF_LRect { left: -32, top: -18, right: 352, bottom: 198 } upstream=Rect { left: 0, top: 0, right: 320, bottom: 180 } frame=Rect { left: 0, top: 0, right: 320, bottom: 180 } canvas=Rect { left: 0, top: 0, right: 320, bottom: 180 }
[1788815526] smart cmd (render=true): seq_raw_null=true const_seq_ok=true
[1788815526] render enter: Some(U8) in=320x180 out=384x216 win=(-32,-18) token=1396891973754618 compiled=true snap=true t=122880 step=1024 lstep=1024 scale=25600
[1788815526] smart cmd (render=false): seq_raw_null=true const_seq_ok=true
[1788815526] execute_plan ok
[1788815526] smart geometry: logical=1280x720 downsample=1/4x1/4 request=PF_LRect { left: -32, top: -18, right: 352, bottom: 198 } upstream=Rect { left: 0, top: 0, right: 320, bottom: 180 } frame=Rect { left: 0, top: 0, right: 320, bottom: 180 } canvas=Rect { left: 0, top: 0, right: 320, bottom: 180 }
[1788815526] smart cmd (render=true): seq_raw_null=true const_seq_ok=true
[1788815526] render enter: Some(U8) in=320x180 out=384x216 win=(-32,-18) token=1396891973754618 compiled=true snap=true t=123904 step=1024 lstep=1024 scale=25600
[1788815526] execute_plan ok
[1788815526] smart cmd (render=false): seq_raw_null=true const_seq_ok=true
[1788815526] smart geometry: logical=1280x720 downsample=1/4x1/4 request=PF_LRect { left: -32, top: -18, right: 352, bottom: 198 } upstream=Rect { left: 0, top: 0, right: 320, bottom: 180 } frame=Rect { left: 0, top: 0, right: 320, bottom: 180 } canvas=Rect { left: 0, top: 0, right: 320, bottom: 180 }
[1788815526] smart cmd (render=true): seq_raw_null=true const_seq_ok=true
[1788815526] render enter: Some(U8) in=320x180 out=384x216 win=(-32,-18) token=1396891973754618 compiled=true snap=true t=124928 step=1024 lstep=1024 scale=25600
[1788815526] execute_plan ok
[1788815526] smart cmd (render=false): seq_raw_null=true const_seq_ok=true
[1788815526] smart geometry: logical=1280x720 downsample=1/4x1/4 request=PF_LRect { left: -32, top: -18, right: 352, bottom: 198 } upstream=Rect { left: 0, top: 0, right: 320, bottom: 180 } frame=Rect { left: 0, top: 0, right: 320, bottom: 180 } canvas=Rect { left: 0, top: 0, right: 320, bottom: 180 }
[1788815526] smart cmd (render=true): seq_raw_null=true const_seq_ok=true
[1788815526] render enter: Some(U8) in=320x180 out=384x216 win=(-32,-18) token=1396891973754618 compiled=true snap=true t=125952 step=1024 lstep=1024 scale=25600
[1788815526] execute_plan ok
[1788815526] smart cmd (render=false): seq_raw_null=true const_seq_ok=true
[1788815526] smart geometry: logical=1280x720 downsample=1/4x1/4 request=PF_LRect { left: -32, top: -18, right: 352, bottom: 198 } upstream=Rect { left: 0, top: 0, right: 320, bottom: 180 } frame=Rect { left: 0, top: 0, right: 320, bottom: 180 } canvas=Rect { left: 0, top: 0, right: 320, bottom: 180 }
[1788815526] smart cmd (render=true): seq_raw_null=true const_seq_ok=true
[1788815526] render enter: Some(U8) in=320x180 out=384x216 win=(-32,-18) token=1396891973754618 compiled=true snap=true t=126976 step=1024 lstep=1024 scale=25600
[1788815526] execute_plan ok
[1788815526] smart cmd (render=false): seq_raw_null=true const_seq_ok=true
[1788815526] smart cmd (render=false): seq_raw_null=true const_seq_ok=true
[1788815526] smart geometry: logical=1280x720 downsample=1/4x1/4 request=PF_LRect { left: -32, top: -18, right: 352, bottom: 198 } upstream=Rect { left: 0, top: 0, right: 320, bottom: 180 } frame=Rect { left: 0, top: 0, right: 320, bottom: 180 } canvas=Rect { left: 0, top: 0, right: 320, bottom: 180 }
[1788815526] smart geometry: logical=1280x720 downsample=1/4x1/4 request=PF_LRect { left: -32, top: -18, right: 352, bottom: 198 } upstream=Rect { left: 0, top: 0, right: 320, bottom: 180 } frame=Rect { left: 0, top: 0, right: 320, bottom: 180 } canvas=Rect { left: 0, top: 0, right: 320, bottom: 180 }
[1788815526] smart cmd (render=true): seq_raw_null=true const_seq_ok=true
[1788815526] smart cmd (render=true): seq_raw_null=true const_seq_ok=true
[1788815526] render enter: Some(U8) in=320x180 out=384x216 win=(-32,-18) token=1396891973754618 compiled=true snap=true t=129024 step=1024 lstep=1024 scale=25600
[1788815526] execute_plan ok
[1788815526] render enter: Some(U8) in=320x180 out=384x216 win=(-32,-18) token=1396891973754618 compiled=true snap=true t=128000 step=1024 lstep=1024 scale=25600
[1788815526] smart cmd (render=false): seq_raw_null=true const_seq_ok=true
[1788815526] execute_plan ok
[1788815526] smart geometry: logical=1280x720 downsample=1/4x1/4 request=PF_LRect { left: -32, top: -18, right: 352, bottom: 198 } upstream=Rect { left: 0, top: 0, right: 320, bottom: 180 } frame=Rect { left: 0, top: 0, right: 320, bottom: 180 } canvas=Rect { left: 0, top: 0, right: 320, bottom: 180 }
[1788815526] smart cmd (render=true): seq_raw_null=true const_seq_ok=true
[1788815526] render enter: Some(U8) in=320x180 out=384x216 win=(-32,-18) token=1396891973754618 compiled=true snap=true t=130048 step=1024 lstep=1024 scale=25600
[1788815526] smart cmd (render=false): seq_raw_null=true const_seq_ok=true
[1788815526] execute_plan ok
[1788815526] smart geometry: logical=1280x720 downsample=1/4x1/4 request=PF_LRect { left: -32, top: -18, right: 352, bottom: 198 } upstream=Rect { left: 0, top: 0, right: 320, bottom: 180 } frame=Rect { left: 0, top: 0, right: 320, bottom: 180 } canvas=Rect { left: 0, top: 0, right: 320, bottom: 180 }
[1788815526] smart cmd (render=true): seq_raw_null=true const_seq_ok=true
[1788815526] render enter: Some(U8) in=320x180 out=384x216 win=(-32,-18) token=1396891973754618 compiled=true snap=true t=131072 step=1024 lstep=1024 scale=25600
[1788815526] execute_plan ok
[1788815526] smart cmd (render=false): seq_raw_null=true const_seq_ok=true
[1788815526] smart geometry: logical=1280x720 downsample=1/4x1/4 request=PF_LRect { left: -32, top: -18, right: 352, bottom: 198 } upstream=Rect { left: 0, top: 0, right: 320, bottom: 180 } frame=Rect { left: 0, top: 0, right: 320, bottom: 180 } canvas=Rect { left: 0, top: 0, right: 320, bottom: 180 }
[1788815526] smart cmd (render=true): seq_raw_null=true const_seq_ok=true
[1788815526] render enter: Some(U8) in=320x180 out=384x216 win=(-32,-18) token=1396891973754618 compiled=true snap=true t=132096 step=1024 lstep=1024 scale=25600
[1788815526] execute_plan ok
[1788815526] smart cmd (render=false): seq_raw_null=true const_seq_ok=true
[1788815526] smart geometry: logical=1280x720 downsample=1/4x1/4 request=PF_LRect { left: -32, top: -18, right: 352, bottom: 198 } upstream=Rect { left: 0, top: 0, right: 320, bottom: 180 } frame=Rect { left: 0, top: 0, right: 320, bottom: 180 } canvas=Rect { left: 0, top: 0, right: 320, bottom: 180 }
[1788815526] smart cmd (render=true): seq_raw_null=true const_seq_ok=true
[1788815526] render enter: Some(U8) in=320x180 out=384x216 win=(-32,-18) token=1396891973754618 compiled=true snap=true t=133120 step=1024 lstep=1024 scale=25600
[1788815526] execute_plan ok
[1788815526] smart cmd (render=false): seq_raw_null=true const_seq_ok=true
[1788815526] smart geometry: logical=1280x720 downsample=1/4x1/4 request=PF_LRect { left: -32, top: -18, right: 352, bottom: 198 } upstream=Rect { left: 0, top: 0, right: 320, bottom: 180 } frame=Rect { left: 0, top: 0, right: 320, bottom: 180 } canvas=Rect { left: 0, top: 0, right: 320, bottom: 180 }
[1788815526] smart cmd (render=true): seq_raw_null=true const_seq_ok=true
[1788815526] render enter: Some(U8) in=320x180 out=384x216 win=(-32,-18) token=1396891973754618 compiled=true snap=true t=134144 step=1024 lstep=1024 scale=25600
[1788815526] execute_plan ok
[1788815526] smart cmd (render=false): seq_raw_null=true const_seq_ok=true
[1788815526] smart geometry: logical=1280x720 downsample=1/4x1/4 request=PF_LRect { left: -32, top: -18, right: 352, bottom: 198 } upstream=Rect { left: 0, top: 0, right: 320, bottom: 180 } frame=Rect { left: 0, top: 0, right: 320, bottom: 180 } canvas=Rect { left: 0, top: 0, right: 320, bottom: 180 }
[1788815526] smart cmd (render=true): seq_raw_null=true const_seq_ok=true
[1788815526] smart cmd (render=false): seq_raw_null=true const_seq_ok=true
[1788815526] render enter: Some(U8) in=320x180 out=384x216 win=(-32,-18) token=1396891973754618 compiled=true snap=true t=136192 step=1024 lstep=1024 scale=25600
[1788815526] execute_plan ok
[1788815526] smart geometry: logical=1280x720 downsample=1/4x1/4 request=PF_LRect { left: -32, top: -18, right: 352, bottom: 198 } upstream=Rect { left: 0, top: 0, right: 320, bottom: 180 } frame=Rect { left: 0, top: 0, right: 320, bottom: 180 } canvas=Rect { left: 0, top: 0, right: 320, bottom: 180 }
[1788815526] smart cmd (render=true): seq_raw_null=true const_seq_ok=true
[1788815526] render enter: Some(U8) in=320x180 out=384x216 win=(-32,-18) token=1396891973754618 compiled=true snap=true t=135168 step=1024 lstep=1024 scale=25600
[1788815526] smart cmd (render=false): seq_raw_null=true const_seq_ok=true
[1788815526] execute_plan ok
[1788815526] smart geometry: logical=1280x720 downsample=1/4x1/4 request=PF_LRect { left: -32, top: -18, right: 352, bottom: 198 } upstream=Rect { left: 0, top: 0, right: 320, bottom: 180 } frame=Rect { left: 0, top: 0, right: 320, bottom: 180 } canvas=Rect { left: 0, top: 0, right: 320, bottom: 180 }
[1788815526] smart cmd (render=true): seq_raw_null=true const_seq_ok=true
[1788815526] render enter: Some(U8) in=320x180 out=384x216 win=(-32,-18) token=1396891973754618 compiled=true snap=true t=137216 step=1024 lstep=1024 scale=25600
[1788815526] smart cmd (render=false): seq_raw_null=true const_seq_ok=true
[1788815526] execute_plan ok
[1788815526] smart geometry: logical=1280x720 downsample=1/4x1/4 request=PF_LRect { left: -32, top: -18, right: 352, bottom: 198 } upstream=Rect { left: 0, top: 0, right: 320, bottom: 180 } frame=Rect { left: 0, top: 0, right: 320, bottom: 180 } canvas=Rect { left: 0, top: 0, right: 320, bottom: 180 }
[1788815526] smart cmd (render=true): seq_raw_null=true const_seq_ok=true
[1788815526] render enter: Some(U8) in=320x180 out=384x216 win=(-32,-18) token=1396891973754618 compiled=true snap=true t=138240 step=1024 lstep=1024 scale=25600
[1788815526] execute_plan ok
[1788815526] smart cmd (render=false): seq_raw_null=true const_seq_ok=true
[1788815526] smart geometry: logical=1280x720 downsample=1/4x1/4 request=PF_LRect { left: -32, top: -18, right: 352, bottom: 198 } upstream=Rect { left: 0, top: 0, right: 320, bottom: 180 } frame=Rect { left: 0, top: 0, right: 320, bottom: 180 } canvas=Rect { left: 0, top: 0, right: 320, bottom: 180 }
[1788815526] smart cmd (render=true): seq_raw_null=true const_seq_ok=true
[1788815526] render enter: Some(U8) in=320x180 out=384x216 win=(-32,-18) token=1396891973754618 compiled=true snap=true t=139264 step=1024 lstep=1024 scale=25600
[1788815526] execute_plan ok
[1788815526] smart cmd (render=false): seq_raw_null=true const_seq_ok=true
[1788815526] smart geometry: logical=1280x720 downsample=1/4x1/4 request=PF_LRect { left: -32, top: -18, right: 352, bottom: 198 } upstream=Rect { left: 0, top: 0, right: 320, bottom: 180 } frame=Rect { left: 0, top: 0, right: 320, bottom: 180 } canvas=Rect { left: 0, top: 0, right: 320, bottom: 180 }
[1788815526] smart cmd (render=true): seq_raw_null=true const_seq_ok=true
[1788815526] render enter: Some(U8) in=320x180 out=384x216 win=(-32,-18) token=1396891973754618 compiled=true snap=true t=140288 step=1024 lstep=1024 scale=25600
[1788815526] execute_plan ok
[1788815526] smart cmd (render=false): seq_raw_null=true const_seq_ok=true
[1788815526] smart geometry: logical=1280x720 downsample=1/4x1/4 request=PF_LRect { left: -32, top: -18, right: 352, bottom: 198 } upstream=Rect { left: 0, top: 0, right: 320, bottom: 180 } frame=Rect { left: 0, top: 0, right: 320, bottom: 180 } canvas=Rect { left: 0, top: 0, right: 320, bottom: 180 }
[1788815526] smart cmd (render=true): seq_raw_null=true const_seq_ok=true
[1788815526] render enter: Some(U8) in=320x180 out=384x216 win=(-32,-18) token=1396891973754618 compiled=true snap=true t=141312 step=1024 lstep=1024 scale=25600
[1788815526] execute_plan ok
[1788815526] smart cmd (render=false): seq_raw_null=true const_seq_ok=true
[1788815526] smart geometry: logical=1280x720 downsample=1/4x1/4 request=PF_LRect { left: -32, top: -18, right: 352, bottom: 198 } upstream=Rect { left: 0, top: 0, right: 320, bottom: 180 } frame=Rect { left: 0, top: 0, right: 320, bottom: 180 } canvas=Rect { left: 0, top: 0, right: 320, bottom: 180 }
[1788815526] smart cmd (render=false): seq_raw_null=true const_seq_ok=true
[1788815526] smart geometry: logical=1280x720 downsample=1/4x1/4 request=PF_LRect { left: -32, top: -18, right: 352, bottom: 198 } upstream=Rect { left: 0, top: 0, right: 320, bottom: 180 } frame=Rect { left: 0, top: 0, right: 320, bottom: 180 } canvas=Rect { left: 0, top: 0, right: 320, bottom: 180 }
[1788815526] smart cmd (render=true): seq_raw_null=true const_seq_ok=true
[1788815526] smart cmd (render=true): seq_raw_null=true const_seq_ok=true
[1788815526] render enter: Some(U8) in=320x180 out=384x216 win=(-32,-18) token=1396891973754618 compiled=true snap=true t=142336 step=1024 lstep=1024 scale=25600
[1788815526] execute_plan ok
[1788815526] render enter: Some(U8) in=320x180 out=384x216 win=(-32,-18) token=1396891973754618 compiled=true snap=true t=143360 step=1024 lstep=1024 scale=25600
[1788815526] smart cmd (render=false): seq_raw_null=true const_seq_ok=true
[1788815526] execute_plan ok
[1788815526] smart geometry: logical=1280x720 downsample=1/4x1/4 request=PF_LRect { left: -32, top: -18, right: 352, bottom: 198 } upstream=Rect { left: 0, top: 0, right: 320, bottom: 180 } frame=Rect { left: 0, top: 0, right: 320, bottom: 180 } canvas=Rect { left: 0, top: 0, right: 320, bottom: 180 }
[1788815526] smart cmd (render=true): seq_raw_null=true const_seq_ok=true
[1788815526] render enter: Some(U8) in=320x180 out=384x216 win=(-32,-18) token=1396891973754618 compiled=true snap=true t=144384 step=1024 lstep=1024 scale=25600
[1788815526] smart cmd (render=false): seq_raw_null=true const_seq_ok=true
[1788815526] execute_plan ok
[1788815526] smart geometry: logical=1280x720 downsample=1/4x1/4 request=PF_LRect { left: -32, top: -18, right: 352, bottom: 198 } upstream=Rect { left: 0, top: 0, right: 320, bottom: 180 } frame=Rect { left: 0, top: 0, right: 320, bottom: 180 } canvas=Rect { left: 0, top: 0, right: 320, bottom: 180 }
[1788815526] smart cmd (render=true): seq_raw_null=true const_seq_ok=true
[1788815526] render enter: Some(U8) in=320x180 out=384x216 win=(-32,-18) token=1396891973754618 compiled=true snap=true t=145408 step=1024 lstep=1024 scale=25600
[1788815526] execute_plan ok
[1788815526] smart cmd (render=false): seq_raw_null=true const_seq_ok=true
[1788815526] smart geometry: logical=1280x720 downsample=1/4x1/4 request=PF_LRect { left: -32, top: -18, right: 352, bottom: 198 } upstream=Rect { left: 0, top: 0, right: 320, bottom: 180 } frame=Rect { left: 0, top: 0, right: 320, bottom: 180 } canvas=Rect { left: 0, top: 0, right: 320, bottom: 180 }
[1788815526] smart cmd (render=true): seq_raw_null=true const_seq_ok=true
[1788815526] render enter: Some(U8) in=320x180 out=384x216 win=(-32,-18) token=1396891973754618 compiled=true snap=true t=146432 step=1024 lstep=1024 scale=25600
[1788815526] execute_plan ok
[1788815526] smart cmd (render=false): seq_raw_null=true const_seq_ok=true
[1788815526] smart geometry: logical=1280x720 downsample=1/4x1/4 request=PF_LRect { left: -32, top: -18, right: 352, bottom: 198 } upstream=Rect { left: 0, top: 0, right: 320, bottom: 180 } frame=Rect { left: 0, top: 0, right: 320, bottom: 180 } canvas=Rect { left: 0, top: 0, right: 320, bottom: 180 }
[1788815526] smart cmd (render=true): seq_raw_null=true const_seq_ok=true
[1788815526] render enter: Some(U8) in=320x180 out=384x216 win=(-32,-18) token=1396891973754618 compiled=true snap=true t=147456 step=1024 lstep=1024 scale=25600
[1788815526] execute_plan ok
[1788815526] smart cmd (render=false): seq_raw_null=true const_seq_ok=true
[1788815526] smart geometry: logical=1280x720 downsample=1/4x1/4 request=PF_LRect { left: -32, top: -18, right: 352, bottom: 198 } upstream=Rect { left: 0, top: 0, right: 320, bottom: 180 } frame=Rect { left: 0, top: 0, right: 320, bottom: 180 } canvas=Rect { left: 0, top: 0, right: 320, bottom: 180 }
[1788815526] smart cmd (render=true): seq_raw_null=true const_seq_ok=true
[1788815526] render enter: Some(U8) in=320x180 out=384x216 win=(-32,-18) token=1396891973754618 compiled=true snap=true t=148480 step=1024 lstep=1024 scale=25600
[1788815526] execute_plan ok
[1788815526] smart cmd (render=false): seq_raw_null=true const_seq_ok=true
[1788815526] smart cmd (render=false): seq_raw_null=true const_seq_ok=true
[1788815526] smart geometry: logical=1280x720 downsample=1/4x1/4 request=PF_LRect { left: -32, top: -18, right: 352, bottom: 198 } upstream=Rect { left: 0, top: 0, right: 320, bottom: 180 } frame=Rect { left: 0, top: 0, right: 320, bottom: 180 } canvas=Rect { left: 0, top: 0, right: 320, bottom: 180 }
[1788815526] smart geometry: logical=1280x720 downsample=1/4x1/4 request=PF_LRect { left: -32, top: -18, right: 352, bottom: 198 } upstream=Rect { left: 0, top: 0, right: 320, bottom: 180 } frame=Rect { left: 0, top: 0, right: 320, bottom: 180 } canvas=Rect { left: 0, top: 0, right: 320, bottom: 180 }
[1788815526] smart cmd (render=true): seq_raw_null=true const_seq_ok=true
[1788815526] smart cmd (render=true): seq_raw_null=true const_seq_ok=true
[1788815526] render enter: Some(U8) in=320x180 out=384x216 win=(-32,-18) token=1396891973754618 compiled=true snap=true t=150528 step=1024 lstep=1024 scale=25600
[1788815526] execute_plan ok
[1788815526] render enter: Some(U8) in=320x180 out=384x216 win=(-32,-18) token=1396891973754618 compiled=true snap=true t=149504 step=1024 lstep=1024 scale=25600
[1788815526] smart cmd (render=false): seq_raw_null=true const_seq_ok=true
[1788815526] execute_plan ok
[1788815526] smart geometry: logical=1280x720 downsample=1/4x1/4 request=PF_LRect { left: -32, top: -18, right: 352, bottom: 198 } upstream=Rect { left: 0, top: 0, right: 320, bottom: 180 } frame=Rect { left: 0, top: 0, right: 320, bottom: 180 } canvas=Rect { left: 0, top: 0, right: 320, bottom: 180 }
[1788815526] smart cmd (render=true): seq_raw_null=true const_seq_ok=true
[1788815526] render enter: Some(U8) in=320x180 out=384x216 win=(-32,-18) token=1396891973754618 compiled=true snap=true t=151552 step=1024 lstep=1024 scale=25600
[1788815526] smart cmd (render=false): seq_raw_null=true const_seq_ok=true
[1788815526] execute_plan ok
[1788815526] smart geometry: logical=1280x720 downsample=1/4x1/4 request=PF_LRect { left: -32, top: -18, right: 352, bottom: 198 } upstream=Rect { left: 0, top: 0, right: 320, bottom: 180 } frame=Rect { left: 0, top: 0, right: 320, bottom: 180 } canvas=Rect { left: 0, top: 0, right: 320, bottom: 180 }
[1788815526] smart cmd (render=true): seq_raw_null=true const_seq_ok=true
[1788815526] render enter: Some(U8) in=320x180 out=384x216 win=(-32,-18) token=1396891973754618 compiled=true snap=true t=152576 step=1024 lstep=1024 scale=25600
[1788815526] execute_plan ok
[1788815533] registered with AEGP at global setup
[1788815533] AEGP idle hook registered
[1788815533] params setup: ADR-0013 topology
[1788815533] params setup: complete
[1788815533] definition rebuilt from snapshot
[1788815533] gpu ready: adapter="Apple M5" backend=Metal driver=" "
[1788815533] pipelines built: 3 pass(es), plan 3 step(s), 2 physical intermediate(s) (~599 KiB transient at 321x239, Rgba8Unorm working format) (adapter="Apple M5" backend=Metal driver=" ")
[1788815534] definition rebuilt from snapshot
[1788815534] pipelines built: 1 pass(es), plan 1 step(s), 0 physical intermediate(s) (~0 KiB transient at 1280x720, Rgba8Unorm working format) (adapter="Apple M5" backend=Metal driver=" ")
[1788815606] smart cmd (render=false): seq_raw_null=true const_seq_ok=true
[1788815606] smart geometry: logical=1280x720 downsample=1/1x1/1 request=PF_LRect { left: -128, top: -72, right: 1408, bottom: 792 } upstream=Rect { left: 0, top: 0, right: 1280, bottom: 720 } frame=Rect { left: 0, top: 0, right: 1280, bottom: 720 } canvas=Rect { left: 0, top: 0, right: 1280, bottom: 720 }
[1788815606] smart cmd (render=true): seq_raw_null=true const_seq_ok=true
[1788815606] render enter: Some(U8) in=1280x720 out=1536x864 win=(-128,-72) token=1396891973754618 compiled=true snap=true t=25600 step=1024 lstep=1024 scale=25600
[1788815606] execute_plan ok
[1788815608] status: compiled: 1 pass, 12 params
[1788815608] slots configured: 15 bound (names_ok=true, visibility_ok=true)
[1788815616] smart cmd (render=false): seq_raw_null=true const_seq_ok=true
[1788815616] smart geometry: logical=1280x720 downsample=1/1x1/1 request=PF_LRect { left: -128, top: -72, right: 1408, bottom: 792 } upstream=Rect { left: 0, top: 0, right: 1280, bottom: 720 } frame=Rect { left: 0, top: 0, right: 1280, bottom: 720 } canvas=Rect { left: 0, top: 0, right: 1280, bottom: 720 }
[1788815616] smart cmd (render=true): seq_raw_null=true const_seq_ok=true
[1788815616] render enter: Some(U8) in=1280x720 out=1536x864 win=(-128,-72) token=1396891973754618 compiled=true snap=true t=24576 step=1024 lstep=1024 scale=25600
[1788815616] smart cmd (render=false): seq_raw_null=true const_seq_ok=true
[1788815616] execute_plan ok
[1788815616] smart geometry: logical=1280x720 downsample=1/1x1/1 request=PF_LRect { left: -128, top: -72, right: 1408, bottom: 792 } upstream=Rect { left: 0, top: 0, right: 1280, bottom: 720 } frame=Rect { left: 0, top: 0, right: 1280, bottom: 720 } canvas=Rect { left: 0, top: 0, right: 1280, bottom: 720 }
[1788815616] smart cmd (render=true): seq_raw_null=true const_seq_ok=true
[1788815616] render enter: Some(U8) in=1280x720 out=1536x864 win=(-128,-72) token=1396891973754618 compiled=true snap=true t=26624 step=1024 lstep=1024 scale=25600
[1788815616] execute_plan ok
[1788815616] smart cmd (render=false): seq_raw_null=true const_seq_ok=true
[1788815616] smart geometry: logical=1280x720 downsample=1/1x1/1 request=PF_LRect { left: -128, top: -72, right: 1408, bottom: 792 } upstream=Rect { left: 0, top: 0, right: 1280, bottom: 720 } frame=Rect { left: 0, top: 0, right: 1280, bottom: 720 } canvas=Rect { left: 0, top: 0, right: 1280, bottom: 720 }
[1788815616] smart cmd (render=true): seq_raw_null=true const_seq_ok=true
[1788815616] render enter: Some(U8) in=1280x720 out=1536x864 win=(-128,-72) token=1396891973754618 compiled=true snap=true t=23552 step=1024 lstep=1024 scale=25600
[1788815616] execute_plan ok
[1788815616] smart cmd (render=false): seq_raw_null=true const_seq_ok=true
[1788815616] smart geometry: logical=1280x720 downsample=1/1x1/1 request=PF_LRect { left: -128, top: -72, right: 1408, bottom: 792 } upstream=Rect { left: 0, top: 0, right: 1280, bottom: 720 } frame=Rect { left: 0, top: 0, right: 1280, bottom: 720 } canvas=Rect { left: 0, top: 0, right: 1280, bottom: 720 }
[1788815616] smart cmd (render=true): seq_raw_null=true const_seq_ok=true
[1788815616] render enter: Some(U8) in=1280x720 out=1536x864 win=(-128,-72) token=1396891973754618 compiled=true snap=true t=27648 step=1024 lstep=1024 scale=25600
[1788815616] execute_plan ok
[1788815616] smart cmd (render=false): seq_raw_null=true const_seq_ok=true
[1788815616] smart geometry: logical=1280x720 downsample=1/1x1/1 request=PF_LRect { left: -128, top: -72, right: 1408, bottom: 792 } upstream=Rect { left: 0, top: 0, right: 1280, bottom: 720 } frame=Rect { left: 0, top: 0, right: 1280, bottom: 720 } canvas=Rect { left: 0, top: 0, right: 1280, bottom: 720 }
[1788815616] smart cmd (render=true): seq_raw_null=true const_seq_ok=true
[1788815616] render enter: Some(U8) in=1280x720 out=1536x864 win=(-128,-72) token=1396891973754618 compiled=true snap=true t=22528 step=1024 lstep=1024 scale=25600
[1788815616] execute_plan ok
[1788815616] smart cmd (render=false): seq_raw_null=true const_seq_ok=true
[1788815616] smart cmd (render=false): seq_raw_null=true const_seq_ok=true
[1788815616] smart geometry: logical=1280x720 downsample=1/1x1/1 request=PF_LRect { left: -128, top: -72, right: 1408, bottom: 792 } upstream=Rect { left: 0, top: 0, right: 1280, bottom: 720 } frame=Rect { left: 0, top: 0, right: 1280, bottom: 720 } canvas=Rect { left: 0, top: 0, right: 1280, bottom: 720 }
[1788815616] smart geometry: logical=1280x720 downsample=1/1x1/1 request=PF_LRect { left: -128, top: -72, right: 1408, bottom: 792 } upstream=Rect { left: 0, top: 0, right: 1280, bottom: 720 } frame=Rect { left: 0, top: 0, right: 1280, bottom: 720 } canvas=Rect { left: 0, top: 0, right: 1280, bottom: 720 }
[1788815616] smart cmd (render=true): seq_raw_null=true const_seq_ok=true
[1788815616] smart cmd (render=true): seq_raw_null=true const_seq_ok=true
[1788815616] render enter: Some(U8) in=1280x720 out=1536x864 win=(-128,-72) token=1396891973754618 compiled=true snap=true t=21504 step=1024 lstep=1024 scale=25600
[1788815616] execute_plan ok
[1788815616] render enter: Some(U8) in=1280x720 out=1536x864 win=(-128,-72) token=1396891973754618 compiled=true snap=true t=28672 step=1024 lstep=1024 scale=25600
[1788815616] smart cmd (render=false): seq_raw_null=true const_seq_ok=true
[1788815616] execute_plan ok
[1788815616] smart geometry: logical=1280x720 downsample=1/1x1/1 request=PF_LRect { left: -128, top: -72, right: 1408, bottom: 792 } upstream=Rect { left: 0, top: 0, right: 1280, bottom: 720 } frame=Rect { left: 0, top: 0, right: 1280, bottom: 720 } canvas=Rect { left: 0, top: 0, right: 1280, bottom: 720 }
[1788815616] smart cmd (render=true): seq_raw_null=true const_seq_ok=true
[1788815616] render enter: Some(U8) in=1280x720 out=1536x864 win=(-128,-72) token=1396891973754618 compiled=true snap=true t=29696 step=1024 lstep=1024 scale=25600
[1788815616] execute_plan ok
[1788815616] smart cmd (render=false): seq_raw_null=true const_seq_ok=true
[1788815616] smart geometry: logical=1280x720 downsample=1/1x1/1 request=PF_LRect { left: -128, top: -72, right: 1408, bottom: 792 } upstream=Rect { left: 0, top: 0, right: 1280, bottom: 720 } frame=Rect { left: 0, top: 0, right: 1280, bottom: 720 } canvas=Rect { left: 0, top: 0, right: 1280, bottom: 720 }
[1788815616] smart cmd (render=true): seq_raw_null=true const_seq_ok=true
[1788815616] render enter: Some(U8) in=1280x720 out=1536x864 win=(-128,-72) token=1396891973754618 compiled=true snap=true t=20480 step=1024 lstep=1024 scale=25600
[1788815616] execute_plan ok
[1788815616] smart cmd (render=false): seq_raw_null=true const_seq_ok=true
[1788815616] smart geometry: logical=1280x720 downsample=1/1x1/1 request=PF_LRect { left: -128, top: -72, right: 1408, bottom: 792 } upstream=Rect { left: 0, top: 0, right: 1280, bottom: 720 } frame=Rect { left: 0, top: 0, right: 1280, bottom: 720 } canvas=Rect { left: 0, top: 0, right: 1280, bottom: 720 }
[1788815616] smart cmd (render=true): seq_raw_null=true const_seq_ok=true
[1788815616] render enter: Some(U8) in=1280x720 out=1536x864 win=(-128,-72) token=1396891973754618 compiled=true snap=true t=30720 step=1024 lstep=1024 scale=25600
[1788815616] execute_plan ok
[1788815616] smart cmd (render=false): seq_raw_null=true const_seq_ok=true
[1788815616] smart geometry: logical=1280x720 downsample=1/1x1/1 request=PF_LRect { left: -128, top: -72, right: 1408, bottom: 792 } upstream=Rect { left: 0, top: 0, right: 1280, bottom: 720 } frame=Rect { left: 0, top: 0, right: 1280, bottom: 720 } canvas=Rect { left: 0, top: 0, right: 1280, bottom: 720 }
[1788815616] smart cmd (render=true): seq_raw_null=true const_seq_ok=true
[1788815616] render enter: Some(U8) in=1280x720 out=1536x864 win=(-128,-72) token=1396891973754618 compiled=true snap=true t=19456 step=1024 lstep=1024 scale=25600
[1788815616] execute_plan ok
[1788815616] smart cmd (render=false): seq_raw_null=true const_seq_ok=true
[1788815616] smart geometry: logical=1280x720 downsample=1/1x1/1 request=PF_LRect { left: -128, top: -72, right: 1408, bottom: 792 } upstream=Rect { left: 0, top: 0, right: 1280, bottom: 720 } frame=Rect { left: 0, top: 0, right: 1280, bottom: 720 } canvas=Rect { left: 0, top: 0, right: 1280, bottom: 720 }
[1788815616] smart cmd (render=true): seq_raw_null=true const_seq_ok=true
[1788815616] render enter: Some(U8) in=1280x720 out=1536x864 win=(-128,-72) token=1396891973754618 compiled=true snap=true t=31744 step=1024 lstep=1024 scale=25600
[1788815616] execute_plan ok
[1788815616] smart cmd (render=false): seq_raw_null=true const_seq_ok=true
[1788815616] smart cmd (render=false): seq_raw_null=true const_seq_ok=true
[1788815616] smart geometry: logical=1280x720 downsample=1/1x1/1 request=PF_LRect { left: -128, top: -72, right: 1408, bottom: 792 } upstream=Rect { left: 0, top: 0, right: 1280, bottom: 720 } frame=Rect { left: 0, top: 0, right: 1280, bottom: 720 } canvas=Rect { left: 0, top: 0, right: 1280, bottom: 720 }
[1788815616] smart geometry: logical=1280x720 downsample=1/1x1/1 request=PF_LRect { left: -128, top: -72, right: 1408, bottom: 792 } upstream=Rect { left: 0, top: 0, right: 1280, bottom: 720 } frame=Rect { left: 0, top: 0, right: 1280, bottom: 720 } canvas=Rect { left: 0, top: 0, right: 1280, bottom: 720 }
[1788815616] smart cmd (render=true): seq_raw_null=true const_seq_ok=true
[1788815616] smart cmd (render=true): seq_raw_null=true const_seq_ok=true
[1788815616] render enter: Some(U8) in=1280x720 out=1536x864 win=(-128,-72) token=1396891973754618 compiled=true snap=true t=18432 step=1024 lstep=1024 scale=25600
[1788815616] execute_plan ok
[1788815616] render enter: Some(U8) in=1280x720 out=1536x864 win=(-128,-72) token=1396891973754618 compiled=true snap=true t=32768 step=1024 lstep=1024 scale=25600
[1788815616] smart cmd (render=false): seq_raw_null=true const_seq_ok=true
[1788815616] execute_plan ok
[1788815616] smart geometry: logical=1280x720 downsample=1/1x1/1 request=PF_LRect { left: -128, top: -72, right: 1408, bottom: 792 } upstream=Rect { left: 0, top: 0, right: 1280, bottom: 720 } frame=Rect { left: 0, top: 0, right: 1280, bottom: 720 } canvas=Rect { left: 0, top: 0, right: 1280, bottom: 720 }
[1788815616] smart cmd (render=true): seq_raw_null=true const_seq_ok=true
[1788815616] render enter: Some(U8) in=1280x720 out=1536x864 win=(-128,-72) token=1396891973754618 compiled=true snap=true t=17408 step=1024 lstep=1024 scale=25600
[1788815616] smart cmd (render=false): seq_raw_null=true const_seq_ok=true
[1788815616] execute_plan ok
[1788815616] smart geometry: logical=1280x720 downsample=1/1x1/1 request=PF_LRect { left: -128, top: -72, right: 1408, bottom: 792 } upstream=Rect { left: 0, top: 0, right: 1280, bottom: 720 } frame=Rect { left: 0, top: 0, right: 1280, bottom: 720 } canvas=Rect { left: 0, top: 0, right: 1280, bottom: 720 }
[1788815616] smart cmd (render=true): seq_raw_null=true const_seq_ok=true
[1788815616] render enter: Some(U8) in=1280x720 out=1536x864 win=(-128,-72) token=1396891973754618 compiled=true snap=true t=33792 step=1024 lstep=1024 scale=25600
[1788815616] execute_plan ok
[1788815616] smart cmd (render=false): seq_raw_null=true const_seq_ok=true
[1788815616] smart geometry: logical=1280x720 downsample=1/1x1/1 request=PF_LRect { left: -128, top: -72, right: 1408, bottom: 792 } upstream=Rect { left: 0, top: 0, right: 1280, bottom: 720 } frame=Rect { left: 0, top: 0, right: 1280, bottom: 720 } canvas=Rect { left: 0, top: 0, right: 1280, bottom: 720 }
[1788815616] smart cmd (render=true): seq_raw_null=true const_seq_ok=true
[1788815616] render enter: Some(U8) in=1280x720 out=1536x864 win=(-128,-72) token=1396891973754618 compiled=true snap=true t=16384 step=1024 lstep=1024 scale=25600
[1788815616] execute_plan ok
[1788815616] smart cmd (render=false): seq_raw_null=true const_seq_ok=true
[1788815616] smart geometry: logical=1280x720 downsample=1/1x1/1 request=PF_LRect { left: -128, top: -72, right: 1408, bottom: 792 } upstream=Rect { left: 0, top: 0, right: 1280, bottom: 720 } frame=Rect { left: 0, top: 0, right: 1280, bottom: 720 } canvas=Rect { left: 0, top: 0, right: 1280, bottom: 720 }
[1788815616] smart cmd (render=true): seq_raw_null=true const_seq_ok=true
[1788815616] render enter: Some(U8) in=1280x720 out=1536x864 win=(-128,-72) token=1396891973754618 compiled=true snap=true t=34816 step=1024 lstep=1024 scale=25600
[1788815616] execute_plan ok
[1788815616] smart cmd (render=false): seq_raw_null=true const_seq_ok=true
[1788815616] smart geometry: logical=1280x720 downsample=1/1x1/1 request=PF_LRect { left: -128, top: -72, right: 1408, bottom: 792 } upstream=Rect { left: 0, top: 0, right: 1280, bottom: 720 } frame=Rect { left: 0, top: 0, right: 1280, bottom: 720 } canvas=Rect { left: 0, top: 0, right: 1280, bottom: 720 }
[1788815616] smart cmd (render=true): seq_raw_null=true const_seq_ok=true
[1788815616] render enter: Some(U8) in=1280x720 out=1536x864 win=(-128,-72) token=1396891973754618 compiled=true snap=true t=15360 step=1024 lstep=1024 scale=25600
[1788815616] execute_plan ok
[1788815616] smart cmd (render=false): seq_raw_null=true const_seq_ok=true
[1788815616] smart cmd (render=false): seq_raw_null=true const_seq_ok=true
[1788815616] smart geometry: logical=1280x720 downsample=1/1x1/1 request=PF_LRect { left: -128, top: -72, right: 1408, bottom: 792 } upstream=Rect { left: 0, top: 0, right: 1280, bottom: 720 } frame=Rect { left: 0, top: 0, right: 1280, bottom: 720 } canvas=Rect { left: 0, top: 0, right: 1280, bottom: 720 }
[1788815616] smart geometry: logical=1280x720 downsample=1/1x1/1 request=PF_LRect { left: -128, top: -72, right: 1408, bottom: 792 } upstream=Rect { left: 0, top: 0, right: 1280, bottom: 720 } frame=Rect { left: 0, top: 0, right: 1280, bottom: 720 } canvas=Rect { left: 0, top: 0, right: 1280, bottom: 720 }
[1788815616] smart cmd (render=true): seq_raw_null=true const_seq_ok=true
[1788815616] smart cmd (render=true): seq_raw_null=true const_seq_ok=true
[1788815616] render enter: Some(U8) in=1280x720 out=1536x864 win=(-128,-72) token=1396891973754618 compiled=true snap=true t=35840 step=1024 lstep=1024 scale=25600
[1788815616] execute_plan ok
[1788815616] render enter: Some(U8) in=1280x720 out=1536x864 win=(-128,-72) token=1396891973754618 compiled=true snap=true t=14336 step=1024 lstep=1024 scale=25600
[1788815616] smart cmd (render=false): seq_raw_null=true const_seq_ok=true
[1788815616] execute_plan ok
[1788815616] smart geometry: logical=1280x720 downsample=1/1x1/1 request=PF_LRect { left: -128, top: -72, right: 1408, bottom: 792 } upstream=Rect { left: 0, top: 0, right: 1280, bottom: 720 } frame=Rect { left: 0, top: 0, right: 1280, bottom: 720 } canvas=Rect { left: 0, top: 0, right: 1280, bottom: 720 }
[1788815616] smart cmd (render=true): seq_raw_null=true const_seq_ok=true
[1788815616] render enter: Some(U8) in=1280x720 out=1536x864 win=(-128,-72) token=1396891973754618 compiled=true snap=true t=36864 step=1024 lstep=1024 scale=25600
[1788815616] smart cmd (render=false): seq_raw_null=true const_seq_ok=true
[1788815616] execute_plan ok
[1788815616] smart geometry: logical=1280x720 downsample=1/1x1/1 request=PF_LRect { left: -128, top: -72, right: 1408, bottom: 792 } upstream=Rect { left: 0, top: 0, right: 1280, bottom: 720 } frame=Rect { left: 0, top: 0, right: 1280, bottom: 720 } canvas=Rect { left: 0, top: 0, right: 1280, bottom: 720 }
[1788815616] smart cmd (render=true): seq_raw_null=true const_seq_ok=true
[1788815616] render enter: Some(U8) in=1280x720 out=1536x864 win=(-128,-72) token=1396891973754618 compiled=true snap=true t=13312 step=1024 lstep=1024 scale=25600
[1788815616] execute_plan ok
[1788815616] smart cmd (render=false): seq_raw_null=true const_seq_ok=true
[1788815616] smart geometry: logical=1280x720 downsample=1/1x1/1 request=PF_LRect { left: -128, top: -72, right: 1408, bottom: 792 } upstream=Rect { left: 0, top: 0, right: 1280, bottom: 720 } frame=Rect { left: 0, top: 0, right: 1280, bottom: 720 } canvas=Rect { left: 0, top: 0, right: 1280, bottom: 720 }
[1788815616] smart cmd (render=true): seq_raw_null=true const_seq_ok=true
[1788815616] render enter: Some(U8) in=1280x720 out=1536x864 win=(-128,-72) token=1396891973754618 compiled=true snap=true t=37888 step=1024 lstep=1024 scale=25600
[1788815616] execute_plan ok
[1788815616] smart cmd (render=false): seq_raw_null=true const_seq_ok=true
[1788815616] smart geometry: logical=1280x720 downsample=1/1x1/1 request=PF_LRect { left: -128, top: -72, right: 1408, bottom: 792 } upstream=Rect { left: 0, top: 0, right: 1280, bottom: 720 } frame=Rect { left: 0, top: 0, right: 1280, bottom: 720 } canvas=Rect { left: 0, top: 0, right: 1280, bottom: 720 }
[1788815616] smart cmd (render=true): seq_raw_null=true const_seq_ok=true
[1788815616] render enter: Some(U8) in=1280x720 out=1536x864 win=(-128,-72) token=1396891973754618 compiled=true snap=true t=12288 step=1024 lstep=1024 scale=25600
[1788815616] execute_plan ok
[1788815616] smart cmd (render=false): seq_raw_null=true const_seq_ok=true
[1788815616] smart geometry: logical=1280x720 downsample=1/1x1/1 request=PF_LRect { left: -128, top: -72, right: 1408, bottom: 792 } upstream=Rect { left: 0, top: 0, right: 1280, bottom: 720 } frame=Rect { left: 0, top: 0, right: 1280, bottom: 720 } canvas=Rect { left: 0, top: 0, right: 1280, bottom: 720 }
[1788815616] smart cmd (render=true): seq_raw_null=true const_seq_ok=true
[1788815616] render enter: Some(U8) in=1280x720 out=1536x864 win=(-128,-72) token=1396891973754618 compiled=true snap=true t=38912 step=1024 lstep=1024 scale=25600
[1788815616] execute_plan ok
[1788815616] smart cmd (render=false): seq_raw_null=true const_seq_ok=true
[1788815616] smart cmd (render=false): seq_raw_null=true const_seq_ok=true
[1788815616] smart geometry: logical=1280x720 downsample=1/1x1/1 request=PF_LRect { left: -128, top: -72, right: 1408, bottom: 792 } upstream=Rect { left: 0, top: 0, right: 1280, bottom: 720 } frame=Rect { left: 0, top: 0, right: 1280, bottom: 720 } canvas=Rect { left: 0, top: 0, right: 1280, bottom: 720 }
[1788815616] smart geometry: logical=1280x720 downsample=1/1x1/1 request=PF_LRect { left: -128, top: -72, right: 1408, bottom: 792 } upstream=Rect { left: 0, top: 0, right: 1280, bottom: 720 } frame=Rect { left: 0, top: 0, right: 1280, bottom: 720 } canvas=Rect { left: 0, top: 0, right: 1280, bottom: 720 }
[1788815616] smart cmd (render=true): seq_raw_null=true const_seq_ok=true
[1788815616] smart cmd (render=true): seq_raw_null=true const_seq_ok=true
[1788815616] render enter: Some(U8) in=1280x720 out=1536x864 win=(-128,-72) token=1396891973754618 compiled=true snap=true t=11264 step=1024 lstep=1024 scale=25600
[1788815616] execute_plan ok
[1788815616] render enter: Some(U8) in=1280x720 out=1536x864 win=(-128,-72) token=1396891973754618 compiled=true snap=true t=39936 step=1024 lstep=1024 scale=25600
[1788815616] smart cmd (render=false): seq_raw_null=true const_seq_ok=true
[1788815616] execute_plan ok
[1788815616] smart geometry: logical=1280x720 downsample=1/1x1/1 request=PF_LRect { left: -128, top: -72, right: 1408, bottom: 792 } upstream=Rect { left: 0, top: 0, right: 1280, bottom: 720 } frame=Rect { left: 0, top: 0, right: 1280, bottom: 720 } canvas=Rect { left: 0, top: 0, right: 1280, bottom: 720 }
[1788815616] smart cmd (render=true): seq_raw_null=true const_seq_ok=true
[1788815616] render enter: Some(U8) in=1280x720 out=1536x864 win=(-128,-72) token=1396891973754618 compiled=true snap=true t=10240 step=1024 lstep=1024 scale=25600
[1788815616] execute_plan ok
[1788815616] smart cmd (render=false): seq_raw_null=true const_seq_ok=true
[1788815616] smart geometry: logical=1280x720 downsample=1/1x1/1 request=PF_LRect { left: -128, top: -72, right: 1408, bottom: 792 } upstream=Rect { left: 0, top: 0, right: 1280, bottom: 720 } frame=Rect { left: 0, top: 0, right: 1280, bottom: 720 } canvas=Rect { left: 0, top: 0, right: 1280, bottom: 720 }
[1788815616] smart cmd (render=true): seq_raw_null=true const_seq_ok=true
[1788815616] render enter: Some(U8) in=1280x720 out=1536x864 win=(-128,-72) token=1396891973754618 compiled=true snap=true t=40960 step=1024 lstep=1024 scale=25600
[1788815616] execute_plan ok
[1788815616] smart cmd (render=false): seq_raw_null=true const_seq_ok=true
[1788815616] smart geometry: logical=1280x720 downsample=1/1x1/1 request=PF_LRect { left: -128, top: -72, right: 1408, bottom: 792 } upstream=Rect { left: 0, top: 0, right: 1280, bottom: 720 } frame=Rect { left: 0, top: 0, right: 1280, bottom: 720 } canvas=Rect { left: 0, top: 0, right: 1280, bottom: 720 }
[1788815616] smart cmd (render=true): seq_raw_null=true const_seq_ok=true
[1788815616] render enter: Some(U8) in=1280x720 out=1536x864 win=(-128,-72) token=1396891973754618 compiled=true snap=true t=9216 step=1024 lstep=1024 scale=25600
[1788815616] execute_plan ok
[1788815616] smart cmd (render=false): seq_raw_null=true const_seq_ok=true
[1788815616] smart geometry: logical=1280x720 downsample=1/1x1/1 request=PF_LRect { left: -128, top: -72, right: 1408, bottom: 792 } upstream=Rect { left: 0, top: 0, right: 1280, bottom: 720 } frame=Rect { left: 0, top: 0, right: 1280, bottom: 720 } canvas=Rect { left: 0, top: 0, right: 1280, bottom: 720 }
[1788815616] smart cmd (render=true): seq_raw_null=true const_seq_ok=true
[1788815616] render enter: Some(U8) in=1280x720 out=1536x864 win=(-128,-72) token=1396891973754618 compiled=true snap=true t=41984 step=1024 lstep=1024 scale=25600
[1788815616] execute_plan ok
[1788815616] smart cmd (render=false): seq_raw_null=true const_seq_ok=true
[1788815616] smart geometry: logical=1280x720 downsample=1/1x1/1 request=PF_LRect { left: -128, top: -72, right: 1408, bottom: 792 } upstream=Rect { left: 0, top: 0, right: 1280, bottom: 720 } frame=Rect { left: 0, top: 0, right: 1280, bottom: 720 } canvas=Rect { left: 0, top: 0, right: 1280, bottom: 720 }
[1788815616] smart cmd (render=true): seq_raw_null=true const_seq_ok=true
[1788815616] render enter: Some(U8) in=1280x720 out=1536x864 win=(-128,-72) token=1396891973754618 compiled=true snap=true t=8192 step=1024 lstep=1024 scale=25600
[1788815616] execute_plan ok
[1788815616] smart cmd (render=false): seq_raw_null=true const_seq_ok=true
[1788815616] smart cmd (render=false): seq_raw_null=true const_seq_ok=true
[1788815616] smart geometry: logical=1280x720 downsample=1/1x1/1 request=PF_LRect { left: -128, top: -72, right: 1408, bottom: 792 } upstream=Rect { left: 0, top: 0, right: 1280, bottom: 720 } frame=Rect { left: 0, top: 0, right: 1280, bottom: 720 } canvas=Rect { left: 0, top: 0, right: 1280, bottom: 720 }
[1788815616] smart geometry: logical=1280x720 downsample=1/1x1/1 request=PF_LRect { left: -128, top: -72, right: 1408, bottom: 792 } upstream=Rect { left: 0, top: 0, right: 1280, bottom: 720 } frame=Rect { left: 0, top: 0, right: 1280, bottom: 720 } canvas=Rect { left: 0, top: 0, right: 1280, bottom: 720 }
[1788815616] smart cmd (render=true): seq_raw_null=true const_seq_ok=true
[1788815616] smart cmd (render=true): seq_raw_null=true const_seq_ok=true
[1788815616] render enter: Some(U8) in=1280x720 out=1536x864 win=(-128,-72) token=1396891973754618 compiled=true snap=true t=43008 step=1024 lstep=1024 scale=25600
[1788815616] execute_plan ok
[1788815616] render enter: Some(U8) in=1280x720 out=1536x864 win=(-128,-72) token=1396891973754618 compiled=true snap=true t=7168 step=1024 lstep=1024 scale=25600
[1788815616] smart cmd (render=false): seq_raw_null=true const_seq_ok=true
[1788815616] execute_plan ok
[1788815616] smart geometry: logical=1280x720 downsample=1/1x1/1 request=PF_LRect { left: -128, top: -72, right: 1408, bottom: 792 } upstream=Rect { left: 0, top: 0, right: 1280, bottom: 720 } frame=Rect { left: 0, top: 0, right: 1280, bottom: 720 } canvas=Rect { left: 0, top: 0, right: 1280, bottom: 720 }
[1788815616] smart cmd (render=true): seq_raw_null=true const_seq_ok=true
[1788815616] render enter: Some(U8) in=1280x720 out=1536x864 win=(-128,-72) token=1396891973754618 compiled=true snap=true t=44032 step=1024 lstep=1024 scale=25600
[1788815616] smart cmd (render=false): seq_raw_null=true const_seq_ok=true
[1788815616] execute_plan ok
[1788815616] smart geometry: logical=1280x720 downsample=1/1x1/1 request=PF_LRect { left: -128, top: -72, right: 1408, bottom: 792 } upstream=Rect { left: 0, top: 0, right: 1280, bottom: 720 } frame=Rect { left: 0, top: 0, right: 1280, bottom: 720 } canvas=Rect { left: 0, top: 0, right: 1280, bottom: 720 }
[1788815616] smart cmd (render=true): seq_raw_null=true const_seq_ok=true
[1788815616] render enter: Some(U8) in=1280x720 out=1536x864 win=(-128,-72) token=1396891973754618 compiled=true snap=true t=6144 step=1024 lstep=1024 scale=25600
[1788815616] execute_plan ok
[1788815616] smart cmd (render=false): seq_raw_null=true const_seq_ok=true
[1788815616] smart geometry: logical=1280x720 downsample=1/1x1/1 request=PF_LRect { left: -128, top: -72, right: 1408, bottom: 792 } upstream=Rect { left: 0, top: 0, right: 1280, bottom: 720 } frame=Rect { left: 0, top: 0, right: 1280, bottom: 720 } canvas=Rect { left: 0, top: 0, right: 1280, bottom: 720 }
[1788815616] smart cmd (render=true): seq_raw_null=true const_seq_ok=true
[1788815616] render enter: Some(U8) in=1280x720 out=1536x864 win=(-128,-72) token=1396891973754618 compiled=true snap=true t=45056 step=1024 lstep=1024 scale=25600
[1788815616] execute_plan ok
[1788815616] smart cmd (render=false): seq_raw_null=true const_seq_ok=true
[1788815616] smart geometry: logical=1280x720 downsample=1/1x1/1 request=PF_LRect { left: -128, top: -72, right: 1408, bottom: 792 } upstream=Rect { left: 0, top: 0, right: 1280, bottom: 720 } frame=Rect { left: 0, top: 0, right: 1280, bottom: 720 } canvas=Rect { left: 0, top: 0, right: 1280, bottom: 720 }
[1788815616] smart cmd (render=true): seq_raw_null=true const_seq_ok=true
[1788815616] render enter: Some(U8) in=1280x720 out=1536x864 win=(-128,-72) token=1396891973754618 compiled=true snap=true t=5120 step=1024 lstep=1024 scale=25600
[1788815616] execute_plan ok
[1788815616] smart cmd (render=false): seq_raw_null=true const_seq_ok=true
[1788815616] smart geometry: logical=1280x720 downsample=1/1x1/1 request=PF_LRect { left: -128, top: -72, right: 1408, bottom: 792 } upstream=Rect { left: 0, top: 0, right: 1280, bottom: 720 } frame=Rect { left: 0, top: 0, right: 1280, bottom: 720 } canvas=Rect { left: 0, top: 0, right: 1280, bottom: 720 }
[1788815616] smart cmd (render=true): seq_raw_null=true const_seq_ok=true
[1788815616] render enter: Some(U8) in=1280x720 out=1536x864 win=(-128,-72) token=1396891973754618 compiled=true snap=true t=46080 step=1024 lstep=1024 scale=25600
[1788815616] execute_plan ok
[1788815616] smart cmd (render=false): seq_raw_null=true const_seq_ok=true
[1788815616] smart cmd (render=false): seq_raw_null=true const_seq_ok=true
[1788815616] smart geometry: logical=1280x720 downsample=1/1x1/1 request=PF_LRect { left: -128, top: -72, right: 1408, bottom: 792 } upstream=Rect { left: 0, top: 0, right: 1280, bottom: 720 } frame=Rect { left: 0, top: 0, right: 1280, bottom: 720 } canvas=Rect { left: 0, top: 0, right: 1280, bottom: 720 }
[1788815616] smart geometry: logical=1280x720 downsample=1/1x1/1 request=PF_LRect { left: -128, top: -72, right: 1408, bottom: 792 } upstream=Rect { left: 0, top: 0, right: 1280, bottom: 720 } frame=Rect { left: 0, top: 0, right: 1280, bottom: 720 } canvas=Rect { left: 0, top: 0, right: 1280, bottom: 720 }
[1788815616] smart cmd (render=true): seq_raw_null=true const_seq_ok=true
[1788815616] smart cmd (render=true): seq_raw_null=true const_seq_ok=true
[1788815616] render enter: Some(U8) in=1280x720 out=1536x864 win=(-128,-72) token=1396891973754618 compiled=true snap=true t=4096 step=1024 lstep=1024 scale=25600
[1788815616] execute_plan ok
[1788815616] render enter: Some(U8) in=1280x720 out=1536x864 win=(-128,-72) token=1396891973754618 compiled=true snap=true t=47104 step=1024 lstep=1024 scale=25600
[1788815616] smart cmd (render=false): seq_raw_null=true const_seq_ok=true
[1788815616] execute_plan ok
[1788815616] smart geometry: logical=1280x720 downsample=1/1x1/1 request=PF_LRect { left: -128, top: -72, right: 1408, bottom: 792 } upstream=Rect { left: 0, top: 0, right: 1280, bottom: 720 } frame=Rect { left: 0, top: 0, right: 1280, bottom: 720 } canvas=Rect { left: 0, top: 0, right: 1280, bottom: 720 }
[1788815616] smart cmd (render=true): seq_raw_null=true const_seq_ok=true
[1788815616] render enter: Some(U8) in=1280x720 out=1536x864 win=(-128,-72) token=1396891973754618 compiled=true snap=true t=3072 step=1024 lstep=1024 scale=25600
[1788815616] smart cmd (render=false): seq_raw_null=true const_seq_ok=true
[1788815616] execute_plan ok
[1788815616] smart geometry: logical=1280x720 downsample=1/1x1/1 request=PF_LRect { left: -128, top: -72, right: 1408, bottom: 792 } upstream=Rect { left: 0, top: 0, right: 1280, bottom: 720 } frame=Rect { left: 0, top: 0, right: 1280, bottom: 720 } canvas=Rect { left: 0, top: 0, right: 1280, bottom: 720 }
[1788815616] smart cmd (render=true): seq_raw_null=true const_seq_ok=true
[1788815616] render enter: Some(U8) in=1280x720 out=1536x864 win=(-128,-72) token=1396891973754618 compiled=true snap=true t=48128 step=1024 lstep=1024 scale=25600
[1788815616] execute_plan ok
[1788815616] smart cmd (render=false): seq_raw_null=true const_seq_ok=true
[1788815616] smart geometry: logical=1280x720 downsample=1/1x1/1 request=PF_LRect { left: -128, top: -72, right: 1408, bottom: 792 } upstream=Rect { left: 0, top: 0, right: 1280, bottom: 720 } frame=Rect { left: 0, top: 0, right: 1280, bottom: 720 } canvas=Rect { left: 0, top: 0, right: 1280, bottom: 720 }
[1788815616] smart cmd (render=true): seq_raw_null=true const_seq_ok=true
[1788815616] render enter: Some(U8) in=1280x720 out=1536x864 win=(-128,-72) token=1396891973754618 compiled=true snap=true t=2048 step=1024 lstep=1024 scale=25600
[1788815616] execute_plan ok
[1788815616] smart cmd (render=false): seq_raw_null=true const_seq_ok=true
[1788815616] smart geometry: logical=1280x720 downsample=1/1x1/1 request=PF_LRect { left: -128, top: -72, right: 1408, bottom: 792 } upstream=Rect { left: 0, top: 0, right: 1280, bottom: 720 } frame=Rect { left: 0, top: 0, right: 1280, bottom: 720 } canvas=Rect { left: 0, top: 0, right: 1280, bottom: 720 }
[1788815616] smart cmd (render=true): seq_raw_null=true const_seq_ok=true
[1788815616] render enter: Some(U8) in=1280x720 out=1536x864 win=(-128,-72) token=1396891973754618 compiled=true snap=true t=49152 step=1024 lstep=1024 scale=25600
[1788815616] execute_plan ok
[1788815616] smart cmd (render=false): seq_raw_null=true const_seq_ok=true
[1788815616] smart geometry: logical=1280x720 downsample=1/1x1/1 request=PF_LRect { left: -128, top: -72, right: 1408, bottom: 792 } upstream=Rect { left: 0, top: 0, right: 1280, bottom: 720 } frame=Rect { left: 0, top: 0, right: 1280, bottom: 720 } canvas=Rect { left: 0, top: 0, right: 1280, bottom: 720 }
[1788815616] smart cmd (render=true): seq_raw_null=true const_seq_ok=true
[1788815616] render enter: Some(U8) in=1280x720 out=1536x864 win=(-128,-72) token=1396891973754618 compiled=true snap=true t=1024 step=1024 lstep=1024 scale=25600
[1788815616] execute_plan ok
[1788815616] smart cmd (render=false): seq_raw_null=true const_seq_ok=true
[1788815616] smart cmd (render=false): seq_raw_null=true const_seq_ok=true
[1788815616] smart geometry: logical=1280x720 downsample=1/1x1/1 request=PF_LRect { left: -128, top: -72, right: 1408, bottom: 792 } upstream=Rect { left: 0, top: 0, right: 1280, bottom: 720 } frame=Rect { left: 0, top: 0, right: 1280, bottom: 720 } canvas=Rect { left: 0, top: 0, right: 1280, bottom: 720 }
[1788815616] smart geometry: logical=1280x720 downsample=1/1x1/1 request=PF_LRect { left: -128, top: -72, right: 1408, bottom: 792 } upstream=Rect { left: 0, top: 0, right: 1280, bottom: 720 } frame=Rect { left: 0, top: 0, right: 1280, bottom: 720 } canvas=Rect { left: 0, top: 0, right: 1280, bottom: 720 }
[1788815616] smart cmd (render=true): seq_raw_null=true const_seq_ok=true
[1788815616] smart cmd (render=true): seq_raw_null=true const_seq_ok=true
[1788815616] render enter: Some(U8) in=1280x720 out=1536x864 win=(-128,-72) token=1396891973754618 compiled=true snap=true t=0 step=1024 lstep=1024 scale=25600
[1788815616] execute_plan ok
[1788815616] render enter: Some(U8) in=1280x720 out=1536x864 win=(-128,-72) token=1396891973754618 compiled=true snap=true t=50176 step=1024 lstep=1024 scale=25600
[1788815616] smart cmd (render=false): seq_raw_null=true const_seq_ok=true
[1788815616] execute_plan ok
[1788815616] smart geometry: logical=1280x720 downsample=1/1x1/1 request=PF_LRect { left: -128, top: -72, right: 1408, bottom: 792 } upstream=Rect { left: 0, top: 0, right: 1280, bottom: 720 } frame=Rect { left: 0, top: 0, right: 1280, bottom: 720 } canvas=Rect { left: 0, top: 0, right: 1280, bottom: 720 }
[1788815616] smart cmd (render=true): seq_raw_null=true const_seq_ok=true
[1788815616] render enter: Some(U8) in=1280x720 out=1536x864 win=(-128,-72) token=1396891973754618 compiled=true snap=true t=51200 step=1024 lstep=1024 scale=25600
[1788815616] smart cmd (render=false): seq_raw_null=true const_seq_ok=true
[1788815616] execute_plan ok
[1788815616] smart geometry: logical=1280x720 downsample=1/1x1/1 request=PF_LRect { left: -128, top: -72, right: 1408, bottom: 792 } upstream=Rect { left: 0, top: 0, right: 1280, bottom: 720 } frame=Rect { left: 0, top: 0, right: 1280, bottom: 720 } canvas=Rect { left: 0, top: 0, right: 1280, bottom: 720 }
[1788815616] smart cmd (render=true): seq_raw_null=true const_seq_ok=true
[1788815616] render enter: Some(U8) in=1280x720 out=1536x864 win=(-128,-72) token=1396891973754618 compiled=true snap=true t=52224 step=1024 lstep=1024 scale=25600
[1788815617] execute_plan ok
[1788815617] smart cmd (render=false): seq_raw_null=true const_seq_ok=true
[1788815617] smart geometry: logical=1280x720 downsample=1/1x1/1 request=PF_LRect { left: -128, top: -72, right: 1408, bottom: 792 } upstream=Rect { left: 0, top: 0, right: 1280, bottom: 720 } frame=Rect { left: 0, top: 0, right: 1280, bottom: 720 } canvas=Rect { left: 0, top: 0, right: 1280, bottom: 720 }
[1788815617] smart cmd (render=true): seq_raw_null=true const_seq_ok=true
[1788815617] render enter: Some(U8) in=1280x720 out=1536x864 win=(-128,-72) token=1396891973754618 compiled=true snap=true t=53248 step=1024 lstep=1024 scale=25600
[1788815617] execute_plan ok
[1788815617] smart cmd (render=false): seq_raw_null=true const_seq_ok=true
[1788815617] smart geometry: logical=1280x720 downsample=1/1x1/1 request=PF_LRect { left: -128, top: -72, right: 1408, bottom: 792 } upstream=Rect { left: 0, top: 0, right: 1280, bottom: 720 } frame=Rect { left: 0, top: 0, right: 1280, bottom: 720 } canvas=Rect { left: 0, top: 0, right: 1280, bottom: 720 }
[1788815617] smart cmd (render=true): seq_raw_null=true const_seq_ok=true
[1788815617] render enter: Some(U8) in=1280x720 out=1536x864 win=(-128,-72) token=1396891973754618 compiled=true snap=true t=54272 step=1024 lstep=1024 scale=25600
[1788815617] execute_plan ok
[1788815617] smart cmd (render=false): seq_raw_null=true const_seq_ok=true
[1788815617] smart geometry: logical=1280x720 downsample=1/1x1/1 request=PF_LRect { left: -128, top: -72, right: 1408, bottom: 792 } upstream=Rect { left: 0, top: 0, right: 1280, bottom: 720 } frame=Rect { left: 0, top: 0, right: 1280, bottom: 720 } canvas=Rect { left: 0, top: 0, right: 1280, bottom: 720 }
[1788815617] smart cmd (render=true): seq_raw_null=true const_seq_ok=true
[1788815617] render enter: Some(U8) in=1280x720 out=1536x864 win=(-128,-72) token=1396891973754618 compiled=true snap=true t=55296 step=1024 lstep=1024 scale=25600
[1788815617] execute_plan ok
[1788815617] smart cmd (render=false): seq_raw_null=true const_seq_ok=true
[1788815617] smart cmd (render=false): seq_raw_null=true const_seq_ok=true
[1788815617] smart geometry: logical=1280x720 downsample=1/1x1/1 request=PF_LRect { left: -128, top: -72, right: 1408, bottom: 792 } upstream=Rect { left: 0, top: 0, right: 1280, bottom: 720 } frame=Rect { left: 0, top: 0, right: 1280, bottom: 720 } canvas=Rect { left: 0, top: 0, right: 1280, bottom: 720 }
[1788815617] smart geometry: logical=1280x720 downsample=1/1x1/1 request=PF_LRect { left: -128, top: -72, right: 1408, bottom: 792 } upstream=Rect { left: 0, top: 0, right: 1280, bottom: 720 } frame=Rect { left: 0, top: 0, right: 1280, bottom: 720 } canvas=Rect { left: 0, top: 0, right: 1280, bottom: 720 }
[1788815617] smart cmd (render=true): seq_raw_null=true const_seq_ok=true
[1788815617] smart cmd (render=true): seq_raw_null=true const_seq_ok=true
[1788815617] render enter: Some(U8) in=1280x720 out=1536x864 win=(-128,-72) token=1396891973754618 compiled=true snap=true t=57344 step=1024 lstep=1024 scale=25600
[1788815617] execute_plan ok
[1788815617] render enter: Some(U8) in=1280x720 out=1536x864 win=(-128,-72) token=1396891973754618 compiled=true snap=true t=56320 step=1024 lstep=1024 scale=25600
[1788815617] smart cmd (render=false): seq_raw_null=true const_seq_ok=true
[1788815617] execute_plan ok
[1788815617] smart geometry: logical=1280x720 downsample=1/1x1/1 request=PF_LRect { left: -128, top: -72, right: 1408, bottom: 792 } upstream=Rect { left: 0, top: 0, right: 1280, bottom: 720 } frame=Rect { left: 0, top: 0, right: 1280, bottom: 720 } canvas=Rect { left: 0, top: 0, right: 1280, bottom: 720 }
[1788815617] smart cmd (render=true): seq_raw_null=true const_seq_ok=true
[1788815617] render enter: Some(U8) in=1280x720 out=1536x864 win=(-128,-72) token=1396891973754618 compiled=true snap=true t=58368 step=1024 lstep=1024 scale=25600
[1788815617] smart cmd (render=false): seq_raw_null=true const_seq_ok=true
[1788815617] execute_plan ok
[1788815617] smart geometry: logical=1280x720 downsample=1/1x1/1 request=PF_LRect { left: -128, top: -72, right: 1408, bottom: 792 } upstream=Rect { left: 0, top: 0, right: 1280, bottom: 720 } frame=Rect { left: 0, top: 0, right: 1280, bottom: 720 } canvas=Rect { left: 0, top: 0, right: 1280, bottom: 720 }
[1788815617] smart cmd (render=true): seq_raw_null=true const_seq_ok=true
[1788815617] render enter: Some(U8) in=1280x720 out=1536x864 win=(-128,-72) token=1396891973754618 compiled=true snap=true t=59392 step=1024 lstep=1024 scale=25600
[1788815617] execute_plan ok
[1788815617] smart cmd (render=false): seq_raw_null=true const_seq_ok=true
[1788815617] smart geometry: logical=1280x720 downsample=1/1x1/1 request=PF_LRect { left: -128, top: -72, right: 1408, bottom: 792 } upstream=Rect { left: 0, top: 0, right: 1280, bottom: 720 } frame=Rect { left: 0, top: 0, right: 1280, bottom: 720 } canvas=Rect { left: 0, top: 0, right: 1280, bottom: 720 }
[1788815617] smart cmd (render=true): seq_raw_null=true const_seq_ok=true
[1788815617] render enter: Some(U8) in=1280x720 out=1536x864 win=(-128,-72) token=1396891973754618 compiled=true snap=true t=60416 step=1024 lstep=1024 scale=25600
[1788815617] execute_plan ok
[1788815617] smart cmd (render=false): seq_raw_null=true const_seq_ok=true
[1788815617] smart geometry: logical=1280x720 downsample=1/1x1/1 request=PF_LRect { left: -128, top: -72, right: 1408, bottom: 792 } upstream=Rect { left: 0, top: 0, right: 1280, bottom: 720 } frame=Rect { left: 0, top: 0, right: 1280, bottom: 720 } canvas=Rect { left: 0, top: 0, right: 1280, bottom: 720 }
[1788815617] smart cmd (render=true): seq_raw_null=true const_seq_ok=true
[1788815617] render enter: Some(U8) in=1280x720 out=1536x864 win=(-128,-72) token=1396891973754618 compiled=true snap=true t=61440 step=1024 lstep=1024 scale=25600
[1788815617] execute_plan ok
[1788815617] smart cmd (render=false): seq_raw_null=true const_seq_ok=true
[1788815617] smart geometry: logical=1280x720 downsample=1/1x1/1 request=PF_LRect { left: -128, top: -72, right: 1408, bottom: 792 } upstream=Rect { left: 0, top: 0, right: 1280, bottom: 720 } frame=Rect { left: 0, top: 0, right: 1280, bottom: 720 } canvas=Rect { left: 0, top: 0, right: 1280, bottom: 720 }
[1788815617] smart cmd (render=true): seq_raw_null=true const_seq_ok=true
[1788815617] render enter: Some(U8) in=1280x720 out=1536x864 win=(-128,-72) token=1396891973754618 compiled=true snap=true t=62464 step=1024 lstep=1024 scale=25600
[1788815617] execute_plan ok
[1788815617] smart cmd (render=false): seq_raw_null=true const_seq_ok=true
[1788815617] smart cmd (render=false): seq_raw_null=true const_seq_ok=true
[1788815617] smart geometry: logical=1280x720 downsample=1/1x1/1 request=PF_LRect { left: -128, top: -72, right: 1408, bottom: 792 } upstream=Rect { left: 0, top: 0, right: 1280, bottom: 720 } frame=Rect { left: 0, top: 0, right: 1280, bottom: 720 } canvas=Rect { left: 0, top: 0, right: 1280, bottom: 720 }
[1788815617] smart geometry: logical=1280x720 downsample=1/1x1/1 request=PF_LRect { left: -128, top: -72, right: 1408, bottom: 792 } upstream=Rect { left: 0, top: 0, right: 1280, bottom: 720 } frame=Rect { left: 0, top: 0, right: 1280, bottom: 720 } canvas=Rect { left: 0, top: 0, right: 1280, bottom: 720 }
[1788815617] smart cmd (render=true): seq_raw_null=true const_seq_ok=true
[1788815617] smart cmd (render=true): seq_raw_null=true const_seq_ok=true
[1788815617] render enter: Some(U8) in=1280x720 out=1536x864 win=(-128,-72) token=1396891973754618 compiled=true snap=true t=63488 step=1024 lstep=1024 scale=25600
[1788815617] execute_plan ok
[1788815617] render enter: Some(U8) in=1280x720 out=1536x864 win=(-128,-72) token=1396891973754618 compiled=true snap=true t=64512 step=1024 lstep=1024 scale=25600
[1788815617] smart cmd (render=false): seq_raw_null=true const_seq_ok=true
[1788815617] execute_plan ok
[1788815617] smart geometry: logical=1280x720 downsample=1/1x1/1 request=PF_LRect { left: -128, top: -72, right: 1408, bottom: 792 } upstream=Rect { left: 0, top: 0, right: 1280, bottom: 720 } frame=Rect { left: 0, top: 0, right: 1280, bottom: 720 } canvas=Rect { left: 0, top: 0, right: 1280, bottom: 720 }
[1788815617] smart cmd (render=true): seq_raw_null=true const_seq_ok=true
[1788815617] render enter: Some(U8) in=1280x720 out=1536x864 win=(-128,-72) token=1396891973754618 compiled=true snap=true t=65536 step=1024 lstep=1024 scale=25600
[1788815617] smart cmd (render=false): seq_raw_null=true const_seq_ok=true
[1788815617] execute_plan ok
[1788815617] smart geometry: logical=1280x720 downsample=1/1x1/1 request=PF_LRect { left: -128, top: -72, right: 1408, bottom: 792 } upstream=Rect { left: 0, top: 0, right: 1280, bottom: 720 } frame=Rect { left: 0, top: 0, right: 1280, bottom: 720 } canvas=Rect { left: 0, top: 0, right: 1280, bottom: 720 }
[1788815617] smart cmd (render=true): seq_raw_null=true const_seq_ok=true
[1788815617] render enter: Some(U8) in=1280x720 out=1536x864 win=(-128,-72) token=1396891973754618 compiled=true snap=true t=66560 step=1024 lstep=1024 scale=25600
[1788815617] execute_plan ok
[1788815617] smart cmd (render=false): seq_raw_null=true const_seq_ok=true
[1788815617] smart geometry: logical=1280x720 downsample=1/1x1/1 request=PF_LRect { left: -128, top: -72, right: 1408, bottom: 792 } upstream=Rect { left: 0, top: 0, right: 1280, bottom: 720 } frame=Rect { left: 0, top: 0, right: 1280, bottom: 720 } canvas=Rect { left: 0, top: 0, right: 1280, bottom: 720 }
[1788815617] smart cmd (render=true): seq_raw_null=true const_seq_ok=true
[1788815617] render enter: Some(U8) in=1280x720 out=1536x864 win=(-128,-72) token=1396891973754618 compiled=true snap=true t=67584 step=1024 lstep=1024 scale=25600
[1788815617] execute_plan ok
[1788815617] smart cmd (render=false): seq_raw_null=true const_seq_ok=true
[1788815617] smart geometry: logical=1280x720 downsample=1/1x1/1 request=PF_LRect { left: -128, top: -72, right: 1408, bottom: 792 } upstream=Rect { left: 0, top: 0, right: 1280, bottom: 720 } frame=Rect { left: 0, top: 0, right: 1280, bottom: 720 } canvas=Rect { left: 0, top: 0, right: 1280, bottom: 720 }
[1788815617] smart cmd (render=true): seq_raw_null=true const_seq_ok=true
[1788815617] render enter: Some(U8) in=1280x720 out=1536x864 win=(-128,-72) token=1396891973754618 compiled=true snap=true t=68608 step=1024 lstep=1024 scale=25600
[1788815617] execute_plan ok
[1788815617] smart cmd (render=false): seq_raw_null=true const_seq_ok=true
[1788815617] definition resolved from process registry
[1788815617] smart geometry: logical=320x240 downsample=1/3x1/3 request=PF_LRect { left: -10, top: -8, right: 117, bottom: 88 } upstream=Rect { left: 0, top: 0, right: 107, bottom: 80 } frame=Rect { left: 0, top: 0, right: 107, bottom: 80 } canvas=Rect { left: 0, top: 0, right: 107, bottom: 80 }
[1788815617] smart cmd (render=true): seq_raw_null=true const_seq_ok=true
[1788815617] render enter: Some(U8) in=107x80 out=127x96 win=(-10,-8) token=1484363663950204 compiled=true snap=true t=0 step=1024 lstep=1024 scale=25600
[1788815617] pipelines built: 1 pass(es), plan 1 step(s), 0 physical intermediate(s) (~0 KiB transient at 107x80, Rgba8Unorm working format) (adapter="Apple M5" backend=Metal driver=" ")
[1788815617] execute_plan ok
[1788815617] smart cmd (render=false): seq_raw_null=true const_seq_ok=true
[1788815617] smart cmd (render=false): seq_raw_null=true const_seq_ok=true
[1788815617] smart geometry: logical=1280x720 downsample=1/1x1/1 request=PF_LRect { left: -128, top: -72, right: 1408, bottom: 792 } upstream=Rect { left: 0, top: 0, right: 1280, bottom: 720 } frame=Rect { left: 0, top: 0, right: 1280, bottom: 720 } canvas=Rect { left: 0, top: 0, right: 1280, bottom: 720 }
[1788815617] smart geometry: logical=1280x720 downsample=1/1x1/1 request=PF_LRect { left: -128, top: -72, right: 1408, bottom: 792 } upstream=Rect { left: 0, top: 0, right: 1280, bottom: 720 } frame=Rect { left: 0, top: 0, right: 1280, bottom: 720 } canvas=Rect { left: 0, top: 0, right: 1280, bottom: 720 }
[1788815617] smart cmd (render=true): seq_raw_null=true const_seq_ok=true
[1788815617] smart cmd (render=true): seq_raw_null=true const_seq_ok=true
[1788815617] render enter: Some(U8) in=1280x720 out=1536x864 win=(-128,-72) token=1396891973754618 compiled=true snap=true t=69632 step=1024 lstep=1024 scale=25600
[1788815617] execute_plan ok
[1788815617] render enter: Some(U8) in=1280x720 out=1536x864 win=(-128,-72) token=1396891973754618 compiled=true snap=true t=70656 step=1024 lstep=1024 scale=25600
[1788815617] smart cmd (render=false): seq_raw_null=true const_seq_ok=true
[1788815617] execute_plan ok
[1788815617] smart geometry: logical=1280x720 downsample=1/1x1/1 request=PF_LRect { left: -128, top: -72, right: 1408, bottom: 792 } upstream=Rect { left: 0, top: 0, right: 1280, bottom: 720 } frame=Rect { left: 0, top: 0, right: 1280, bottom: 720 } canvas=Rect { left: 0, top: 0, right: 1280, bottom: 720 }
[1788815617] smart cmd (render=true): seq_raw_null=true const_seq_ok=true
[1788815617] render enter: Some(U8) in=1280x720 out=1536x864 win=(-128,-72) token=1396891973754618 compiled=true snap=true t=71680 step=1024 lstep=1024 scale=25600
[1788815617] smart cmd (render=false): seq_raw_null=true const_seq_ok=true
[1788815617] execute_plan ok
[1788815617] smart geometry: logical=1280x720 downsample=1/1x1/1 request=PF_LRect { left: -128, top: -72, right: 1408, bottom: 792 } upstream=Rect { left: 0, top: 0, right: 1280, bottom: 720 } frame=Rect { left: 0, top: 0, right: 1280, bottom: 720 } canvas=Rect { left: 0, top: 0, right: 1280, bottom: 720 }
[1788815617] smart cmd (render=true): seq_raw_null=true const_seq_ok=true
[1788815617] render enter: Some(U8) in=1280x720 out=1536x864 win=(-128,-72) token=1396891973754618 compiled=true snap=true t=72704 step=1024 lstep=1024 scale=25600
[1788815617] execute_plan ok
[1788815617] smart cmd (render=false): seq_raw_null=true const_seq_ok=true
[1788815617] smart geometry: logical=1280x720 downsample=1/1x1/1 request=PF_LRect { left: -128, top: -72, right: 1408, bottom: 792 } upstream=Rect { left: 0, top: 0, right: 1280, bottom: 720 } frame=Rect { left: 0, top: 0, right: 1280, bottom: 720 } canvas=Rect { left: 0, top: 0, right: 1280, bottom: 720 }
[1788815617] smart cmd (render=true): seq_raw_null=true const_seq_ok=true
[1788815617] render enter: Some(U8) in=1280x720 out=1536x864 win=(-128,-72) token=1396891973754618 compiled=true snap=true t=73728 step=1024 lstep=1024 scale=25600
[1788815617] execute_plan ok
[1788815617] smart cmd (render=false): seq_raw_null=true const_seq_ok=true
[1788815617] smart geometry: logical=1280x720 downsample=1/1x1/1 request=PF_LRect { left: -128, top: -72, right: 1408, bottom: 792 } upstream=Rect { left: 0, top: 0, right: 1280, bottom: 720 } frame=Rect { left: 0, top: 0, right: 1280, bottom: 720 } canvas=Rect { left: 0, top: 0, right: 1280, bottom: 720 }
[1788815617] smart cmd (render=true): seq_raw_null=true const_seq_ok=true
[1788815617] render enter: Some(U8) in=1280x720 out=1536x864 win=(-128,-72) token=1396891973754618 compiled=true snap=true t=74752 step=1024 lstep=1024 scale=25600
[1788815617] execute_plan ok
[1788815617] smart cmd (render=false): seq_raw_null=true const_seq_ok=true
[1788815617] smart geometry: logical=1280x720 downsample=1/1x1/1 request=PF_LRect { left: -128, top: -72, right: 1408, bottom: 792 } upstream=Rect { left: 0, top: 0, right: 1280, bottom: 720 } frame=Rect { left: 0, top: 0, right: 1280, bottom: 720 } canvas=Rect { left: 0, top: 0, right: 1280, bottom: 720 }
[1788815617] smart cmd (render=true): seq_raw_null=true const_seq_ok=true
[1788815617] render enter: Some(U8) in=1280x720 out=1536x864 win=(-128,-72) token=1396891973754618 compiled=true snap=true t=75776 step=1024 lstep=1024 scale=25600
[1788815617] execute_plan ok
[1788815617] smart cmd (render=false): seq_raw_null=true const_seq_ok=true
[1788815617] smart cmd (render=false): seq_raw_null=true const_seq_ok=true
[1788815617] smart geometry: logical=1280x720 downsample=1/1x1/1 request=PF_LRect { left: -128, top: -72, right: 1408, bottom: 792 } upstream=Rect { left: 0, top: 0, right: 1280, bottom: 720 } frame=Rect { left: 0, top: 0, right: 1280, bottom: 720 } canvas=Rect { left: 0, top: 0, right: 1280, bottom: 720 }
[1788815617] smart geometry: logical=1280x720 downsample=1/1x1/1 request=PF_LRect { left: -128, top: -72, right: 1408, bottom: 792 } upstream=Rect { left: 0, top: 0, right: 1280, bottom: 720 } frame=Rect { left: 0, top: 0, right: 1280, bottom: 720 } canvas=Rect { left: 0, top: 0, right: 1280, bottom: 720 }
[1788815617] smart cmd (render=true): seq_raw_null=true const_seq_ok=true
[1788815617] smart cmd (render=true): seq_raw_null=true const_seq_ok=true
[1788815617] render enter: Some(U8) in=1280x720 out=1536x864 win=(-128,-72) token=1396891973754618 compiled=true snap=true t=76800 step=1024 lstep=1024 scale=25600
[1788815617] execute_plan ok
[1788815617] render enter: Some(U8) in=1280x720 out=1536x864 win=(-128,-72) token=1396891973754618 compiled=true snap=true t=77824 step=1024 lstep=1024 scale=25600
[1788815617] smart cmd (render=false): seq_raw_null=true const_seq_ok=true
[1788815617] execute_plan ok
[1788815617] smart geometry: logical=1280x720 downsample=1/1x1/1 request=PF_LRect { left: -128, top: -72, right: 1408, bottom: 792 } upstream=Rect { left: 0, top: 0, right: 1280, bottom: 720 } frame=Rect { left: 0, top: 0, right: 1280, bottom: 720 } canvas=Rect { left: 0, top: 0, right: 1280, bottom: 720 }
[1788815617] smart cmd (render=true): seq_raw_null=true const_seq_ok=true
[1788815617] render enter: Some(U8) in=1280x720 out=1536x864 win=(-128,-72) token=1396891973754618 compiled=true snap=true t=78848 step=1024 lstep=1024 scale=25600
[1788815617] execute_plan ok
[1788815617] smart cmd (render=false): seq_raw_null=true const_seq_ok=true
[1788815617] smart geometry: logical=1280x720 downsample=1/1x1/1 request=PF_LRect { left: -128, top: -72, right: 1408, bottom: 792 } upstream=Rect { left: 0, top: 0, right: 1280, bottom: 720 } frame=Rect { left: 0, top: 0, right: 1280, bottom: 720 } canvas=Rect { left: 0, top: 0, right: 1280, bottom: 720 }
[1788815617] smart cmd (render=true): seq_raw_null=true const_seq_ok=true
[1788815617] render enter: Some(U8) in=1280x720 out=1536x864 win=(-128,-72) token=1396891973754618 compiled=true snap=true t=79872 step=1024 lstep=1024 scale=25600
[1788815617] execute_plan ok
[1788815617] smart cmd (render=false): seq_raw_null=true const_seq_ok=true
[1788815617] smart geometry: logical=1280x720 downsample=1/1x1/1 request=PF_LRect { left: -128, top: -72, right: 1408, bottom: 792 } upstream=Rect { left: 0, top: 0, right: 1280, bottom: 720 } frame=Rect { left: 0, top: 0, right: 1280, bottom: 720 } canvas=Rect { left: 0, top: 0, right: 1280, bottom: 720 }
[1788815617] smart cmd (render=true): seq_raw_null=true const_seq_ok=true
[1788815617] render enter: Some(U8) in=1280x720 out=1536x864 win=(-128,-72) token=1396891973754618 compiled=true snap=true t=80896 step=1024 lstep=1024 scale=25600
[1788815617] execute_plan ok
[1788815617] smart cmd (render=false): seq_raw_null=true const_seq_ok=true
[1788815617] smart geometry: logical=1280x720 downsample=1/1x1/1 request=PF_LRect { left: -128, top: -72, right: 1408, bottom: 792 } upstream=Rect { left: 0, top: 0, right: 1280, bottom: 720 } frame=Rect { left: 0, top: 0, right: 1280, bottom: 720 } canvas=Rect { left: 0, top: 0, right: 1280, bottom: 720 }
[1788815617] smart cmd (render=true): seq_raw_null=true const_seq_ok=true
[1788815617] render enter: Some(U8) in=1280x720 out=1536x864 win=(-128,-72) token=1396891973754618 compiled=true snap=true t=81920 step=1024 lstep=1024 scale=25600
[1788815617] execute_plan ok
[1788815617] smart cmd (render=false): seq_raw_null=true const_seq_ok=true
[1788815617] smart geometry: logical=1280x720 downsample=1/1x1/1 request=PF_LRect { left: -128, top: -72, right: 1408, bottom: 792 } upstream=Rect { left: 0, top: 0, right: 1280, bottom: 720 } frame=Rect { left: 0, top: 0, right: 1280, bottom: 720 } canvas=Rect { left: 0, top: 0, right: 1280, bottom: 720 }
[1788815617] smart cmd (render=true): seq_raw_null=true const_seq_ok=true
[1788815617] render enter: Some(U8) in=1280x720 out=1536x864 win=(-128,-72) token=1396891973754618 compiled=true snap=true t=82944 step=1024 lstep=1024 scale=25600
[1788815617] execute_plan ok
[1788815617] smart cmd (render=false): seq_raw_null=true const_seq_ok=true
[1788815617] smart cmd (render=false): seq_raw_null=true const_seq_ok=true
[1788815617] smart geometry: logical=1280x720 downsample=1/1x1/1 request=PF_LRect { left: -128, top: -72, right: 1408, bottom: 792 } upstream=Rect { left: 0, top: 0, right: 1280, bottom: 720 } frame=Rect { left: 0, top: 0, right: 1280, bottom: 720 } canvas=Rect { left: 0, top: 0, right: 1280, bottom: 720 }
[1788815617] smart geometry: logical=1280x720 downsample=1/1x1/1 request=PF_LRect { left: -128, top: -72, right: 1408, bottom: 792 } upstream=Rect { left: 0, top: 0, right: 1280, bottom: 720 } frame=Rect { left: 0, top: 0, right: 1280, bottom: 720 } canvas=Rect { left: 0, top: 0, right: 1280, bottom: 720 }
[1788815617] status: compiled: 1 pass, 1 params
[1788815617] smart cmd (render=false): seq_raw_null=true const_seq_ok=true
[1788815617] smart geometry: logical=320x240 downsample=1/1x1/1 request=PF_LRect { left: 155, top: 115, right: 166, bottom: 126 } upstream=Rect { left: 0, top: 0, right: 320, bottom: 240 } frame=Rect { left: 0, top: 0, right: 320, bottom: 240 } canvas=Rect { left: 0, top: 0, right: 320, bottom: 240 }
[1788815617] smart cmd (render=true): seq_raw_null=true const_seq_ok=true
[1788815617] render enter: Some(U8) in=320x240 out=11x11 win=(155,115) token=1484363663950204 compiled=true snap=true t=25600 step=1024 lstep=1024 scale=25600
[1788815617] slots configured: 1 bound (names_ok=true, visibility_ok=true)
[1788815617] execute_plan ok
[1788815617] smart cmd (render=false): seq_raw_null=true const_seq_ok=true
[1788815617] smart geometry: logical=320x240 downsample=1/1x1/1 request=PF_LRect { left: -32, top: -24, right: 352, bottom: 264 } upstream=Rect { left: 0, top: 0, right: 320, bottom: 240 } frame=Rect { left: 0, top: 0, right: 320, bottom: 240 } canvas=Rect { left: 0, top: 0, right: 320, bottom: 240 }
[1788815617] smart cmd (render=true): seq_raw_null=true const_seq_ok=true
[1788815617] render enter: Some(U8) in=320x240 out=384x288 win=(-32,-24) token=1484363663950204 compiled=true snap=true t=0 step=1024 lstep=1024 scale=25600
[1788815617] execute_plan ok
[1788815618] smart cmd (render=false): seq_raw_null=true const_seq_ok=true
[1788815618] definition resolved from process registry
[1788815618] smart geometry: logical=320x240 downsample=1/3x1/3 request=PF_LRect { left: -10, top: -8, right: 117, bottom: 88 } upstream=Rect { left: 0, top: 0, right: 107, bottom: 80 } frame=Rect { left: 0, top: 0, right: 107, bottom: 80 } canvas=Rect { left: 0, top: 0, right: 107, bottom: 80 }
[1788815618] smart cmd (render=true): seq_raw_null=true const_seq_ok=true
[1788815618] render enter: Some(U8) in=107x80 out=127x96 win=(-10,-8) token=1909732596588163 compiled=true snap=true t=0 step=1024 lstep=1024 scale=25600
[1788815618] pipelines built: 1 pass(es), plan 1 step(s), 0 physical intermediate(s) (~0 KiB transient at 107x80, Rgba8Unorm working format) (adapter="Apple M5" backend=Metal driver=" ")
[1788815618] temporal window: 1 iteration(s) (W=4) at frame 0 (raw 0)
[1788815618] execute_plan ok
[1788815618] smart cmd (render=false): seq_raw_null=true const_seq_ok=true
[1788815618] smart geometry: logical=320x240 downsample=1/1x1/1 request=PF_LRect { left: 155, top: 115, right: 166, bottom: 126 } upstream=Rect { left: 0, top: 0, right: 320, bottom: 240 } frame=Rect { left: 0, top: 0, right: 320, bottom: 240 } canvas=Rect { left: 0, top: 0, right: 320, bottom: 240 }
[1788815618] smart cmd (render=true): seq_raw_null=true const_seq_ok=true
[1788815618] render enter: Some(U8) in=320x240 out=11x11 win=(155,115) token=1909732596588163 compiled=true snap=true t=20480 step=1024 lstep=1024 scale=25600
[1788815618] temporal window: 4 iteration(s) (W=4) at frame 20 (raw 20)
[1788815618] status: compiled: 1 pass, 0 params
[1788815618] execute_plan ok
[1788815618] slots configured: 0 bound (names_ok=true, visibility_ok=true)
[1788815618] smart cmd (render=false): seq_raw_null=true const_seq_ok=true
[1788815618] smart geometry: logical=320x240 downsample=1/1x1/1 request=PF_LRect { left: -32, top: -24, right: 352, bottom: 264 } upstream=Rect { left: 0, top: 0, right: 320, bottom: 240 } frame=Rect { left: 0, top: 0, right: 320, bottom: 240 } canvas=Rect { left: 0, top: 0, right: 320, bottom: 240 }
[1788815618] smart cmd (render=true): seq_raw_null=true const_seq_ok=true
[1788815618] render enter: Some(U8) in=320x240 out=384x288 win=(-32,-24) token=1909732596588163 compiled=true snap=true t=0 step=1024 lstep=1024 scale=25600
[1788815618] temporal window: 1 iteration(s) (W=4) at frame 0 (raw 0)
[1788815618] execute_plan ok
[1788815628] smart cmd (render=false): seq_raw_null=true const_seq_ok=true
[1788815628] smart geometry: logical=1280x720 downsample=1/1x1/1 request=PF_LRect { left: -128, top: -72, right: 1408, bottom: 792 } upstream=Rect { left: 0, top: 0, right: 1280, bottom: 720 } frame=Rect { left: 0, top: 0, right: 1280, bottom: 720 } canvas=Rect { left: 0, top: 0, right: 1280, bottom: 720 }
[1788815628] smart cmd (render=true): seq_raw_null=true const_seq_ok=true
[1788815628] render enter: Some(U8) in=1280x720 out=1536x864 win=(-128,-72) token=1396891973754618 compiled=true snap=true t=83968 step=1024 lstep=1024 scale=25600
[1788815628] execute_plan ok
[1788815628] smart cmd (render=false): seq_raw_null=true const_seq_ok=true
[1788815628] smart geometry: logical=1280x720 downsample=1/1x1/1 request=PF_LRect { left: -128, top: -72, right: 1408, bottom: 792 } upstream=Rect { left: 0, top: 0, right: 1280, bottom: 720 } frame=Rect { left: 0, top: 0, right: 1280, bottom: 720 } canvas=Rect { left: 0, top: 0, right: 1280, bottom: 720 }
[1788815628] smart cmd (render=true): seq_raw_null=true const_seq_ok=true
[1788815628] render enter: Some(U8) in=1280x720 out=1536x864 win=(-128,-72) token=1396891973754618 compiled=true snap=true t=84992 step=1024 lstep=1024 scale=25600
[1788815628] execute_plan ok
[1788815628] smart cmd (render=false): seq_raw_null=true const_seq_ok=true
[1788815628] smart geometry: logical=1280x720 downsample=1/1x1/1 request=PF_LRect { left: -128, top: -72, right: 1408, bottom: 792 } upstream=Rect { left: 0, top: 0, right: 1280, bottom: 720 } frame=Rect { left: 0, top: 0, right: 1280, bottom: 720 } canvas=Rect { left: 0, top: 0, right: 1280, bottom: 720 }
[1788815628] smart cmd (render=true): seq_raw_null=true const_seq_ok=true
[1788815628] render enter: Some(U8) in=1280x720 out=1536x864 win=(-128,-72) token=1396891973754618 compiled=true snap=true t=87040 step=1024 lstep=1024 scale=25600
[1788815628] smart cmd (render=false): seq_raw_null=true const_seq_ok=true
[1788815628] execute_plan ok
[1788815628] smart geometry: logical=1280x720 downsample=1/1x1/1 request=PF_LRect { left: -128, top: -72, right: 1408, bottom: 792 } upstream=Rect { left: 0, top: 0, right: 1280, bottom: 720 } frame=Rect { left: 0, top: 0, right: 1280, bottom: 720 } canvas=Rect { left: 0, top: 0, right: 1280, bottom: 720 }
[1788815628] smart cmd (render=true): seq_raw_null=true const_seq_ok=true
[1788815628] render enter: Some(U8) in=1280x720 out=1536x864 win=(-128,-72) token=1396891973754618 compiled=true snap=true t=86016 step=1024 lstep=1024 scale=25600
[1788815628] smart cmd (render=false): seq_raw_null=true const_seq_ok=true
[1788815628] execute_plan ok
[1788815628] smart geometry: logical=1280x720 downsample=1/1x1/1 request=PF_LRect { left: -128, top: -72, right: 1408, bottom: 792 } upstream=Rect { left: 0, top: 0, right: 1280, bottom: 720 } frame=Rect { left: 0, top: 0, right: 1280, bottom: 720 } canvas=Rect { left: 0, top: 0, right: 1280, bottom: 720 }
[1788815628] smart cmd (render=true): seq_raw_null=true const_seq_ok=true
[1788815628] render enter: Some(U8) in=1280x720 out=1536x864 win=(-128,-72) token=1396891973754618 compiled=true snap=true t=88064 step=1024 lstep=1024 scale=25600
[1788815628] smart cmd (render=false): seq_raw_null=true const_seq_ok=true
[1788815628] execute_plan ok
[1788815628] smart geometry: logical=1280x720 downsample=1/1x1/1 request=PF_LRect { left: -128, top: -72, right: 1408, bottom: 792 } upstream=Rect { left: 0, top: 0, right: 1280, bottom: 720 } frame=Rect { left: 0, top: 0, right: 1280, bottom: 720 } canvas=Rect { left: 0, top: 0, right: 1280, bottom: 720 }
[1788815628] smart cmd (render=true): seq_raw_null=true const_seq_ok=true
[1788815628] render enter: Some(U8) in=1280x720 out=1536x864 win=(-128,-72) token=1396891973754618 compiled=true snap=true t=89088 step=1024 lstep=1024 scale=25600
[1788815628] execute_plan ok
[1788815628] smart cmd (render=false): seq_raw_null=true const_seq_ok=true
[1788815628] smart geometry: logical=1280x720 downsample=1/1x1/1 request=PF_LRect { left: -128, top: -72, right: 1408, bottom: 792 } upstream=Rect { left: 0, top: 0, right: 1280, bottom: 720 } frame=Rect { left: 0, top: 0, right: 1280, bottom: 720 } canvas=Rect { left: 0, top: 0, right: 1280, bottom: 720 }
[1788815628] smart cmd (render=true): seq_raw_null=true const_seq_ok=true
[1788815628] render enter: Some(U8) in=1280x720 out=1536x864 win=(-128,-72) token=1396891973754618 compiled=true snap=true t=90112 step=1024 lstep=1024 scale=25600
[1788815628] execute_plan ok
[1788815628] smart cmd (render=false): seq_raw_null=true const_seq_ok=true
[1788815628] smart geometry: logical=1280x720 downsample=1/1x1/1 request=PF_LRect { left: -128, top: -72, right: 1408, bottom: 792 } upstream=Rect { left: 0, top: 0, right: 1280, bottom: 720 } frame=Rect { left: 0, top: 0, right: 1280, bottom: 720 } canvas=Rect { left: 0, top: 0, right: 1280, bottom: 720 }
[1788815628] smart cmd (render=true): seq_raw_null=true const_seq_ok=true
[1788815628] render enter: Some(U8) in=1280x720 out=1536x864 win=(-128,-72) token=1396891973754618 compiled=true snap=true t=91136 step=1024 lstep=1024 scale=25600
[1788815628] execute_plan ok
[1788815628] smart cmd (render=false): seq_raw_null=true const_seq_ok=true
[1788815628] smart geometry: logical=1280x720 downsample=1/1x1/1 request=PF_LRect { left: -128, top: -72, right: 1408, bottom: 792 } upstream=Rect { left: 0, top: 0, right: 1280, bottom: 720 } frame=Rect { left: 0, top: 0, right: 1280, bottom: 720 } canvas=Rect { left: 0, top: 0, right: 1280, bottom: 720 }
[1788815628] smart cmd (render=true): seq_raw_null=true const_seq_ok=true
[1788815628] render enter: Some(U8) in=1280x720 out=1536x864 win=(-128,-72) token=1396891973754618 compiled=true snap=true t=92160 step=1024 lstep=1024 scale=25600
[1788815628] execute_plan ok
[1788815628] smart cmd (render=false): seq_raw_null=true const_seq_ok=true
[1788815628] smart cmd (render=false): seq_raw_null=true const_seq_ok=true
[1788815628] smart geometry: logical=1280x720 downsample=1/1x1/1 request=PF_LRect { left: -128, top: -72, right: 1408, bottom: 792 } upstream=Rect { left: 0, top: 0, right: 1280, bottom: 720 } frame=Rect { left: 0, top: 0, right: 1280, bottom: 720 } canvas=Rect { left: 0, top: 0, right: 1280, bottom: 720 }
[1788815628] smart geometry: logical=1280x720 downsample=1/1x1/1 request=PF_LRect { left: -128, top: -72, right: 1408, bottom: 792 } upstream=Rect { left: 0, top: 0, right: 1280, bottom: 720 } frame=Rect { left: 0, top: 0, right: 1280, bottom: 720 } canvas=Rect { left: 0, top: 0, right: 1280, bottom: 720 }
[1788815628] smart cmd (render=true): seq_raw_null=true const_seq_ok=true
[1788815628] smart cmd (render=true): seq_raw_null=true const_seq_ok=true
[1788815628] render enter: Some(U8) in=1280x720 out=1536x864 win=(-128,-72) token=1396891973754618 compiled=true snap=true t=94208 step=1024 lstep=1024 scale=25600
[1788815628] execute_plan ok
[1788815628] render enter: Some(U8) in=1280x720 out=1536x864 win=(-128,-72) token=1396891973754618 compiled=true snap=true t=93184 step=1024 lstep=1024 scale=25600
[1788815628] smart cmd (render=false): seq_raw_null=true const_seq_ok=true
[1788815628] execute_plan ok
[1788815628] smart geometry: logical=1280x720 downsample=1/1x1/1 request=PF_LRect { left: -128, top: -72, right: 1408, bottom: 792 } upstream=Rect { left: 0, top: 0, right: 1280, bottom: 720 } frame=Rect { left: 0, top: 0, right: 1280, bottom: 720 } canvas=Rect { left: 0, top: 0, right: 1280, bottom: 720 }
[1788815628] smart cmd (render=true): seq_raw_null=true const_seq_ok=true
[1788815628] render enter: Some(U8) in=1280x720 out=1536x864 win=(-128,-72) token=1396891973754618 compiled=true snap=true t=95232 step=1024 lstep=1024 scale=25600
[1788815628] smart cmd (render=false): seq_raw_null=true const_seq_ok=true
[1788815628] execute_plan ok
[1788815628] smart geometry: logical=1280x720 downsample=1/1x1/1 request=PF_LRect { left: -128, top: -72, right: 1408, bottom: 792 } upstream=Rect { left: 0, top: 0, right: 1280, bottom: 720 } frame=Rect { left: 0, top: 0, right: 1280, bottom: 720 } canvas=Rect { left: 0, top: 0, right: 1280, bottom: 720 }
[1788815628] smart cmd (render=true): seq_raw_null=true const_seq_ok=true
[1788815628] render enter: Some(U8) in=1280x720 out=1536x864 win=(-128,-72) token=1396891973754618 compiled=true snap=true t=96256 step=1024 lstep=1024 scale=25600
[1788815628] execute_plan ok
[1788815628] smart cmd (render=false): seq_raw_null=true const_seq_ok=true
[1788815628] smart geometry: logical=1280x720 downsample=1/1x1/1 request=PF_LRect { left: -128, top: -72, right: 1408, bottom: 792 } upstream=Rect { left: 0, top: 0, right: 1280, bottom: 720 } frame=Rect { left: 0, top: 0, right: 1280, bottom: 720 } canvas=Rect { left: 0, top: 0, right: 1280, bottom: 720 }
[1788815628] smart cmd (render=true): seq_raw_null=true const_seq_ok=true
[1788815628] render enter: Some(U8) in=1280x720 out=1536x864 win=(-128,-72) token=1396891973754618 compiled=true snap=true t=97280 step=1024 lstep=1024 scale=25600
[1788815628] execute_plan ok
[1788815628] smart cmd (render=false): seq_raw_null=true const_seq_ok=true
[1788815628] smart geometry: logical=1280x720 downsample=1/1x1/1 request=PF_LRect { left: -128, top: -72, right: 1408, bottom: 792 } upstream=Rect { left: 0, top: 0, right: 1280, bottom: 720 } frame=Rect { left: 0, top: 0, right: 1280, bottom: 720 } canvas=Rect { left: 0, top: 0, right: 1280, bottom: 720 }
[1788815628] smart cmd (render=true): seq_raw_null=true const_seq_ok=true
[1788815628] render enter: Some(U8) in=1280x720 out=1536x864 win=(-128,-72) token=1396891973754618 compiled=true snap=true t=98304 step=1024 lstep=1024 scale=25600
[1788815628] execute_plan ok
[1788815628] smart cmd (render=false): seq_raw_null=true const_seq_ok=true
[1788815628] smart geometry: logical=1280x720 downsample=1/1x1/1 request=PF_LRect { left: -128, top: -72, right: 1408, bottom: 792 } upstream=Rect { left: 0, top: 0, right: 1280, bottom: 720 } frame=Rect { left: 0, top: 0, right: 1280, bottom: 720 } canvas=Rect { left: 0, top: 0, right: 1280, bottom: 720 }
[1788815628] smart cmd (render=true): seq_raw_null=true const_seq_ok=true
[1788815628] render enter: Some(U8) in=1280x720 out=1536x864 win=(-128,-72) token=1396891973754618 compiled=true snap=true t=99328 step=1024 lstep=1024 scale=25600
[1788815628] execute_plan ok
[1788815628] smart cmd (render=false): seq_raw_null=true const_seq_ok=true
[1788815628] smart cmd (render=false): seq_raw_null=true const_seq_ok=true
[1788815628] smart geometry: logical=1280x720 downsample=1/1x1/1 request=PF_LRect { left: -128, top: -72, right: 1408, bottom: 792 } upstream=Rect { left: 0, top: 0, right: 1280, bottom: 720 } frame=Rect { left: 0, top: 0, right: 1280, bottom: 720 } canvas=Rect { left: 0, top: 0, right: 1280, bottom: 720 }
[1788815628] smart geometry: logical=1280x720 downsample=1/1x1/1 request=PF_LRect { left: -128, top: -72, right: 1408, bottom: 792 } upstream=Rect { left: 0, top: 0, right: 1280, bottom: 720 } frame=Rect { left: 0, top: 0, right: 1280, bottom: 720 } canvas=Rect { left: 0, top: 0, right: 1280, bottom: 720 }
[1788815628] smart cmd (render=true): seq_raw_null=true const_seq_ok=true
[1788815628] smart cmd (render=true): seq_raw_null=true const_seq_ok=true
[1788815628] render enter: Some(U8) in=1280x720 out=1536x864 win=(-128,-72) token=1396891973754618 compiled=true snap=true t=100352 step=1024 lstep=1024 scale=25600
[1788815628] execute_plan ok
[1788815628] render enter: Some(U8) in=1280x720 out=1536x864 win=(-128,-72) token=1396891973754618 compiled=true snap=true t=101376 step=1024 lstep=1024 scale=25600
[1788815628] smart cmd (render=false): seq_raw_null=true const_seq_ok=true
[1788815628] execute_plan ok
[1788815628] smart geometry: logical=1280x720 downsample=1/1x1/1 request=PF_LRect { left: -128, top: -72, right: 1408, bottom: 792 } upstream=Rect { left: 0, top: 0, right: 1280, bottom: 720 } frame=Rect { left: 0, top: 0, right: 1280, bottom: 720 } canvas=Rect { left: 0, top: 0, right: 1280, bottom: 720 }
[1788815628] smart cmd (render=true): seq_raw_null=true const_seq_ok=true
[1788815628] render enter: Some(U8) in=1280x720 out=1536x864 win=(-128,-72) token=1396891973754618 compiled=true snap=true t=102400 step=1024 lstep=1024 scale=25600
[1788815628] smart cmd (render=false): seq_raw_null=true const_seq_ok=true
[1788815628] execute_plan ok
[1788815628] smart geometry: logical=1280x720 downsample=1/1x1/1 request=PF_LRect { left: -128, top: -72, right: 1408, bottom: 792 } upstream=Rect { left: 0, top: 0, right: 1280, bottom: 720 } frame=Rect { left: 0, top: 0, right: 1280, bottom: 720 } canvas=Rect { left: 0, top: 0, right: 1280, bottom: 720 }
[1788815628] smart cmd (render=true): seq_raw_null=true const_seq_ok=true
[1788815628] render enter: Some(U8) in=1280x720 out=1536x864 win=(-128,-72) token=1396891973754618 compiled=true snap=true t=103424 step=1024 lstep=1024 scale=25600
[1788815628] execute_plan ok
[1788815628] smart cmd (render=false): seq_raw_null=true const_seq_ok=true
[1788815628] smart geometry: logical=1280x720 downsample=1/1x1/1 request=PF_LRect { left: -128, top: -72, right: 1408, bottom: 792 } upstream=Rect { left: 0, top: 0, right: 1280, bottom: 720 } frame=Rect { left: 0, top: 0, right: 1280, bottom: 720 } canvas=Rect { left: 0, top: 0, right: 1280, bottom: 720 }
[1788815628] smart cmd (render=true): seq_raw_null=true const_seq_ok=true
[1788815628] render enter: Some(U8) in=1280x720 out=1536x864 win=(-128,-72) token=1396891973754618 compiled=true snap=true t=104448 step=1024 lstep=1024 scale=25600
[1788815628] execute_plan ok
[1788815628] smart cmd (render=false): seq_raw_null=true const_seq_ok=true
[1788815628] smart geometry: logical=1280x720 downsample=1/1x1/1 request=PF_LRect { left: -128, top: -72, right: 1408, bottom: 792 } upstream=Rect { left: 0, top: 0, right: 1280, bottom: 720 } frame=Rect { left: 0, top: 0, right: 1280, bottom: 720 } canvas=Rect { left: 0, top: 0, right: 1280, bottom: 720 }
[1788815628] smart cmd (render=true): seq_raw_null=true const_seq_ok=true
[1788815628] render enter: Some(U8) in=1280x720 out=1536x864 win=(-128,-72) token=1396891973754618 compiled=true snap=true t=105472 step=1024 lstep=1024 scale=25600
[1788815628] execute_plan ok
[1788815628] smart cmd (render=false): seq_raw_null=true const_seq_ok=true
[1788815628] smart geometry: logical=1280x720 downsample=1/1x1/1 request=PF_LRect { left: -128, top: -72, right: 1408, bottom: 792 } upstream=Rect { left: 0, top: 0, right: 1280, bottom: 720 } frame=Rect { left: 0, top: 0, right: 1280, bottom: 720 } canvas=Rect { left: 0, top: 0, right: 1280, bottom: 720 }
[1788815628] smart cmd (render=true): seq_raw_null=true const_seq_ok=true
[1788815628] render enter: Some(U8) in=1280x720 out=1536x864 win=(-128,-72) token=1396891973754618 compiled=true snap=true t=106496 step=1024 lstep=1024 scale=25600
[1788815628] execute_plan ok
[1788815628] smart cmd (render=false): seq_raw_null=true const_seq_ok=true
[1788815628] smart cmd (render=false): seq_raw_null=true const_seq_ok=true
[1788815628] smart geometry: logical=1280x720 downsample=1/1x1/1 request=PF_LRect { left: -128, top: -72, right: 1408, bottom: 792 } upstream=Rect { left: 0, top: 0, right: 1280, bottom: 720 } frame=Rect { left: 0, top: 0, right: 1280, bottom: 720 } canvas=Rect { left: 0, top: 0, right: 1280, bottom: 720 }
[1788815628] smart geometry: logical=1280x720 downsample=1/1x1/1 request=PF_LRect { left: -128, top: -72, right: 1408, bottom: 792 } upstream=Rect { left: 0, top: 0, right: 1280, bottom: 720 } frame=Rect { left: 0, top: 0, right: 1280, bottom: 720 } canvas=Rect { left: 0, top: 0, right: 1280, bottom: 720 }
[1788815628] smart cmd (render=true): seq_raw_null=true const_seq_ok=true
[1788815628] smart cmd (render=true): seq_raw_null=true const_seq_ok=true
[1788815628] render enter: Some(U8) in=1280x720 out=1536x864 win=(-128,-72) token=1396891973754618 compiled=true snap=true t=107520 step=1024 lstep=1024 scale=25600
[1788815628] execute_plan ok
[1788815628] render enter: Some(U8) in=1280x720 out=1536x864 win=(-128,-72) token=1396891973754618 compiled=true snap=true t=108544 step=1024 lstep=1024 scale=25600
[1788815628] smart cmd (render=false): seq_raw_null=true const_seq_ok=true
[1788815628] execute_plan ok
[1788815628] smart geometry: logical=1280x720 downsample=1/1x1/1 request=PF_LRect { left: -128, top: -72, right: 1408, bottom: 792 } upstream=Rect { left: 0, top: 0, right: 1280, bottom: 720 } frame=Rect { left: 0, top: 0, right: 1280, bottom: 720 } canvas=Rect { left: 0, top: 0, right: 1280, bottom: 720 }
[1788815628] smart cmd (render=true): seq_raw_null=true const_seq_ok=true
[1788815628] render enter: Some(U8) in=1280x720 out=1536x864 win=(-128,-72) token=1396891973754618 compiled=true snap=true t=109568 step=1024 lstep=1024 scale=25600
[1788815628] smart cmd (render=false): seq_raw_null=true const_seq_ok=true
[1788815628] execute_plan ok
[1788815628] smart geometry: logical=1280x720 downsample=1/1x1/1 request=PF_LRect { left: -128, top: -72, right: 1408, bottom: 792 } upstream=Rect { left: 0, top: 0, right: 1280, bottom: 720 } frame=Rect { left: 0, top: 0, right: 1280, bottom: 720 } canvas=Rect { left: 0, top: 0, right: 1280, bottom: 720 }
[1788815628] smart cmd (render=true): seq_raw_null=true const_seq_ok=true
[1788815628] render enter: Some(U8) in=1280x720 out=1536x864 win=(-128,-72) token=1396891973754618 compiled=true snap=true t=110592 step=1024 lstep=1024 scale=25600
[1788815628] execute_plan ok
[1788815628] smart cmd (render=false): seq_raw_null=true const_seq_ok=true
[1788815628] smart geometry: logical=1280x720 downsample=1/1x1/1 request=PF_LRect { left: -128, top: -72, right: 1408, bottom: 792 } upstream=Rect { left: 0, top: 0, right: 1280, bottom: 720 } frame=Rect { left: 0, top: 0, right: 1280, bottom: 720 } canvas=Rect { left: 0, top: 0, right: 1280, bottom: 720 }
[1788815628] smart cmd (render=true): seq_raw_null=true const_seq_ok=true
[1788815628] render enter: Some(U8) in=1280x720 out=1536x864 win=(-128,-72) token=1396891973754618 compiled=true snap=true t=111616 step=1024 lstep=1024 scale=25600
[1788815628] execute_plan ok
[1788815628] smart cmd (render=false): seq_raw_null=true const_seq_ok=true
[1788815628] smart geometry: logical=1280x720 downsample=1/1x1/1 request=PF_LRect { left: -128, top: -72, right: 1408, bottom: 792 } upstream=Rect { left: 0, top: 0, right: 1280, bottom: 720 } frame=Rect { left: 0, top: 0, right: 1280, bottom: 720 } canvas=Rect { left: 0, top: 0, right: 1280, bottom: 720 }
[1788815628] smart cmd (render=true): seq_raw_null=true const_seq_ok=true
[1788815628] render enter: Some(U8) in=1280x720 out=1536x864 win=(-128,-72) token=1396891973754618 compiled=true snap=true t=112640 step=1024 lstep=1024 scale=25600
[1788815628] execute_plan ok
[1788815628] smart cmd (render=false): seq_raw_null=true const_seq_ok=true
[1788815628] smart geometry: logical=1280x720 downsample=1/1x1/1 request=PF_LRect { left: -128, top: -72, right: 1408, bottom: 792 } upstream=Rect { left: 0, top: 0, right: 1280, bottom: 720 } frame=Rect { left: 0, top: 0, right: 1280, bottom: 720 } canvas=Rect { left: 0, top: 0, right: 1280, bottom: 720 }
[1788815628] smart cmd (render=true): seq_raw_null=true const_seq_ok=true
[1788815628] render enter: Some(U8) in=1280x720 out=1536x864 win=(-128,-72) token=1396891973754618 compiled=true snap=true t=113664 step=1024 lstep=1024 scale=25600
[1788815628] execute_plan ok
[1788815628] smart cmd (render=false): seq_raw_null=true const_seq_ok=true
[1788815628] smart cmd (render=false): seq_raw_null=true const_seq_ok=true
[1788815628] smart geometry: logical=1280x720 downsample=1/1x1/1 request=PF_LRect { left: -128, top: -72, right: 1408, bottom: 792 } upstream=Rect { left: 0, top: 0, right: 1280, bottom: 720 } frame=Rect { left: 0, top: 0, right: 1280, bottom: 720 } canvas=Rect { left: 0, top: 0, right: 1280, bottom: 720 }
[1788815628] smart geometry: logical=1280x720 downsample=1/1x1/1 request=PF_LRect { left: -128, top: -72, right: 1408, bottom: 792 } upstream=Rect { left: 0, top: 0, right: 1280, bottom: 720 } frame=Rect { left: 0, top: 0, right: 1280, bottom: 720 } canvas=Rect { left: 0, top: 0, right: 1280, bottom: 720 }
[1788815628] smart cmd (render=true): seq_raw_null=true const_seq_ok=true
[1788815628] smart cmd (render=true): seq_raw_null=true const_seq_ok=true
[1788815628] render enter: Some(U8) in=1280x720 out=1536x864 win=(-128,-72) token=1396891973754618 compiled=true snap=true t=115712 step=1024 lstep=1024 scale=25600
[1788815628] execute_plan ok
[1788815628] render enter: Some(U8) in=1280x720 out=1536x864 win=(-128,-72) token=1396891973754618 compiled=true snap=true t=114688 step=1024 lstep=1024 scale=25600
[1788815628] smart cmd (render=false): seq_raw_null=true const_seq_ok=true
[1788815628] execute_plan ok
[1788815628] smart geometry: logical=1280x720 downsample=1/1x1/1 request=PF_LRect { left: -128, top: -72, right: 1408, bottom: 792 } upstream=Rect { left: 0, top: 0, right: 1280, bottom: 720 } frame=Rect { left: 0, top: 0, right: 1280, bottom: 720 } canvas=Rect { left: 0, top: 0, right: 1280, bottom: 720 }
[1788815628] smart cmd (render=true): seq_raw_null=true const_seq_ok=true
[1788815628] render enter: Some(U8) in=1280x720 out=1536x864 win=(-128,-72) token=1396891973754618 compiled=true snap=true t=116736 step=1024 lstep=1024 scale=25600
[1788815628] smart cmd (render=false): seq_raw_null=true const_seq_ok=true
[1788815628] execute_plan ok
[1788815628] smart geometry: logical=1280x720 downsample=1/1x1/1 request=PF_LRect { left: -128, top: -72, right: 1408, bottom: 792 } upstream=Rect { left: 0, top: 0, right: 1280, bottom: 720 } frame=Rect { left: 0, top: 0, right: 1280, bottom: 720 } canvas=Rect { left: 0, top: 0, right: 1280, bottom: 720 }
[1788815628] smart cmd (render=true): seq_raw_null=true const_seq_ok=true
[1788815628] render enter: Some(U8) in=1280x720 out=1536x864 win=(-128,-72) token=1396891973754618 compiled=true snap=true t=117760 step=1024 lstep=1024 scale=25600
[1788815628] execute_plan ok
[1788815628] smart cmd (render=false): seq_raw_null=true const_seq_ok=true
[1788815628] smart geometry: logical=1280x720 downsample=1/1x1/1 request=PF_LRect { left: -128, top: -72, right: 1408, bottom: 792 } upstream=Rect { left: 0, top: 0, right: 1280, bottom: 720 } frame=Rect { left: 0, top: 0, right: 1280, bottom: 720 } canvas=Rect { left: 0, top: 0, right: 1280, bottom: 720 }
[1788815628] smart cmd (render=true): seq_raw_null=true const_seq_ok=true
[1788815628] render enter: Some(U8) in=1280x720 out=1536x864 win=(-128,-72) token=1396891973754618 compiled=true snap=true t=118784 step=1024 lstep=1024 scale=25600
[1788815628] execute_plan ok
[1788815628] smart cmd (render=false): seq_raw_null=true const_seq_ok=true
[1788815628] smart geometry: logical=1280x720 downsample=1/1x1/1 request=PF_LRect { left: -128, top: -72, right: 1408, bottom: 792 } upstream=Rect { left: 0, top: 0, right: 1280, bottom: 720 } frame=Rect { left: 0, top: 0, right: 1280, bottom: 720 } canvas=Rect { left: 0, top: 0, right: 1280, bottom: 720 }
[1788815628] smart cmd (render=true): seq_raw_null=true const_seq_ok=true
[1788815628] render enter: Some(U8) in=1280x720 out=1536x864 win=(-128,-72) token=1396891973754618 compiled=true snap=true t=119808 step=1024 lstep=1024 scale=25600
[1788815628] execute_plan ok
[1788815628] smart cmd (render=false): seq_raw_null=true const_seq_ok=true
[1788815628] smart geometry: logical=1280x720 downsample=1/1x1/1 request=PF_LRect { left: -128, top: -72, right: 1408, bottom: 792 } upstream=Rect { left: 0, top: 0, right: 1280, bottom: 720 } frame=Rect { left: 0, top: 0, right: 1280, bottom: 720 } canvas=Rect { left: 0, top: 0, right: 1280, bottom: 720 }
[1788815628] smart cmd (render=true): seq_raw_null=true const_seq_ok=true
[1788815628] render enter: Some(U8) in=1280x720 out=1536x864 win=(-128,-72) token=1396891973754618 compiled=true snap=true t=120832 step=1024 lstep=1024 scale=25600
[1788815628] execute_plan ok
[1788815628] smart cmd (render=false): seq_raw_null=true const_seq_ok=true
[1788815628] smart cmd (render=false): seq_raw_null=true const_seq_ok=true
[1788815628] smart geometry: logical=1280x720 downsample=1/1x1/1 request=PF_LRect { left: -128, top: -72, right: 1408, bottom: 792 } upstream=Rect { left: 0, top: 0, right: 1280, bottom: 720 } frame=Rect { left: 0, top: 0, right: 1280, bottom: 720 } canvas=Rect { left: 0, top: 0, right: 1280, bottom: 720 }
[1788815628] smart geometry: logical=1280x720 downsample=1/1x1/1 request=PF_LRect { left: -128, top: -72, right: 1408, bottom: 792 } upstream=Rect { left: 0, top: 0, right: 1280, bottom: 720 } frame=Rect { left: 0, top: 0, right: 1280, bottom: 720 } canvas=Rect { left: 0, top: 0, right: 1280, bottom: 720 }
[1788815628] smart cmd (render=true): seq_raw_null=true const_seq_ok=true
[1788815628] smart cmd (render=true): seq_raw_null=true const_seq_ok=true
[1788815628] render enter: Some(U8) in=1280x720 out=1536x864 win=(-128,-72) token=1396891973754618 compiled=true snap=true t=122880 step=1024 lstep=1024 scale=25600
[1788815628] execute_plan ok
[1788815628] render enter: Some(U8) in=1280x720 out=1536x864 win=(-128,-72) token=1396891973754618 compiled=true snap=true t=121856 step=1024 lstep=1024 scale=25600
[1788815628] smart cmd (render=false): seq_raw_null=true const_seq_ok=true
[1788815628] execute_plan ok
[1788815628] smart geometry: logical=1280x720 downsample=1/1x1/1 request=PF_LRect { left: -128, top: -72, right: 1408, bottom: 792 } upstream=Rect { left: 0, top: 0, right: 1280, bottom: 720 } frame=Rect { left: 0, top: 0, right: 1280, bottom: 720 } canvas=Rect { left: 0, top: 0, right: 1280, bottom: 720 }
[1788815628] smart cmd (render=true): seq_raw_null=true const_seq_ok=true
[1788815628] render enter: Some(U8) in=1280x720 out=1536x864 win=(-128,-72) token=1396891973754618 compiled=true snap=true t=123904 step=1024 lstep=1024 scale=25600
[1788815628] smart cmd (render=false): seq_raw_null=true const_seq_ok=true
[1788815628] execute_plan ok
[1788815628] smart geometry: logical=1280x720 downsample=1/1x1/1 request=PF_LRect { left: -128, top: -72, right: 1408, bottom: 792 } upstream=Rect { left: 0, top: 0, right: 1280, bottom: 720 } frame=Rect { left: 0, top: 0, right: 1280, bottom: 720 } canvas=Rect { left: 0, top: 0, right: 1280, bottom: 720 }
[1788815628] smart cmd (render=true): seq_raw_null=true const_seq_ok=true
[1788815628] render enter: Some(U8) in=1280x720 out=1536x864 win=(-128,-72) token=1396891973754618 compiled=true snap=true t=124928 step=1024 lstep=1024 scale=25600
[1788815628] execute_plan ok
[1788815628] smart cmd (render=false): seq_raw_null=true const_seq_ok=true
[1788815628] smart geometry: logical=1280x720 downsample=1/1x1/1 request=PF_LRect { left: -128, top: -72, right: 1408, bottom: 792 } upstream=Rect { left: 0, top: 0, right: 1280, bottom: 720 } frame=Rect { left: 0, top: 0, right: 1280, bottom: 720 } canvas=Rect { left: 0, top: 0, right: 1280, bottom: 720 }
[1788815628] smart cmd (render=true): seq_raw_null=true const_seq_ok=true
[1788815628] render enter: Some(U8) in=1280x720 out=1536x864 win=(-128,-72) token=1396891973754618 compiled=true snap=true t=125952 step=1024 lstep=1024 scale=25600
[1788815628] execute_plan ok
[1788815628] smart cmd (render=false): seq_raw_null=true const_seq_ok=true
[1788815628] smart geometry: logical=1280x720 downsample=1/1x1/1 request=PF_LRect { left: -128, top: -72, right: 1408, bottom: 792 } upstream=Rect { left: 0, top: 0, right: 1280, bottom: 720 } frame=Rect { left: 0, top: 0, right: 1280, bottom: 720 } canvas=Rect { left: 0, top: 0, right: 1280, bottom: 720 }
[1788815628] smart cmd (render=true): seq_raw_null=true const_seq_ok=true
[1788815628] render enter: Some(U8) in=1280x720 out=1536x864 win=(-128,-72) token=1396891973754618 compiled=true snap=true t=126976 step=1024 lstep=1024 scale=25600
[1788815628] execute_plan ok
[1788815628] smart cmd (render=false): seq_raw_null=true const_seq_ok=true
[1788815628] smart geometry: logical=1280x720 downsample=1/1x1/1 request=PF_LRect { left: -128, top: -72, right: 1408, bottom: 792 } upstream=Rect { left: 0, top: 0, right: 1280, bottom: 720 } frame=Rect { left: 0, top: 0, right: 1280, bottom: 720 } canvas=Rect { left: 0, top: 0, right: 1280, bottom: 720 }
[1788815628] smart cmd (render=true): seq_raw_null=true const_seq_ok=true
[1788815628] render enter: Some(U8) in=1280x720 out=1536x864 win=(-128,-72) token=1396891973754618 compiled=true snap=true t=128000 step=1024 lstep=1024 scale=25600
[1788815628] execute_plan ok
[1788815628] smart cmd (render=false): seq_raw_null=true const_seq_ok=true
[1788815628] smart cmd (render=false): seq_raw_null=true const_seq_ok=true
[1788815628] smart geometry: logical=1280x720 downsample=1/1x1/1 request=PF_LRect { left: -128, top: -72, right: 1408, bottom: 792 } upstream=Rect { left: 0, top: 0, right: 1280, bottom: 720 } frame=Rect { left: 0, top: 0, right: 1280, bottom: 720 } canvas=Rect { left: 0, top: 0, right: 1280, bottom: 720 }
[1788815628] smart geometry: logical=1280x720 downsample=1/1x1/1 request=PF_LRect { left: -128, top: -72, right: 1408, bottom: 792 } upstream=Rect { left: 0, top: 0, right: 1280, bottom: 720 } frame=Rect { left: 0, top: 0, right: 1280, bottom: 720 } canvas=Rect { left: 0, top: 0, right: 1280, bottom: 720 }
[1788815628] smart cmd (render=true): seq_raw_null=true const_seq_ok=true
[1788815628] smart cmd (render=true): seq_raw_null=true const_seq_ok=true
[1788815628] render enter: Some(U8) in=1280x720 out=1536x864 win=(-128,-72) token=1396891973754618 compiled=true snap=true t=129024 step=1024 lstep=1024 scale=25600
[1788815628] execute_plan ok
[1788815628] render enter: Some(U8) in=1280x720 out=1536x864 win=(-128,-72) token=1396891973754618 compiled=true snap=true t=130048 step=1024 lstep=1024 scale=25600
[1788815628] smart cmd (render=false): seq_raw_null=true const_seq_ok=true
[1788815628] execute_plan ok
[1788815628] smart geometry: logical=1280x720 downsample=1/1x1/1 request=PF_LRect { left: -128, top: -72, right: 1408, bottom: 792 } upstream=Rect { left: 0, top: 0, right: 1280, bottom: 720 } frame=Rect { left: 0, top: 0, right: 1280, bottom: 720 } canvas=Rect { left: 0, top: 0, right: 1280, bottom: 720 }
[1788815628] smart cmd (render=true): seq_raw_null=true const_seq_ok=true
[1788815628] render enter: Some(U8) in=1280x720 out=1536x864 win=(-128,-72) token=1396891973754618 compiled=true snap=true t=131072 step=1024 lstep=1024 scale=25600
[1788815628] smart cmd (render=false): seq_raw_null=true const_seq_ok=true
[1788815628] execute_plan ok
[1788815628] smart geometry: logical=1280x720 downsample=1/1x1/1 request=PF_LRect { left: -128, top: -72, right: 1408, bottom: 792 } upstream=Rect { left: 0, top: 0, right: 1280, bottom: 720 } frame=Rect { left: 0, top: 0, right: 1280, bottom: 720 } canvas=Rect { left: 0, top: 0, right: 1280, bottom: 720 }
[1788815628] smart cmd (render=true): seq_raw_null=true const_seq_ok=true
[1788815628] render enter: Some(U8) in=1280x720 out=1536x864 win=(-128,-72) token=1396891973754618 compiled=true snap=true t=132096 step=1024 lstep=1024 scale=25600
[1788815628] execute_plan ok
[1788815628] smart cmd (render=false): seq_raw_null=true const_seq_ok=true
[1788815628] smart geometry: logical=1280x720 downsample=1/1x1/1 request=PF_LRect { left: -128, top: -72, right: 1408, bottom: 792 } upstream=Rect { left: 0, top: 0, right: 1280, bottom: 720 } frame=Rect { left: 0, top: 0, right: 1280, bottom: 720 } canvas=Rect { left: 0, top: 0, right: 1280, bottom: 720 }
[1788815628] smart cmd (render=true): seq_raw_null=true const_seq_ok=true
[1788815628] render enter: Some(U8) in=1280x720 out=1536x864 win=(-128,-72) token=1396891973754618 compiled=true snap=true t=133120 step=1024 lstep=1024 scale=25600
[1788815628] execute_plan ok
[1788815628] smart cmd (render=false): seq_raw_null=true const_seq_ok=true
[1788815628] smart geometry: logical=1280x720 downsample=1/1x1/1 request=PF_LRect { left: -128, top: -72, right: 1408, bottom: 792 } upstream=Rect { left: 0, top: 0, right: 1280, bottom: 720 } frame=Rect { left: 0, top: 0, right: 1280, bottom: 720 } canvas=Rect { left: 0, top: 0, right: 1280, bottom: 720 }
[1788815628] smart cmd (render=true): seq_raw_null=true const_seq_ok=true
[1788815628] render enter: Some(U8) in=1280x720 out=1536x864 win=(-128,-72) token=1396891973754618 compiled=true snap=true t=134144 step=1024 lstep=1024 scale=25600
[1788815628] execute_plan ok
[1788815628] smart cmd (render=false): seq_raw_null=true const_seq_ok=true
[1788815628] smart geometry: logical=1280x720 downsample=1/1x1/1 request=PF_LRect { left: -128, top: -72, right: 1408, bottom: 792 } upstream=Rect { left: 0, top: 0, right: 1280, bottom: 720 } frame=Rect { left: 0, top: 0, right: 1280, bottom: 720 } canvas=Rect { left: 0, top: 0, right: 1280, bottom: 720 }
[1788815628] smart cmd (render=true): seq_raw_null=true const_seq_ok=true
[1788815628] render enter: Some(U8) in=1280x720 out=1536x864 win=(-128,-72) token=1396891973754618 compiled=true snap=true t=135168 step=1024 lstep=1024 scale=25600
[1788815628] execute_plan ok
[1788815628] smart cmd (render=false): seq_raw_null=true const_seq_ok=true
[1788815628] smart cmd (render=false): seq_raw_null=true const_seq_ok=true
[1788815628] smart geometry: logical=1280x720 downsample=1/1x1/1 request=PF_LRect { left: -128, top: -72, right: 1408, bottom: 792 } upstream=Rect { left: 0, top: 0, right: 1280, bottom: 720 } frame=Rect { left: 0, top: 0, right: 1280, bottom: 720 } canvas=Rect { left: 0, top: 0, right: 1280, bottom: 720 }
[1788815628] smart geometry: logical=1280x720 downsample=1/1x1/1 request=PF_LRect { left: -128, top: -72, right: 1408, bottom: 792 } upstream=Rect { left: 0, top: 0, right: 1280, bottom: 720 } frame=Rect { left: 0, top: 0, right: 1280, bottom: 720 } canvas=Rect { left: 0, top: 0, right: 1280, bottom: 720 }
[1788815628] smart cmd (render=true): seq_raw_null=true const_seq_ok=true
[1788815628] smart cmd (render=true): seq_raw_null=true const_seq_ok=true
[1788815628] render enter: Some(U8) in=1280x720 out=1536x864 win=(-128,-72) token=1396891973754618 compiled=true snap=true t=137216 step=1024 lstep=1024 scale=25600
[1788815628] execute_plan ok
[1788815628] render enter: Some(U8) in=1280x720 out=1536x864 win=(-128,-72) token=1396891973754618 compiled=true snap=true t=136192 step=1024 lstep=1024 scale=25600
[1788815628] smart cmd (render=false): seq_raw_null=true const_seq_ok=true
[1788815628] execute_plan ok
[1788815628] smart geometry: logical=1280x720 downsample=1/1x1/1 request=PF_LRect { left: -128, top: -72, right: 1408, bottom: 792 } upstream=Rect { left: 0, top: 0, right: 1280, bottom: 720 } frame=Rect { left: 0, top: 0, right: 1280, bottom: 720 } canvas=Rect { left: 0, top: 0, right: 1280, bottom: 720 }
[1788815628] smart cmd (render=true): seq_raw_null=true const_seq_ok=true
[1788815628] render enter: Some(U8) in=1280x720 out=1536x864 win=(-128,-72) token=1396891973754618 compiled=true snap=true t=138240 step=1024 lstep=1024 scale=25600
[1788815628] execute_plan ok
[1788815628] smart cmd (render=false): seq_raw_null=true const_seq_ok=true
[1788815628] smart geometry: logical=1280x720 downsample=1/1x1/1 request=PF_LRect { left: -128, top: -72, right: 1408, bottom: 792 } upstream=Rect { left: 0, top: 0, right: 1280, bottom: 720 } frame=Rect { left: 0, top: 0, right: 1280, bottom: 720 } canvas=Rect { left: 0, top: 0, right: 1280, bottom: 720 }
[1788815628] smart cmd (render=true): seq_raw_null=true const_seq_ok=true
[1788815628] render enter: Some(U8) in=1280x720 out=1536x864 win=(-128,-72) token=1396891973754618 compiled=true snap=true t=139264 step=1024 lstep=1024 scale=25600
[1788815628] execute_plan ok
[1788815628] smart cmd (render=false): seq_raw_null=true const_seq_ok=true
[1788815628] smart geometry: logical=1280x720 downsample=1/1x1/1 request=PF_LRect { left: -128, top: -72, right: 1408, bottom: 792 } upstream=Rect { left: 0, top: 0, right: 1280, bottom: 720 } frame=Rect { left: 0, top: 0, right: 1280, bottom: 720 } canvas=Rect { left: 0, top: 0, right: 1280, bottom: 720 }
[1788815628] smart cmd (render=true): seq_raw_null=true const_seq_ok=true
[1788815628] render enter: Some(U8) in=1280x720 out=1536x864 win=(-128,-72) token=1396891973754618 compiled=true snap=true t=140288 step=1024 lstep=1024 scale=25600
[1788815628] execute_plan ok
[1788815628] smart cmd (render=false): seq_raw_null=true const_seq_ok=true
[1788815628] smart geometry: logical=1280x720 downsample=1/1x1/1 request=PF_LRect { left: -128, top: -72, right: 1408, bottom: 792 } upstream=Rect { left: 0, top: 0, right: 1280, bottom: 720 } frame=Rect { left: 0, top: 0, right: 1280, bottom: 720 } canvas=Rect { left: 0, top: 0, right: 1280, bottom: 720 }
[1788815628] smart cmd (render=true): seq_raw_null=true const_seq_ok=true
[1788815628] render enter: Some(U8) in=1280x720 out=1536x864 win=(-128,-72) token=1396891973754618 compiled=true snap=true t=141312 step=1024 lstep=1024 scale=25600
[1788815628] execute_plan ok
[1788815628] smart cmd (render=false): seq_raw_null=true const_seq_ok=true
[1788815628] smart geometry: logical=1280x720 downsample=1/1x1/1 request=PF_LRect { left: -128, top: -72, right: 1408, bottom: 792 } upstream=Rect { left: 0, top: 0, right: 1280, bottom: 720 } frame=Rect { left: 0, top: 0, right: 1280, bottom: 720 } canvas=Rect { left: 0, top: 0, right: 1280, bottom: 720 }
[1788815628] smart cmd (render=true): seq_raw_null=true const_seq_ok=true
[1788815628] render enter: Some(U8) in=1280x720 out=1536x864 win=(-128,-72) token=1396891973754618 compiled=true snap=true t=142336 step=1024 lstep=1024 scale=25600
[1788815628] execute_plan ok
[1788815628] smart cmd (render=false): seq_raw_null=true const_seq_ok=true
[1788815628] smart cmd (render=false): seq_raw_null=true const_seq_ok=true
[1788815628] smart geometry: logical=1280x720 downsample=1/1x1/1 request=PF_LRect { left: -128, top: -72, right: 1408, bottom: 792 } upstream=Rect { left: 0, top: 0, right: 1280, bottom: 720 } frame=Rect { left: 0, top: 0, right: 1280, bottom: 720 } canvas=Rect { left: 0, top: 0, right: 1280, bottom: 720 }
[1788815628] smart geometry: logical=1280x720 downsample=1/1x1/1 request=PF_LRect { left: -128, top: -72, right: 1408, bottom: 792 } upstream=Rect { left: 0, top: 0, right: 1280, bottom: 720 } frame=Rect { left: 0, top: 0, right: 1280, bottom: 720 } canvas=Rect { left: 0, top: 0, right: 1280, bottom: 720 }
[1788815628] smart cmd (render=true): seq_raw_null=true const_seq_ok=true
[1788815628] smart cmd (render=true): seq_raw_null=true const_seq_ok=true
[1788815628] render enter: Some(U8) in=1280x720 out=1536x864 win=(-128,-72) token=1396891973754618 compiled=true snap=true t=143360 step=1024 lstep=1024 scale=25600
[1788815628] execute_plan ok
[1788815628] render enter: Some(U8) in=1280x720 out=1536x864 win=(-128,-72) token=1396891973754618 compiled=true snap=true t=144384 step=1024 lstep=1024 scale=25600
[1788815628] smart cmd (render=false): seq_raw_null=true const_seq_ok=true
[1788815628] execute_plan ok
[1788815628] smart geometry: logical=1280x720 downsample=1/1x1/1 request=PF_LRect { left: -128, top: -72, right: 1408, bottom: 792 } upstream=Rect { left: 0, top: 0, right: 1280, bottom: 720 } frame=Rect { left: 0, top: 0, right: 1280, bottom: 720 } canvas=Rect { left: 0, top: 0, right: 1280, bottom: 720 }
[1788815628] smart cmd (render=true): seq_raw_null=true const_seq_ok=true
[1788815628] render enter: Some(U8) in=1280x720 out=1536x864 win=(-128,-72) token=1396891973754618 compiled=true snap=true t=145408 step=1024 lstep=1024 scale=25600
[1788815628] smart cmd (render=false): seq_raw_null=true const_seq_ok=true
[1788815628] execute_plan ok
[1788815628] smart geometry: logical=1280x720 downsample=1/1x1/1 request=PF_LRect { left: -128, top: -72, right: 1408, bottom: 792 } upstream=Rect { left: 0, top: 0, right: 1280, bottom: 720 } frame=Rect { left: 0, top: 0, right: 1280, bottom: 720 } canvas=Rect { left: 0, top: 0, right: 1280, bottom: 720 }
[1788815628] smart cmd (render=true): seq_raw_null=true const_seq_ok=true
[1788815628] render enter: Some(U8) in=1280x720 out=1536x864 win=(-128,-72) token=1396891973754618 compiled=true snap=true t=146432 step=1024 lstep=1024 scale=25600
[1788815628] execute_plan ok
[1788815628] smart cmd (render=false): seq_raw_null=true const_seq_ok=true
[1788815628] smart geometry: logical=1280x720 downsample=1/1x1/1 request=PF_LRect { left: -128, top: -72, right: 1408, bottom: 792 } upstream=Rect { left: 0, top: 0, right: 1280, bottom: 720 } frame=Rect { left: 0, top: 0, right: 1280, bottom: 720 } canvas=Rect { left: 0, top: 0, right: 1280, bottom: 720 }
[1788815628] smart cmd (render=true): seq_raw_null=true const_seq_ok=true
[1788815628] render enter: Some(U8) in=1280x720 out=1536x864 win=(-128,-72) token=1396891973754618 compiled=true snap=true t=147456 step=1024 lstep=1024 scale=25600
[1788815628] execute_plan ok
[1788815628] smart cmd (render=false): seq_raw_null=true const_seq_ok=true
[1788815628] smart geometry: logical=1280x720 downsample=1/1x1/1 request=PF_LRect { left: -128, top: -72, right: 1408, bottom: 792 } upstream=Rect { left: 0, top: 0, right: 1280, bottom: 720 } frame=Rect { left: 0, top: 0, right: 1280, bottom: 720 } canvas=Rect { left: 0, top: 0, right: 1280, bottom: 720 }
[1788815628] smart cmd (render=true): seq_raw_null=true const_seq_ok=true
[1788815628] render enter: Some(U8) in=1280x720 out=1536x864 win=(-128,-72) token=1396891973754618 compiled=true snap=true t=148480 step=1024 lstep=1024 scale=25600
[1788815628] execute_plan ok
[1788815628] smart cmd (render=false): seq_raw_null=true const_seq_ok=true
[1788815628] smart geometry: logical=1280x720 downsample=1/1x1/1 request=PF_LRect { left: -128, top: -72, right: 1408, bottom: 792 } upstream=Rect { left: 0, top: 0, right: 1280, bottom: 720 } frame=Rect { left: 0, top: 0, right: 1280, bottom: 720 } canvas=Rect { left: 0, top: 0, right: 1280, bottom: 720 }
[1788815628] smart cmd (render=true): seq_raw_null=true const_seq_ok=true
[1788815628] render enter: Some(U8) in=1280x720 out=1536x864 win=(-128,-72) token=1396891973754618 compiled=true snap=true t=149504 step=1024 lstep=1024 scale=25600
[1788815628] execute_plan ok
[1788815628] smart cmd (render=false): seq_raw_null=true const_seq_ok=true
[1788815628] smart cmd (render=false): seq_raw_null=true const_seq_ok=true
[1788815628] smart geometry: logical=1280x720 downsample=1/1x1/1 request=PF_LRect { left: -128, top: -72, right: 1408, bottom: 792 } upstream=Rect { left: 0, top: 0, right: 1280, bottom: 720 } frame=Rect { left: 0, top: 0, right: 1280, bottom: 720 } canvas=Rect { left: 0, top: 0, right: 1280, bottom: 720 }
[1788815628] smart geometry: logical=1280x720 downsample=1/1x1/1 request=PF_LRect { left: -128, top: -72, right: 1408, bottom: 792 } upstream=Rect { left: 0, top: 0, right: 1280, bottom: 720 } frame=Rect { left: 0, top: 0, right: 1280, bottom: 720 } canvas=Rect { left: 0, top: 0, right: 1280, bottom: 720 }
[1788815628] smart cmd (render=true): seq_raw_null=true const_seq_ok=true
[1788815628] smart cmd (render=true): seq_raw_null=true const_seq_ok=true
[1788815628] render enter: Some(U8) in=1280x720 out=1536x864 win=(-128,-72) token=1396891973754618 compiled=true snap=true t=151552 step=1024 lstep=1024 scale=25600
[1788815628] execute_plan ok
[1788815628] render enter: Some(U8) in=1280x720 out=1536x864 win=(-128,-72) token=1396891973754618 compiled=true snap=true t=150528 step=1024 lstep=1024 scale=25600
[1788815628] smart cmd (render=false): seq_raw_null=true const_seq_ok=true
[1788815628] execute_plan ok
[1788815628] smart geometry: logical=1280x720 downsample=1/1x1/1 request=PF_LRect { left: -128, top: -72, right: 1408, bottom: 792 } upstream=Rect { left: 0, top: 0, right: 1280, bottom: 720 } frame=Rect { left: 0, top: 0, right: 1280, bottom: 720 } canvas=Rect { left: 0, top: 0, right: 1280, bottom: 720 }
[1788815628] smart cmd (render=true): seq_raw_null=true const_seq_ok=true
[1788815628] render enter: Some(U8) in=1280x720 out=1536x864 win=(-128,-72) token=1396891973754618 compiled=true snap=true t=152576 step=1024 lstep=1024 scale=25600
[1788815628] execute_plan ok
[1788815682] sequence (re)setup: observation deferred
[1788815682] sequence (re)setup: observation deferred
[1788815682] status: compiled: 1 pass, 12 params
[1788815682] slots configured: 15 bound (names_ok=true, visibility_ok=true)
[1788815682] smart cmd (render=false): seq_raw_null=true const_seq_ok=true
[1788815682] smart geometry: logical=1280x720 downsample=1/1x1/1 request=PF_LRect { left: -128, top: -72, right: 1408, bottom: 792 } upstream=Rect { left: 0, top: 0, right: 1280, bottom: 720 } frame=Rect { left: 0, top: 0, right: 1280, bottom: 720 } canvas=Rect { left: 0, top: 0, right: 1280, bottom: 720 }
[1788815682] smart cmd (render=true): seq_raw_null=true const_seq_ok=true
[1788815682] render enter: Some(F32) in=1280x720 out=1536x864 win=(-128,-72) token=0 compiled=false snap=false t=25600 step=1024 lstep=1024 scale=25600
[1788815683] idle plan token updated: 0x37889617cd866
[1788815683] idle slot ui applied: 15 bound, 15 defaults written
[1788815683] idle state token updated: Active(1396891973754618)
[1788815683] smart cmd (render=false): seq_raw_null=true const_seq_ok=true
[1788815683] definition resolved from process registry
[1788815683] smart geometry: logical=1280x720 downsample=1/1x1/1 request=PF_LRect { left: -128, top: -72, right: 1408, bottom: 792 } upstream=Rect { left: 0, top: 0, right: 1280, bottom: 720 } frame=Rect { left: 0, top: 0, right: 1280, bottom: 720 } canvas=Rect { left: 0, top: 0, right: 1280, bottom: 720 }
[1788815683] smart cmd (render=true): seq_raw_null=true const_seq_ok=true
[1788815683] render enter: Some(F32) in=1280x720 out=1536x864 win=(-128,-72) token=1396891973754618 compiled=true snap=false t=25600 step=1024 lstep=1024 scale=25600
[1788815683] pipelines built: 1 pass(es), plan 1 step(s), 0 physical intermediate(s) (~0 KiB transient at 1280x720, Rgba32Float working format) (adapter="Apple M5" backend=Metal driver=" ")
[1788815683] execute_plan ok
[1788815691] smart cmd (render=false): seq_raw_null=true const_seq_ok=true
[1788815691] smart geometry: logical=1280x720 downsample=1/1x1/1 request=PF_LRect { left: -128, top: -72, right: 1408, bottom: 792 } upstream=Rect { left: 0, top: 0, right: 1280, bottom: 720 } frame=Rect { left: 0, top: 0, right: 1280, bottom: 720 } canvas=Rect { left: 0, top: 0, right: 1280, bottom: 720 }
[1788815691] smart cmd (render=true): seq_raw_null=true const_seq_ok=true
[1788815691] render enter: Some(F32) in=1280x720 out=1536x864 win=(-128,-72) token=1396891973754618 compiled=true snap=false t=26624 step=1024 lstep=1024 scale=25600
[1788815691] smart cmd (render=false): seq_raw_null=true const_seq_ok=true
[1788815691] execute_plan ok
[1788815691] smart geometry: logical=1280x720 downsample=1/1x1/1 request=PF_LRect { left: -128, top: -72, right: 1408, bottom: 792 } upstream=Rect { left: 0, top: 0, right: 1280, bottom: 720 } frame=Rect { left: 0, top: 0, right: 1280, bottom: 720 } canvas=Rect { left: 0, top: 0, right: 1280, bottom: 720 }
[1788815691] smart cmd (render=true): seq_raw_null=true const_seq_ok=true
[1788815691] render enter: Some(F32) in=1280x720 out=1536x864 win=(-128,-72) token=1396891973754618 compiled=true snap=false t=24576 step=1024 lstep=1024 scale=25600
[1788815691] execute_plan ok
[1788815691] smart cmd (render=false): seq_raw_null=true const_seq_ok=true
[1788815691] smart geometry: logical=1280x720 downsample=1/1x1/1 request=PF_LRect { left: -128, top: -72, right: 1408, bottom: 792 } upstream=Rect { left: 0, top: 0, right: 1280, bottom: 720 } frame=Rect { left: 0, top: 0, right: 1280, bottom: 720 } canvas=Rect { left: 0, top: 0, right: 1280, bottom: 720 }
[1788815691] smart cmd (render=true): seq_raw_null=true const_seq_ok=true
[1788815691] render enter: Some(F32) in=1280x720 out=1536x864 win=(-128,-72) token=1396891973754618 compiled=true snap=false t=23552 step=1024 lstep=1024 scale=25600
[1788815691] execute_plan ok
[1788815691] smart cmd (render=false): seq_raw_null=true const_seq_ok=true
[1788815691] smart geometry: logical=1280x720 downsample=1/1x1/1 request=PF_LRect { left: -128, top: -72, right: 1408, bottom: 792 } upstream=Rect { left: 0, top: 0, right: 1280, bottom: 720 } frame=Rect { left: 0, top: 0, right: 1280, bottom: 720 } canvas=Rect { left: 0, top: 0, right: 1280, bottom: 720 }
[1788815691] smart cmd (render=true): seq_raw_null=true const_seq_ok=true
[1788815691] render enter: Some(F32) in=1280x720 out=1536x864 win=(-128,-72) token=1396891973754618 compiled=true snap=false t=27648 step=1024 lstep=1024 scale=25600
[1788815691] execute_plan ok
[1788815691] smart cmd (render=false): seq_raw_null=true const_seq_ok=true
[1788815691] smart geometry: logical=1280x720 downsample=1/1x1/1 request=PF_LRect { left: -128, top: -72, right: 1408, bottom: 792 } upstream=Rect { left: 0, top: 0, right: 1280, bottom: 720 } frame=Rect { left: 0, top: 0, right: 1280, bottom: 720 } canvas=Rect { left: 0, top: 0, right: 1280, bottom: 720 }
[1788815691] smart cmd (render=true): seq_raw_null=true const_seq_ok=true
[1788815691] render enter: Some(F32) in=1280x720 out=1536x864 win=(-128,-72) token=1396891973754618 compiled=true snap=false t=22528 step=1024 lstep=1024 scale=25600
[1788815691] execute_plan ok
[1788815691] smart cmd (render=false): seq_raw_null=true const_seq_ok=true
[1788815691] smart cmd (render=false): seq_raw_null=true const_seq_ok=true
[1788815691] smart geometry: logical=1280x720 downsample=1/1x1/1 request=PF_LRect { left: -128, top: -72, right: 1408, bottom: 792 } upstream=Rect { left: 0, top: 0, right: 1280, bottom: 720 } frame=Rect { left: 0, top: 0, right: 1280, bottom: 720 } canvas=Rect { left: 0, top: 0, right: 1280, bottom: 720 }
[1788815691] smart geometry: logical=1280x720 downsample=1/1x1/1 request=PF_LRect { left: -128, top: -72, right: 1408, bottom: 792 } upstream=Rect { left: 0, top: 0, right: 1280, bottom: 720 } frame=Rect { left: 0, top: 0, right: 1280, bottom: 720 } canvas=Rect { left: 0, top: 0, right: 1280, bottom: 720 }
[1788815691] smart cmd (render=true): seq_raw_null=true const_seq_ok=true
[1788815691] smart cmd (render=true): seq_raw_null=true const_seq_ok=true
[1788815691] render enter: Some(F32) in=1280x720 out=1536x864 win=(-128,-72) token=1396891973754618 compiled=true snap=false t=28672 step=1024 lstep=1024 scale=25600
[1788815691] execute_plan ok
[1788815691] render enter: Some(F32) in=1280x720 out=1536x864 win=(-128,-72) token=1396891973754618 compiled=true snap=false t=21504 step=1024 lstep=1024 scale=25600
[1788815691] smart cmd (render=false): seq_raw_null=true const_seq_ok=true
[1788815691] execute_plan ok
[1788815691] smart geometry: logical=1280x720 downsample=1/1x1/1 request=PF_LRect { left: -128, top: -72, right: 1408, bottom: 792 } upstream=Rect { left: 0, top: 0, right: 1280, bottom: 720 } frame=Rect { left: 0, top: 0, right: 1280, bottom: 720 } canvas=Rect { left: 0, top: 0, right: 1280, bottom: 720 }
[1788815691] smart cmd (render=true): seq_raw_null=true const_seq_ok=true
[1788815691] render enter: Some(F32) in=1280x720 out=1536x864 win=(-128,-72) token=1396891973754618 compiled=true snap=false t=29696 step=1024 lstep=1024 scale=25600
[1788815691] smart cmd (render=false): seq_raw_null=true const_seq_ok=true
[1788815691] execute_plan ok
[1788815691] smart geometry: logical=1280x720 downsample=1/1x1/1 request=PF_LRect { left: -128, top: -72, right: 1408, bottom: 792 } upstream=Rect { left: 0, top: 0, right: 1280, bottom: 720 } frame=Rect { left: 0, top: 0, right: 1280, bottom: 720 } canvas=Rect { left: 0, top: 0, right: 1280, bottom: 720 }
[1788815691] smart cmd (render=true): seq_raw_null=true const_seq_ok=true
[1788815691] render enter: Some(F32) in=1280x720 out=1536x864 win=(-128,-72) token=1396891973754618 compiled=true snap=false t=20480 step=1024 lstep=1024 scale=25600
[1788815691] execute_plan ok
[1788815691] smart cmd (render=false): seq_raw_null=true const_seq_ok=true
[1788815691] smart geometry: logical=1280x720 downsample=1/1x1/1 request=PF_LRect { left: -128, top: -72, right: 1408, bottom: 792 } upstream=Rect { left: 0, top: 0, right: 1280, bottom: 720 } frame=Rect { left: 0, top: 0, right: 1280, bottom: 720 } canvas=Rect { left: 0, top: 0, right: 1280, bottom: 720 }
[1788815691] smart cmd (render=true): seq_raw_null=true const_seq_ok=true
[1788815691] render enter: Some(F32) in=1280x720 out=1536x864 win=(-128,-72) token=1396891973754618 compiled=true snap=false t=30720 step=1024 lstep=1024 scale=25600
[1788815691] execute_plan ok
[1788815691] smart cmd (render=false): seq_raw_null=true const_seq_ok=true
[1788815691] smart geometry: logical=1280x720 downsample=1/1x1/1 request=PF_LRect { left: -128, top: -72, right: 1408, bottom: 792 } upstream=Rect { left: 0, top: 0, right: 1280, bottom: 720 } frame=Rect { left: 0, top: 0, right: 1280, bottom: 720 } canvas=Rect { left: 0, top: 0, right: 1280, bottom: 720 }
[1788815691] smart cmd (render=true): seq_raw_null=true const_seq_ok=true
[1788815691] render enter: Some(F32) in=1280x720 out=1536x864 win=(-128,-72) token=1396891973754618 compiled=true snap=false t=19456 step=1024 lstep=1024 scale=25600
[1788815691] execute_plan ok
[1788815691] smart cmd (render=false): seq_raw_null=true const_seq_ok=true
[1788815691] smart geometry: logical=1280x720 downsample=1/1x1/1 request=PF_LRect { left: -128, top: -72, right: 1408, bottom: 792 } upstream=Rect { left: 0, top: 0, right: 1280, bottom: 720 } frame=Rect { left: 0, top: 0, right: 1280, bottom: 720 } canvas=Rect { left: 0, top: 0, right: 1280, bottom: 720 }
[1788815691] smart cmd (render=true): seq_raw_null=true const_seq_ok=true
[1788815691] render enter: Some(F32) in=1280x720 out=1536x864 win=(-128,-72) token=1396891973754618 compiled=true snap=false t=31744 step=1024 lstep=1024 scale=25600
[1788815691] execute_plan ok
[1788815691] smart cmd (render=false): seq_raw_null=true const_seq_ok=true
[1788815691] smart geometry: logical=1280x720 downsample=1/1x1/1 request=PF_LRect { left: -128, top: -72, right: 1408, bottom: 792 } upstream=Rect { left: 0, top: 0, right: 1280, bottom: 720 } frame=Rect { left: 0, top: 0, right: 1280, bottom: 720 } canvas=Rect { left: 0, top: 0, right: 1280, bottom: 720 }
[1788815691] smart cmd (render=true): seq_raw_null=true const_seq_ok=true
[1788815691] smart cmd (render=false): seq_raw_null=true const_seq_ok=true
[1788815691] smart geometry: logical=1280x720 downsample=1/1x1/1 request=PF_LRect { left: -128, top: -72, right: 1408, bottom: 792 } upstream=Rect { left: 0, top: 0, right: 1280, bottom: 720 } frame=Rect { left: 0, top: 0, right: 1280, bottom: 720 } canvas=Rect { left: 0, top: 0, right: 1280, bottom: 720 }
[1788815691] smart cmd (render=true): seq_raw_null=true const_seq_ok=true
[1788815691] render enter: Some(F32) in=1280x720 out=1536x864 win=(-128,-72) token=1396891973754618 compiled=true snap=false t=18432 step=1024 lstep=1024 scale=25600
[1788815691] execute_plan ok
[1788815691] render enter: Some(F32) in=1280x720 out=1536x864 win=(-128,-72) token=1396891973754618 compiled=true snap=false t=32768 step=1024 lstep=1024 scale=25600
[1788815691] smart cmd (render=false): seq_raw_null=true const_seq_ok=true
[1788815691] execute_plan ok
[1788815691] smart geometry: logical=1280x720 downsample=1/1x1/1 request=PF_LRect { left: -128, top: -72, right: 1408, bottom: 792 } upstream=Rect { left: 0, top: 0, right: 1280, bottom: 720 } frame=Rect { left: 0, top: 0, right: 1280, bottom: 720 } canvas=Rect { left: 0, top: 0, right: 1280, bottom: 720 }
[1788815691] smart cmd (render=true): seq_raw_null=true const_seq_ok=true
[1788815691] render enter: Some(F32) in=1280x720 out=1536x864 win=(-128,-72) token=1396891973754618 compiled=true snap=false t=17408 step=1024 lstep=1024 scale=25600
[1788815691] smart cmd (render=false): seq_raw_null=true const_seq_ok=true
[1788815691] execute_plan ok
[1788815691] smart geometry: logical=1280x720 downsample=1/1x1/1 request=PF_LRect { left: -128, top: -72, right: 1408, bottom: 792 } upstream=Rect { left: 0, top: 0, right: 1280, bottom: 720 } frame=Rect { left: 0, top: 0, right: 1280, bottom: 720 } canvas=Rect { left: 0, top: 0, right: 1280, bottom: 720 }
[1788815691] smart cmd (render=true): seq_raw_null=true const_seq_ok=true
[1788815691] render enter: Some(F32) in=1280x720 out=1536x864 win=(-128,-72) token=1396891973754618 compiled=true snap=false t=33792 step=1024 lstep=1024 scale=25600
[1788815691] execute_plan ok
[1788815691] smart cmd (render=false): seq_raw_null=true const_seq_ok=true
[1788815691] smart geometry: logical=1280x720 downsample=1/1x1/1 request=PF_LRect { left: -128, top: -72, right: 1408, bottom: 792 } upstream=Rect { left: 0, top: 0, right: 1280, bottom: 720 } frame=Rect { left: 0, top: 0, right: 1280, bottom: 720 } canvas=Rect { left: 0, top: 0, right: 1280, bottom: 720 }
[1788815691] smart cmd (render=true): seq_raw_null=true const_seq_ok=true
[1788815691] render enter: Some(F32) in=1280x720 out=1536x864 win=(-128,-72) token=1396891973754618 compiled=true snap=false t=16384 step=1024 lstep=1024 scale=25600
[1788815691] execute_plan ok
[1788815691] smart cmd (render=false): seq_raw_null=true const_seq_ok=true
[1788815691] smart geometry: logical=1280x720 downsample=1/1x1/1 request=PF_LRect { left: -128, top: -72, right: 1408, bottom: 792 } upstream=Rect { left: 0, top: 0, right: 1280, bottom: 720 } frame=Rect { left: 0, top: 0, right: 1280, bottom: 720 } canvas=Rect { left: 0, top: 0, right: 1280, bottom: 720 }
[1788815691] smart cmd (render=true): seq_raw_null=true const_seq_ok=true
[1788815691] render enter: Some(F32) in=1280x720 out=1536x864 win=(-128,-72) token=1396891973754618 compiled=true snap=false t=34816 step=1024 lstep=1024 scale=25600
[1788815691] execute_plan ok
[1788815691] smart cmd (render=false): seq_raw_null=true const_seq_ok=true
[1788815691] smart geometry: logical=1280x720 downsample=1/1x1/1 request=PF_LRect { left: -128, top: -72, right: 1408, bottom: 792 } upstream=Rect { left: 0, top: 0, right: 1280, bottom: 720 } frame=Rect { left: 0, top: 0, right: 1280, bottom: 720 } canvas=Rect { left: 0, top: 0, right: 1280, bottom: 720 }
[1788815691] smart cmd (render=true): seq_raw_null=true const_seq_ok=true
[1788815691] render enter: Some(F32) in=1280x720 out=1536x864 win=(-128,-72) token=1396891973754618 compiled=true snap=false t=15360 step=1024 lstep=1024 scale=25600
[1788815691] execute_plan ok
[1788815691] smart cmd (render=false): seq_raw_null=true const_seq_ok=true
[1788815691] smart geometry: logical=1280x720 downsample=1/1x1/1 request=PF_LRect { left: -128, top: -72, right: 1408, bottom: 792 } upstream=Rect { left: 0, top: 0, right: 1280, bottom: 720 } frame=Rect { left: 0, top: 0, right: 1280, bottom: 720 } canvas=Rect { left: 0, top: 0, right: 1280, bottom: 720 }
[1788815691] smart cmd (render=false): seq_raw_null=true const_seq_ok=true
[1788815691] smart geometry: logical=1280x720 downsample=1/1x1/1 request=PF_LRect { left: -128, top: -72, right: 1408, bottom: 792 } upstream=Rect { left: 0, top: 0, right: 1280, bottom: 720 } frame=Rect { left: 0, top: 0, right: 1280, bottom: 720 } canvas=Rect { left: 0, top: 0, right: 1280, bottom: 720 }
[1788815691] smart cmd (render=true): seq_raw_null=true const_seq_ok=true
[1788815691] smart cmd (render=true): seq_raw_null=true const_seq_ok=true
[1788815691] render enter: Some(F32) in=1280x720 out=1536x864 win=(-128,-72) token=1396891973754618 compiled=true snap=false t=35840 step=1024 lstep=1024 scale=25600
[1788815691] execute_plan ok
[1788815691] render enter: Some(F32) in=1280x720 out=1536x864 win=(-128,-72) token=1396891973754618 compiled=true snap=false t=14336 step=1024 lstep=1024 scale=25600
[1788815691] smart cmd (render=false): seq_raw_null=true const_seq_ok=true
[1788815691] execute_plan ok
[1788815691] smart geometry: logical=1280x720 downsample=1/1x1/1 request=PF_LRect { left: -128, top: -72, right: 1408, bottom: 792 } upstream=Rect { left: 0, top: 0, right: 1280, bottom: 720 } frame=Rect { left: 0, top: 0, right: 1280, bottom: 720 } canvas=Rect { left: 0, top: 0, right: 1280, bottom: 720 }
[1788815691] smart cmd (render=true): seq_raw_null=true const_seq_ok=true
[1788815691] render enter: Some(F32) in=1280x720 out=1536x864 win=(-128,-72) token=1396891973754618 compiled=true snap=false t=36864 step=1024 lstep=1024 scale=25600
[1788815691] smart cmd (render=false): seq_raw_null=true const_seq_ok=true
[1788815691] execute_plan ok
[1788815691] smart geometry: logical=1280x720 downsample=1/1x1/1 request=PF_LRect { left: -128, top: -72, right: 1408, bottom: 792 } upstream=Rect { left: 0, top: 0, right: 1280, bottom: 720 } frame=Rect { left: 0, top: 0, right: 1280, bottom: 720 } canvas=Rect { left: 0, top: 0, right: 1280, bottom: 720 }
[1788815691] smart cmd (render=true): seq_raw_null=true const_seq_ok=true
[1788815691] render enter: Some(F32) in=1280x720 out=1536x864 win=(-128,-72) token=1396891973754618 compiled=true snap=false t=13312 step=1024 lstep=1024 scale=25600
[1788815691] execute_plan ok
[1788815691] smart cmd (render=false): seq_raw_null=true const_seq_ok=true
[1788815691] smart geometry: logical=1280x720 downsample=1/1x1/1 request=PF_LRect { left: -128, top: -72, right: 1408, bottom: 792 } upstream=Rect { left: 0, top: 0, right: 1280, bottom: 720 } frame=Rect { left: 0, top: 0, right: 1280, bottom: 720 } canvas=Rect { left: 0, top: 0, right: 1280, bottom: 720 }
[1788815691] smart cmd (render=true): seq_raw_null=true const_seq_ok=true
[1788815691] render enter: Some(F32) in=1280x720 out=1536x864 win=(-128,-72) token=1396891973754618 compiled=true snap=false t=37888 step=1024 lstep=1024 scale=25600
[1788815691] execute_plan ok
[1788815691] smart cmd (render=false): seq_raw_null=true const_seq_ok=true
[1788815691] smart geometry: logical=1280x720 downsample=1/1x1/1 request=PF_LRect { left: -128, top: -72, right: 1408, bottom: 792 } upstream=Rect { left: 0, top: 0, right: 1280, bottom: 720 } frame=Rect { left: 0, top: 0, right: 1280, bottom: 720 } canvas=Rect { left: 0, top: 0, right: 1280, bottom: 720 }
[1788815691] smart cmd (render=true): seq_raw_null=true const_seq_ok=true
[1788815691] render enter: Some(F32) in=1280x720 out=1536x864 win=(-128,-72) token=1396891973754618 compiled=true snap=false t=12288 step=1024 lstep=1024 scale=25600
[1788815691] execute_plan ok
[1788815691] smart cmd (render=false): seq_raw_null=true const_seq_ok=true
[1788815691] smart geometry: logical=1280x720 downsample=1/1x1/1 request=PF_LRect { left: -128, top: -72, right: 1408, bottom: 792 } upstream=Rect { left: 0, top: 0, right: 1280, bottom: 720 } frame=Rect { left: 0, top: 0, right: 1280, bottom: 720 } canvas=Rect { left: 0, top: 0, right: 1280, bottom: 720 }
[1788815691] smart cmd (render=true): seq_raw_null=true const_seq_ok=true
[1788815691] render enter: Some(F32) in=1280x720 out=1536x864 win=(-128,-72) token=1396891973754618 compiled=true snap=false t=38912 step=1024 lstep=1024 scale=25600
[1788815691] execute_plan ok
[1788815691] smart cmd (render=false): seq_raw_null=true const_seq_ok=true
[1788815691] smart geometry: logical=1280x720 downsample=1/1x1/1 request=PF_LRect { left: -128, top: -72, right: 1408, bottom: 792 } upstream=Rect { left: 0, top: 0, right: 1280, bottom: 720 } frame=Rect { left: 0, top: 0, right: 1280, bottom: 720 } canvas=Rect { left: 0, top: 0, right: 1280, bottom: 720 }
[1788815691] smart cmd (render=true): seq_raw_null=true const_seq_ok=true
[1788815691] smart cmd (render=false): seq_raw_null=true const_seq_ok=true
[1788815691] smart geometry: logical=1280x720 downsample=1/1x1/1 request=PF_LRect { left: -128, top: -72, right: 1408, bottom: 792 } upstream=Rect { left: 0, top: 0, right: 1280, bottom: 720 } frame=Rect { left: 0, top: 0, right: 1280, bottom: 720 } canvas=Rect { left: 0, top: 0, right: 1280, bottom: 720 }
[1788815691] smart cmd (render=true): seq_raw_null=true const_seq_ok=true
[1788815691] render enter: Some(F32) in=1280x720 out=1536x864 win=(-128,-72) token=1396891973754618 compiled=true snap=false t=11264 step=1024 lstep=1024 scale=25600
[1788815691] execute_plan ok
[1788815691] render enter: Some(F32) in=1280x720 out=1536x864 win=(-128,-72) token=1396891973754618 compiled=true snap=false t=39936 step=1024 lstep=1024 scale=25600
[1788815691] smart cmd (render=false): seq_raw_null=true const_seq_ok=true
[1788815691] execute_plan ok
[1788815691] smart geometry: logical=1280x720 downsample=1/1x1/1 request=PF_LRect { left: -128, top: -72, right: 1408, bottom: 792 } upstream=Rect { left: 0, top: 0, right: 1280, bottom: 720 } frame=Rect { left: 0, top: 0, right: 1280, bottom: 720 } canvas=Rect { left: 0, top: 0, right: 1280, bottom: 720 }
[1788815691] smart cmd (render=true): seq_raw_null=true const_seq_ok=true
[1788815691] render enter: Some(F32) in=1280x720 out=1536x864 win=(-128,-72) token=1396891973754618 compiled=true snap=false t=10240 step=1024 lstep=1024 scale=25600
[1788815691] smart cmd (render=false): seq_raw_null=true const_seq_ok=true
[1788815691] execute_plan ok
[1788815691] smart geometry: logical=1280x720 downsample=1/1x1/1 request=PF_LRect { left: -128, top: -72, right: 1408, bottom: 792 } upstream=Rect { left: 0, top: 0, right: 1280, bottom: 720 } frame=Rect { left: 0, top: 0, right: 1280, bottom: 720 } canvas=Rect { left: 0, top: 0, right: 1280, bottom: 720 }
[1788815691] smart cmd (render=true): seq_raw_null=true const_seq_ok=true
[1788815691] render enter: Some(F32) in=1280x720 out=1536x864 win=(-128,-72) token=1396891973754618 compiled=true snap=false t=40960 step=1024 lstep=1024 scale=25600
[1788815691] execute_plan ok
[1788815691] smart cmd (render=false): seq_raw_null=true const_seq_ok=true
[1788815691] smart geometry: logical=1280x720 downsample=1/1x1/1 request=PF_LRect { left: -128, top: -72, right: 1408, bottom: 792 } upstream=Rect { left: 0, top: 0, right: 1280, bottom: 720 } frame=Rect { left: 0, top: 0, right: 1280, bottom: 720 } canvas=Rect { left: 0, top: 0, right: 1280, bottom: 720 }
[1788815691] smart cmd (render=true): seq_raw_null=true const_seq_ok=true
[1788815691] render enter: Some(F32) in=1280x720 out=1536x864 win=(-128,-72) token=1396891973754618 compiled=true snap=false t=9216 step=1024 lstep=1024 scale=25600
[1788815691] execute_plan ok
[1788815691] smart cmd (render=false): seq_raw_null=true const_seq_ok=true
[1788815691] smart geometry: logical=1280x720 downsample=1/1x1/1 request=PF_LRect { left: -128, top: -72, right: 1408, bottom: 792 } upstream=Rect { left: 0, top: 0, right: 1280, bottom: 720 } frame=Rect { left: 0, top: 0, right: 1280, bottom: 720 } canvas=Rect { left: 0, top: 0, right: 1280, bottom: 720 }
[1788815691] smart cmd (render=true): seq_raw_null=true const_seq_ok=true
[1788815691] render enter: Some(F32) in=1280x720 out=1536x864 win=(-128,-72) token=1396891973754618 compiled=true snap=false t=41984 step=1024 lstep=1024 scale=25600
[1788815691] execute_plan ok
[1788815691] smart cmd (render=false): seq_raw_null=true const_seq_ok=true
[1788815691] smart geometry: logical=1280x720 downsample=1/1x1/1 request=PF_LRect { left: -128, top: -72, right: 1408, bottom: 792 } upstream=Rect { left: 0, top: 0, right: 1280, bottom: 720 } frame=Rect { left: 0, top: 0, right: 1280, bottom: 720 } canvas=Rect { left: 0, top: 0, right: 1280, bottom: 720 }
[1788815691] smart cmd (render=true): seq_raw_null=true const_seq_ok=true
[1788815691] render enter: Some(F32) in=1280x720 out=1536x864 win=(-128,-72) token=1396891973754618 compiled=true snap=false t=8192 step=1024 lstep=1024 scale=25600
[1788815691] execute_plan ok
[1788815691] smart cmd (render=false): seq_raw_null=true const_seq_ok=true
[1788815691] smart cmd (render=false): seq_raw_null=true const_seq_ok=true
[1788815691] smart geometry: logical=1280x720 downsample=1/1x1/1 request=PF_LRect { left: -128, top: -72, right: 1408, bottom: 792 } upstream=Rect { left: 0, top: 0, right: 1280, bottom: 720 } frame=Rect { left: 0, top: 0, right: 1280, bottom: 720 } canvas=Rect { left: 0, top: 0, right: 1280, bottom: 720 }
[1788815691] smart geometry: logical=1280x720 downsample=1/1x1/1 request=PF_LRect { left: -128, top: -72, right: 1408, bottom: 792 } upstream=Rect { left: 0, top: 0, right: 1280, bottom: 720 } frame=Rect { left: 0, top: 0, right: 1280, bottom: 720 } canvas=Rect { left: 0, top: 0, right: 1280, bottom: 720 }
[1788815691] smart cmd (render=true): seq_raw_null=true const_seq_ok=true
[1788815691] smart cmd (render=true): seq_raw_null=true const_seq_ok=true
[1788815691] render enter: Some(F32) in=1280x720 out=1536x864 win=(-128,-72) token=1396891973754618 compiled=true snap=false t=43008 step=1024 lstep=1024 scale=25600
[1788815691] execute_plan ok
[1788815691] render enter: Some(F32) in=1280x720 out=1536x864 win=(-128,-72) token=1396891973754618 compiled=true snap=false t=7168 step=1024 lstep=1024 scale=25600
[1788815691] smart cmd (render=false): seq_raw_null=true const_seq_ok=true
[1788815691] execute_plan ok
[1788815691] smart geometry: logical=1280x720 downsample=1/1x1/1 request=PF_LRect { left: -128, top: -72, right: 1408, bottom: 792 } upstream=Rect { left: 0, top: 0, right: 1280, bottom: 720 } frame=Rect { left: 0, top: 0, right: 1280, bottom: 720 } canvas=Rect { left: 0, top: 0, right: 1280, bottom: 720 }
[1788815691] smart cmd (render=true): seq_raw_null=true const_seq_ok=true
[1788815691] render enter: Some(F32) in=1280x720 out=1536x864 win=(-128,-72) token=1396891973754618 compiled=true snap=false t=44032 step=1024 lstep=1024 scale=25600
[1788815691] smart cmd (render=false): seq_raw_null=true const_seq_ok=true
[1788815691] execute_plan ok
[1788815691] smart geometry: logical=1280x720 downsample=1/1x1/1 request=PF_LRect { left: -128, top: -72, right: 1408, bottom: 792 } upstream=Rect { left: 0, top: 0, right: 1280, bottom: 720 } frame=Rect { left: 0, top: 0, right: 1280, bottom: 720 } canvas=Rect { left: 0, top: 0, right: 1280, bottom: 720 }
[1788815691] smart cmd (render=true): seq_raw_null=true const_seq_ok=true
[1788815691] render enter: Some(F32) in=1280x720 out=1536x864 win=(-128,-72) token=1396891973754618 compiled=true snap=false t=6144 step=1024 lstep=1024 scale=25600
[1788815691] execute_plan ok
[1788815691] smart cmd (render=false): seq_raw_null=true const_seq_ok=true
[1788815691] smart geometry: logical=1280x720 downsample=1/1x1/1 request=PF_LRect { left: -128, top: -72, right: 1408, bottom: 792 } upstream=Rect { left: 0, top: 0, right: 1280, bottom: 720 } frame=Rect { left: 0, top: 0, right: 1280, bottom: 720 } canvas=Rect { left: 0, top: 0, right: 1280, bottom: 720 }
[1788815691] smart cmd (render=true): seq_raw_null=true const_seq_ok=true
[1788815691] render enter: Some(F32) in=1280x720 out=1536x864 win=(-128,-72) token=1396891973754618 compiled=true snap=false t=45056 step=1024 lstep=1024 scale=25600
[1788815691] execute_plan ok
[1788815691] smart cmd (render=false): seq_raw_null=true const_seq_ok=true
[1788815691] smart geometry: logical=1280x720 downsample=1/1x1/1 request=PF_LRect { left: -128, top: -72, right: 1408, bottom: 792 } upstream=Rect { left: 0, top: 0, right: 1280, bottom: 720 } frame=Rect { left: 0, top: 0, right: 1280, bottom: 720 } canvas=Rect { left: 0, top: 0, right: 1280, bottom: 720 }
[1788815691] smart cmd (render=true): seq_raw_null=true const_seq_ok=true
[1788815691] render enter: Some(F32) in=1280x720 out=1536x864 win=(-128,-72) token=1396891973754618 compiled=true snap=false t=5120 step=1024 lstep=1024 scale=25600
[1788815691] execute_plan ok
[1788815691] smart cmd (render=false): seq_raw_null=true const_seq_ok=true
[1788815691] smart geometry: logical=1280x720 downsample=1/1x1/1 request=PF_LRect { left: -128, top: -72, right: 1408, bottom: 792 } upstream=Rect { left: 0, top: 0, right: 1280, bottom: 720 } frame=Rect { left: 0, top: 0, right: 1280, bottom: 720 } canvas=Rect { left: 0, top: 0, right: 1280, bottom: 720 }
[1788815691] smart cmd (render=true): seq_raw_null=true const_seq_ok=true
[1788815691] render enter: Some(F32) in=1280x720 out=1536x864 win=(-128,-72) token=1396891973754618 compiled=true snap=false t=46080 step=1024 lstep=1024 scale=25600
[1788815691] execute_plan ok
[1788815691] smart cmd (render=false): seq_raw_null=true const_seq_ok=true
[1788815691] smart cmd (render=false): seq_raw_null=true const_seq_ok=true
[1788815691] smart geometry: logical=1280x720 downsample=1/1x1/1 request=PF_LRect { left: -128, top: -72, right: 1408, bottom: 792 } upstream=Rect { left: 0, top: 0, right: 1280, bottom: 720 } frame=Rect { left: 0, top: 0, right: 1280, bottom: 720 } canvas=Rect { left: 0, top: 0, right: 1280, bottom: 720 }
[1788815691] smart geometry: logical=1280x720 downsample=1/1x1/1 request=PF_LRect { left: -128, top: -72, right: 1408, bottom: 792 } upstream=Rect { left: 0, top: 0, right: 1280, bottom: 720 } frame=Rect { left: 0, top: 0, right: 1280, bottom: 720 } canvas=Rect { left: 0, top: 0, right: 1280, bottom: 720 }
[1788815691] smart cmd (render=true): seq_raw_null=true const_seq_ok=true
[1788815691] smart cmd (render=true): seq_raw_null=true const_seq_ok=true
[1788815691] render enter: Some(F32) in=1280x720 out=1536x864 win=(-128,-72) token=1396891973754618 compiled=true snap=false t=47104 step=1024 lstep=1024 scale=25600
[1788815691] execute_plan ok
[1788815691] render enter: Some(F32) in=1280x720 out=1536x864 win=(-128,-72) token=1396891973754618 compiled=true snap=false t=4096 step=1024 lstep=1024 scale=25600
[1788815691] smart cmd (render=false): seq_raw_null=true const_seq_ok=true
[1788815691] execute_plan ok
[1788815691] smart geometry: logical=1280x720 downsample=1/1x1/1 request=PF_LRect { left: -128, top: -72, right: 1408, bottom: 792 } upstream=Rect { left: 0, top: 0, right: 1280, bottom: 720 } frame=Rect { left: 0, top: 0, right: 1280, bottom: 720 } canvas=Rect { left: 0, top: 0, right: 1280, bottom: 720 }
[1788815691] smart cmd (render=true): seq_raw_null=true const_seq_ok=true
[1788815691] render enter: Some(F32) in=1280x720 out=1536x864 win=(-128,-72) token=1396891973754618 compiled=true snap=false t=3072 step=1024 lstep=1024 scale=25600
[1788815691] smart cmd (render=false): seq_raw_null=true const_seq_ok=true
[1788815691] execute_plan ok
[1788815691] smart geometry: logical=1280x720 downsample=1/1x1/1 request=PF_LRect { left: -128, top: -72, right: 1408, bottom: 792 } upstream=Rect { left: 0, top: 0, right: 1280, bottom: 720 } frame=Rect { left: 0, top: 0, right: 1280, bottom: 720 } canvas=Rect { left: 0, top: 0, right: 1280, bottom: 720 }
[1788815691] smart cmd (render=true): seq_raw_null=true const_seq_ok=true
[1788815691] render enter: Some(F32) in=1280x720 out=1536x864 win=(-128,-72) token=1396891973754618 compiled=true snap=false t=48128 step=1024 lstep=1024 scale=25600
[1788815691] execute_plan ok
[1788815691] smart cmd (render=false): seq_raw_null=true const_seq_ok=true
[1788815691] smart geometry: logical=1280x720 downsample=1/1x1/1 request=PF_LRect { left: -128, top: -72, right: 1408, bottom: 792 } upstream=Rect { left: 0, top: 0, right: 1280, bottom: 720 } frame=Rect { left: 0, top: 0, right: 1280, bottom: 720 } canvas=Rect { left: 0, top: 0, right: 1280, bottom: 720 }
[1788815691] smart cmd (render=true): seq_raw_null=true const_seq_ok=true
[1788815691] render enter: Some(F32) in=1280x720 out=1536x864 win=(-128,-72) token=1396891973754618 compiled=true snap=false t=2048 step=1024 lstep=1024 scale=25600
[1788815691] execute_plan ok
[1788815691] smart cmd (render=false): seq_raw_null=true const_seq_ok=true
[1788815691] smart geometry: logical=1280x720 downsample=1/1x1/1 request=PF_LRect { left: -128, top: -72, right: 1408, bottom: 792 } upstream=Rect { left: 0, top: 0, right: 1280, bottom: 720 } frame=Rect { left: 0, top: 0, right: 1280, bottom: 720 } canvas=Rect { left: 0, top: 0, right: 1280, bottom: 720 }
[1788815691] smart cmd (render=true): seq_raw_null=true const_seq_ok=true
[1788815691] render enter: Some(F32) in=1280x720 out=1536x864 win=(-128,-72) token=1396891973754618 compiled=true snap=false t=49152 step=1024 lstep=1024 scale=25600
[1788815691] execute_plan ok
[1788815691] smart cmd (render=false): seq_raw_null=true const_seq_ok=true
[1788815691] smart geometry: logical=1280x720 downsample=1/1x1/1 request=PF_LRect { left: -128, top: -72, right: 1408, bottom: 792 } upstream=Rect { left: 0, top: 0, right: 1280, bottom: 720 } frame=Rect { left: 0, top: 0, right: 1280, bottom: 720 } canvas=Rect { left: 0, top: 0, right: 1280, bottom: 720 }
[1788815691] smart cmd (render=true): seq_raw_null=true const_seq_ok=true
[1788815691] render enter: Some(F32) in=1280x720 out=1536x864 win=(-128,-72) token=1396891973754618 compiled=true snap=false t=1024 step=1024 lstep=1024 scale=25600
[1788815691] execute_plan ok
[1788815691] smart cmd (render=false): seq_raw_null=true const_seq_ok=true
[1788815691] smart cmd (render=false): seq_raw_null=true const_seq_ok=true
[1788815691] smart geometry: logical=1280x720 downsample=1/1x1/1 request=PF_LRect { left: -128, top: -72, right: 1408, bottom: 792 } upstream=Rect { left: 0, top: 0, right: 1280, bottom: 720 } frame=Rect { left: 0, top: 0, right: 1280, bottom: 720 } canvas=Rect { left: 0, top: 0, right: 1280, bottom: 720 }
[1788815691] smart geometry: logical=1280x720 downsample=1/1x1/1 request=PF_LRect { left: -128, top: -72, right: 1408, bottom: 792 } upstream=Rect { left: 0, top: 0, right: 1280, bottom: 720 } frame=Rect { left: 0, top: 0, right: 1280, bottom: 720 } canvas=Rect { left: 0, top: 0, right: 1280, bottom: 720 }
[1788815691] smart cmd (render=true): seq_raw_null=true const_seq_ok=true
[1788815691] smart cmd (render=true): seq_raw_null=true const_seq_ok=true
[1788815691] render enter: Some(F32) in=1280x720 out=1536x864 win=(-128,-72) token=1396891973754618 compiled=true snap=false t=50176 step=1024 lstep=1024 scale=25600
[1788815691] execute_plan ok
[1788815691] render enter: Some(F32) in=1280x720 out=1536x864 win=(-128,-72) token=1396891973754618 compiled=true snap=false t=0 step=1024 lstep=1024 scale=25600
[1788815692] smart cmd (render=false): seq_raw_null=true const_seq_ok=true
[1788815692] execute_plan ok
[1788815692] smart geometry: logical=1280x720 downsample=1/1x1/1 request=PF_LRect { left: -128, top: -72, right: 1408, bottom: 792 } upstream=Rect { left: 0, top: 0, right: 1280, bottom: 720 } frame=Rect { left: 0, top: 0, right: 1280, bottom: 720 } canvas=Rect { left: 0, top: 0, right: 1280, bottom: 720 }
[1788815692] smart cmd (render=true): seq_raw_null=true const_seq_ok=true
[1788815692] render enter: Some(F32) in=1280x720 out=1536x864 win=(-128,-72) token=1396891973754618 compiled=true snap=false t=51200 step=1024 lstep=1024 scale=25600
[1788815692] smart cmd (render=false): seq_raw_null=true const_seq_ok=true
[1788815692] execute_plan ok
[1788815692] smart geometry: logical=1280x720 downsample=1/1x1/1 request=PF_LRect { left: -128, top: -72, right: 1408, bottom: 792 } upstream=Rect { left: 0, top: 0, right: 1280, bottom: 720 } frame=Rect { left: 0, top: 0, right: 1280, bottom: 720 } canvas=Rect { left: 0, top: 0, right: 1280, bottom: 720 }
[1788815692] smart cmd (render=true): seq_raw_null=true const_seq_ok=true
[1788815692] render enter: Some(F32) in=1280x720 out=1536x864 win=(-128,-72) token=1396891973754618 compiled=true snap=false t=52224 step=1024 lstep=1024 scale=25600
[1788815692] execute_plan ok
[1788815692] smart cmd (render=false): seq_raw_null=true const_seq_ok=true
[1788815692] smart geometry: logical=1280x720 downsample=1/1x1/1 request=PF_LRect { left: -128, top: -72, right: 1408, bottom: 792 } upstream=Rect { left: 0, top: 0, right: 1280, bottom: 720 } frame=Rect { left: 0, top: 0, right: 1280, bottom: 720 } canvas=Rect { left: 0, top: 0, right: 1280, bottom: 720 }
[1788815692] smart cmd (render=true): seq_raw_null=true const_seq_ok=true
[1788815692] render enter: Some(F32) in=1280x720 out=1536x864 win=(-128,-72) token=1396891973754618 compiled=true snap=false t=53248 step=1024 lstep=1024 scale=25600
[1788815692] execute_plan ok
[1788815692] smart cmd (render=false): seq_raw_null=true const_seq_ok=true
[1788815692] smart geometry: logical=1280x720 downsample=1/1x1/1 request=PF_LRect { left: -128, top: -72, right: 1408, bottom: 792 } upstream=Rect { left: 0, top: 0, right: 1280, bottom: 720 } frame=Rect { left: 0, top: 0, right: 1280, bottom: 720 } canvas=Rect { left: 0, top: 0, right: 1280, bottom: 720 }
[1788815692] smart cmd (render=true): seq_raw_null=true const_seq_ok=true
[1788815692] render enter: Some(F32) in=1280x720 out=1536x864 win=(-128,-72) token=1396891973754618 compiled=true snap=false t=54272 step=1024 lstep=1024 scale=25600
[1788815692] execute_plan ok
[1788815692] smart cmd (render=false): seq_raw_null=true const_seq_ok=true
[1788815692] smart geometry: logical=1280x720 downsample=1/1x1/1 request=PF_LRect { left: -128, top: -72, right: 1408, bottom: 792 } upstream=Rect { left: 0, top: 0, right: 1280, bottom: 720 } frame=Rect { left: 0, top: 0, right: 1280, bottom: 720 } canvas=Rect { left: 0, top: 0, right: 1280, bottom: 720 }
[1788815692] smart cmd (render=true): seq_raw_null=true const_seq_ok=true
[1788815692] render enter: Some(F32) in=1280x720 out=1536x864 win=(-128,-72) token=1396891973754618 compiled=true snap=false t=55296 step=1024 lstep=1024 scale=25600
[1788815692] execute_plan ok
[1788815692] smart cmd (render=false): seq_raw_null=true const_seq_ok=true
[1788815692] smart cmd (render=false): seq_raw_null=true const_seq_ok=true
[1788815692] smart geometry: logical=1280x720 downsample=1/1x1/1 request=PF_LRect { left: -128, top: -72, right: 1408, bottom: 792 } upstream=Rect { left: 0, top: 0, right: 1280, bottom: 720 } frame=Rect { left: 0, top: 0, right: 1280, bottom: 720 } canvas=Rect { left: 0, top: 0, right: 1280, bottom: 720 }
[1788815692] smart geometry: logical=1280x720 downsample=1/1x1/1 request=PF_LRect { left: -128, top: -72, right: 1408, bottom: 792 } upstream=Rect { left: 0, top: 0, right: 1280, bottom: 720 } frame=Rect { left: 0, top: 0, right: 1280, bottom: 720 } canvas=Rect { left: 0, top: 0, right: 1280, bottom: 720 }
[1788815692] smart cmd (render=true): seq_raw_null=true const_seq_ok=true
[1788815692] smart cmd (render=true): seq_raw_null=true const_seq_ok=true
[1788815692] render enter: Some(F32) in=1280x720 out=1536x864 win=(-128,-72) token=1396891973754618 compiled=true snap=false t=57344 step=1024 lstep=1024 scale=25600
[1788815692] execute_plan ok
[1788815692] render enter: Some(F32) in=1280x720 out=1536x864 win=(-128,-72) token=1396891973754618 compiled=true snap=false t=56320 step=1024 lstep=1024 scale=25600
[1788815692] smart cmd (render=false): seq_raw_null=true const_seq_ok=true
[1788815692] execute_plan ok
[1788815692] smart geometry: logical=1280x720 downsample=1/1x1/1 request=PF_LRect { left: -128, top: -72, right: 1408, bottom: 792 } upstream=Rect { left: 0, top: 0, right: 1280, bottom: 720 } frame=Rect { left: 0, top: 0, right: 1280, bottom: 720 } canvas=Rect { left: 0, top: 0, right: 1280, bottom: 720 }
[1788815692] smart cmd (render=true): seq_raw_null=true const_seq_ok=true
[1788815692] render enter: Some(F32) in=1280x720 out=1536x864 win=(-128,-72) token=1396891973754618 compiled=true snap=false t=58368 step=1024 lstep=1024 scale=25600
[1788815692] smart cmd (render=false): seq_raw_null=true const_seq_ok=true
[1788815692] execute_plan ok
[1788815692] smart geometry: logical=1280x720 downsample=1/1x1/1 request=PF_LRect { left: -128, top: -72, right: 1408, bottom: 792 } upstream=Rect { left: 0, top: 0, right: 1280, bottom: 720 } frame=Rect { left: 0, top: 0, right: 1280, bottom: 720 } canvas=Rect { left: 0, top: 0, right: 1280, bottom: 720 }
[1788815692] smart cmd (render=true): seq_raw_null=true const_seq_ok=true
[1788815692] render enter: Some(F32) in=1280x720 out=1536x864 win=(-128,-72) token=1396891973754618 compiled=true snap=false t=59392 step=1024 lstep=1024 scale=25600
[1788815692] execute_plan ok
[1788815692] smart cmd (render=false): seq_raw_null=true const_seq_ok=true
[1788815692] smart geometry: logical=1280x720 downsample=1/1x1/1 request=PF_LRect { left: -128, top: -72, right: 1408, bottom: 792 } upstream=Rect { left: 0, top: 0, right: 1280, bottom: 720 } frame=Rect { left: 0, top: 0, right: 1280, bottom: 720 } canvas=Rect { left: 0, top: 0, right: 1280, bottom: 720 }
[1788815692] smart cmd (render=true): seq_raw_null=true const_seq_ok=true
[1788815692] render enter: Some(F32) in=1280x720 out=1536x864 win=(-128,-72) token=1396891973754618 compiled=true snap=false t=60416 step=1024 lstep=1024 scale=25600
[1788815692] execute_plan ok
[1788815692] smart cmd (render=false): seq_raw_null=true const_seq_ok=true
[1788815692] smart geometry: logical=1280x720 downsample=1/1x1/1 request=PF_LRect { left: -128, top: -72, right: 1408, bottom: 792 } upstream=Rect { left: 0, top: 0, right: 1280, bottom: 720 } frame=Rect { left: 0, top: 0, right: 1280, bottom: 720 } canvas=Rect { left: 0, top: 0, right: 1280, bottom: 720 }
[1788815692] smart cmd (render=true): seq_raw_null=true const_seq_ok=true
[1788815692] render enter: Some(F32) in=1280x720 out=1536x864 win=(-128,-72) token=1396891973754618 compiled=true snap=false t=61440 step=1024 lstep=1024 scale=25600
[1788815692] execute_plan ok
[1788815692] smart cmd (render=false): seq_raw_null=true const_seq_ok=true
[1788815692] smart geometry: logical=1280x720 downsample=1/1x1/1 request=PF_LRect { left: -128, top: -72, right: 1408, bottom: 792 } upstream=Rect { left: 0, top: 0, right: 1280, bottom: 720 } frame=Rect { left: 0, top: 0, right: 1280, bottom: 720 } canvas=Rect { left: 0, top: 0, right: 1280, bottom: 720 }
[1788815692] smart cmd (render=true): seq_raw_null=true const_seq_ok=true
[1788815692] render enter: Some(F32) in=1280x720 out=1536x864 win=(-128,-72) token=1396891973754618 compiled=true snap=false t=62464 step=1024 lstep=1024 scale=25600
[1788815692] execute_plan ok
[1788815692] smart cmd (render=false): seq_raw_null=true const_seq_ok=true
[1788815692] smart cmd (render=false): seq_raw_null=true const_seq_ok=true
[1788815692] smart geometry: logical=1280x720 downsample=1/1x1/1 request=PF_LRect { left: -128, top: -72, right: 1408, bottom: 792 } upstream=Rect { left: 0, top: 0, right: 1280, bottom: 720 } frame=Rect { left: 0, top: 0, right: 1280, bottom: 720 } canvas=Rect { left: 0, top: 0, right: 1280, bottom: 720 }
[1788815692] smart geometry: logical=1280x720 downsample=1/1x1/1 request=PF_LRect { left: -128, top: -72, right: 1408, bottom: 792 } upstream=Rect { left: 0, top: 0, right: 1280, bottom: 720 } frame=Rect { left: 0, top: 0, right: 1280, bottom: 720 } canvas=Rect { left: 0, top: 0, right: 1280, bottom: 720 }
[1788815692] smart cmd (render=true): seq_raw_null=true const_seq_ok=true
[1788815692] smart cmd (render=true): seq_raw_null=true const_seq_ok=true
[1788815692] render enter: Some(F32) in=1280x720 out=1536x864 win=(-128,-72) token=1396891973754618 compiled=true snap=false t=64512 step=1024 lstep=1024 scale=25600
[1788815692] execute_plan ok
[1788815692] render enter: Some(F32) in=1280x720 out=1536x864 win=(-128,-72) token=1396891973754618 compiled=true snap=false t=63488 step=1024 lstep=1024 scale=25600
[1788815692] smart cmd (render=false): seq_raw_null=true const_seq_ok=true
[1788815692] execute_plan ok
[1788815692] smart geometry: logical=1280x720 downsample=1/1x1/1 request=PF_LRect { left: -128, top: -72, right: 1408, bottom: 792 } upstream=Rect { left: 0, top: 0, right: 1280, bottom: 720 } frame=Rect { left: 0, top: 0, right: 1280, bottom: 720 } canvas=Rect { left: 0, top: 0, right: 1280, bottom: 720 }
[1788815692] smart cmd (render=true): seq_raw_null=true const_seq_ok=true
[1788815692] render enter: Some(F32) in=1280x720 out=1536x864 win=(-128,-72) token=1396891973754618 compiled=true snap=false t=65536 step=1024 lstep=1024 scale=25600
[1788815692] smart cmd (render=false): seq_raw_null=true const_seq_ok=true
[1788815692] execute_plan ok
[1788815692] smart geometry: logical=1280x720 downsample=1/1x1/1 request=PF_LRect { left: -128, top: -72, right: 1408, bottom: 792 } upstream=Rect { left: 0, top: 0, right: 1280, bottom: 720 } frame=Rect { left: 0, top: 0, right: 1280, bottom: 720 } canvas=Rect { left: 0, top: 0, right: 1280, bottom: 720 }
[1788815692] smart cmd (render=true): seq_raw_null=true const_seq_ok=true
[1788815692] render enter: Some(F32) in=1280x720 out=1536x864 win=(-128,-72) token=1396891973754618 compiled=true snap=false t=66560 step=1024 lstep=1024 scale=25600
[1788815692] execute_plan ok
[1788815692] smart cmd (render=false): seq_raw_null=true const_seq_ok=true
[1788815692] smart geometry: logical=1280x720 downsample=1/1x1/1 request=PF_LRect { left: -128, top: -72, right: 1408, bottom: 792 } upstream=Rect { left: 0, top: 0, right: 1280, bottom: 720 } frame=Rect { left: 0, top: 0, right: 1280, bottom: 720 } canvas=Rect { left: 0, top: 0, right: 1280, bottom: 720 }
[1788815692] smart cmd (render=true): seq_raw_null=true const_seq_ok=true
[1788815692] render enter: Some(F32) in=1280x720 out=1536x864 win=(-128,-72) token=1396891973754618 compiled=true snap=false t=67584 step=1024 lstep=1024 scale=25600
[1788815692] execute_plan ok
[1788815692] smart cmd (render=false): seq_raw_null=true const_seq_ok=true
[1788815692] smart geometry: logical=1280x720 downsample=1/1x1/1 request=PF_LRect { left: -128, top: -72, right: 1408, bottom: 792 } upstream=Rect { left: 0, top: 0, right: 1280, bottom: 720 } frame=Rect { left: 0, top: 0, right: 1280, bottom: 720 } canvas=Rect { left: 0, top: 0, right: 1280, bottom: 720 }
[1788815692] smart cmd (render=true): seq_raw_null=true const_seq_ok=true
[1788815692] render enter: Some(F32) in=1280x720 out=1536x864 win=(-128,-72) token=1396891973754618 compiled=true snap=false t=68608 step=1024 lstep=1024 scale=25600
[1788815692] execute_plan ok
[1788815692] smart cmd (render=false): seq_raw_null=true const_seq_ok=true
[1788815692] smart geometry: logical=1280x720 downsample=1/1x1/1 request=PF_LRect { left: -128, top: -72, right: 1408, bottom: 792 } upstream=Rect { left: 0, top: 0, right: 1280, bottom: 720 } frame=Rect { left: 0, top: 0, right: 1280, bottom: 720 } canvas=Rect { left: 0, top: 0, right: 1280, bottom: 720 }
[1788815692] smart cmd (render=true): seq_raw_null=true const_seq_ok=true
[1788815692] render enter: Some(F32) in=1280x720 out=1536x864 win=(-128,-72) token=1396891973754618 compiled=true snap=false t=69632 step=1024 lstep=1024 scale=25600
[1788815692] execute_plan ok
[1788815692] smart cmd (render=false): seq_raw_null=true const_seq_ok=true
[1788815692] smart cmd (render=false): seq_raw_null=true const_seq_ok=true
[1788815692] smart geometry: logical=1280x720 downsample=1/1x1/1 request=PF_LRect { left: -128, top: -72, right: 1408, bottom: 792 } upstream=Rect { left: 0, top: 0, right: 1280, bottom: 720 } frame=Rect { left: 0, top: 0, right: 1280, bottom: 720 } canvas=Rect { left: 0, top: 0, right: 1280, bottom: 720 }
[1788815692] smart geometry: logical=1280x720 downsample=1/1x1/1 request=PF_LRect { left: -128, top: -72, right: 1408, bottom: 792 } upstream=Rect { left: 0, top: 0, right: 1280, bottom: 720 } frame=Rect { left: 0, top: 0, right: 1280, bottom: 720 } canvas=Rect { left: 0, top: 0, right: 1280, bottom: 720 }
[1788815692] smart cmd (render=true): seq_raw_null=true const_seq_ok=true
[1788815692] smart cmd (render=true): seq_raw_null=true const_seq_ok=true
[1788815692] render enter: Some(F32) in=1280x720 out=1536x864 win=(-128,-72) token=1396891973754618 compiled=true snap=false t=71680 step=1024 lstep=1024 scale=25600
[1788815692] execute_plan ok
[1788815692] render enter: Some(F32) in=1280x720 out=1536x864 win=(-128,-72) token=1396891973754618 compiled=true snap=false t=70656 step=1024 lstep=1024 scale=25600
[1788815692] smart cmd (render=false): seq_raw_null=true const_seq_ok=true
[1788815692] execute_plan ok
[1788815692] smart geometry: logical=1280x720 downsample=1/1x1/1 request=PF_LRect { left: -128, top: -72, right: 1408, bottom: 792 } upstream=Rect { left: 0, top: 0, right: 1280, bottom: 720 } frame=Rect { left: 0, top: 0, right: 1280, bottom: 720 } canvas=Rect { left: 0, top: 0, right: 1280, bottom: 720 }
[1788815692] smart cmd (render=true): seq_raw_null=true const_seq_ok=true
[1788815692] render enter: Some(F32) in=1280x720 out=1536x864 win=(-128,-72) token=1396891973754618 compiled=true snap=false t=72704 step=1024 lstep=1024 scale=25600
[1788815692] smart cmd (render=false): seq_raw_null=true const_seq_ok=true
[1788815692] execute_plan ok
[1788815692] smart geometry: logical=1280x720 downsample=1/1x1/1 request=PF_LRect { left: -128, top: -72, right: 1408, bottom: 792 } upstream=Rect { left: 0, top: 0, right: 1280, bottom: 720 } frame=Rect { left: 0, top: 0, right: 1280, bottom: 720 } canvas=Rect { left: 0, top: 0, right: 1280, bottom: 720 }
[1788815692] smart cmd (render=true): seq_raw_null=true const_seq_ok=true
[1788815692] render enter: Some(F32) in=1280x720 out=1536x864 win=(-128,-72) token=1396891973754618 compiled=true snap=false t=73728 step=1024 lstep=1024 scale=25600
[1788815692] execute_plan ok
[1788815692] smart cmd (render=false): seq_raw_null=true const_seq_ok=true
[1788815692] smart geometry: logical=1280x720 downsample=1/1x1/1 request=PF_LRect { left: -128, top: -72, right: 1408, bottom: 792 } upstream=Rect { left: 0, top: 0, right: 1280, bottom: 720 } frame=Rect { left: 0, top: 0, right: 1280, bottom: 720 } canvas=Rect { left: 0, top: 0, right: 1280, bottom: 720 }
[1788815692] smart cmd (render=true): seq_raw_null=true const_seq_ok=true
[1788815692] render enter: Some(F32) in=1280x720 out=1536x864 win=(-128,-72) token=1396891973754618 compiled=true snap=false t=74752 step=1024 lstep=1024 scale=25600
[1788815692] execute_plan ok
[1788815692] smart cmd (render=false): seq_raw_null=true const_seq_ok=true
[1788815692] smart geometry: logical=1280x720 downsample=1/1x1/1 request=PF_LRect { left: -128, top: -72, right: 1408, bottom: 792 } upstream=Rect { left: 0, top: 0, right: 1280, bottom: 720 } frame=Rect { left: 0, top: 0, right: 1280, bottom: 720 } canvas=Rect { left: 0, top: 0, right: 1280, bottom: 720 }
[1788815692] smart cmd (render=true): seq_raw_null=true const_seq_ok=true
[1788815692] render enter: Some(F32) in=1280x720 out=1536x864 win=(-128,-72) token=1396891973754618 compiled=true snap=false t=75776 step=1024 lstep=1024 scale=25600
[1788815692] execute_plan ok
[1788815692] smart cmd (render=false): seq_raw_null=true const_seq_ok=true
[1788815692] smart geometry: logical=1280x720 downsample=1/1x1/1 request=PF_LRect { left: -128, top: -72, right: 1408, bottom: 792 } upstream=Rect { left: 0, top: 0, right: 1280, bottom: 720 } frame=Rect { left: 0, top: 0, right: 1280, bottom: 720 } canvas=Rect { left: 0, top: 0, right: 1280, bottom: 720 }
[1788815692] smart cmd (render=true): seq_raw_null=true const_seq_ok=true
[1788815692] render enter: Some(F32) in=1280x720 out=1536x864 win=(-128,-72) token=1396891973754618 compiled=true snap=false t=76800 step=1024 lstep=1024 scale=25600
[1788815692] execute_plan ok
[1788815692] smart cmd (render=false): seq_raw_null=true const_seq_ok=true
[1788815692] smart cmd (render=false): seq_raw_null=true const_seq_ok=true
[1788815692] smart geometry: logical=1280x720 downsample=1/1x1/1 request=PF_LRect { left: -128, top: -72, right: 1408, bottom: 792 } upstream=Rect { left: 0, top: 0, right: 1280, bottom: 720 } frame=Rect { left: 0, top: 0, right: 1280, bottom: 720 } canvas=Rect { left: 0, top: 0, right: 1280, bottom: 720 }
[1788815692] smart geometry: logical=1280x720 downsample=1/1x1/1 request=PF_LRect { left: -128, top: -72, right: 1408, bottom: 792 } upstream=Rect { left: 0, top: 0, right: 1280, bottom: 720 } frame=Rect { left: 0, top: 0, right: 1280, bottom: 720 } canvas=Rect { left: 0, top: 0, right: 1280, bottom: 720 }
[1788815692] smart cmd (render=true): seq_raw_null=true const_seq_ok=true
[1788815692] smart cmd (render=true): seq_raw_null=true const_seq_ok=true
[1788815692] render enter: Some(F32) in=1280x720 out=1536x864 win=(-128,-72) token=1396891973754618 compiled=true snap=false t=77824 step=1024 lstep=1024 scale=25600
[1788815692] execute_plan ok
[1788815692] render enter: Some(F32) in=1280x720 out=1536x864 win=(-128,-72) token=1396891973754618 compiled=true snap=false t=78848 step=1024 lstep=1024 scale=25600
[1788815692] smart cmd (render=false): seq_raw_null=true const_seq_ok=true
[1788815692] execute_plan ok
[1788815692] smart geometry: logical=1280x720 downsample=1/1x1/1 request=PF_LRect { left: -128, top: -72, right: 1408, bottom: 792 } upstream=Rect { left: 0, top: 0, right: 1280, bottom: 720 } frame=Rect { left: 0, top: 0, right: 1280, bottom: 720 } canvas=Rect { left: 0, top: 0, right: 1280, bottom: 720 }
[1788815692] smart cmd (render=true): seq_raw_null=true const_seq_ok=true
[1788815692] render enter: Some(F32) in=1280x720 out=1536x864 win=(-128,-72) token=1396891973754618 compiled=true snap=false t=79872 step=1024 lstep=1024 scale=25600
[1788815692] smart cmd (render=false): seq_raw_null=true const_seq_ok=true
[1788815692] execute_plan ok
[1788815692] smart geometry: logical=1280x720 downsample=1/1x1/1 request=PF_LRect { left: -128, top: -72, right: 1408, bottom: 792 } upstream=Rect { left: 0, top: 0, right: 1280, bottom: 720 } frame=Rect { left: 0, top: 0, right: 1280, bottom: 720 } canvas=Rect { left: 0, top: 0, right: 1280, bottom: 720 }
[1788815692] smart cmd (render=true): seq_raw_null=true const_seq_ok=true
[1788815692] render enter: Some(F32) in=1280x720 out=1536x864 win=(-128,-72) token=1396891973754618 compiled=true snap=false t=80896 step=1024 lstep=1024 scale=25600
[1788815692] execute_plan ok
[1788815692] smart cmd (render=false): seq_raw_null=true const_seq_ok=true
[1788815692] smart geometry: logical=1280x720 downsample=1/1x1/1 request=PF_LRect { left: -128, top: -72, right: 1408, bottom: 792 } upstream=Rect { left: 0, top: 0, right: 1280, bottom: 720 } frame=Rect { left: 0, top: 0, right: 1280, bottom: 720 } canvas=Rect { left: 0, top: 0, right: 1280, bottom: 720 }
[1788815692] smart cmd (render=true): seq_raw_null=true const_seq_ok=true
[1788815692] render enter: Some(F32) in=1280x720 out=1536x864 win=(-128,-72) token=1396891973754618 compiled=true snap=false t=81920 step=1024 lstep=1024 scale=25600
[1788815692] execute_plan ok
[1788815692] smart cmd (render=false): seq_raw_null=true const_seq_ok=true
[1788815692] smart geometry: logical=1280x720 downsample=1/1x1/1 request=PF_LRect { left: -128, top: -72, right: 1408, bottom: 792 } upstream=Rect { left: 0, top: 0, right: 1280, bottom: 720 } frame=Rect { left: 0, top: 0, right: 1280, bottom: 720 } canvas=Rect { left: 0, top: 0, right: 1280, bottom: 720 }
[1788815692] smart cmd (render=true): seq_raw_null=true const_seq_ok=true
[1788815692] render enter: Some(F32) in=1280x720 out=1536x864 win=(-128,-72) token=1396891973754618 compiled=true snap=false t=82944 step=1024 lstep=1024 scale=25600
[1788815692] execute_plan ok
[1788815692] smart cmd (render=false): seq_raw_null=true const_seq_ok=true
[1788815692] smart geometry: logical=1280x720 downsample=1/1x1/1 request=PF_LRect { left: -128, top: -72, right: 1408, bottom: 792 } upstream=Rect { left: 0, top: 0, right: 1280, bottom: 720 } frame=Rect { left: 0, top: 0, right: 1280, bottom: 720 } canvas=Rect { left: 0, top: 0, right: 1280, bottom: 720 }
[1788815692] smart cmd (render=true): seq_raw_null=true const_seq_ok=true
[1788815692] render enter: Some(F32) in=1280x720 out=1536x864 win=(-128,-72) token=1396891973754618 compiled=true snap=false t=83968 step=1024 lstep=1024 scale=25600
[1788815692] execute_plan ok
[1788815692] smart cmd (render=false): seq_raw_null=true const_seq_ok=true
[1788815692] smart cmd (render=false): seq_raw_null=true const_seq_ok=true
[1788815692] smart geometry: logical=1280x720 downsample=1/1x1/1 request=PF_LRect { left: -128, top: -72, right: 1408, bottom: 792 } upstream=Rect { left: 0, top: 0, right: 1280, bottom: 720 } frame=Rect { left: 0, top: 0, right: 1280, bottom: 720 } canvas=Rect { left: 0, top: 0, right: 1280, bottom: 720 }
[1788815692] smart geometry: logical=1280x720 downsample=1/1x1/1 request=PF_LRect { left: -128, top: -72, right: 1408, bottom: 792 } upstream=Rect { left: 0, top: 0, right: 1280, bottom: 720 } frame=Rect { left: 0, top: 0, right: 1280, bottom: 720 } canvas=Rect { left: 0, top: 0, right: 1280, bottom: 720 }
[1788815692] smart cmd (render=true): seq_raw_null=true const_seq_ok=true
[1788815692] smart cmd (render=true): seq_raw_null=true const_seq_ok=true
[1788815692] render enter: Some(F32) in=1280x720 out=1536x864 win=(-128,-72) token=1396891973754618 compiled=true snap=false t=84992 step=1024 lstep=1024 scale=25600
[1788815692] execute_plan ok
[1788815692] render enter: Some(F32) in=1280x720 out=1536x864 win=(-128,-72) token=1396891973754618 compiled=true snap=false t=86016 step=1024 lstep=1024 scale=25600
[1788815692] smart cmd (render=false): seq_raw_null=true const_seq_ok=true
[1788815692] execute_plan ok
[1788815692] smart geometry: logical=1280x720 downsample=1/1x1/1 request=PF_LRect { left: -128, top: -72, right: 1408, bottom: 792 } upstream=Rect { left: 0, top: 0, right: 1280, bottom: 720 } frame=Rect { left: 0, top: 0, right: 1280, bottom: 720 } canvas=Rect { left: 0, top: 0, right: 1280, bottom: 720 }
[1788815692] smart cmd (render=true): seq_raw_null=true const_seq_ok=true
[1788815692] render enter: Some(F32) in=1280x720 out=1536x864 win=(-128,-72) token=1396891973754618 compiled=true snap=false t=87040 step=1024 lstep=1024 scale=25600
[1788815692] smart cmd (render=false): seq_raw_null=true const_seq_ok=true
[1788815692] execute_plan ok
[1788815692] smart geometry: logical=1280x720 downsample=1/1x1/1 request=PF_LRect { left: -128, top: -72, right: 1408, bottom: 792 } upstream=Rect { left: 0, top: 0, right: 1280, bottom: 720 } frame=Rect { left: 0, top: 0, right: 1280, bottom: 720 } canvas=Rect { left: 0, top: 0, right: 1280, bottom: 720 }
[1788815692] smart cmd (render=true): seq_raw_null=true const_seq_ok=true
[1788815692] render enter: Some(F32) in=1280x720 out=1536x864 win=(-128,-72) token=1396891973754618 compiled=true snap=false t=88064 step=1024 lstep=1024 scale=25600
[1788815692] execute_plan ok
[1788815692] smart cmd (render=false): seq_raw_null=true const_seq_ok=true
[1788815692] smart geometry: logical=1280x720 downsample=1/1x1/1 request=PF_LRect { left: -128, top: -72, right: 1408, bottom: 792 } upstream=Rect { left: 0, top: 0, right: 1280, bottom: 720 } frame=Rect { left: 0, top: 0, right: 1280, bottom: 720 } canvas=Rect { left: 0, top: 0, right: 1280, bottom: 720 }
[1788815692] smart cmd (render=true): seq_raw_null=true const_seq_ok=true
[1788815692] render enter: Some(F32) in=1280x720 out=1536x864 win=(-128,-72) token=1396891973754618 compiled=true snap=false t=89088 step=1024 lstep=1024 scale=25600
[1788815692] execute_plan ok
[1788815692] smart cmd (render=false): seq_raw_null=true const_seq_ok=true
[1788815692] smart geometry: logical=1280x720 downsample=1/1x1/1 request=PF_LRect { left: -128, top: -72, right: 1408, bottom: 792 } upstream=Rect { left: 0, top: 0, right: 1280, bottom: 720 } frame=Rect { left: 0, top: 0, right: 1280, bottom: 720 } canvas=Rect { left: 0, top: 0, right: 1280, bottom: 720 }
[1788815692] smart cmd (render=true): seq_raw_null=true const_seq_ok=true
[1788815692] render enter: Some(F32) in=1280x720 out=1536x864 win=(-128,-72) token=1396891973754618 compiled=true snap=false t=90112 step=1024 lstep=1024 scale=25600
[1788815692] execute_plan ok
[1788815692] smart cmd (render=false): seq_raw_null=true const_seq_ok=true
[1788815692] smart geometry: logical=1280x720 downsample=1/1x1/1 request=PF_LRect { left: -128, top: -72, right: 1408, bottom: 792 } upstream=Rect { left: 0, top: 0, right: 1280, bottom: 720 } frame=Rect { left: 0, top: 0, right: 1280, bottom: 720 } canvas=Rect { left: 0, top: 0, right: 1280, bottom: 720 }
[1788815692] smart cmd (render=true): seq_raw_null=true const_seq_ok=true
[1788815692] render enter: Some(F32) in=1280x720 out=1536x864 win=(-128,-72) token=1396891973754618 compiled=true snap=false t=91136 step=1024 lstep=1024 scale=25600
[1788815692] execute_plan ok
[1788815692] smart cmd (render=false): seq_raw_null=true const_seq_ok=true
[1788815692] smart cmd (render=false): seq_raw_null=true const_seq_ok=true
[1788815692] smart geometry: logical=1280x720 downsample=1/1x1/1 request=PF_LRect { left: -128, top: -72, right: 1408, bottom: 792 } upstream=Rect { left: 0, top: 0, right: 1280, bottom: 720 } frame=Rect { left: 0, top: 0, right: 1280, bottom: 720 } canvas=Rect { left: 0, top: 0, right: 1280, bottom: 720 }
[1788815692] smart geometry: logical=1280x720 downsample=1/1x1/1 request=PF_LRect { left: -128, top: -72, right: 1408, bottom: 792 } upstream=Rect { left: 0, top: 0, right: 1280, bottom: 720 } frame=Rect { left: 0, top: 0, right: 1280, bottom: 720 } canvas=Rect { left: 0, top: 0, right: 1280, bottom: 720 }
[1788815692] smart cmd (render=true): seq_raw_null=true const_seq_ok=true
[1788815692] smart cmd (render=true): seq_raw_null=true const_seq_ok=true
[1788815692] render enter: Some(F32) in=1280x720 out=1536x864 win=(-128,-72) token=1396891973754618 compiled=true snap=false t=93184 step=1024 lstep=1024 scale=25600
[1788815692] execute_plan ok
[1788815692] render enter: Some(F32) in=1280x720 out=1536x864 win=(-128,-72) token=1396891973754618 compiled=true snap=false t=92160 step=1024 lstep=1024 scale=25600
[1788815692] smart cmd (render=false): seq_raw_null=true const_seq_ok=true
[1788815692] execute_plan ok
[1788815692] smart geometry: logical=1280x720 downsample=1/1x1/1 request=PF_LRect { left: -128, top: -72, right: 1408, bottom: 792 } upstream=Rect { left: 0, top: 0, right: 1280, bottom: 720 } frame=Rect { left: 0, top: 0, right: 1280, bottom: 720 } canvas=Rect { left: 0, top: 0, right: 1280, bottom: 720 }
[1788815692] smart cmd (render=true): seq_raw_null=true const_seq_ok=true
[1788815692] render enter: Some(F32) in=1280x720 out=1536x864 win=(-128,-72) token=1396891973754618 compiled=true snap=false t=94208 step=1024 lstep=1024 scale=25600
[1788815692] smart cmd (render=false): seq_raw_null=true const_seq_ok=true
[1788815692] execute_plan ok
[1788815692] smart geometry: logical=1280x720 downsample=1/1x1/1 request=PF_LRect { left: -128, top: -72, right: 1408, bottom: 792 } upstream=Rect { left: 0, top: 0, right: 1280, bottom: 720 } frame=Rect { left: 0, top: 0, right: 1280, bottom: 720 } canvas=Rect { left: 0, top: 0, right: 1280, bottom: 720 }
[1788815692] smart cmd (render=true): seq_raw_null=true const_seq_ok=true
[1788815692] render enter: Some(F32) in=1280x720 out=1536x864 win=(-128,-72) token=1396891973754618 compiled=true snap=false t=95232 step=1024 lstep=1024 scale=25600
[1788815692] execute_plan ok
[1788815692] smart cmd (render=false): seq_raw_null=true const_seq_ok=true
[1788815692] smart geometry: logical=1280x720 downsample=1/1x1/1 request=PF_LRect { left: -128, top: -72, right: 1408, bottom: 792 } upstream=Rect { left: 0, top: 0, right: 1280, bottom: 720 } frame=Rect { left: 0, top: 0, right: 1280, bottom: 720 } canvas=Rect { left: 0, top: 0, right: 1280, bottom: 720 }
[1788815692] smart cmd (render=true): seq_raw_null=true const_seq_ok=true
[1788815692] render enter: Some(F32) in=1280x720 out=1536x864 win=(-128,-72) token=1396891973754618 compiled=true snap=false t=96256 step=1024 lstep=1024 scale=25600
[1788815692] execute_plan ok
[1788815692] smart cmd (render=false): seq_raw_null=true const_seq_ok=true
[1788815692] smart geometry: logical=1280x720 downsample=1/1x1/1 request=PF_LRect { left: -128, top: -72, right: 1408, bottom: 792 } upstream=Rect { left: 0, top: 0, right: 1280, bottom: 720 } frame=Rect { left: 0, top: 0, right: 1280, bottom: 720 } canvas=Rect { left: 0, top: 0, right: 1280, bottom: 720 }
[1788815692] smart cmd (render=true): seq_raw_null=true const_seq_ok=true
[1788815692] render enter: Some(F32) in=1280x720 out=1536x864 win=(-128,-72) token=1396891973754618 compiled=true snap=false t=97280 step=1024 lstep=1024 scale=25600
[1788815692] execute_plan ok
[1788815692] smart cmd (render=false): seq_raw_null=true const_seq_ok=true
[1788815692] smart geometry: logical=1280x720 downsample=1/1x1/1 request=PF_LRect { left: -128, top: -72, right: 1408, bottom: 792 } upstream=Rect { left: 0, top: 0, right: 1280, bottom: 720 } frame=Rect { left: 0, top: 0, right: 1280, bottom: 720 } canvas=Rect { left: 0, top: 0, right: 1280, bottom: 720 }
[1788815692] smart cmd (render=true): seq_raw_null=true const_seq_ok=true
[1788815692] render enter: Some(F32) in=1280x720 out=1536x864 win=(-128,-72) token=1396891973754618 compiled=true snap=false t=98304 step=1024 lstep=1024 scale=25600
[1788815692] execute_plan ok
[1788815692] smart cmd (render=false): seq_raw_null=true const_seq_ok=true
[1788815692] smart cmd (render=false): seq_raw_null=true const_seq_ok=true
[1788815692] smart geometry: logical=1280x720 downsample=1/1x1/1 request=PF_LRect { left: -128, top: -72, right: 1408, bottom: 792 } upstream=Rect { left: 0, top: 0, right: 1280, bottom: 720 } frame=Rect { left: 0, top: 0, right: 1280, bottom: 720 } canvas=Rect { left: 0, top: 0, right: 1280, bottom: 720 }
[1788815692] smart geometry: logical=1280x720 downsample=1/1x1/1 request=PF_LRect { left: -128, top: -72, right: 1408, bottom: 792 } upstream=Rect { left: 0, top: 0, right: 1280, bottom: 720 } frame=Rect { left: 0, top: 0, right: 1280, bottom: 720 } canvas=Rect { left: 0, top: 0, right: 1280, bottom: 720 }
[1788815692] smart cmd (render=true): seq_raw_null=true const_seq_ok=true
[1788815692] smart cmd (render=true): seq_raw_null=true const_seq_ok=true
[1788815692] render enter: Some(F32) in=1280x720 out=1536x864 win=(-128,-72) token=1396891973754618 compiled=true snap=false t=99328 step=1024 lstep=1024 scale=25600
[1788815692] execute_plan ok
[1788815692] render enter: Some(F32) in=1280x720 out=1536x864 win=(-128,-72) token=1396891973754618 compiled=true snap=false t=100352 step=1024 lstep=1024 scale=25600
[1788815692] smart cmd (render=false): seq_raw_null=true const_seq_ok=true
[1788815692] execute_plan ok
[1788815692] smart geometry: logical=1280x720 downsample=1/1x1/1 request=PF_LRect { left: -128, top: -72, right: 1408, bottom: 792 } upstream=Rect { left: 0, top: 0, right: 1280, bottom: 720 } frame=Rect { left: 0, top: 0, right: 1280, bottom: 720 } canvas=Rect { left: 0, top: 0, right: 1280, bottom: 720 }
[1788815692] smart cmd (render=true): seq_raw_null=true const_seq_ok=true
[1788815692] render enter: Some(F32) in=1280x720 out=1536x864 win=(-128,-72) token=1396891973754618 compiled=true snap=false t=101376 step=1024 lstep=1024 scale=25600
[1788815692] smart cmd (render=false): seq_raw_null=true const_seq_ok=true
[1788815692] execute_plan ok
[1788815692] smart geometry: logical=1280x720 downsample=1/1x1/1 request=PF_LRect { left: -128, top: -72, right: 1408, bottom: 792 } upstream=Rect { left: 0, top: 0, right: 1280, bottom: 720 } frame=Rect { left: 0, top: 0, right: 1280, bottom: 720 } canvas=Rect { left: 0, top: 0, right: 1280, bottom: 720 }
[1788815692] smart cmd (render=true): seq_raw_null=true const_seq_ok=true
[1788815692] render enter: Some(F32) in=1280x720 out=1536x864 win=(-128,-72) token=1396891973754618 compiled=true snap=false t=102400 step=1024 lstep=1024 scale=25600
[1788815692] execute_plan ok
[1788815692] smart cmd (render=false): seq_raw_null=true const_seq_ok=true
[1788815692] smart geometry: logical=1280x720 downsample=1/1x1/1 request=PF_LRect { left: -128, top: -72, right: 1408, bottom: 792 } upstream=Rect { left: 0, top: 0, right: 1280, bottom: 720 } frame=Rect { left: 0, top: 0, right: 1280, bottom: 720 } canvas=Rect { left: 0, top: 0, right: 1280, bottom: 720 }
[1788815692] smart cmd (render=true): seq_raw_null=true const_seq_ok=true
[1788815692] render enter: Some(F32) in=1280x720 out=1536x864 win=(-128,-72) token=1396891973754618 compiled=true snap=false t=103424 step=1024 lstep=1024 scale=25600
[1788815692] execute_plan ok
[1788815692] smart cmd (render=false): seq_raw_null=true const_seq_ok=true
[1788815692] smart geometry: logical=1280x720 downsample=1/1x1/1 request=PF_LRect { left: -128, top: -72, right: 1408, bottom: 792 } upstream=Rect { left: 0, top: 0, right: 1280, bottom: 720 } frame=Rect { left: 0, top: 0, right: 1280, bottom: 720 } canvas=Rect { left: 0, top: 0, right: 1280, bottom: 720 }
[1788815692] smart cmd (render=true): seq_raw_null=true const_seq_ok=true
[1788815692] render enter: Some(F32) in=1280x720 out=1536x864 win=(-128,-72) token=1396891973754618 compiled=true snap=false t=104448 step=1024 lstep=1024 scale=25600
[1788815692] execute_plan ok
[1788815692] smart cmd (render=false): seq_raw_null=true const_seq_ok=true
[1788815692] smart geometry: logical=1280x720 downsample=1/1x1/1 request=PF_LRect { left: -128, top: -72, right: 1408, bottom: 792 } upstream=Rect { left: 0, top: 0, right: 1280, bottom: 720 } frame=Rect { left: 0, top: 0, right: 1280, bottom: 720 } canvas=Rect { left: 0, top: 0, right: 1280, bottom: 720 }
[1788815692] smart cmd (render=true): seq_raw_null=true const_seq_ok=true
[1788815692] render enter: Some(F32) in=1280x720 out=1536x864 win=(-128,-72) token=1396891973754618 compiled=true snap=false t=105472 step=1024 lstep=1024 scale=25600
[1788815692] execute_plan ok
[1788815692] smart cmd (render=false): seq_raw_null=true const_seq_ok=true
[1788815692] smart cmd (render=false): seq_raw_null=true const_seq_ok=true
[1788815692] smart geometry: logical=1280x720 downsample=1/1x1/1 request=PF_LRect { left: -128, top: -72, right: 1408, bottom: 792 } upstream=Rect { left: 0, top: 0, right: 1280, bottom: 720 } frame=Rect { left: 0, top: 0, right: 1280, bottom: 720 } canvas=Rect { left: 0, top: 0, right: 1280, bottom: 720 }
[1788815692] smart geometry: logical=1280x720 downsample=1/1x1/1 request=PF_LRect { left: -128, top: -72, right: 1408, bottom: 792 } upstream=Rect { left: 0, top: 0, right: 1280, bottom: 720 } frame=Rect { left: 0, top: 0, right: 1280, bottom: 720 } canvas=Rect { left: 0, top: 0, right: 1280, bottom: 720 }
[1788815692] smart cmd (render=true): seq_raw_null=true const_seq_ok=true
[1788815692] smart cmd (render=true): seq_raw_null=true const_seq_ok=true
[1788815692] render enter: Some(F32) in=1280x720 out=1536x864 win=(-128,-72) token=1396891973754618 compiled=true snap=false t=107520 step=1024 lstep=1024 scale=25600
[1788815692] execute_plan ok
[1788815692] render enter: Some(F32) in=1280x720 out=1536x864 win=(-128,-72) token=1396891973754618 compiled=true snap=false t=106496 step=1024 lstep=1024 scale=25600
[1788815692] smart cmd (render=false): seq_raw_null=true const_seq_ok=true
[1788815692] execute_plan ok
[1788815692] smart geometry: logical=1280x720 downsample=1/1x1/1 request=PF_LRect { left: -128, top: -72, right: 1408, bottom: 792 } upstream=Rect { left: 0, top: 0, right: 1280, bottom: 720 } frame=Rect { left: 0, top: 0, right: 1280, bottom: 720 } canvas=Rect { left: 0, top: 0, right: 1280, bottom: 720 }
[1788815692] smart cmd (render=true): seq_raw_null=true const_seq_ok=true
[1788815692] render enter: Some(F32) in=1280x720 out=1536x864 win=(-128,-72) token=1396891973754618 compiled=true snap=false t=108544 step=1024 lstep=1024 scale=25600
[1788815692] smart cmd (render=false): seq_raw_null=true const_seq_ok=true
[1788815692] execute_plan ok
[1788815692] smart geometry: logical=1280x720 downsample=1/1x1/1 request=PF_LRect { left: -128, top: -72, right: 1408, bottom: 792 } upstream=Rect { left: 0, top: 0, right: 1280, bottom: 720 } frame=Rect { left: 0, top: 0, right: 1280, bottom: 720 } canvas=Rect { left: 0, top: 0, right: 1280, bottom: 720 }
[1788815692] smart cmd (render=true): seq_raw_null=true const_seq_ok=true
[1788815692] render enter: Some(F32) in=1280x720 out=1536x864 win=(-128,-72) token=1396891973754618 compiled=true snap=false t=109568 step=1024 lstep=1024 scale=25600
[1788815692] execute_plan ok
[1788815692] smart cmd (render=false): seq_raw_null=true const_seq_ok=true
[1788815692] smart geometry: logical=1280x720 downsample=1/1x1/1 request=PF_LRect { left: -128, top: -72, right: 1408, bottom: 792 } upstream=Rect { left: 0, top: 0, right: 1280, bottom: 720 } frame=Rect { left: 0, top: 0, right: 1280, bottom: 720 } canvas=Rect { left: 0, top: 0, right: 1280, bottom: 720 }
[1788815692] smart cmd (render=true): seq_raw_null=true const_seq_ok=true
[1788815692] render enter: Some(F32) in=1280x720 out=1536x864 win=(-128,-72) token=1396891973754618 compiled=true snap=false t=110592 step=1024 lstep=1024 scale=25600
[1788815692] execute_plan ok
[1788815692] smart cmd (render=false): seq_raw_null=true const_seq_ok=true
[1788815692] smart geometry: logical=1280x720 downsample=1/1x1/1 request=PF_LRect { left: -128, top: -72, right: 1408, bottom: 792 } upstream=Rect { left: 0, top: 0, right: 1280, bottom: 720 } frame=Rect { left: 0, top: 0, right: 1280, bottom: 720 } canvas=Rect { left: 0, top: 0, right: 1280, bottom: 720 }
[1788815692] smart cmd (render=true): seq_raw_null=true const_seq_ok=true
[1788815692] render enter: Some(F32) in=1280x720 out=1536x864 win=(-128,-72) token=1396891973754618 compiled=true snap=false t=111616 step=1024 lstep=1024 scale=25600
[1788815692] execute_plan ok
[1788815692] smart cmd (render=false): seq_raw_null=true const_seq_ok=true
[1788815692] smart geometry: logical=1280x720 downsample=1/1x1/1 request=PF_LRect { left: -128, top: -72, right: 1408, bottom: 792 } upstream=Rect { left: 0, top: 0, right: 1280, bottom: 720 } frame=Rect { left: 0, top: 0, right: 1280, bottom: 720 } canvas=Rect { left: 0, top: 0, right: 1280, bottom: 720 }
[1788815692] smart cmd (render=true): seq_raw_null=true const_seq_ok=true
[1788815692] render enter: Some(F32) in=1280x720 out=1536x864 win=(-128,-72) token=1396891973754618 compiled=true snap=false t=112640 step=1024 lstep=1024 scale=25600
[1788815692] execute_plan ok
[1788815692] smart cmd (render=false): seq_raw_null=true const_seq_ok=true
[1788815692] smart cmd (render=false): seq_raw_null=true const_seq_ok=true
[1788815692] smart geometry: logical=1280x720 downsample=1/1x1/1 request=PF_LRect { left: -128, top: -72, right: 1408, bottom: 792 } upstream=Rect { left: 0, top: 0, right: 1280, bottom: 720 } frame=Rect { left: 0, top: 0, right: 1280, bottom: 720 } canvas=Rect { left: 0, top: 0, right: 1280, bottom: 720 }
[1788815692] smart geometry: logical=1280x720 downsample=1/1x1/1 request=PF_LRect { left: -128, top: -72, right: 1408, bottom: 792 } upstream=Rect { left: 0, top: 0, right: 1280, bottom: 720 } frame=Rect { left: 0, top: 0, right: 1280, bottom: 720 } canvas=Rect { left: 0, top: 0, right: 1280, bottom: 720 }
[1788815692] smart cmd (render=true): seq_raw_null=true const_seq_ok=true
[1788815692] smart cmd (render=true): seq_raw_null=true const_seq_ok=true
[1788815692] render enter: Some(F32) in=1280x720 out=1536x864 win=(-128,-72) token=1396891973754618 compiled=true snap=false t=114688 step=1024 lstep=1024 scale=25600
[1788815692] execute_plan ok
[1788815692] render enter: Some(F32) in=1280x720 out=1536x864 win=(-128,-72) token=1396891973754618 compiled=true snap=false t=113664 step=1024 lstep=1024 scale=25600
[1788815693] smart cmd (render=false): seq_raw_null=true const_seq_ok=true
[1788815693] execute_plan ok
[1788815693] smart geometry: logical=1280x720 downsample=1/1x1/1 request=PF_LRect { left: -128, top: -72, right: 1408, bottom: 792 } upstream=Rect { left: 0, top: 0, right: 1280, bottom: 720 } frame=Rect { left: 0, top: 0, right: 1280, bottom: 720 } canvas=Rect { left: 0, top: 0, right: 1280, bottom: 720 }
[1788815693] smart cmd (render=true): seq_raw_null=true const_seq_ok=true
[1788815693] render enter: Some(F32) in=1280x720 out=1536x864 win=(-128,-72) token=1396891973754618 compiled=true snap=false t=115712 step=1024 lstep=1024 scale=25600
[1788815693] smart cmd (render=false): seq_raw_null=true const_seq_ok=true
[1788815693] execute_plan ok
[1788815693] smart geometry: logical=1280x720 downsample=1/1x1/1 request=PF_LRect { left: -128, top: -72, right: 1408, bottom: 792 } upstream=Rect { left: 0, top: 0, right: 1280, bottom: 720 } frame=Rect { left: 0, top: 0, right: 1280, bottom: 720 } canvas=Rect { left: 0, top: 0, right: 1280, bottom: 720 }
[1788815693] smart cmd (render=true): seq_raw_null=true const_seq_ok=true
[1788815693] render enter: Some(F32) in=1280x720 out=1536x864 win=(-128,-72) token=1396891973754618 compiled=true snap=false t=116736 step=1024 lstep=1024 scale=25600
[1788815693] execute_plan ok
[1788815693] smart cmd (render=false): seq_raw_null=true const_seq_ok=true
[1788815693] smart geometry: logical=1280x720 downsample=1/1x1/1 request=PF_LRect { left: -128, top: -72, right: 1408, bottom: 792 } upstream=Rect { left: 0, top: 0, right: 1280, bottom: 720 } frame=Rect { left: 0, top: 0, right: 1280, bottom: 720 } canvas=Rect { left: 0, top: 0, right: 1280, bottom: 720 }
[1788815693] smart cmd (render=true): seq_raw_null=true const_seq_ok=true
[1788815693] render enter: Some(F32) in=1280x720 out=1536x864 win=(-128,-72) token=1396891973754618 compiled=true snap=false t=117760 step=1024 lstep=1024 scale=25600
[1788815693] execute_plan ok
[1788815693] smart cmd (render=false): seq_raw_null=true const_seq_ok=true
[1788815693] smart geometry: logical=1280x720 downsample=1/1x1/1 request=PF_LRect { left: -128, top: -72, right: 1408, bottom: 792 } upstream=Rect { left: 0, top: 0, right: 1280, bottom: 720 } frame=Rect { left: 0, top: 0, right: 1280, bottom: 720 } canvas=Rect { left: 0, top: 0, right: 1280, bottom: 720 }
[1788815693] smart cmd (render=true): seq_raw_null=true const_seq_ok=true
[1788815693] render enter: Some(F32) in=1280x720 out=1536x864 win=(-128,-72) token=1396891973754618 compiled=true snap=false t=118784 step=1024 lstep=1024 scale=25600
[1788815693] execute_plan ok
[1788815693] smart cmd (render=false): seq_raw_null=true const_seq_ok=true
[1788815693] smart geometry: logical=1280x720 downsample=1/1x1/1 request=PF_LRect { left: -128, top: -72, right: 1408, bottom: 792 } upstream=Rect { left: 0, top: 0, right: 1280, bottom: 720 } frame=Rect { left: 0, top: 0, right: 1280, bottom: 720 } canvas=Rect { left: 0, top: 0, right: 1280, bottom: 720 }
[1788815693] smart cmd (render=true): seq_raw_null=true const_seq_ok=true
[1788815693] render enter: Some(F32) in=1280x720 out=1536x864 win=(-128,-72) token=1396891973754618 compiled=true snap=false t=119808 step=1024 lstep=1024 scale=25600
[1788815693] execute_plan ok
[1788815693] smart cmd (render=false): seq_raw_null=true const_seq_ok=true
[1788815693] smart cmd (render=false): seq_raw_null=true const_seq_ok=true
[1788815693] smart geometry: logical=1280x720 downsample=1/1x1/1 request=PF_LRect { left: -128, top: -72, right: 1408, bottom: 792 } upstream=Rect { left: 0, top: 0, right: 1280, bottom: 720 } frame=Rect { left: 0, top: 0, right: 1280, bottom: 720 } canvas=Rect { left: 0, top: 0, right: 1280, bottom: 720 }
[1788815693] smart geometry: logical=1280x720 downsample=1/1x1/1 request=PF_LRect { left: -128, top: -72, right: 1408, bottom: 792 } upstream=Rect { left: 0, top: 0, right: 1280, bottom: 720 } frame=Rect { left: 0, top: 0, right: 1280, bottom: 720 } canvas=Rect { left: 0, top: 0, right: 1280, bottom: 720 }
[1788815693] smart cmd (render=true): seq_raw_null=true const_seq_ok=true
[1788815693] smart cmd (render=true): seq_raw_null=true const_seq_ok=true
[1788815693] render enter: Some(F32) in=1280x720 out=1536x864 win=(-128,-72) token=1396891973754618 compiled=true snap=false t=120832 step=1024 lstep=1024 scale=25600
[1788815693] execute_plan ok
[1788815693] render enter: Some(F32) in=1280x720 out=1536x864 win=(-128,-72) token=1396891973754618 compiled=true snap=false t=121856 step=1024 lstep=1024 scale=25600
[1788815693] smart cmd (render=false): seq_raw_null=true const_seq_ok=true
[1788815693] execute_plan ok
[1788815693] smart geometry: logical=1280x720 downsample=1/1x1/1 request=PF_LRect { left: -128, top: -72, right: 1408, bottom: 792 } upstream=Rect { left: 0, top: 0, right: 1280, bottom: 720 } frame=Rect { left: 0, top: 0, right: 1280, bottom: 720 } canvas=Rect { left: 0, top: 0, right: 1280, bottom: 720 }
[1788815693] smart cmd (render=true): seq_raw_null=true const_seq_ok=true
[1788815693] render enter: Some(F32) in=1280x720 out=1536x864 win=(-128,-72) token=1396891973754618 compiled=true snap=false t=122880 step=1024 lstep=1024 scale=25600
[1788815693] smart cmd (render=false): seq_raw_null=true const_seq_ok=true
[1788815693] execute_plan ok
[1788815693] smart geometry: logical=1280x720 downsample=1/1x1/1 request=PF_LRect { left: -128, top: -72, right: 1408, bottom: 792 } upstream=Rect { left: 0, top: 0, right: 1280, bottom: 720 } frame=Rect { left: 0, top: 0, right: 1280, bottom: 720 } canvas=Rect { left: 0, top: 0, right: 1280, bottom: 720 }
[1788815693] smart cmd (render=true): seq_raw_null=true const_seq_ok=true
[1788815693] render enter: Some(F32) in=1280x720 out=1536x864 win=(-128,-72) token=1396891973754618 compiled=true snap=false t=123904 step=1024 lstep=1024 scale=25600
[1788815693] execute_plan ok
[1788815693] smart cmd (render=false): seq_raw_null=true const_seq_ok=true
[1788815693] smart geometry: logical=1280x720 downsample=1/1x1/1 request=PF_LRect { left: -128, top: -72, right: 1408, bottom: 792 } upstream=Rect { left: 0, top: 0, right: 1280, bottom: 720 } frame=Rect { left: 0, top: 0, right: 1280, bottom: 720 } canvas=Rect { left: 0, top: 0, right: 1280, bottom: 720 }
[1788815693] smart cmd (render=true): seq_raw_null=true const_seq_ok=true
[1788815693] render enter: Some(F32) in=1280x720 out=1536x864 win=(-128,-72) token=1396891973754618 compiled=true snap=false t=124928 step=1024 lstep=1024 scale=25600
[1788815693] execute_plan ok
[1788815693] smart cmd (render=false): seq_raw_null=true const_seq_ok=true
[1788815693] smart geometry: logical=1280x720 downsample=1/1x1/1 request=PF_LRect { left: -128, top: -72, right: 1408, bottom: 792 } upstream=Rect { left: 0, top: 0, right: 1280, bottom: 720 } frame=Rect { left: 0, top: 0, right: 1280, bottom: 720 } canvas=Rect { left: 0, top: 0, right: 1280, bottom: 720 }
[1788815693] smart cmd (render=true): seq_raw_null=true const_seq_ok=true
[1788815693] render enter: Some(F32) in=1280x720 out=1536x864 win=(-128,-72) token=1396891973754618 compiled=true snap=false t=125952 step=1024 lstep=1024 scale=25600
[1788815693] execute_plan ok
[1788815693] smart cmd (render=false): seq_raw_null=true const_seq_ok=true
[1788815693] smart geometry: logical=1280x720 downsample=1/1x1/1 request=PF_LRect { left: -128, top: -72, right: 1408, bottom: 792 } upstream=Rect { left: 0, top: 0, right: 1280, bottom: 720 } frame=Rect { left: 0, top: 0, right: 1280, bottom: 720 } canvas=Rect { left: 0, top: 0, right: 1280, bottom: 720 }
[1788815693] smart cmd (render=true): seq_raw_null=true const_seq_ok=true
[1788815693] render enter: Some(F32) in=1280x720 out=1536x864 win=(-128,-72) token=1396891973754618 compiled=true snap=false t=126976 step=1024 lstep=1024 scale=25600
[1788815693] execute_plan ok
[1788815693] smart cmd (render=false): seq_raw_null=true const_seq_ok=true
[1788815693] smart geometry: logical=1280x720 downsample=1/1x1/1 request=PF_LRect { left: -128, top: -72, right: 1408, bottom: 792 } upstream=Rect { left: 0, top: 0, right: 1280, bottom: 720 } frame=Rect { left: 0, top: 0, right: 1280, bottom: 720 } canvas=Rect { left: 0, top: 0, right: 1280, bottom: 720 }
[1788815693] smart cmd (render=true): seq_raw_null=true const_seq_ok=true
[1788815693] smart cmd (render=false): seq_raw_null=true const_seq_ok=true
[1788815693] smart geometry: logical=1280x720 downsample=1/1x1/1 request=PF_LRect { left: -128, top: -72, right: 1408, bottom: 792 } upstream=Rect { left: 0, top: 0, right: 1280, bottom: 720 } frame=Rect { left: 0, top: 0, right: 1280, bottom: 720 } canvas=Rect { left: 0, top: 0, right: 1280, bottom: 720 }
[1788815693] smart cmd (render=true): seq_raw_null=true const_seq_ok=true
[1788815693] render enter: Some(F32) in=1280x720 out=1536x864 win=(-128,-72) token=1396891973754618 compiled=true snap=false t=128000 step=1024 lstep=1024 scale=25600
[1788815693] execute_plan ok
[1788815693] render enter: Some(F32) in=1280x720 out=1536x864 win=(-128,-72) token=1396891973754618 compiled=true snap=false t=129024 step=1024 lstep=1024 scale=25600
[1788815693] smart cmd (render=false): seq_raw_null=true const_seq_ok=true
[1788815693] execute_plan ok
[1788815693] smart geometry: logical=1280x720 downsample=1/1x1/1 request=PF_LRect { left: -128, top: -72, right: 1408, bottom: 792 } upstream=Rect { left: 0, top: 0, right: 1280, bottom: 720 } frame=Rect { left: 0, top: 0, right: 1280, bottom: 720 } canvas=Rect { left: 0, top: 0, right: 1280, bottom: 720 }
[1788815693] smart cmd (render=true): seq_raw_null=true const_seq_ok=true
[1788815693] render enter: Some(F32) in=1280x720 out=1536x864 win=(-128,-72) token=1396891973754618 compiled=true snap=false t=130048 step=1024 lstep=1024 scale=25600
[1788815693] smart cmd (render=false): seq_raw_null=true const_seq_ok=true
[1788815693] execute_plan ok
[1788815693] smart geometry: logical=1280x720 downsample=1/1x1/1 request=PF_LRect { left: -128, top: -72, right: 1408, bottom: 792 } upstream=Rect { left: 0, top: 0, right: 1280, bottom: 720 } frame=Rect { left: 0, top: 0, right: 1280, bottom: 720 } canvas=Rect { left: 0, top: 0, right: 1280, bottom: 720 }
[1788815693] smart cmd (render=true): seq_raw_null=true const_seq_ok=true
[1788815693] render enter: Some(F32) in=1280x720 out=1536x864 win=(-128,-72) token=1396891973754618 compiled=true snap=false t=131072 step=1024 lstep=1024 scale=25600
[1788815693] execute_plan ok
[1788815693] smart cmd (render=false): seq_raw_null=true const_seq_ok=true
[1788815693] smart geometry: logical=1280x720 downsample=1/1x1/1 request=PF_LRect { left: -128, top: -72, right: 1408, bottom: 792 } upstream=Rect { left: 0, top: 0, right: 1280, bottom: 720 } frame=Rect { left: 0, top: 0, right: 1280, bottom: 720 } canvas=Rect { left: 0, top: 0, right: 1280, bottom: 720 }
[1788815693] smart cmd (render=true): seq_raw_null=true const_seq_ok=true
[1788815693] render enter: Some(F32) in=1280x720 out=1536x864 win=(-128,-72) token=1396891973754618 compiled=true snap=false t=132096 step=1024 lstep=1024 scale=25600
[1788815693] execute_plan ok
[1788815693] smart cmd (render=false): seq_raw_null=true const_seq_ok=true
[1788815693] smart geometry: logical=1280x720 downsample=1/1x1/1 request=PF_LRect { left: -128, top: -72, right: 1408, bottom: 792 } upstream=Rect { left: 0, top: 0, right: 1280, bottom: 720 } frame=Rect { left: 0, top: 0, right: 1280, bottom: 720 } canvas=Rect { left: 0, top: 0, right: 1280, bottom: 720 }
[1788815693] smart cmd (render=true): seq_raw_null=true const_seq_ok=true
[1788815693] render enter: Some(F32) in=1280x720 out=1536x864 win=(-128,-72) token=1396891973754618 compiled=true snap=false t=133120 step=1024 lstep=1024 scale=25600
[1788815693] execute_plan ok
[1788815693] smart cmd (render=false): seq_raw_null=true const_seq_ok=true
[1788815693] smart geometry: logical=1280x720 downsample=1/1x1/1 request=PF_LRect { left: -128, top: -72, right: 1408, bottom: 792 } upstream=Rect { left: 0, top: 0, right: 1280, bottom: 720 } frame=Rect { left: 0, top: 0, right: 1280, bottom: 720 } canvas=Rect { left: 0, top: 0, right: 1280, bottom: 720 }
[1788815693] smart cmd (render=true): seq_raw_null=true const_seq_ok=true
[1788815693] render enter: Some(F32) in=1280x720 out=1536x864 win=(-128,-72) token=1396891973754618 compiled=true snap=false t=134144 step=1024 lstep=1024 scale=25600
[1788815693] execute_plan ok
[1788815693] smart cmd (render=false): seq_raw_null=true const_seq_ok=true
[1788815693] smart cmd (render=false): seq_raw_null=true const_seq_ok=true
[1788815693] smart geometry: logical=1280x720 downsample=1/1x1/1 request=PF_LRect { left: -128, top: -72, right: 1408, bottom: 792 } upstream=Rect { left: 0, top: 0, right: 1280, bottom: 720 } frame=Rect { left: 0, top: 0, right: 1280, bottom: 720 } canvas=Rect { left: 0, top: 0, right: 1280, bottom: 720 }
[1788815693] smart geometry: logical=1280x720 downsample=1/1x1/1 request=PF_LRect { left: -128, top: -72, right: 1408, bottom: 792 } upstream=Rect { left: 0, top: 0, right: 1280, bottom: 720 } frame=Rect { left: 0, top: 0, right: 1280, bottom: 720 } canvas=Rect { left: 0, top: 0, right: 1280, bottom: 720 }
[1788815693] smart cmd (render=true): seq_raw_null=true const_seq_ok=true
[1788815693] smart cmd (render=true): seq_raw_null=true const_seq_ok=true
[1788815693] render enter: Some(F32) in=1280x720 out=1536x864 win=(-128,-72) token=1396891973754618 compiled=true snap=false t=136192 step=1024 lstep=1024 scale=25600
[1788815693] execute_plan ok
[1788815693] render enter: Some(F32) in=1280x720 out=1536x864 win=(-128,-72) token=1396891973754618 compiled=true snap=false t=135168 step=1024 lstep=1024 scale=25600
[1788815693] smart cmd (render=false): seq_raw_null=true const_seq_ok=true
[1788815693] execute_plan ok
[1788815693] smart geometry: logical=1280x720 downsample=1/1x1/1 request=PF_LRect { left: -128, top: -72, right: 1408, bottom: 792 } upstream=Rect { left: 0, top: 0, right: 1280, bottom: 720 } frame=Rect { left: 0, top: 0, right: 1280, bottom: 720 } canvas=Rect { left: 0, top: 0, right: 1280, bottom: 720 }
[1788815693] smart cmd (render=true): seq_raw_null=true const_seq_ok=true
[1788815693] render enter: Some(F32) in=1280x720 out=1536x864 win=(-128,-72) token=1396891973754618 compiled=true snap=false t=137216 step=1024 lstep=1024 scale=25600
[1788815693] smart cmd (render=false): seq_raw_null=true const_seq_ok=true
[1788815693] execute_plan ok
[1788815693] smart geometry: logical=1280x720 downsample=1/1x1/1 request=PF_LRect { left: -128, top: -72, right: 1408, bottom: 792 } upstream=Rect { left: 0, top: 0, right: 1280, bottom: 720 } frame=Rect { left: 0, top: 0, right: 1280, bottom: 720 } canvas=Rect { left: 0, top: 0, right: 1280, bottom: 720 }
[1788815693] smart cmd (render=true): seq_raw_null=true const_seq_ok=true
[1788815693] render enter: Some(F32) in=1280x720 out=1536x864 win=(-128,-72) token=1396891973754618 compiled=true snap=false t=138240 step=1024 lstep=1024 scale=25600
[1788815693] execute_plan ok
[1788815693] smart cmd (render=false): seq_raw_null=true const_seq_ok=true
[1788815693] smart geometry: logical=1280x720 downsample=1/1x1/1 request=PF_LRect { left: -128, top: -72, right: 1408, bottom: 792 } upstream=Rect { left: 0, top: 0, right: 1280, bottom: 720 } frame=Rect { left: 0, top: 0, right: 1280, bottom: 720 } canvas=Rect { left: 0, top: 0, right: 1280, bottom: 720 }
[1788815693] smart cmd (render=true): seq_raw_null=true const_seq_ok=true
[1788815693] render enter: Some(F32) in=1280x720 out=1536x864 win=(-128,-72) token=1396891973754618 compiled=true snap=false t=139264 step=1024 lstep=1024 scale=25600
[1788815693] execute_plan ok
[1788815693] smart cmd (render=false): seq_raw_null=true const_seq_ok=true
[1788815693] smart geometry: logical=1280x720 downsample=1/1x1/1 request=PF_LRect { left: -128, top: -72, right: 1408, bottom: 792 } upstream=Rect { left: 0, top: 0, right: 1280, bottom: 720 } frame=Rect { left: 0, top: 0, right: 1280, bottom: 720 } canvas=Rect { left: 0, top: 0, right: 1280, bottom: 720 }
[1788815693] smart cmd (render=true): seq_raw_null=true const_seq_ok=true
[1788815693] render enter: Some(F32) in=1280x720 out=1536x864 win=(-128,-72) token=1396891973754618 compiled=true snap=false t=140288 step=1024 lstep=1024 scale=25600
[1788815693] execute_plan ok
[1788815693] smart cmd (render=false): seq_raw_null=true const_seq_ok=true
[1788815693] smart geometry: logical=1280x720 downsample=1/1x1/1 request=PF_LRect { left: -128, top: -72, right: 1408, bottom: 792 } upstream=Rect { left: 0, top: 0, right: 1280, bottom: 720 } frame=Rect { left: 0, top: 0, right: 1280, bottom: 720 } canvas=Rect { left: 0, top: 0, right: 1280, bottom: 720 }
[1788815693] smart cmd (render=true): seq_raw_null=true const_seq_ok=true
[1788815693] render enter: Some(F32) in=1280x720 out=1536x864 win=(-128,-72) token=1396891973754618 compiled=true snap=false t=141312 step=1024 lstep=1024 scale=25600
[1788815693] execute_plan ok
[1788815693] smart cmd (render=false): seq_raw_null=true const_seq_ok=true
[1788815693] smart cmd (render=false): seq_raw_null=true const_seq_ok=true
[1788815693] smart geometry: logical=1280x720 downsample=1/1x1/1 request=PF_LRect { left: -128, top: -72, right: 1408, bottom: 792 } upstream=Rect { left: 0, top: 0, right: 1280, bottom: 720 } frame=Rect { left: 0, top: 0, right: 1280, bottom: 720 } canvas=Rect { left: 0, top: 0, right: 1280, bottom: 720 }
[1788815693] smart geometry: logical=1280x720 downsample=1/1x1/1 request=PF_LRect { left: -128, top: -72, right: 1408, bottom: 792 } upstream=Rect { left: 0, top: 0, right: 1280, bottom: 720 } frame=Rect { left: 0, top: 0, right: 1280, bottom: 720 } canvas=Rect { left: 0, top: 0, right: 1280, bottom: 720 }
[1788815693] smart cmd (render=true): seq_raw_null=true const_seq_ok=true
[1788815693] smart cmd (render=true): seq_raw_null=true const_seq_ok=true
[1788815693] render enter: Some(F32) in=1280x720 out=1536x864 win=(-128,-72) token=1396891973754618 compiled=true snap=false t=143360 step=1024 lstep=1024 scale=25600
[1788815693] execute_plan ok
[1788815693] render enter: Some(F32) in=1280x720 out=1536x864 win=(-128,-72) token=1396891973754618 compiled=true snap=false t=142336 step=1024 lstep=1024 scale=25600
[1788815693] smart cmd (render=false): seq_raw_null=true const_seq_ok=true
[1788815693] execute_plan ok
[1788815693] smart geometry: logical=1280x720 downsample=1/1x1/1 request=PF_LRect { left: -128, top: -72, right: 1408, bottom: 792 } upstream=Rect { left: 0, top: 0, right: 1280, bottom: 720 } frame=Rect { left: 0, top: 0, right: 1280, bottom: 720 } canvas=Rect { left: 0, top: 0, right: 1280, bottom: 720 }
[1788815693] smart cmd (render=true): seq_raw_null=true const_seq_ok=true
[1788815693] render enter: Some(F32) in=1280x720 out=1536x864 win=(-128,-72) token=1396891973754618 compiled=true snap=false t=144384 step=1024 lstep=1024 scale=25600
[1788815693] smart cmd (render=false): seq_raw_null=true const_seq_ok=true
[1788815693] execute_plan ok
[1788815693] smart geometry: logical=1280x720 downsample=1/1x1/1 request=PF_LRect { left: -128, top: -72, right: 1408, bottom: 792 } upstream=Rect { left: 0, top: 0, right: 1280, bottom: 720 } frame=Rect { left: 0, top: 0, right: 1280, bottom: 720 } canvas=Rect { left: 0, top: 0, right: 1280, bottom: 720 }
[1788815693] smart cmd (render=true): seq_raw_null=true const_seq_ok=true
[1788815693] render enter: Some(F32) in=1280x720 out=1536x864 win=(-128,-72) token=1396891973754618 compiled=true snap=false t=145408 step=1024 lstep=1024 scale=25600
[1788815693] execute_plan ok
[1788815693] smart cmd (render=false): seq_raw_null=true const_seq_ok=true
[1788815693] smart geometry: logical=1280x720 downsample=1/1x1/1 request=PF_LRect { left: -128, top: -72, right: 1408, bottom: 792 } upstream=Rect { left: 0, top: 0, right: 1280, bottom: 720 } frame=Rect { left: 0, top: 0, right: 1280, bottom: 720 } canvas=Rect { left: 0, top: 0, right: 1280, bottom: 720 }
[1788815693] smart cmd (render=true): seq_raw_null=true const_seq_ok=true
[1788815693] render enter: Some(F32) in=1280x720 out=1536x864 win=(-128,-72) token=1396891973754618 compiled=true snap=false t=146432 step=1024 lstep=1024 scale=25600
[1788815693] execute_plan ok
[1788815693] smart cmd (render=false): seq_raw_null=true const_seq_ok=true
[1788815693] smart geometry: logical=1280x720 downsample=1/1x1/1 request=PF_LRect { left: -128, top: -72, right: 1408, bottom: 792 } upstream=Rect { left: 0, top: 0, right: 1280, bottom: 720 } frame=Rect { left: 0, top: 0, right: 1280, bottom: 720 } canvas=Rect { left: 0, top: 0, right: 1280, bottom: 720 }
[1788815693] smart cmd (render=true): seq_raw_null=true const_seq_ok=true
[1788815693] render enter: Some(F32) in=1280x720 out=1536x864 win=(-128,-72) token=1396891973754618 compiled=true snap=false t=147456 step=1024 lstep=1024 scale=25600
[1788815693] execute_plan ok
[1788815693] smart cmd (render=false): seq_raw_null=true const_seq_ok=true
[1788815693] smart geometry: logical=1280x720 downsample=1/1x1/1 request=PF_LRect { left: -128, top: -72, right: 1408, bottom: 792 } upstream=Rect { left: 0, top: 0, right: 1280, bottom: 720 } frame=Rect { left: 0, top: 0, right: 1280, bottom: 720 } canvas=Rect { left: 0, top: 0, right: 1280, bottom: 720 }
[1788815693] smart cmd (render=true): seq_raw_null=true const_seq_ok=true
[1788815693] render enter: Some(F32) in=1280x720 out=1536x864 win=(-128,-72) token=1396891973754618 compiled=true snap=false t=148480 step=1024 lstep=1024 scale=25600
[1788815693] execute_plan ok
[1788815693] smart cmd (render=false): seq_raw_null=true const_seq_ok=true
[1788815693] smart geometry: logical=1280x720 downsample=1/1x1/1 request=PF_LRect { left: -128, top: -72, right: 1408, bottom: 792 } upstream=Rect { left: 0, top: 0, right: 1280, bottom: 720 } frame=Rect { left: 0, top: 0, right: 1280, bottom: 720 } canvas=Rect { left: 0, top: 0, right: 1280, bottom: 720 }
[1788815693] smart cmd (render=true): seq_raw_null=true const_seq_ok=true
[1788815693] smart cmd (render=false): seq_raw_null=true const_seq_ok=true
[1788815693] smart geometry: logical=1280x720 downsample=1/1x1/1 request=PF_LRect { left: -128, top: -72, right: 1408, bottom: 792 } upstream=Rect { left: 0, top: 0, right: 1280, bottom: 720 } frame=Rect { left: 0, top: 0, right: 1280, bottom: 720 } canvas=Rect { left: 0, top: 0, right: 1280, bottom: 720 }
[1788815693] smart cmd (render=true): seq_raw_null=true const_seq_ok=true
[1788815693] render enter: Some(F32) in=1280x720 out=1536x864 win=(-128,-72) token=1396891973754618 compiled=true snap=false t=149504 step=1024 lstep=1024 scale=25600
[1788815693] execute_plan ok
[1788815693] render enter: Some(F32) in=1280x720 out=1536x864 win=(-128,-72) token=1396891973754618 compiled=true snap=false t=150528 step=1024 lstep=1024 scale=25600
[1788815693] smart cmd (render=false): seq_raw_null=true const_seq_ok=true
[1788815693] execute_plan ok
[1788815693] smart geometry: logical=1280x720 downsample=1/1x1/1 request=PF_LRect { left: -128, top: -72, right: 1408, bottom: 792 } upstream=Rect { left: 0, top: 0, right: 1280, bottom: 720 } frame=Rect { left: 0, top: 0, right: 1280, bottom: 720 } canvas=Rect { left: 0, top: 0, right: 1280, bottom: 720 }
[1788815693] smart cmd (render=true): seq_raw_null=true const_seq_ok=true
[1788815693] render enter: Some(F32) in=1280x720 out=1536x864 win=(-128,-72) token=1396891973754618 compiled=true snap=false t=151552 step=1024 lstep=1024 scale=25600
[1788815693] smart cmd (render=false): seq_raw_null=true const_seq_ok=true
[1788815693] execute_plan ok
[1788815693] smart geometry: logical=1280x720 downsample=1/1x1/1 request=PF_LRect { left: -128, top: -72, right: 1408, bottom: 792 } upstream=Rect { left: 0, top: 0, right: 1280, bottom: 720 } frame=Rect { left: 0, top: 0, right: 1280, bottom: 720 } canvas=Rect { left: 0, top: 0, right: 1280, bottom: 720 }
[1788815693] smart cmd (render=true): seq_raw_null=true const_seq_ok=true
[1788815693] render enter: Some(F32) in=1280x720 out=1536x864 win=(-128,-72) token=1396891973754618 compiled=true snap=false t=152576 step=1024 lstep=1024 scale=25600
[1788815693] execute_plan ok
[1788815822] registered with AEGP at global setup
[1788815822] AEGP idle hook registered
[1788815822] params setup: ADR-0013 topology
[1788815822] params setup: complete
[1788815822] definition rebuilt from snapshot
[1788815822] gpu ready: adapter="Apple M5" backend=Metal driver=" "
[1788815822] pipelines built: 1 pass(es), plan 1 step(s), 0 physical intermediate(s) (~0 KiB transient at 1280x720, Rgba32Float working format) (adapter="Apple M5" backend=Metal driver=" ")
[1788815822] idle observation: compiled: 1 pass, 12 params
[1788815822] idle slot ui applied: 15 bound, 0 defaults written
