[time=1789897367981 pid=32872 thread=ThreadId(3)]
PF_ORIGINAL_BEGIN index=0
[time=1789897367982 pid=32872 thread=ThreadId(3)]
PF_ORIGINAL index=0
original_world=800x600 depth=16 rowbytes=6400 origin=Point { h: 0, v: 0 } time=0/25600
original_alpha[210,490]=1
original_alpha[400,300]=1
original_alpha[50,50]=1

[time=1789897367982 pid=32872 thread=ThreadId(3)]
PF_ORIGINAL_BEGIN index=6
[time=1789897367982 pid=32872 thread=ThreadId(3)]
PF_ORIGINAL index=6
original_world=800x600 depth=16 rowbytes=6400 origin=Point { h: 0, v: 0 } time=0/25600
original_alpha[210,490]=1
original_alpha[400,300]=1
original_alpha[50,50]=1

[time=1789897368216 pid=32872 thread=ThreadId(3)]
PF_RENDER
pf_path_count=2
path[0] segments=4 open=false
vertex[0]=PF_PathVertex { x: 40.0, y: 40.0, tan_in_x: 40.0, tan_in_y: 40.0, tan_out_x: 40.0, tan_out_y: 40.0 }
vertex[1]=PF_PathVertex { x: 80.0, y: 40.0, tan_in_x: 80.0, tan_in_y: 40.0, tan_out_x: 80.0, tan_out_y: 40.0 }
vertex[2]=PF_PathVertex { x: 80.0, y: 80.0, tan_in_x: 80.0, tan_in_y: 80.0, tan_out_x: 80.0, tan_out_y: 80.0 }
vertex[3]=PF_PathVertex { x: 40.0, y: 80.0, tan_in_x: 40.0, tan_in_y: 80.0, tan_out_x: 40.0, tan_out_y: 80.0 }
vertex[4]=PF_PathVertex { x: 40.0, y: 40.0, tan_in_x: 40.0, tan_in_y: 40.0, tan_out_x: 40.0, tan_out_y: 40.0 }
path[1] segments=3647 open=true
vertex[0]=PF_PathVertex { x: -1234.0, y: -5678.0, tan_in_x: -1234.0, tan_in_y: -5678.0, tan_out_x: -1234.0, tan_out_y: -5678.0 }
vertex[1]=PF_PathVertex { x: 800.0, y: 600.0, tan_in_x: 800.0, tan_in_y: 600.0, tan_out_x: 800.0, tan_out_y: 600.0 }
vertex[2]=PF_PathVertex { x: 200.0, y: 150.0, tan_in_x: 200.0, tan_in_y: 150.0, tan_out_x: 200.0, tan_out_y: 150.0 }
vertex[3]=PF_PathVertex { x: 1.192138671875, y: 1.0, tan_in_x: 1.192138671875, tan_in_y: 1.0, tan_out_x: 1.192138671875, tan_out_y: 1.0 }
vertex[4]=PF_PathVertex { x: 200.0, y: 151.0, tan_in_x: 200.0, tan_in_y: 151.0, tan_out_x: 200.0, tan_out_y: 151.0 }
vertex[5]=PF_PathVertex { x: 1.051025390625, y: 1.0, tan_in_x: 1.051025390625, tan_in_y: 1.0, tan_out_x: 1.051025390625, tan_out_y: 1.0 }
vertex[6]=PF_PathVertex { x: 201.0, y: 150.0, tan_in_x: 201.0, tan_in_y: 150.0, tan_out_x: 201.0, tan_out_y: 150.0 }
vertex[7]=PF_PathVertex { x: 1.25, y: 1.0, tan_in_x: 1.25, tan_in_y: 1.0, tan_out_x: 1.25, tan_out_y: 1.0 }
vertex[8]=PF_PathVertex { x: 201.0, y: 151.0, tan_in_x: 201.0, tan_in_y: 151.0, tan_out_x: 201.0, tan_out_y: 151.0 }
vertex[9]=PF_PathVertex { x: 1.2490234375, y: 1.0, tan_in_x: 1.2490234375, tan_in_y: 1.0, tan_out_x: 1.2490234375, tan_out_y: 1.0 }
vertex[10]=PF_PathVertex { x: 202.0, y: 150.0, tan_in_x: 202.0, tan_in_y: 150.0, tan_out_x: 202.0, tan_out_y: 150.0 }
vertex[11]=PF_PathVertex { x: 1.25, y: 2.0, tan_in_x: 1.25, tan_in_y: 2.0, tan_out_x: 1.25, tan_out_y: 2.0 }
vertex[12]=PF_PathVertex { x: 201.0, y: 152.0, tan_in_x: 201.0, tan_in_y: 152.0, tan_out_x: 201.0, tan_out_y: 152.0 }
vertex[13]=PF_PathVertex { x: 1.1568603515625, y: 1.0, tan_in_x: 1.1568603515625, tan_in_y: 1.0, tan_out_x: 1.1568603515625, tan_out_y: 1.0 }
vertex[14]=PF_PathVertex { x: 201.0, y: 153.0, tan_in_x: 201.0, tan_in_y: 153.0, tan_out_x: 201.0, tan_out_y: 153.0 }
vertex[15]=PF_PathVertex { x: 1.0255126953125, y: 1.0, tan_in_x: 1.0255126953125, tan_in_y: 1.0, tan_out_x: 1.0255126953125, tan_out_y: 1.0 }
vertex[16]=PF_PathVertex { x: 202.0, y: 152.0, tan_in_x: 202.0, tan_in_y: 152.0, tan_out_x: 202.0, tan_out_y: 152.0 }
vertex[17]=PF_PathVertex { x: 1.25, y: 1.0, tan_in_x: 1.25, tan_in_y: 1.0, tan_out_x: 1.25, tan_out_y: 1.0 }
vertex[18]=PF_PathVertex { x: 202.0, y: 153.0, tan_in_x: 202.0, tan_in_y: 153.0, tan_out_x: 202.0, tan_out_y: 153.0 }
vertex[19]=PF_PathVertex { x: 1.2392578125, y: 1.0, tan_in_x: 1.2392578125, tan_in_y: 1.0, tan_out_x: 1.2392578125, tan_out_y: 1.0 }
vertex[20]=PF_PathVertex { x: 203.0, y: 150.0, tan_in_x: 203.0, tan_in_y: 150.0, tan_out_x: 203.0, tan_out_y: 150.0 }
vertex[21]=PF_PathVertex { x: 3.25, y: 4.0, tan_in_x: 3.25, tan_in_y: 4.0, tan_out_x: 3.25, tan_out_y: 4.0 }
vertex[22]=PF_PathVertex { x: 202.0, y: 154.0, tan_in_x: 202.0, tan_in_y: 154.0, tan_out_x: 202.0, tan_out_y: 154.0 }
vertex[23]=PF_PathVertex { x: 1.12060546875, y: 1.0, tan_in_x: 1.12060546875, tan_in_y: 1.0, tan_out_x: 1.12060546875, tan_out_y: 1.0 }
vertex[24]=PF_PathVertex { x: 202.0, y: 155.0, tan_in_x: 202.0, tan_in_y: 155.0, tan_out_x: 202.0, tan_out_y: 155.0 }
vertex[25]=PF_PathVertex { x: 1.0087890625, y: 1.0, tan_in_x: 1.0087890625, tan_in_y: 1.0, tan_out_x: 1.0087890625, tan_out_y: 1.0 }
vertex[26]=PF_PathVertex { x: 203.0, y: 154.0, tan_in_x: 203.0, tan_in_y: 154.0, tan_out_x: 203.0, tan_out_y: 154.0 }
vertex[27]=PF_PathVertex { x: 1.25, y: 1.0, tan_in_x: 1.25, tan_in_y: 1.0, tan_out_x: 1.25, tan_out_y: 1.0 }
vertex[28]=PF_PathVertex { x: 203.0, y: 155.0, tan_in_x: 203.0, tan_in_y: 155.0, tan_out_x: 203.0, tan_out_y: 155.0 }
vertex[29]=PF_PathVertex { x: 1.2196044921875, y: 1.0, tan_in_x: 1.2196044921875, tan_in_y: 1.0, tan_out_x: 1.2196044921875, tan_out_y: 1.0 }
vertex[30]=PF_PathVertex { x: 204.0, y: 154.0, tan_in_x: 204.0, tan_in_y: 154.0, tan_out_x: 204.0, tan_out_y: 154.0 }
vertex[31]=PF_PathVertex { x: 2.25, y: 2.0, tan_in_x: 2.25, tan_in_y: 2.0, tan_out_x: 2.25, tan_out_y: 2.0 }
vertex[32]=PF_PathVertex { x: 203.0, y: 156.0, tan_in_x: 203.0, tan_in_y: 156.0, tan_out_x: 203.0, tan_out_y: 156.0 }
vertex[33]=PF_PathVertex { x: 1.0853271484375, y: 1.0, tan_in_x: 1.0853271484375, tan_in_y: 1.0, tan_out_x: 1.0853271484375, tan_out_y: 1.0 }
vertex[34]=PF_PathVertex { x: 203.0, y: 157.0, tan_in_x: 203.0, tan_in_y: 157.0, tan_out_x: 203.0, tan_out_y: 157.0 }
vertex[35]=PF_PathVertex { x: 1.0009765625, y: 1.0, tan_in_x: 1.0009765625, tan_in_y: 1.0, tan_out_x: 1.0009765625, tan_out_y: 1.0 }
vertex[36]=PF_PathVertex { x: 204.0, y: 156.0, tan_in_x: 204.0, tan_in_y: 156.0, tan_out_x: 204.0, tan_out_y: 156.0 }
vertex[37]=PF_PathVertex { x: 2.25, y: 1.0, tan_in_x: 2.25, tan_in_y: 1.0, tan_out_x: 2.25, tan_out_y: 1.0 }
vertex[38]=PF_PathVertex { x: 204.0, y: 157.0, tan_in_x: 204.0, tan_in_y: 157.0, tan_out_x: 204.0, tan_out_y: 157.0 }
vertex[39]=PF_PathVertex { x: 1.192138671875, y: 1.0, tan_in_x: 1.192138671875, tan_in_y: 1.0, tan_out_x: 1.192138671875, tan_out_y: 1.0 }
vertex[40]=PF_PathVertex { x: 204.0, y: 158.0, tan_in_x: 204.0, tan_in_y: 158.0, tan_out_x: 204.0, tan_out_y: 158.0 }
vertex[41]=PF_PathVertex { x: 1.051025390625, y: 1.0, tan_in_x: 1.051025390625, tan_in_y: 1.0, tan_out_x: 1.051025390625, tan_out_y: 1.0 }
vertex[42]=PF_PathVertex { x: 205.0, y: 157.0, tan_in_x: 205.0, tan_in_y: 157.0, tan_out_x: 205.0, tan_out_y: 157.0 }
vertex[43]=PF_PathVertex { x: 1.25, y: 1.0, tan_in_x: 1.25, tan_in_y: 1.0, tan_out_x: 1.25, tan_out_y: 1.0 }
vertex[44]=PF_PathVertex { x: 205.0, y: 158.0, tan_in_x: 205.0, tan_in_y: 158.0, tan_out_x: 205.0, tan_out_y: 158.0 }
vertex[45]=PF_PathVertex { x: 1.2490234375, y: 1.0, tan_in_x: 1.2490234375, tan_in_y: 1.0, tan_out_x: 1.2490234375, tan_out_y: 1.0 }
vertex[46]=PF_PathVertex { x: 206.0, y: 150.0, tan_in_x: 206.0, tan_in_y: 150.0, tan_out_x: 206.0, tan_out_y: 150.0 }
vertex[47]=PF_PathVertex { x: 6.25, y: 9.0, tan_in_x: 6.25, tan_in_y: 9.0, tan_out_x: 6.25, tan_out_y: 9.0 }
vertex[48]=PF_PathVertex { x: 205.0, y: 159.0, tan_in_x: 205.0, tan_in_y: 159.0, tan_out_x: 205.0, tan_out_y: 159.0 }
vertex[49]=PF_PathVertex { x: 1.1568603515625, y: 1.0, tan_in_x: 1.1568603515625, tan_in_y: 1.0, tan_out_x: 1.1568603515625, tan_out_y: 1.0 }
vertex[50]=PF_PathVertex { x: 205.0, y: 160.0, tan_in_x: 205.0, tan_in_y: 160.0, tan_out_x: 205.0, tan_out_y: 160.0 }
vertex[51]=PF_PathVertex { x: 1.0255126953125, y: 1.0, tan_in_x: 1.0255126953125, tan_in_y: 1.0, tan_out_x: 1.0255126953125, tan_out_y: 1.0 }
vertex[52]=PF_PathVertex { x: 206.0, y: 159.0, tan_in_x: 206.0, tan_in_y: 159.0, tan_out_x: 206.0, tan_out_y: 159.0 }
vertex[53]=PF_PathVertex { x: 1.25, y: 1.0, tan_in_x: 1.25, tan_in_y: 1.0, tan_out_x: 1.25, tan_out_y: 1.0 }
vertex[54]=PF_PathVertex { x: 206.0, y: 160.0, tan_in_x: 206.0, tan_in_y: 160.0, tan_out_x: 206.0, tan_out_y: 160.0 }
vertex[55]=PF_PathVertex { x: 1.2392578125, y: 1.0, tan_in_x: 1.2392578125, tan_in_y: 1.0, tan_out_x: 1.2392578125, tan_out_y: 1.0 }
vertex[56]=PF_PathVertex { x: 207.0, y: 159.0, tan_in_x: 207.0, tan_in_y: 159.0, tan_out_x: 207.0, tan_out_y: 159.0 }
vertex[57]=PF_PathVertex { x: 2.25, y: 2.0, tan_in_x: 2.25, tan_in_y: 2.0, tan_out_x: 2.25, tan_out_y: 2.0 }
vertex[58]=PF_PathVertex { x: 206.0, y: 161.0, tan_in_x: 206.0, tan_in_y: 161.0, tan_out_x: 206.0, tan_out_y: 161.0 }
vertex[59]=PF_PathVertex { x: 1.12060546875, y: 1.0, tan_in_x: 1.12060546875, tan_in_y: 1.0, tan_out_x: 1.12060546875, tan_out_y: 1.0 }
vertex[60]=PF_PathVertex { x: 206.0, y: 162.0, tan_in_x: 206.0, tan_in_y: 162.0, tan_out_x: 206.0, tan_out_y: 162.0 }
vertex[61]=PF_PathVertex { x: 1.0087890625, y: 1.0, tan_in_x: 1.0087890625, tan_in_y: 1.0, tan_out_x: 1.0087890625, tan_out_y: 1.0 }
vertex[62]=PF_PathVertex { x: 207.0, y: 161.0, tan_in_x: 207.0, tan_in_y: 161.0, tan_out_x: 207.0, tan_out_y: 161.0 }
vertex[63]=PF_PathVertex { x: 1.25, y: 1.0, tan_in_x: 1.25, tan_in_y: 1.0, tan_out_x: 1.25, tan_out_y: 1.0 }
vertex[64]=PF_PathVertex { x: 207.0, y: 162.0, tan_in_x: 207.0, tan_in_y: 162.0, tan_out_x: 207.0, tan_out_y: 162.0 }
vertex[65]=PF_PathVertex { x: 1.2196044921875, y: 1.0, tan_in_x: 1.2196044921875, tan_in_y: 1.0, tan_out_x: 1.2196044921875, tan_out_y: 1.0 }
vertex[66]=PF_PathVertex { x: 208.0, y: 161.0, tan_in_x: 208.0, tan_in_y: 161.0, tan_out_x: 208.0, tan_out_y: 161.0 }
vertex[67]=PF_PathVertex { x: 1.25, y: 2.0, tan_in_x: 1.25, tan_in_y: 2.0, tan_out_x: 1.25, tan_out_y: 2.0 }
vertex[68]=PF_PathVertex { x: 209.0, y: 159.0, tan_in_x: 209.0, tan_in_y: 159.0, tan_out_x: 209.0, tan_out_y: 159.0 }
vertex[69]=PF_PathVertex { x: 3.25, y: 4.0, tan_in_x: 3.25, tan_in_y: 4.0, tan_out_x: 3.25, tan_out_y: 4.0 }
vertex[70]=PF_PathVertex { x: 207.0, y: 163.0, tan_in_x: 207.0, tan_in_y: 163.0, tan_out_x: 207.0, tan_out_y: 163.0 }
vertex[71]=PF_PathVertex { x: 1.0853271484375, y: 1.0, tan_in_x: 1.0853271484375, tan_in_y: 1.0, tan_out_x: 1.0853271484375, tan_out_y: 1.0 }
vertex[72]=PF_PathVertex { x: 207.0, y: 164.0, tan_in_x: 207.0, tan_in_y: 164.0, tan_out_x: 207.0, tan_out_y: 164.0 }
vertex[73]=PF_PathVertex { x: 1.0009765625, y: 1.0, tan_in_x: 1.0009765625, tan_in_y: 1.0, tan_out_x: 1.0009765625, tan_out_y: 1.0 }
vertex[74]=PF_PathVertex { x: 208.0, y: 163.0, tan_in_x: 208.0, tan_in_y: 163.0, tan_out_x: 208.0, tan_out_y: 163.0 }
vertex[75]=PF_PathVertex { x: 1.25, y: 1.0, tan_in_x: 1.25, tan_in_y: 1.0, tan_out_x: 1.25, tan_out_y: 1.0 }
vertex[76]=PF_PathVertex { x: 208.0, y: 164.0, tan_in_x: 208.0, tan_in_y: 164.0, tan_out_x: 208.0, tan_out_y: 164.0 }
vertex[77]=PF_PathVertex { x: 1.192138671875, y: 1.0, tan_in_x: 1.192138671875, tan_in_y: 1.0, tan_out_x: 1.192138671875, tan_out_y: 1.0 }
vertex[78]=PF_PathVertex { x: 208.0, y: 165.0, tan_in_x: 208.0, tan_in_y: 165.0, tan_out_x: 208.0, tan_out_y: 165.0 }
vertex[79]=PF_PathVertex { x: 1.051025390625, y: 1.0, tan_in_x: 1.051025390625, tan_in_y: 1.0, tan_out_x: 1.051025390625, tan_out_y: 1.0 }
vertex[80]=PF_PathVertex { x: 209.0, y: 163.0, tan_in_x: 209.0, tan_in_y: 163.0, tan_out_x: 209.0, tan_out_y: 163.0 }
vertex[81]=PF_PathVertex { x: 3.25, y: 2.0, tan_in_x: 3.25, tan_in_y: 2.0, tan_out_x: 3.25, tan_out_y: 2.0 }
vertex[82]=PF_PathVertex { x: 209.0, y: 165.0, tan_in_x: 209.0, tan_in_y: 165.0, tan_out_x: 209.0, tan_out_y: 165.0 }
vertex[83]=PF_PathVertex { x: 1.2490234375, y: 1.0, tan_in_x: 1.2490234375, tan_in_y: 1.0, tan_out_x: 1.2490234375, tan_out_y: 1.0 }
vertex[84]=PF_PathVertex { x: 209.0, y: 166.0, tan_in_x: 209.0, tan_in_y: 166.0, tan_out_x: 209.0, tan_out_y: 166.0 }
vertex[85]=PF_PathVertex { x: 1.1568603515625, y: 1.0, tan_in_x: 1.1568603515625, tan_in_y: 1.0, tan_out_x: 1.1568603515625, tan_out_y: 1.0 }
vertex[86]=PF_PathVertex { x: 209.0, y: 167.0, tan_in_x: 209.0, tan_in_y: 167.0, tan_out_x: 209.0, tan_out_y: 167.0 }
vertex[87]=PF_PathVertex { x: 1.0255126953125, y: 1.0, tan_in_x: 1.0255126953125, tan_in_y: 1.0, tan_out_x: 1.0255126953125, tan_out_y: 1.0 }
vertex[88]=PF_PathVertex { x: 210.0, y: 165.0, tan_in_x: 210.0, tan_in_y: 165.0, tan_out_x: 210.0, tan_out_y: 165.0 }
vertex[89]=PF_PathVertex { x: 2.25, y: 1.0, tan_in_x: 2.25, tan_in_y: 1.0, tan_out_x: 2.25, tan_out_y: 1.0 }
vertex[90]=PF_PathVertex { x: 210.0, y: 166.0, tan_in_x: 210.0, tan_in_y: 166.0, tan_out_x: 210.0, tan_out_y: 166.0 }
vertex[91]=PF_PathVertex { x: 1.25, y: 1.0, tan_in_x: 1.25, tan_in_y: 1.0, tan_out_x: 1.25, tan_out_y: 1.0 }
vertex[92]=PF_PathVertex { x: 210.0, y: 167.0, tan_in_x: 210.0, tan_in_y: 167.0, tan_out_x: 210.0, tan_out_y: 167.0 }
vertex[93]=PF_PathVertex { x: 1.2392578125, y: 1.0, tan_in_x: 1.2392578125, tan_in_y: 1.0, tan_out_x: 1.2392578125, tan_out_y: 1.0 }
vertex[94]=PF_PathVertex { x: 211.0, y: 166.0, tan_in_x: 211.0, tan_in_y: 166.0, tan_out_x: 211.0, tan_out_y: 166.0 }
vertex[95]=PF_PathVertex { x: 1.25, y: 2.0, tan_in_x: 1.25, tan_in_y: 2.0, tan_out_x: 1.25, tan_out_y: 2.0 }
vertex[96]=PF_PathVertex { x: 212.0, y: 150.0, tan_in_x: 212.0, tan_in_y: 150.0, tan_out_x: 212.0, tan_out_y: 150.0 }
vertex[97]=PF_PathVertex { x: 13.25, y: 18.0, tan_in_x: 13.25, tan_in_y: 18.0, tan_out_x: 13.25, tan_out_y: 18.0 }
vertex[98]=PF_PathVertex { x: 210.0, y: 168.0, tan_in_x: 210.0, tan_in_y: 168.0, tan_out_x: 210.0, tan_out_y: 168.0 }
vertex[99]=PF_PathVertex { x: 1.12060546875, y: 1.0, tan_in_x: 1.12060546875, tan_in_y: 1.0, tan_out_x: 1.12060546875, tan_out_y: 1.0 }
vertex[100]=PF_PathVertex { x: 210.0, y: 169.0, tan_in_x: 210.0, tan_in_y: 169.0, tan_out_x: 210.0, tan_out_y: 169.0 }
vertex[101]=PF_PathVertex { x: 1.0087890625, y: 1.0, tan_in_x: 1.0087890625, tan_in_y: 1.0, tan_out_x: 1.0087890625, tan_out_y: 1.0 }
vertex[102]=PF_PathVertex { x: 211.0, y: 168.0, tan_in_x: 211.0, tan_in_y: 168.0, tan_out_x: 211.0, tan_out_y: 168.0 }
vertex[103]=PF_PathVertex { x: 1.25, y: 1.0, tan_in_x: 1.25, tan_in_y: 1.0, tan_out_x: 1.25, tan_out_y: 1.0 }
vertex[104]=PF_PathVertex { x: 211.0, y: 169.0, tan_in_x: 211.0, tan_in_y: 169.0, tan_out_x: 211.0, tan_out_y: 169.0 }
vertex[105]=PF_PathVertex { x: 1.2196044921875, y: 1.0, tan_in_x: 1.2196044921875, tan_in_y: 1.0, tan_out_x: 1.2196044921875, tan_out_y: 1.0 }
vertex[106]=PF_PathVertex { x: 211.0, y: 170.0, tan_in_x: 211.0, tan_in_y: 170.0, tan_out_x: 211.0, tan_out_y: 170.0 }
vertex[107]=PF_PathVertex { x: 1.0853271484375, y: 1.0, tan_in_x: 1.0853271484375, tan_in_y: 1.0, tan_out_x: 1.0853271484375, tan_out_y: 1.0 }
vertex[108]=PF_PathVertex { x: 211.0, y: 171.0, tan_in_x: 211.0, tan_in_y: 171.0, tan_out_x: 211.0, tan_out_y: 171.0 }
vertex[109]=PF_PathVertex { x: 1.0009765625, y: 1.0, tan_in_x: 1.0009765625, tan_in_y: 1.0, tan_out_x: 1.0009765625, tan_out_y: 1.0 }
vertex[110]=PF_PathVertex { x: 212.0, y: 168.0, tan_in_x: 212.0, tan_in_y: 168.0, tan_out_x: 212.0, tan_out_y: 168.0 }
vertex[111]=PF_PathVertex { x: 3.25, y: 2.0, tan_in_x: 3.25, tan_in_y: 2.0, tan_out_x: 3.25, tan_out_y: 2.0 }
vertex[112]=PF_PathVertex { x: 212.0, y: 170.0, tan_in_x: 212.0, tan_in_y: 170.0, tan_out_x: 212.0, tan_out_y: 170.0 }
vertex[113]=PF_PathVertex { x: 1.25, y: 1.0, tan_in_x: 1.25, tan_in_y: 1.0, tan_out_x: 1.25, tan_out_y: 1.0 }
vertex[114]=PF_PathVertex { x: 212.0, y: 171.0, tan_in_x: 212.0, tan_in_y: 171.0, tan_out_x: 212.0, tan_out_y: 171.0 }
vertex[115]=PF_PathVertex { x: 1.192138671875, y: 1.0, tan_in_x: 1.192138671875, tan_in_y: 1.0, tan_out_x: 1.192138671875, tan_out_y: 1.0 }
vertex[116]=PF_PathVertex { x: 213.0, y: 170.0, tan_in_x: 213.0, tan_in_y: 170.0, tan_out_x: 213.0, tan_out_y: 170.0 }
vertex[117]=PF_PathVertex { x: 2.25, y: 2.0, tan_in_x: 2.25, tan_in_y: 2.0, tan_out_x: 2.25, tan_out_y: 2.0 }
vertex[118]=PF_PathVertex { x: 215.0, y: 168.0, tan_in_x: 215.0, tan_in_y: 168.0, tan_out_x: 215.0, tan_out_y: 168.0 }
vertex[119]=PF_PathVertex { x: 3.25, y: 4.0, tan_in_x: 3.25, tan_in_y: 4.0, tan_out_x: 3.25, tan_out_y: 4.0 }
vertex[120]=PF_PathVertex { x: 212.0, y: 172.0, tan_in_x: 212.0, tan_in_y: 172.0, tan_out_x: 212.0, tan_out_y: 172.0 }
vertex[121]=PF_PathVertex { x: 1.051025390625, y: 1.0, tan_in_x: 1.051025390625, tan_in_y: 1.0, tan_out_x: 1.051025390625, tan_out_y: 1.0 }
vertex[122]=PF_PathVertex { x: 213.0, y: 172.0, tan_in_x: 213.0, tan_in_y: 172.0, tan_out_x: 213.0, tan_out_y: 172.0 }
vertex[123]=PF_PathVertex { x: 1.2490234375, y: 1.0, tan_in_x: 1.2490234375, tan_in_y: 1.0, tan_out_x: 1.2490234375, tan_out_y: 1.0 }
vertex[124]=PF_PathVertex { x: 213.0, y: 173.0, tan_in_x: 213.0, tan_in_y: 173.0, tan_out_x: 213.0, tan_out_y: 173.0 }
vertex[125]=PF_PathVertex { x: 1.1568603515625, y: 1.0, tan_in_x: 1.1568603515625, tan_in_y: 1.0, tan_out_x: 1.1568603515625, tan_out_y: 1.0 }
vertex[126]=PF_PathVertex { x: 214.0, y: 172.0, tan_in_x: 214.0, tan_in_y: 172.0, tan_out_x: 214.0, tan_out_y: 172.0 }
vertex[127]=PF_PathVertex { x: 1.25, y: 2.0, tan_in_x: 1.25, tan_in_y: 2.0, tan_out_x: 1.25, tan_out_y: 2.0 }
vertex[128]=PF_PathVertex { x: 213.0, y: 174.0, tan_in_x: 213.0, tan_in_y: 174.0, tan_out_x: 213.0, tan_out_y: 174.0 }
vertex[129]=PF_PathVertex { x: 1.0255126953125, y: 1.0, tan_in_x: 1.0255126953125, tan_in_y: 1.0, tan_out_x: 1.0255126953125, tan_out_y: 1.0 }
vertex[130]=PF_PathVertex { x: 214.0, y: 174.0, tan_in_x: 214.0, tan_in_y: 174.0, tan_out_x: 214.0, tan_out_y: 174.0 }
vertex[131]=PF_PathVertex { x: 1.2392578125, y: 1.0, tan_in_x: 1.2392578125, tan_in_y: 1.0, tan_out_x: 1.2392578125, tan_out_y: 1.0 }
vertex[132]=PF_PathVertex { x: 214.0, y: 175.0, tan_in_x: 214.0, tan_in_y: 175.0, tan_out_x: 214.0, tan_out_y: 175.0 }
vertex[133]=PF_PathVertex { x: 1.12060546875, y: 1.0, tan_in_x: 1.12060546875, tan_in_y: 1.0, tan_out_x: 1.12060546875, tan_out_y: 1.0 }
vertex[134]=PF_PathVertex { x: 214.0, y: 176.0, tan_in_x: 214.0, tan_in_y: 176.0, tan_out_x: 214.0, tan_out_y: 176.0 }
vertex[135]=PF_PathVertex { x: 1.0087890625, y: 1.0, tan_in_x: 1.0087890625, tan_in_y: 1.0, tan_out_x: 1.0087890625, tan_out_y: 1.0 }
vertex[136]=PF_PathVertex { x: 215.0, y: 172.0, tan_in_x: 215.0, tan_in_y: 172.0, tan_out_x: 215.0, tan_out_y: 172.0 }
vertex[137]=PF_PathVertex { x: 3.25, y: 2.0, tan_in_x: 3.25, tan_in_y: 2.0, tan_out_x: 3.25, tan_out_y: 2.0 }
vertex[138]=PF_PathVertex { x: 215.0, y: 174.0, tan_in_x: 215.0, tan_in_y: 174.0, tan_out_x: 215.0, tan_out_y: 174.0 }
vertex[139]=PF_PathVertex { x: 1.25, y: 1.0, tan_in_x: 1.25, tan_in_y: 1.0, tan_out_x: 1.25, tan_out_y: 1.0 }
vertex[140]=PF_PathVertex { x: 215.0, y: 175.0, tan_in_x: 215.0, tan_in_y: 175.0, tan_out_x: 215.0, tan_out_y: 175.0 }
vertex[141]=PF_PathVertex { x: 1.25, y: 1.0, tan_in_x: 1.25, tan_in_y: 1.0, tan_out_x: 1.25, tan_out_y: 1.0 }
vertex[142]=PF_PathVertex { x: 215.0, y: 176.0, tan_in_x: 215.0, tan_in_y: 176.0, tan_out_x: 215.0, tan_out_y: 176.0 }
vertex[143]=PF_PathVertex { x: 1.2196044921875, y: 1.0, tan_in_x: 1.2196044921875, tan_in_y: 1.0, tan_out_x: 1.2196044921875, tan_out_y: 1.0 }
vertex[144]=PF_PathVertex { x: 216.0, y: 174.0, tan_in_x: 216.0, tan_in_y: 174.0, tan_out_x: 216.0, tan_out_y: 174.0 }
vertex[145]=PF_PathVertex { x: 2.25, y: 3.0, tan_in_x: 2.25, tan_in_y: 3.0, tan_out_x: 2.25, tan_out_y: 3.0 }
vertex[146]=PF_PathVertex { x: 218.0, y: 168.0, tan_in_x: 218.0, tan_in_y: 168.0, tan_out_x: 218.0, tan_out_y: 168.0 }
vertex[147]=PF_PathVertex { x: 7.25, y: 9.0, tan_in_x: 7.25, tan_in_y: 9.0, tan_out_x: 7.25, tan_out_y: 9.0 }
vertex[148]=PF_PathVertex { x: 215.0, y: 177.0, tan_in_x: 215.0, tan_in_y: 177.0, tan_out_x: 215.0, tan_out_y: 177.0 }
vertex[149]=PF_PathVertex { x: 1.0853271484375, y: 1.0, tan_in_x: 1.0853271484375, tan_in_y: 1.0, tan_out_x: 1.0853271484375, tan_out_y: 1.0 }
vertex[150]=PF_PathVertex { x: 215.0, y: 178.0, tan_in_x: 215.0, tan_in_y: 178.0, tan_out_x: 215.0, tan_out_y: 178.0 }
vertex[151]=PF_PathVertex { x: 1.0009765625, y: 1.0, tan_in_x: 1.0009765625, tan_in_y: 1.0, tan_out_x: 1.0009765625, tan_out_y: 1.0 }
vertex[152]=PF_PathVertex { x: 216.0, y: 177.0, tan_in_x: 216.0, tan_in_y: 177.0, tan_out_x: 216.0, tan_out_y: 177.0 }
vertex[153]=PF_PathVertex { x: 1.25, y: 1.0, tan_in_x: 1.25, tan_in_y: 1.0, tan_out_x: 1.25, tan_out_y: 1.0 }
vertex[154]=PF_PathVertex { x: 216.0, y: 178.0, tan_in_x: 216.0, tan_in_y: 178.0, tan_out_x: 216.0, tan_out_y: 178.0 }
vertex[155]=PF_PathVertex { x: 1.192138671875, y: 1.0, tan_in_x: 1.192138671875, tan_in_y: 1.0, tan_out_x: 1.192138671875, tan_out_y: 1.0 }
vertex[156]=PF_PathVertex { x: 217.0, y: 177.0, tan_in_x: 217.0, tan_in_y: 177.0, tan_out_x: 217.0, tan_out_y: 177.0 }
vertex[157]=PF_PathVertex { x: 1.25, y: 2.0, tan_in_x: 1.25, tan_in_y: 2.0, tan_out_x: 1.25, tan_out_y: 2.0 }
vertex[158]=PF_PathVertex { x: 216.0, y: 179.0, tan_in_x: 216.0, tan_in_y: 179.0, tan_out_x: 216.0, tan_out_y: 179.0 }
vertex[159]=PF_PathVertex { x: 1.051025390625, y: 1.0, tan_in_x: 1.051025390625, tan_in_y: 1.0, tan_out_x: 1.051025390625, tan_out_y: 1.0 }
vertex[160]=PF_PathVertex { x: 217.0, y: 179.0, tan_in_x: 217.0, tan_in_y: 179.0, tan_out_x: 217.0, tan_out_y: 179.0 }
vertex[161]=PF_PathVertex { x: 1.2490234375, y: 1.0, tan_in_x: 1.2490234375, tan_in_y: 1.0, tan_out_x: 1.2490234375, tan_out_y: 1.0 }
vertex[162]=PF_PathVertex { x: 217.0, y: 180.0, tan_in_x: 217.0, tan_in_y: 180.0, tan_out_x: 217.0, tan_out_y: 180.0 }
vertex[163]=PF_PathVertex { x: 1.1568603515625, y: 1.0, tan_in_x: 1.1568603515625, tan_in_y: 1.0, tan_out_x: 1.1568603515625, tan_out_y: 1.0 }
vertex[164]=PF_PathVertex { x: 217.0, y: 181.0, tan_in_x: 217.0, tan_in_y: 181.0, tan_out_x: 217.0, tan_out_y: 181.0 }
vertex[165]=PF_PathVertex { x: 1.0255126953125, y: 1.0, tan_in_x: 1.0255126953125, tan_in_y: 1.0, tan_out_x: 1.0255126953125, tan_out_y: 1.0 }
vertex[166]=PF_PathVertex { x: 218.0, y: 177.0, tan_in_x: 218.0, tan_in_y: 177.0, tan_out_x: 218.0, tan_out_y: 177.0 }
vertex[167]=PF_PathVertex { x: 3.25, y: 2.0, tan_in_x: 3.25, tan_in_y: 2.0, tan_out_x: 3.25, tan_out_y: 2.0 }
vertex[168]=PF_PathVertex { x: 218.0, y: 179.0, tan_in_x: 218.0, tan_in_y: 179.0, tan_out_x: 218.0, tan_out_y: 179.0 }
vertex[169]=PF_PathVertex { x: 1.25, y: 1.0, tan_in_x: 1.25, tan_in_y: 1.0, tan_out_x: 1.25, tan_out_y: 1.0 }
vertex[170]=PF_PathVertex { x: 218.0, y: 180.0, tan_in_x: 218.0, tan_in_y: 180.0, tan_out_x: 218.0, tan_out_y: 180.0 }
vertex[171]=PF_PathVertex { x: 1.25, y: 1.0, tan_in_x: 1.25, tan_in_y: 1.0, tan_out_x: 1.25, tan_out_y: 1.0 }
vertex[172]=PF_PathVertex { x: 218.0, y: 181.0, tan_in_x: 218.0, tan_in_y: 181.0, tan_out_x: 218.0, tan_out_y: 181.0 }
vertex[173]=PF_PathVertex { x: 1.2392578125, y: 1.0, tan_in_x: 1.2392578125, tan_in_y: 1.0, tan_out_x: 1.2392578125, tan_out_y: 1.0 }
vertex[174]=PF_PathVertex { x: 219.0, y: 179.0, tan_in_x: 219.0, tan_in_y: 179.0, tan_out_x: 219.0, tan_out_y: 179.0 }
vertex[175]=PF_PathVertex { x: 2.25, y: 3.0, tan_in_x: 2.25, tan_in_y: 3.0, tan_out_x: 2.25, tan_out_y: 3.0 }
vertex[176]=PF_PathVertex { x: 221.0, y: 177.0, tan_in_x: 221.0, tan_in_y: 177.0, tan_out_x: 221.0, tan_out_y: 177.0 }
vertex[177]=PF_PathVertex { x: 4.25, y: 5.0, tan_in_x: 4.25, tan_in_y: 5.0, tan_out_x: 4.25, tan_out_y: 5.0 }
vertex[178]=PF_PathVertex { x: 218.0, y: 182.0, tan_in_x: 218.0, tan_in_y: 182.0, tan_out_x: 218.0, tan_out_y: 182.0 }
vertex[179]=PF_PathVertex { x: 1.12060546875, y: 1.0, tan_in_x: 1.12060546875, tan_in_y: 1.0, tan_out_x: 1.12060546875, tan_out_y: 1.0 }
vertex[180]=PF_PathVertex { x: 218.0, y: 183.0, tan_in_x: 218.0, tan_in_y: 183.0, tan_out_x: 218.0, tan_out_y: 183.0 }
vertex[181]=PF_PathVertex { x: 1.0087890625, y: 1.0, tan_in_x: 1.0087890625, tan_in_y: 1.0, tan_out_x: 1.0087890625, tan_out_y: 1.0 }
vertex[182]=PF_PathVertex { x: 219.0, y: 182.0, tan_in_x: 219.0, tan_in_y: 182.0, tan_out_x: 219.0, tan_out_y: 182.0 }
vertex[183]=PF_PathVertex { x: 1.25, y: 1.0, tan_in_x: 1.25, tan_in_y: 1.0, tan_out_x: 1.25, tan_out_y: 1.0 }
vertex[184]=PF_PathVertex { x: 219.0, y: 183.0, tan_in_x: 219.0, tan_in_y: 183.0, tan_out_x: 219.0, tan_out_y: 183.0 }
vertex[185]=PF_PathVertex { x: 1.2196044921875, y: 1.0, tan_in_x: 1.2196044921875, tan_in_y: 1.0, tan_out_x: 1.2196044921875, tan_out_y: 1.0 }
vertex[186]=PF_PathVertex { x: 220.0, y: 182.0, tan_in_x: 220.0, tan_in_y: 182.0, tan_out_x: 220.0, tan_out_y: 182.0 }
vertex[187]=PF_PathVertex { x: 1.25, y: 2.0, tan_in_x: 1.25, tan_in_y: 2.0, tan_out_x: 1.25, tan_out_y: 2.0 }
vertex[188]=PF_PathVertex { x: 219.0, y: 184.0, tan_in_x: 219.0, tan_in_y: 184.0, tan_out_x: 219.0, tan_out_y: 184.0 }
vertex[189]=PF_PathVertex { x: 1.0853271484375, y: 1.0, tan_in_x: 1.0853271484375, tan_in_y: 1.0, tan_out_x: 1.0853271484375, tan_out_y: 1.0 }
vertex[190]=PF_PathVertex { x: 220.0, y: 184.0, tan_in_x: 220.0, tan_in_y: 184.0, tan_out_x: 220.0, tan_out_y: 184.0 }
vertex[191]=PF_PathVertex { x: 1.25, y: 1.0, tan_in_x: 1.25, tan_in_y: 1.0, tan_out_x: 1.25, tan_out_y: 1.0 }
vertex[192]=PF_PathVertex { x: 219.0, y: 185.0, tan_in_x: 219.0, tan_in_y: 185.0, tan_out_x: 219.0, tan_out_y: 185.0 }
vertex[193]=PF_PathVertex { x: 1.0009765625, y: 1.0, tan_in_x: 1.0009765625, tan_in_y: 1.0, tan_out_x: 1.0009765625, tan_out_y: 1.0 }
vertex[194]=PF_PathVertex { x: 220.0, y: 185.0, tan_in_x: 220.0, tan_in_y: 185.0, tan_out_x: 220.0, tan_out_y: 185.0 }
vertex[195]=PF_PathVertex { x: 1.192138671875, y: 1.0, tan_in_x: 1.192138671875, tan_in_y: 1.0, tan_out_x: 1.192138671875, tan_out_y: 1.0 }
vertex[196]=PF_PathVertex { x: 220.0, y: 186.0, tan_in_x: 220.0, tan_in_y: 186.0, tan_out_x: 220.0, tan_out_y: 186.0 }
vertex[197]=PF_PathVertex { x: 1.051025390625, y: 1.0, tan_in_x: 1.051025390625, tan_in_y: 1.0, tan_out_x: 1.051025390625, tan_out_y: 1.0 }
vertex[198]=PF_PathVertex { x: 221.0, y: 182.0, tan_in_x: 221.0, tan_in_y: 182.0, tan_out_x: 221.0, tan_out_y: 182.0 }
vertex[199]=PF_PathVertex { x: 4.25, y: 2.0, tan_in_x: 4.25, tan_in_y: 2.0, tan_out_x: 4.25, tan_out_y: 2.0 }
vertex[200]=PF_PathVertex { x: 221.0, y: 184.0, tan_in_x: 221.0, tan_in_y: 184.0, tan_out_x: 221.0, tan_out_y: 184.0 }
vertex[201]=PF_PathVertex { x: 2.25, y: 1.0, tan_in_x: 2.25, tan_in_y: 1.0, tan_out_x: 2.25, tan_out_y: 1.0 }
vertex[202]=PF_PathVertex { x: 221.0, y: 185.0, tan_in_x: 221.0, tan_in_y: 185.0, tan_out_x: 221.0, tan_out_y: 185.0 }
vertex[203]=PF_PathVertex { x: 1.25, y: 1.0, tan_in_x: 1.25, tan_in_y: 1.0, tan_out_x: 1.25, tan_out_y: 1.0 }
vertex[204]=PF_PathVertex { x: 221.0, y: 186.0, tan_in_x: 221.0, tan_in_y: 186.0, tan_out_x: 221.0, tan_out_y: 186.0 }
vertex[205]=PF_PathVertex { x: 1.2490234375, y: 1.0, tan_in_x: 1.2490234375, tan_in_y: 1.0, tan_out_x: 1.2490234375, tan_out_y: 1.0 }
vertex[206]=PF_PathVertex { x: 222.0, y: 185.0, tan_in_x: 222.0, tan_in_y: 185.0, tan_out_x: 222.0, tan_out_y: 185.0 }
vertex[207]=PF_PathVertex { x: 1.25, y: 2.0, tan_in_x: 1.25, tan_in_y: 2.0, tan_out_x: 1.25, tan_out_y: 2.0 }
vertex[208]=PF_PathVertex { x: 223.0, y: 184.0, tan_in_x: 223.0, tan_in_y: 184.0, tan_out_x: 223.0, tan_out_y: 184.0 }
vertex[209]=PF_PathVertex { x: 2.25, y: 3.0, tan_in_x: 2.25, tan_in_y: 3.0, tan_out_x: 2.25, tan_out_y: 3.0 }
vertex[210]=PF_PathVertex { x: 225.0, y: 150.0, tan_in_x: 225.0, tan_in_y: 150.0, tan_out_x: 225.0, tan_out_y: 150.0 }
vertex[211]=PF_PathVertex { x: 25.25, y: 37.0, tan_in_x: 25.25, tan_in_y: 37.0, tan_out_x: 25.25, tan_out_y: 37.0 }
vertex[212]=PF_PathVertex { x: 221.0, y: 187.0, tan_in_x: 221.0, tan_in_y: 187.0, tan_out_x: 221.0, tan_out_y: 187.0 }
vertex[213]=PF_PathVertex { x: 1.1568603515625, y: 1.0, tan_in_x: 1.1568603515625, tan_in_y: 1.0, tan_out_x: 1.1568603515625, tan_out_y: 1.0 }
vertex[214]=PF_PathVertex { x: 221.0, y: 188.0, tan_in_x: 221.0, tan_in_y: 188.0, tan_out_x: 221.0, tan_out_y: 188.0 }
vertex[215]=PF_PathVertex { x: 1.0255126953125, y: 1.0, tan_in_x: 1.0255126953125, tan_in_y: 1.0, tan_out_x: 1.0255126953125, tan_out_y: 1.0 }
vertex[216]=PF_PathVertex { x: 222.0, y: 187.0, tan_in_x: 222.0, tan_in_y: 187.0, tan_out_x: 222.0, tan_out_y: 187.0 }
vertex[217]=PF_PathVertex { x: 1.25, y: 1.0, tan_in_x: 1.25, tan_in_y: 1.0, tan_out_x: 1.25, tan_out_y: 1.0 }
vertex[218]=PF_PathVertex { x: 222.0, y: 188.0, tan_in_x: 222.0, tan_in_y: 188.0, tan_out_x: 222.0, tan_out_y: 188.0 }
vertex[219]=PF_PathVertex { x: 1.2392578125, y: 1.0, tan_in_x: 1.2392578125, tan_in_y: 1.0, tan_out_x: 1.2392578125, tan_out_y: 1.0 }
vertex[220]=PF_PathVertex { x: 222.0, y: 189.0, tan_in_x: 222.0, tan_in_y: 189.0, tan_out_x: 222.0, tan_out_y: 189.0 }
vertex[221]=PF_PathVertex { x: 1.12060546875, y: 1.0, tan_in_x: 1.12060546875, tan_in_y: 1.0, tan_out_x: 1.12060546875, tan_out_y: 1.0 }
vertex[222]=PF_PathVertex { x: 222.0, y: 190.0, tan_in_x: 222.0, tan_in_y: 190.0, tan_out_x: 222.0, tan_out_y: 190.0 }
vertex[223]=PF_PathVertex { x: 1.0087890625, y: 1.0, tan_in_x: 1.0087890625, tan_in_y: 1.0, tan_out_x: 1.0087890625, tan_out_y: 1.0 }
vertex[224]=PF_PathVertex { x: 223.0, y: 187.0, tan_in_x: 223.0, tan_in_y: 187.0, tan_out_x: 223.0, tan_out_y: 187.0 }
vertex[225]=PF_PathVertex { x: 2.25, y: 2.0, tan_in_x: 2.25, tan_in_y: 2.0, tan_out_x: 2.25, tan_out_y: 2.0 }
vertex[226]=PF_PathVertex { x: 223.0, y: 189.0, tan_in_x: 223.0, tan_in_y: 189.0, tan_out_x: 223.0, tan_out_y: 189.0 }
vertex[227]=PF_PathVertex { x: 1.25, y: 1.0, tan_in_x: 1.25, tan_in_y: 1.0, tan_out_x: 1.25, tan_out_y: 1.0 }
vertex[228]=PF_PathVertex { x: 223.0, y: 190.0, tan_in_x: 223.0, tan_in_y: 190.0, tan_out_x: 223.0, tan_out_y: 190.0 }
vertex[229]=PF_PathVertex { x: 1.2196044921875, y: 1.0, tan_in_x: 1.2196044921875, tan_in_y: 1.0, tan_out_x: 1.2196044921875, tan_out_y: 1.0 }
vertex[230]=PF_PathVertex { x: 224.0, y: 189.0, tan_in_x: 224.0, tan_in_y: 189.0, tan_out_x: 224.0, tan_out_y: 189.0 }
vertex[231]=PF_PathVertex { x: 1.25, y: 2.0, tan_in_x: 1.25, tan_in_y: 2.0, tan_out_x: 1.25, tan_out_y: 2.0 }
vertex[232]=PF_PathVertex { x: 223.0, y: 191.0, tan_in_x: 223.0, tan_in_y: 191.0, tan_out_x: 223.0, tan_out_y: 191.0 }
vertex[233]=PF_PathVertex { x: 1.0853271484375, y: 1.0, tan_in_x: 1.0853271484375, tan_in_y: 1.0, tan_out_x: 1.0853271484375, tan_out_y: 1.0 }
vertex[234]=PF_PathVertex { x: 223.0, y: 192.0, tan_in_x: 223.0, tan_in_y: 192.0, tan_out_x: 223.0, tan_out_y: 192.0 }
vertex[235]=PF_PathVertex { x: 1.0009765625, y: 1.0, tan_in_x: 1.0009765625, tan_in_y: 1.0, tan_out_x: 1.0009765625, tan_out_y: 1.0 }
vertex[236]=PF_PathVertex { x: 224.0, y: 191.0, tan_in_x: 224.0, tan_in_y: 191.0, tan_out_x: 224.0, tan_out_y: 191.0 }
vertex[237]=PF_PathVertex { x: 1.25, y: 1.0, tan_in_x: 1.25, tan_in_y: 1.0, tan_out_x: 1.25, tan_out_y: 1.0 }
vertex[238]=PF_PathVertex { x: 224.0, y: 192.0, tan_in_x: 224.0, tan_in_y: 192.0, tan_out_x: 224.0, tan_out_y: 192.0 }
vertex[239]=PF_PathVertex { x: 1.192138671875, y: 1.0, tan_in_x: 1.192138671875, tan_in_y: 1.0, tan_out_x: 1.192138671875, tan_out_y: 1.0 }
vertex[240]=PF_PathVertex { x: 224.0, y: 193.0, tan_in_x: 224.0, tan_in_y: 193.0, tan_out_x: 224.0, tan_out_y: 193.0 }
vertex[241]=PF_PathVertex { x: 1.051025390625, y: 1.0, tan_in_x: 1.051025390625, tan_in_y: 1.0, tan_out_x: 1.051025390625, tan_out_y: 1.0 }
vertex[242]=PF_PathVertex { x: 225.0, y: 187.0, tan_in_x: 225.0, tan_in_y: 187.0, tan_out_x: 225.0, tan_out_y: 187.0 }
vertex[243]=PF_PathVertex { x: 6.25, y: 4.0, tan_in_x: 6.25, tan_in_y: 4.0, tan_out_x: 6.25, tan_out_y: 4.0 }
vertex[244]=PF_PathVertex { x: 225.0, y: 191.0, tan_in_x: 225.0, tan_in_y: 191.0, tan_out_x: 225.0, tan_out_y: 191.0 }
vertex[245]=PF_PathVertex { x: 3.25, y: 2.0, tan_in_x: 3.25, tan_in_y: 2.0, tan_out_x: 3.25, tan_out_y: 2.0 }
vertex[246]=PF_PathVertex { x: 225.0, y: 193.0, tan_in_x: 225.0, tan_in_y: 193.0, tan_out_x: 225.0, tan_out_y: 193.0 }
vertex[247]=PF_PathVertex { x: 1.2490234375, y: 1.0, tan_in_x: 1.2490234375, tan_in_y: 1.0, tan_out_x: 1.2490234375, tan_out_y: 1.0 }
vertex[248]=PF_PathVertex { x: 225.0, y: 194.0, tan_in_x: 225.0, tan_in_y: 194.0, tan_out_x: 225.0, tan_out_y: 194.0 }
vertex[249]=PF_PathVertex { x: 1.1568603515625, y: 1.0, tan_in_x: 1.1568603515625, tan_in_y: 1.0, tan_out_x: 1.1568603515625, tan_out_y: 1.0 }
vertex[250]=PF_PathVertex { x: 225.0, y: 195.0, tan_in_x: 225.0, tan_in_y: 195.0, tan_out_x: 225.0, tan_out_y: 195.0 }
vertex[251]=PF_PathVertex { x: 1.0255126953125, y: 1.0, tan_in_x: 1.0255126953125, tan_in_y: 1.0, tan_out_x: 1.0255126953125, tan_out_y: 1.0 }
vertex[252]=PF_PathVertex { x: 226.0, y: 193.0, tan_in_x: 226.0, tan_in_y: 193.0, tan_out_x: 226.0, tan_out_y: 193.0 }
vertex[253]=PF_PathVertex { x: 2.25, y: 1.0, tan_in_x: 2.25, tan_in_y: 1.0, tan_out_x: 2.25, tan_out_y: 1.0 }
vertex[254]=PF_PathVertex { x: 226.0, y: 194.0, tan_in_x: 226.0, tan_in_y: 194.0, tan_out_x: 226.0, tan_out_y: 194.0 }
vertex[255]=PF_PathVertex { x: 1.25, y: 1.0, tan_in_x: 1.25, tan_in_y: 1.0, tan_out_x: 1.25, tan_out_y: 1.0 }
vertex[256]=PF_PathVertex { x: 226.0, y: 195.0, tan_in_x: 226.0, tan_in_y: 195.0, tan_out_x: 226.0, tan_out_y: 195.0 }
vertex[257]=PF_PathVertex { x: 1.2392578125, y: 1.0, tan_in_x: 1.2392578125, tan_in_y: 1.0, tan_out_x: 1.2392578125, tan_out_y: 1.0 }
vertex[258]=PF_PathVertex { x: 227.0, y: 194.0, tan_in_x: 227.0, tan_in_y: 194.0, tan_out_x: 227.0, tan_out_y: 194.0 }
vertex[259]=PF_PathVertex { x: 1.25, y: 2.0, tan_in_x: 1.25, tan_in_y: 2.0, tan_out_x: 1.25, tan_out_y: 2.0 }
vertex[260]=PF_PathVertex { x: 228.0, y: 191.0, tan_in_x: 228.0, tan_in_y: 191.0, tan_out_x: 228.0, tan_out_y: 191.0 }
vertex[261]=PF_PathVertex { x: 3.25, y: 5.0, tan_in_x: 3.25, tan_in_y: 5.0, tan_out_x: 3.25, tan_out_y: 5.0 }
vertex[262]=PF_PathVertex { x: 231.0, y: 187.0, tan_in_x: 231.0, tan_in_y: 187.0, tan_out_x: 231.0, tan_out_y: 187.0 }
vertex[263]=PF_PathVertex { x: 6.25, y: 9.0, tan_in_x: 6.25, tan_in_y: 9.0, tan_out_x: 6.25, tan_out_y: 9.0 }
vertex[264]=PF_PathVertex { x: 226.0, y: 196.0, tan_in_x: 226.0, tan_in_y: 196.0, tan_out_x: 226.0, tan_out_y: 196.0 }
vertex[265]=PF_PathVertex { x: 1.12060546875, y: 1.0, tan_in_x: 1.12060546875, tan_in_y: 1.0, tan_out_x: 1.12060546875, tan_out_y: 1.0 }
vertex[266]=PF_PathVertex { x: 226.0, y: 197.0, tan_in_x: 226.0, tan_in_y: 197.0, tan_out_x: 226.0, tan_out_y: 197.0 }
vertex[267]=PF_PathVertex { x: 1.0087890625, y: 1.0, tan_in_x: 1.0087890625, tan_in_y: 1.0, tan_out_x: 1.0087890625, tan_out_y: 1.0 }
vertex[268]=PF_PathVertex { x: 227.0, y: 196.0, tan_in_x: 227.0, tan_in_y: 196.0, tan_out_x: 227.0, tan_out_y: 196.0 }
vertex[269]=PF_PathVertex { x: 1.25, y: 1.0, tan_in_x: 1.25, tan_in_y: 1.0, tan_out_x: 1.25, tan_out_y: 1.0 }
vertex[270]=PF_PathVertex { x: 227.0, y: 197.0, tan_in_x: 227.0, tan_in_y: 197.0, tan_out_x: 227.0, tan_out_y: 197.0 }
vertex[271]=PF_PathVertex { x: 1.2196044921875, y: 1.0, tan_in_x: 1.2196044921875, tan_in_y: 1.0, tan_out_x: 1.2196044921875, tan_out_y: 1.0 }
vertex[272]=PF_PathVertex { x: 227.0, y: 198.0, tan_in_x: 227.0, tan_in_y: 198.0, tan_out_x: 227.0, tan_out_y: 198.0 }
vertex[273]=PF_PathVertex { x: 1.0853271484375, y: 1.0, tan_in_x: 1.0853271484375, tan_in_y: 1.0, tan_out_x: 1.0853271484375, tan_out_y: 1.0 }
vertex[274]=PF_PathVertex { x: 227.0, y: 199.0, tan_in_x: 227.0, tan_in_y: 199.0, tan_out_x: 227.0, tan_out_y: 199.0 }
vertex[275]=PF_PathVertex { x: 1.0009765625, y: 1.0, tan_in_x: 1.0009765625, tan_in_y: 1.0, tan_out_x: 1.0009765625, tan_out_y: 1.0 }
vertex[276]=PF_PathVertex { x: 228.0, y: 196.0, tan_in_x: 228.0, tan_in_y: 196.0, tan_out_x: 228.0, tan_out_y: 196.0 }
vertex[277]=PF_PathVertex { x: 3.25, y: 2.0, tan_in_x: 3.25, tan_in_y: 2.0, tan_out_x: 3.25, tan_out_y: 2.0 }
vertex[278]=PF_PathVertex { x: 228.0, y: 198.0, tan_in_x: 228.0, tan_in_y: 198.0, tan_out_x: 228.0, tan_out_y: 198.0 }
vertex[279]=PF_PathVertex { x: 1.25, y: 1.0, tan_in_x: 1.25, tan_in_y: 1.0, tan_out_x: 1.25, tan_out_y: 1.0 }
vertex[280]=PF_PathVertex { x: 228.0, y: 199.0, tan_in_x: 228.0, tan_in_y: 199.0, tan_out_x: 228.0, tan_out_y: 199.0 }
vertex[281]=PF_PathVertex { x: 1.192138671875, y: 1.0, tan_in_x: 1.192138671875, tan_in_y: 1.0, tan_out_x: 1.192138671875, tan_out_y: 1.0 }
vertex[282]=PF_PathVertex { x: 228.0, y: 200.0, tan_in_x: 228.0, tan_in_y: 200.0, tan_out_x: 228.0, tan_out_y: 200.0 }
vertex[283]=PF_PathVertex { x: 1.051025390625, y: 1.0, tan_in_x: 1.051025390625, tan_in_y: 1.0, tan_out_x: 1.051025390625, tan_out_y: 1.0 }
vertex[284]=PF_PathVertex { x: 229.0, y: 198.0, tan_in_x: 229.0, tan_in_y: 198.0, tan_out_x: 229.0, tan_out_y: 198.0 }
vertex[285]=PF_PathVertex { x: 2.25, y: 1.0, tan_in_x: 2.25, tan_in_y: 1.0, tan_out_x: 2.25, tan_out_y: 1.0 }
vertex[286]=PF_PathVertex { x: 229.0, y: 199.0, tan_in_x: 229.0, tan_in_y: 199.0, tan_out_x: 229.0, tan_out_y: 199.0 }
vertex[287]=PF_PathVertex { x: 1.25, y: 1.0, tan_in_x: 1.25, tan_in_y: 1.0, tan_out_x: 1.25, tan_out_y: 1.0 }
vertex[288]=PF_PathVertex { x: 229.0, y: 200.0, tan_in_x: 229.0, tan_in_y: 200.0, tan_out_x: 229.0, tan_out_y: 200.0 }
vertex[289]=PF_PathVertex { x: 1.2490234375, y: 1.0, tan_in_x: 1.2490234375, tan_in_y: 1.0, tan_out_x: 1.2490234375, tan_out_y: 1.0 }
vertex[290]=PF_PathVertex { x: 230.0, y: 199.0, tan_in_x: 230.0, tan_in_y: 199.0, tan_out_x: 230.0, tan_out_y: 199.0 }
vertex[291]=PF_PathVertex { x: 1.25, y: 2.0, tan_in_x: 1.25, tan_in_y: 2.0, tan_out_x: 1.25, tan_out_y: 2.0 }
vertex[292]=PF_PathVertex { x: 229.0, y: 201.0, tan_in_x: 229.0, tan_in_y: 201.0, tan_out_x: 229.0, tan_out_y: 201.0 }
vertex[293]=PF_PathVertex { x: 1.1568603515625, y: 1.0, tan_in_x: 1.1568603515625, tan_in_y: 1.0, tan_out_x: 1.1568603515625, tan_out_y: 1.0 }
vertex[294]=PF_PathVertex { x: 229.0, y: 202.0, tan_in_x: 229.0, tan_in_y: 202.0, tan_out_x: 229.0, tan_out_y: 202.0 }
vertex[295]=PF_PathVertex { x: 1.0255126953125, y: 1.0, tan_in_x: 1.0255126953125, tan_in_y: 1.0, tan_out_x: 1.0255126953125, tan_out_y: 1.0 }
vertex[296]=PF_PathVertex { x: 230.0, y: 201.0, tan_in_x: 230.0, tan_in_y: 201.0, tan_out_x: 230.0, tan_out_y: 201.0 }
vertex[297]=PF_PathVertex { x: 1.25, y: 1.0, tan_in_x: 1.25, tan_in_y: 1.0, tan_out_x: 1.25, tan_out_y: 1.0 }
vertex[298]=PF_PathVertex { x: 230.0, y: 202.0, tan_in_x: 230.0, tan_in_y: 202.0, tan_out_x: 230.0, tan_out_y: 202.0 }
vertex[299]=PF_PathVertex { x: 1.2392578125, y: 1.0, tan_in_x: 1.2392578125, tan_in_y: 1.0, tan_out_x: 1.2392578125, tan_out_y: 1.0 }
vertex[300]=PF_PathVertex { x: 230.0, y: 203.0, tan_in_x: 230.0, tan_in_y: 203.0, tan_out_x: 230.0, tan_out_y: 203.0 }
vertex[301]=PF_PathVertex { x: 1.12060546875, y: 1.0, tan_in_x: 1.12060546875, tan_in_y: 1.0, tan_out_x: 1.12060546875, tan_out_y: 1.0 }
vertex[302]=PF_PathVertex { x: 230.0, y: 204.0, tan_in_x: 230.0, tan_in_y: 204.0, tan_out_x: 230.0, tan_out_y: 204.0 }
vertex[303]=PF_PathVertex { x: 1.0087890625, y: 1.0, tan_in_x: 1.0087890625, tan_in_y: 1.0, tan_out_x: 1.0087890625, tan_out_y: 1.0 }
vertex[304]=PF_PathVertex { x: 231.0, y: 196.0, tan_in_x: 231.0, tan_in_y: 196.0, tan_out_x: 231.0, tan_out_y: 196.0 }
vertex[305]=PF_PathVertex { x: 6.25, y: 5.0, tan_in_x: 6.25, tan_in_y: 5.0, tan_out_x: 6.25, tan_out_y: 5.0 }
vertex[306]=PF_PathVertex { x: 231.0, y: 201.0, tan_in_x: 231.0, tan_in_y: 201.0, tan_out_x: 231.0, tan_out_y: 201.0 }
vertex[307]=PF_PathVertex { x: 3.25, y: 2.0, tan_in_x: 3.25, tan_in_y: 2.0, tan_out_x: 3.25, tan_out_y: 2.0 }
vertex[308]=PF_PathVertex { x: 231.0, y: 203.0, tan_in_x: 231.0, tan_in_y: 203.0, tan_out_x: 231.0, tan_out_y: 203.0 }
vertex[309]=PF_PathVertex { x: 1.25, y: 1.0, tan_in_x: 1.25, tan_in_y: 1.0, tan_out_x: 1.25, tan_out_y: 1.0 }
vertex[310]=PF_PathVertex { x: 231.0, y: 204.0, tan_in_x: 231.0, tan_in_y: 204.0, tan_out_x: 231.0, tan_out_y: 204.0 }
vertex[311]=PF_PathVertex { x: 1.2196044921875, y: 1.0, tan_in_x: 1.2196044921875, tan_in_y: 1.0, tan_out_x: 1.2196044921875, tan_out_y: 1.0 }
vertex[312]=PF_PathVertex { x: 231.0, y: 205.0, tan_in_x: 231.0, tan_in_y: 205.0, tan_out_x: 231.0, tan_out_y: 205.0 }
vertex[313]=PF_PathVertex { x: 1.0853271484375, y: 1.0, tan_in_x: 1.0853271484375, tan_in_y: 1.0, tan_out_x: 1.0853271484375, tan_out_y: 1.0 }
vertex[314]=PF_PathVertex { x: 232.0, y: 203.0, tan_in_x: 232.0, tan_in_y: 203.0, tan_out_x: 232.0, tan_out_y: 203.0 }
vertex[315]=PF_PathVertex { x: 2.25, y: 3.0, tan_in_x: 2.25, tan_in_y: 3.0, tan_out_x: 2.25, tan_out_y: 3.0 }
vertex[316]=PF_PathVertex { x: 234.0, y: 201.0, tan_in_x: 234.0, tan_in_y: 201.0, tan_out_x: 234.0, tan_out_y: 201.0 }
vertex[317]=PF_PathVertex { x: 3.25, y: 5.0, tan_in_x: 3.25, tan_in_y: 5.0, tan_out_x: 3.25, tan_out_y: 5.0 }
vertex[318]=PF_PathVertex { x: 237.0, y: 187.0, tan_in_x: 237.0, tan_in_y: 187.0, tan_out_x: 237.0, tan_out_y: 187.0 }
vertex[319]=PF_PathVertex { x: 13.25, y: 19.0, tan_in_x: 13.25, tan_in_y: 19.0, tan_out_x: 13.25, tan_out_y: 19.0 }
vertex[320]=PF_PathVertex { x: 231.0, y: 206.0, tan_in_x: 231.0, tan_in_y: 206.0, tan_out_x: 231.0, tan_out_y: 206.0 }
vertex[321]=PF_PathVertex { x: 1.0009765625, y: 1.0, tan_in_x: 1.0009765625, tan_in_y: 1.0, tan_out_x: 1.0009765625, tan_out_y: 1.0 }
vertex[322]=PF_PathVertex { x: 232.0, y: 206.0, tan_in_x: 232.0, tan_in_y: 206.0, tan_out_x: 232.0, tan_out_y: 206.0 }
vertex[323]=PF_PathVertex { x: 1.192138671875, y: 1.0, tan_in_x: 1.192138671875, tan_in_y: 1.0, tan_out_x: 1.192138671875, tan_out_y: 1.0 }
vertex[324]=PF_PathVertex { x: 232.0, y: 207.0, tan_in_x: 232.0, tan_in_y: 207.0, tan_out_x: 232.0, tan_out_y: 207.0 }
vertex[325]=PF_PathVertex { x: 1.051025390625, y: 1.0, tan_in_x: 1.051025390625, tan_in_y: 1.0, tan_out_x: 1.051025390625, tan_out_y: 1.0 }
vertex[326]=PF_PathVertex { x: 233.0, y: 206.0, tan_in_x: 233.0, tan_in_y: 206.0, tan_out_x: 233.0, tan_out_y: 206.0 }
vertex[327]=PF_PathVertex { x: 1.25, y: 1.0, tan_in_x: 1.25, tan_in_y: 1.0, tan_out_x: 1.25, tan_out_y: 1.0 }
vertex[328]=PF_PathVertex { x: 233.0, y: 207.0, tan_in_x: 233.0, tan_in_y: 207.0, tan_out_x: 233.0, tan_out_y: 207.0 }
vertex[329]=PF_PathVertex { x: 1.2490234375, y: 1.0, tan_in_x: 1.2490234375, tan_in_y: 1.0, tan_out_x: 1.2490234375, tan_out_y: 1.0 }
vertex[330]=PF_PathVertex { x: 233.0, y: 208.0, tan_in_x: 233.0, tan_in_y: 208.0, tan_out_x: 233.0, tan_out_y: 208.0 }
vertex[331]=PF_PathVertex { x: 1.1568603515625, y: 1.0, tan_in_x: 1.1568603515625, tan_in_y: 1.0, tan_out_x: 1.1568603515625, tan_out_y: 1.0 }
vertex[332]=PF_PathVertex { x: 233.0, y: 209.0, tan_in_x: 233.0, tan_in_y: 209.0, tan_out_x: 233.0, tan_out_y: 209.0 }
vertex[333]=PF_PathVertex { x: 1.0255126953125, y: 1.0, tan_in_x: 1.0255126953125, tan_in_y: 1.0, tan_out_x: 1.0255126953125, tan_out_y: 1.0 }
vertex[334]=PF_PathVertex { x: 234.0, y: 206.0, tan_in_x: 234.0, tan_in_y: 206.0, tan_out_x: 234.0, tan_out_y: 206.0 }
vertex[335]=PF_PathVertex { x: 3.25, y: 2.0, tan_in_x: 3.25, tan_in_y: 2.0, tan_out_x: 3.25, tan_out_y: 2.0 }
vertex[336]=PF_PathVertex { x: 234.0, y: 208.0, tan_in_x: 234.0, tan_in_y: 208.0, tan_out_x: 234.0, tan_out_y: 208.0 }
vertex[337]=PF_PathVertex { x: 1.25, y: 1.0, tan_in_x: 1.25, tan_in_y: 1.0, tan_out_x: 1.25, tan_out_y: 1.0 }
vertex[338]=PF_PathVertex { x: 234.0, y: 209.0, tan_in_x: 234.0, tan_in_y: 209.0, tan_out_x: 234.0, tan_out_y: 209.0 }
vertex[339]=PF_PathVertex { x: 1.2392578125, y: 1.0, tan_in_x: 1.2392578125, tan_in_y: 1.0, tan_out_x: 1.2392578125, tan_out_y: 1.0 }
vertex[340]=PF_PathVertex { x: 235.0, y: 208.0, tan_in_x: 235.0, tan_in_y: 208.0, tan_out_x: 235.0, tan_out_y: 208.0 }
vertex[341]=PF_PathVertex { x: 2.25, y: 2.0, tan_in_x: 2.25, tan_in_y: 2.0, tan_out_x: 2.25, tan_out_y: 2.0 }
vertex[342]=PF_PathVertex { x: 234.0, y: 210.0, tan_in_x: 234.0, tan_in_y: 210.0, tan_out_x: 234.0, tan_out_y: 210.0 }
vertex[343]=PF_PathVertex { x: 1.12060546875, y: 1.0, tan_in_x: 1.12060546875, tan_in_y: 1.0, tan_out_x: 1.12060546875, tan_out_y: 1.0 }
vertex[344]=PF_PathVertex { x: 234.0, y: 211.0, tan_in_x: 234.0, tan_in_y: 211.0, tan_out_x: 234.0, tan_out_y: 211.0 }
vertex[345]=PF_PathVertex { x: 1.0087890625, y: 1.0, tan_in_x: 1.0087890625, tan_in_y: 1.0, tan_out_x: 1.0087890625, tan_out_y: 1.0 }
vertex[346]=PF_PathVertex { x: 235.0, y: 210.0, tan_in_x: 235.0, tan_in_y: 210.0, tan_out_x: 235.0, tan_out_y: 210.0 }
vertex[347]=PF_PathVertex { x: 1.25, y: 1.0, tan_in_x: 1.25, tan_in_y: 1.0, tan_out_x: 1.25, tan_out_y: 1.0 }
vertex[348]=PF_PathVertex { x: 235.0, y: 211.0, tan_in_x: 235.0, tan_in_y: 211.0, tan_out_x: 235.0, tan_out_y: 211.0 }
vertex[349]=PF_PathVertex { x: 1.2196044921875, y: 1.0, tan_in_x: 1.2196044921875, tan_in_y: 1.0, tan_out_x: 1.2196044921875, tan_out_y: 1.0 }
vertex[350]=PF_PathVertex { x: 236.0, y: 210.0, tan_in_x: 236.0, tan_in_y: 210.0, tan_out_x: 236.0, tan_out_y: 210.0 }
vertex[351]=PF_PathVertex { x: 1.25, y: 2.0, tan_in_x: 1.25, tan_in_y: 2.0, tan_out_x: 1.25, tan_out_y: 2.0 }
vertex[352]=PF_PathVertex { x: 235.0, y: 212.0, tan_in_x: 235.0, tan_in_y: 212.0, tan_out_x: 235.0, tan_out_y: 212.0 }
vertex[353]=PF_PathVertex { x: 1.0853271484375, y: 1.0, tan_in_x: 1.0853271484375, tan_in_y: 1.0, tan_out_x: 1.0853271484375, tan_out_y: 1.0 }
vertex[354]=PF_PathVertex { x: 236.0, y: 212.0, tan_in_x: 236.0, tan_in_y: 212.0, tan_out_x: 236.0, tan_out_y: 212.0 }
vertex[355]=PF_PathVertex { x: 1.25, y: 1.0, tan_in_x: 1.25, tan_in_y: 1.0, tan_out_x: 1.25, tan_out_y: 1.0 }
vertex[356]=PF_PathVertex { x: 235.0, y: 213.0, tan_in_x: 235.0, tan_in_y: 213.0, tan_out_x: 235.0, tan_out_y: 213.0 }
vertex[357]=PF_PathVertex { x: 1.0009765625, y: 1.0, tan_in_x: 1.0009765625, tan_in_y: 1.0, tan_out_x: 1.0009765625, tan_out_y: 1.0 }
vertex[358]=PF_PathVertex { x: 236.0, y: 213.0, tan_in_x: 236.0, tan_in_y: 213.0, tan_out_x: 236.0, tan_out_y: 213.0 }
vertex[359]=PF_PathVertex { x: 1.192138671875, y: 1.0, tan_in_x: 1.192138671875, tan_in_y: 1.0, tan_out_x: 1.192138671875, tan_out_y: 1.0 }
vertex[360]=PF_PathVertex { x: 236.0, y: 214.0, tan_in_x: 236.0, tan_in_y: 214.0, tan_out_x: 236.0, tan_out_y: 214.0 }
vertex[361]=PF_PathVertex { x: 1.051025390625, y: 1.0, tan_in_x: 1.051025390625, tan_in_y: 1.0, tan_out_x: 1.051025390625, tan_out_y: 1.0 }
vertex[362]=PF_PathVertex { x: 237.0, y: 206.0, tan_in_x: 237.0, tan_in_y: 206.0, tan_out_x: 237.0, tan_out_y: 206.0 }
vertex[363]=PF_PathVertex { x: 6.25, y: 4.0, tan_in_x: 6.25, tan_in_y: 4.0, tan_out_x: 6.25, tan_out_y: 4.0 }
vertex[364]=PF_PathVertex { x: 237.0, y: 210.0, tan_in_x: 237.0, tan_in_y: 210.0, tan_out_x: 237.0, tan_out_y: 210.0 }
vertex[365]=PF_PathVertex { x: 3.25, y: 2.0, tan_in_x: 3.25, tan_in_y: 2.0, tan_out_x: 3.25, tan_out_y: 2.0 }
vertex[366]=PF_PathVertex { x: 237.0, y: 212.0, tan_in_x: 237.0, tan_in_y: 212.0, tan_out_x: 237.0, tan_out_y: 212.0 }
vertex[367]=PF_PathVertex { x: 1.25, y: 1.0, tan_in_x: 1.25, tan_in_y: 1.0, tan_out_x: 1.25, tan_out_y: 1.0 }
vertex[368]=PF_PathVertex { x: 237.0, y: 213.0, tan_in_x: 237.0, tan_in_y: 213.0, tan_out_x: 237.0, tan_out_y: 213.0 }
vertex[369]=PF_PathVertex { x: 1.25, y: 1.0, tan_in_x: 1.25, tan_in_y: 1.0, tan_out_x: 1.25, tan_out_y: 1.0 }
vertex[370]=PF_PathVertex { x: 237.0, y: 214.0, tan_in_x: 237.0, tan_in_y: 214.0, tan_out_x: 237.0, tan_out_y: 214.0 }
vertex[371]=PF_PathVertex { x: 1.2490234375, y: 1.0, tan_in_x: 1.2490234375, tan_in_y: 1.0, tan_out_x: 1.2490234375, tan_out_y: 1.0 }
vertex[372]=PF_PathVertex { x: 238.0, y: 212.0, tan_in_x: 238.0, tan_in_y: 212.0, tan_out_x: 238.0, tan_out_y: 212.0 }
vertex[373]=PF_PathVertex { x: 2.25, y: 3.0, tan_in_x: 2.25, tan_in_y: 3.0, tan_out_x: 2.25, tan_out_y: 3.0 }
vertex[374]=PF_PathVertex { x: 240.0, y: 210.0, tan_in_x: 240.0, tan_in_y: 210.0, tan_out_x: 240.0, tan_out_y: 210.0 }
vertex[375]=PF_PathVertex { x: 3.25, y: 5.0, tan_in_x: 3.25, tan_in_y: 5.0, tan_out_x: 3.25, tan_out_y: 5.0 }
vertex[376]=PF_PathVertex { x: 243.0, y: 206.0, tan_in_x: 243.0, tan_in_y: 206.0, tan_out_x: 243.0, tan_out_y: 206.0 }
vertex[377]=PF_PathVertex { x: 7.25, y: 9.0, tan_in_x: 7.25, tan_in_y: 9.0, tan_out_x: 7.25, tan_out_y: 9.0 }
vertex[378]=PF_PathVertex { x: 237.0, y: 215.0, tan_in_x: 237.0, tan_in_y: 215.0, tan_out_x: 237.0, tan_out_y: 215.0 }
vertex[379]=PF_PathVertex { x: 1.1568603515625, y: 1.0, tan_in_x: 1.1568603515625, tan_in_y: 1.0, tan_out_x: 1.1568603515625, tan_out_y: 1.0 }
vertex[380]=PF_PathVertex { x: 237.0, y: 216.0, tan_in_x: 237.0, tan_in_y: 216.0, tan_out_x: 237.0, tan_out_y: 216.0 }
vertex[381]=PF_PathVertex { x: 1.0255126953125, y: 1.0, tan_in_x: 1.0255126953125, tan_in_y: 1.0, tan_out_x: 1.0255126953125, tan_out_y: 1.0 }
vertex[382]=PF_PathVertex { x: 238.0, y: 215.0, tan_in_x: 238.0, tan_in_y: 215.0, tan_out_x: 238.0, tan_out_y: 215.0 }
vertex[383]=PF_PathVertex { x: 1.25, y: 1.0, tan_in_x: 1.25, tan_in_y: 1.0, tan_out_x: 1.25, tan_out_y: 1.0 }
vertex[384]=PF_PathVertex { x: 238.0, y: 216.0, tan_in_x: 238.0, tan_in_y: 216.0, tan_out_x: 238.0, tan_out_y: 216.0 }
vertex[385]=PF_PathVertex { x: 1.2392578125, y: 1.0, tan_in_x: 1.2392578125, tan_in_y: 1.0, tan_out_x: 1.2392578125, tan_out_y: 1.0 }
vertex[386]=PF_PathVertex { x: 239.0, y: 215.0, tan_in_x: 239.0, tan_in_y: 215.0, tan_out_x: 239.0, tan_out_y: 215.0 }
vertex[387]=PF_PathVertex { x: 1.25, y: 2.0, tan_in_x: 1.25, tan_in_y: 2.0, tan_out_x: 1.25, tan_out_y: 2.0 }
vertex[388]=PF_PathVertex { x: 238.0, y: 217.0, tan_in_x: 238.0, tan_in_y: 217.0, tan_out_x: 238.0, tan_out_y: 217.0 }
vertex[389]=PF_PathVertex { x: 1.12060546875, y: 1.0, tan_in_x: 1.12060546875, tan_in_y: 1.0, tan_out_x: 1.12060546875, tan_out_y: 1.0 }
vertex[390]=PF_PathVertex { x: 239.0, y: 217.0, tan_in_x: 239.0, tan_in_y: 217.0, tan_out_x: 239.0, tan_out_y: 217.0 }
vertex[391]=PF_PathVertex { x: 1.25, y: 1.0, tan_in_x: 1.25, tan_in_y: 1.0, tan_out_x: 1.25, tan_out_y: 1.0 }
vertex[392]=PF_PathVertex { x: 238.0, y: 218.0, tan_in_x: 238.0, tan_in_y: 218.0, tan_out_x: 238.0, tan_out_y: 218.0 }
vertex[393]=PF_PathVertex { x: 1.0087890625, y: 1.0, tan_in_x: 1.0087890625, tan_in_y: 1.0, tan_out_x: 1.0087890625, tan_out_y: 1.0 }
vertex[394]=PF_PathVertex { x: 239.0, y: 218.0, tan_in_x: 239.0, tan_in_y: 218.0, tan_out_x: 239.0, tan_out_y: 218.0 }
vertex[395]=PF_PathVertex { x: 1.2196044921875, y: 1.0, tan_in_x: 1.2196044921875, tan_in_y: 1.0, tan_out_x: 1.2196044921875, tan_out_y: 1.0 }
vertex[396]=PF_PathVertex { x: 239.0, y: 219.0, tan_in_x: 239.0, tan_in_y: 219.0, tan_out_x: 239.0, tan_out_y: 219.0 }
vertex[397]=PF_PathVertex { x: 1.0853271484375, y: 1.0, tan_in_x: 1.0853271484375, tan_in_y: 1.0, tan_out_x: 1.0853271484375, tan_out_y: 1.0 }
vertex[398]=PF_PathVertex { x: 240.0, y: 215.0, tan_in_x: 240.0, tan_in_y: 215.0, tan_out_x: 240.0, tan_out_y: 215.0 }
vertex[399]=PF_PathVertex { x: 3.25, y: 5.0, tan_in_x: 3.25, tan_in_y: 5.0, tan_out_x: 3.25, tan_out_y: 5.0 }
vertex[400]=PF_PathVertex { x: 239.0, y: 220.0, tan_in_x: 239.0, tan_in_y: 220.0, tan_out_x: 239.0, tan_out_y: 220.0 }
vertex[401]=PF_PathVertex { x: 1.0009765625, y: 1.0, tan_in_x: 1.0009765625, tan_in_y: 1.0, tan_out_x: 1.0009765625, tan_out_y: 1.0 }
vertex[402]=PF_PathVertex { x: 240.0, y: 220.0, tan_in_x: 240.0, tan_in_y: 220.0, tan_out_x: 240.0, tan_out_y: 220.0 }
vertex[403]=PF_PathVertex { x: 1.192138671875, y: 1.0, tan_in_x: 1.192138671875, tan_in_y: 1.0, tan_out_x: 1.192138671875, tan_out_y: 1.0 }
vertex[404]=PF_PathVertex { x: 240.0, y: 221.0, tan_in_x: 240.0, tan_in_y: 221.0, tan_out_x: 240.0, tan_out_y: 221.0 }
vertex[405]=PF_PathVertex { x: 1.051025390625, y: 1.0, tan_in_x: 1.051025390625, tan_in_y: 1.0, tan_out_x: 1.051025390625, tan_out_y: 1.0 }
vertex[406]=PF_PathVertex { x: 241.0, y: 220.0, tan_in_x: 241.0, tan_in_y: 220.0, tan_out_x: 241.0, tan_out_y: 220.0 }
vertex[407]=PF_PathVertex { x: 1.25, y: 1.0, tan_in_x: 1.25, tan_in_y: 1.0, tan_out_x: 1.25, tan_out_y: 1.0 }
vertex[408]=PF_PathVertex { x: 241.0, y: 221.0, tan_in_x: 241.0, tan_in_y: 221.0, tan_out_x: 241.0, tan_out_y: 221.0 }
vertex[409]=PF_PathVertex { x: 1.2490234375, y: 1.0, tan_in_x: 1.2490234375, tan_in_y: 1.0, tan_out_x: 1.2490234375, tan_out_y: 1.0 }
vertex[410]=PF_PathVertex { x: 242.0, y: 220.0, tan_in_x: 242.0, tan_in_y: 220.0, tan_out_x: 242.0, tan_out_y: 220.0 }
vertex[411]=PF_PathVertex { x: 1.25, y: 2.0, tan_in_x: 1.25, tan_in_y: 2.0, tan_out_x: 1.25, tan_out_y: 2.0 }
vertex[412]=PF_PathVertex { x: 241.0, y: 222.0, tan_in_x: 241.0, tan_in_y: 222.0, tan_out_x: 241.0, tan_out_y: 222.0 }
vertex[413]=PF_PathVertex { x: 1.1568603515625, y: 1.0, tan_in_x: 1.1568603515625, tan_in_y: 1.0, tan_out_x: 1.1568603515625, tan_out_y: 1.0 }
vertex[414]=PF_PathVertex { x: 242.0, y: 222.0, tan_in_x: 242.0, tan_in_y: 222.0, tan_out_x: 242.0, tan_out_y: 222.0 }
vertex[415]=PF_PathVertex { x: 1.25, y: 1.0, tan_in_x: 1.25, tan_in_y: 1.0, tan_out_x: 1.25, tan_out_y: 1.0 }
vertex[416]=PF_PathVertex { x: 241.0, y: 223.0, tan_in_x: 241.0, tan_in_y: 223.0, tan_out_x: 241.0, tan_out_y: 223.0 }
vertex[417]=PF_PathVertex { x: 1.0255126953125, y: 1.0, tan_in_x: 1.0255126953125, tan_in_y: 1.0, tan_out_x: 1.0255126953125, tan_out_y: 1.0 }
vertex[418]=PF_PathVertex { x: 242.0, y: 223.0, tan_in_x: 242.0, tan_in_y: 223.0, tan_out_x: 242.0, tan_out_y: 223.0 }
vertex[419]=PF_PathVertex { x: 1.2392578125, y: 1.0, tan_in_x: 1.2392578125, tan_in_y: 1.0, tan_out_x: 1.2392578125, tan_out_y: 1.0 }
vertex[420]=PF_PathVertex { x: 242.0, y: 224.0, tan_in_x: 242.0, tan_in_y: 224.0, tan_out_x: 242.0, tan_out_y: 224.0 }
vertex[421]=PF_PathVertex { x: 1.12060546875, y: 1.0, tan_in_x: 1.12060546875, tan_in_y: 1.0, tan_out_x: 1.12060546875, tan_out_y: 1.0 }
vertex[422]=PF_PathVertex { x: 243.0, y: 215.0, tan_in_x: 243.0, tan_in_y: 215.0, tan_out_x: 243.0, tan_out_y: 215.0 }
vertex[423]=PF_PathVertex { x: 7.25, y: 10.0, tan_in_x: 7.25, tan_in_y: 10.0, tan_out_x: 7.25, tan_out_y: 10.0 }
vertex[424]=PF_PathVertex { x: 250.0, y: 150.0, tan_in_x: 250.0, tan_in_y: 150.0, tan_out_x: 250.0, tan_out_y: 150.0 }
vertex[425]=PF_PathVertex { x: 50.25, y: 75.0, tan_in_x: 50.25, tan_in_y: 75.0, tan_out_x: 50.25, tan_out_y: 75.0 }
vertex[426]=PF_PathVertex { x: 242.0, y: 225.0, tan_in_x: 242.0, tan_in_y: 225.0, tan_out_x: 242.0, tan_out_y: 225.0 }
vertex[427]=PF_PathVertex { x: 1.0087890625, y: 1.0, tan_in_x: 1.0087890625, tan_in_y: 1.0, tan_out_x: 1.0087890625, tan_out_y: 1.0 }
vertex[428]=PF_PathVertex { x: 243.0, y: 225.0, tan_in_x: 243.0, tan_in_y: 225.0, tan_out_x: 243.0, tan_out_y: 225.0 }
vertex[429]=PF_PathVertex { x: 1.2196044921875, y: 1.0, tan_in_x: 1.2196044921875, tan_in_y: 1.0, tan_out_x: 1.2196044921875, tan_out_y: 1.0 }
vertex[430]=PF_PathVertex { x: 243.0, y: 226.0, tan_in_x: 243.0, tan_in_y: 226.0, tan_out_x: 243.0, tan_out_y: 226.0 }
vertex[431]=PF_PathVertex { x: 1.0853271484375, y: 1.0, tan_in_x: 1.0853271484375, tan_in_y: 1.0, tan_out_x: 1.0853271484375, tan_out_y: 1.0 }
vertex[432]=PF_PathVertex { x: 244.0, y: 225.0, tan_in_x: 244.0, tan_in_y: 225.0, tan_out_x: 244.0, tan_out_y: 225.0 }
vertex[433]=PF_PathVertex { x: 2.25, y: 2.0, tan_in_x: 2.25, tan_in_y: 2.0, tan_out_x: 2.25, tan_out_y: 2.0 }
vertex[434]=PF_PathVertex { x: 243.0, y: 227.0, tan_in_x: 243.0, tan_in_y: 227.0, tan_out_x: 243.0, tan_out_y: 227.0 }
vertex[435]=PF_PathVertex { x: 1.0009765625, y: 1.0, tan_in_x: 1.0009765625, tan_in_y: 1.0, tan_out_x: 1.0009765625, tan_out_y: 1.0 }
vertex[436]=PF_PathVertex { x: 244.0, y: 227.0, tan_in_x: 244.0, tan_in_y: 227.0, tan_out_x: 244.0, tan_out_y: 227.0 }
vertex[437]=PF_PathVertex { x: 1.192138671875, y: 1.0, tan_in_x: 1.192138671875, tan_in_y: 1.0, tan_out_x: 1.192138671875, tan_out_y: 1.0 }
vertex[438]=PF_PathVertex { x: 244.0, y: 228.0, tan_in_x: 244.0, tan_in_y: 228.0, tan_out_x: 244.0, tan_out_y: 228.0 }
vertex[439]=PF_PathVertex { x: 1.051025390625, y: 1.0, tan_in_x: 1.051025390625, tan_in_y: 1.0, tan_out_x: 1.051025390625, tan_out_y: 1.0 }
vertex[440]=PF_PathVertex { x: 245.0, y: 227.0, tan_in_x: 245.0, tan_in_y: 227.0, tan_out_x: 245.0, tan_out_y: 227.0 }
vertex[441]=PF_PathVertex { x: 1.25, y: 1.0, tan_in_x: 1.25, tan_in_y: 1.0, tan_out_x: 1.25, tan_out_y: 1.0 }
vertex[442]=PF_PathVertex { x: 245.0, y: 228.0, tan_in_x: 245.0, tan_in_y: 228.0, tan_out_x: 245.0, tan_out_y: 228.0 }
vertex[443]=PF_PathVertex { x: 1.2490234375, y: 1.0, tan_in_x: 1.2490234375, tan_in_y: 1.0, tan_out_x: 1.2490234375, tan_out_y: 1.0 }
vertex[444]=PF_PathVertex { x: 246.0, y: 225.0, tan_in_x: 246.0, tan_in_y: 225.0, tan_out_x: 246.0, tan_out_y: 225.0 }
vertex[445]=PF_PathVertex { x: 4.25, y: 4.0, tan_in_x: 4.25, tan_in_y: 4.0, tan_out_x: 4.25, tan_out_y: 4.0 }
vertex[446]=PF_PathVertex { x: 245.0, y: 229.0, tan_in_x: 245.0, tan_in_y: 229.0, tan_out_x: 245.0, tan_out_y: 229.0 }
vertex[447]=PF_PathVertex { x: 1.1568603515625, y: 1.0, tan_in_x: 1.1568603515625, tan_in_y: 1.0, tan_out_x: 1.1568603515625, tan_out_y: 1.0 }
vertex[448]=PF_PathVertex { x: 245.0, y: 230.0, tan_in_x: 245.0, tan_in_y: 230.0, tan_out_x: 245.0, tan_out_y: 230.0 }
vertex[449]=PF_PathVertex { x: 1.0255126953125, y: 1.0, tan_in_x: 1.0255126953125, tan_in_y: 1.0, tan_out_x: 1.0255126953125, tan_out_y: 1.0 }
vertex[450]=PF_PathVertex { x: 246.0, y: 229.0, tan_in_x: 246.0, tan_in_y: 229.0, tan_out_x: 246.0, tan_out_y: 229.0 }
vertex[451]=PF_PathVertex { x: 1.25, y: 1.0, tan_in_x: 1.25, tan_in_y: 1.0, tan_out_x: 1.25, tan_out_y: 1.0 }
vertex[452]=PF_PathVertex { x: 246.0, y: 230.0, tan_in_x: 246.0, tan_in_y: 230.0, tan_out_x: 246.0, tan_out_y: 230.0 }
vertex[453]=PF_PathVertex { x: 1.2392578125, y: 1.0, tan_in_x: 1.2392578125, tan_in_y: 1.0, tan_out_x: 1.2392578125, tan_out_y: 1.0 }
vertex[454]=PF_PathVertex { x: 247.0, y: 229.0, tan_in_x: 247.0, tan_in_y: 229.0, tan_out_x: 247.0, tan_out_y: 229.0 }
vertex[455]=PF_PathVertex { x: 1.25, y: 2.0, tan_in_x: 1.25, tan_in_y: 2.0, tan_out_x: 1.25, tan_out_y: 2.0 }
vertex[456]=PF_PathVertex { x: 248.0, y: 229.0, tan_in_x: 248.0, tan_in_y: 229.0, tan_out_x: 248.0, tan_out_y: 229.0 }
vertex[457]=PF_PathVertex { x: 2.25, y: 2.0, tan_in_x: 2.25, tan_in_y: 2.0, tan_out_x: 2.25, tan_out_y: 2.0 }
vertex[458]=PF_PathVertex { x: 246.0, y: 231.0, tan_in_x: 246.0, tan_in_y: 231.0, tan_out_x: 246.0, tan_out_y: 231.0 }
vertex[459]=PF_PathVertex { x: 1.12060546875, y: 1.0, tan_in_x: 1.12060546875, tan_in_y: 1.0, tan_out_x: 1.12060546875, tan_out_y: 1.0 }
vertex[460]=PF_PathVertex { x: 247.0, y: 231.0, tan_in_x: 247.0, tan_in_y: 231.0, tan_out_x: 247.0, tan_out_y: 231.0 }
vertex[461]=PF_PathVertex { x: 1.25, y: 1.0, tan_in_x: 1.25, tan_in_y: 1.0, tan_out_x: 1.25, tan_out_y: 1.0 }
vertex[462]=PF_PathVertex { x: 246.0, y: 232.0, tan_in_x: 246.0, tan_in_y: 232.0, tan_out_x: 246.0, tan_out_y: 232.0 }
vertex[463]=PF_PathVertex { x: 1.0087890625, y: 1.0, tan_in_x: 1.0087890625, tan_in_y: 1.0, tan_out_x: 1.0087890625, tan_out_y: 1.0 }
vertex[464]=PF_PathVertex { x: 247.0, y: 232.0, tan_in_x: 247.0, tan_in_y: 232.0, tan_out_x: 247.0, tan_out_y: 232.0 }
vertex[465]=PF_PathVertex { x: 1.2196044921875, y: 1.0, tan_in_x: 1.2196044921875, tan_in_y: 1.0, tan_out_x: 1.2196044921875, tan_out_y: 1.0 }
vertex[466]=PF_PathVertex { x: 247.0, y: 233.0, tan_in_x: 247.0, tan_in_y: 233.0, tan_out_x: 247.0, tan_out_y: 233.0 }
vertex[467]=PF_PathVertex { x: 1.0853271484375, y: 1.0, tan_in_x: 1.0853271484375, tan_in_y: 1.0, tan_out_x: 1.0853271484375, tan_out_y: 1.0 }
vertex[468]=PF_PathVertex { x: 248.0, y: 231.0, tan_in_x: 248.0, tan_in_y: 231.0, tan_out_x: 248.0, tan_out_y: 231.0 }
vertex[469]=PF_PathVertex { x: 2.25, y: 3.0, tan_in_x: 2.25, tan_in_y: 3.0, tan_out_x: 2.25, tan_out_y: 3.0 }
vertex[470]=PF_PathVertex { x: 247.0, y: 234.0, tan_in_x: 247.0, tan_in_y: 234.0, tan_out_x: 247.0, tan_out_y: 234.0 }
vertex[471]=PF_PathVertex { x: 1.0009765625, y: 1.0, tan_in_x: 1.0009765625, tan_in_y: 1.0, tan_out_x: 1.0009765625, tan_out_y: 1.0 }
vertex[472]=PF_PathVertex { x: 248.0, y: 234.0, tan_in_x: 248.0, tan_in_y: 234.0, tan_out_x: 248.0, tan_out_y: 234.0 }
vertex[473]=PF_PathVertex { x: 1.192138671875, y: 1.0, tan_in_x: 1.192138671875, tan_in_y: 1.0, tan_out_x: 1.192138671875, tan_out_y: 1.0 }
vertex[474]=PF_PathVertex { x: 248.0, y: 235.0, tan_in_x: 248.0, tan_in_y: 235.0, tan_out_x: 248.0, tan_out_y: 235.0 }
vertex[475]=PF_PathVertex { x: 1.051025390625, y: 1.0, tan_in_x: 1.051025390625, tan_in_y: 1.0, tan_out_x: 1.051025390625, tan_out_y: 1.0 }
vertex[476]=PF_PathVertex { x: 249.0, y: 234.0, tan_in_x: 249.0, tan_in_y: 234.0, tan_out_x: 249.0, tan_out_y: 234.0 }
vertex[477]=PF_PathVertex { x: 1.25, y: 1.0, tan_in_x: 1.25, tan_in_y: 1.0, tan_out_x: 1.25, tan_out_y: 1.0 }
vertex[478]=PF_PathVertex { x: 249.0, y: 235.0, tan_in_x: 249.0, tan_in_y: 235.0, tan_out_x: 249.0, tan_out_y: 235.0 }
vertex[479]=PF_PathVertex { x: 1.2490234375, y: 1.0, tan_in_x: 1.2490234375, tan_in_y: 1.0, tan_out_x: 1.2490234375, tan_out_y: 1.0 }
vertex[480]=PF_PathVertex { x: 249.0, y: 236.0, tan_in_x: 249.0, tan_in_y: 236.0, tan_out_x: 249.0, tan_out_y: 236.0 }
vertex[481]=PF_PathVertex { x: 1.1568603515625, y: 1.0, tan_in_x: 1.1568603515625, tan_in_y: 1.0, tan_out_x: 1.1568603515625, tan_out_y: 1.0 }
vertex[482]=PF_PathVertex { x: 249.0, y: 237.0, tan_in_x: 249.0, tan_in_y: 237.0, tan_out_x: 249.0, tan_out_y: 237.0 }
vertex[483]=PF_PathVertex { x: 1.0255126953125, y: 1.0, tan_in_x: 1.0255126953125, tan_in_y: 1.0, tan_out_x: 1.0255126953125, tan_out_y: 1.0 }
vertex[484]=PF_PathVertex { x: 250.0, y: 225.0, tan_in_x: 250.0, tan_in_y: 225.0, tan_out_x: 250.0, tan_out_y: 225.0 }
vertex[485]=PF_PathVertex { x: 12.25, y: 9.0, tan_in_x: 12.25, tan_in_y: 9.0, tan_out_x: 12.25, tan_out_y: 9.0 }
vertex[486]=PF_PathVertex { x: 250.0, y: 234.0, tan_in_x: 250.0, tan_in_y: 234.0, tan_out_x: 250.0, tan_out_y: 234.0 }
vertex[487]=PF_PathVertex { x: 3.25, y: 2.0, tan_in_x: 3.25, tan_in_y: 2.0, tan_out_x: 3.25, tan_out_y: 2.0 }
vertex[488]=PF_PathVertex { x: 250.0, y: 236.0, tan_in_x: 250.0, tan_in_y: 236.0, tan_out_x: 250.0, tan_out_y: 236.0 }
vertex[489]=PF_PathVertex { x: 1.25, y: 1.0, tan_in_x: 1.25, tan_in_y: 1.0, tan_out_x: 1.25, tan_out_y: 1.0 }
vertex[490]=PF_PathVertex { x: 250.0, y: 237.0, tan_in_x: 250.0, tan_in_y: 237.0, tan_out_x: 250.0, tan_out_y: 237.0 }
vertex[491]=PF_PathVertex { x: 1.2392578125, y: 1.0, tan_in_x: 1.2392578125, tan_in_y: 1.0, tan_out_x: 1.2392578125, tan_out_y: 1.0 }
vertex[492]=PF_PathVertex { x: 251.0, y: 236.0, tan_in_x: 251.0, tan_in_y: 236.0, tan_out_x: 251.0, tan_out_y: 236.0 }
vertex[493]=PF_PathVertex { x: 2.25, y: 2.0, tan_in_x: 2.25, tan_in_y: 2.0, tan_out_x: 2.25, tan_out_y: 2.0 }
vertex[494]=PF_PathVertex { x: 253.0, y: 234.0, tan_in_x: 253.0, tan_in_y: 234.0, tan_out_x: 253.0, tan_out_y: 234.0 }
vertex[495]=PF_PathVertex { x: 3.25, y: 4.0, tan_in_x: 3.25, tan_in_y: 4.0, tan_out_x: 3.25, tan_out_y: 4.0 }
vertex[496]=PF_PathVertex { x: 250.0, y: 238.0, tan_in_x: 250.0, tan_in_y: 238.0, tan_out_x: 250.0, tan_out_y: 238.0 }
vertex[497]=PF_PathVertex { x: 1.12060546875, y: 1.0, tan_in_x: 1.12060546875, tan_in_y: 1.0, tan_out_x: 1.12060546875, tan_out_y: 1.0 }
vertex[498]=PF_PathVertex { x: 250.0, y: 239.0, tan_in_x: 250.0, tan_in_y: 239.0, tan_out_x: 250.0, tan_out_y: 239.0 }
vertex[499]=PF_PathVertex { x: 1.0087890625, y: 1.0, tan_in_x: 1.0087890625, tan_in_y: 1.0, tan_out_x: 1.0087890625, tan_out_y: 1.0 }
vertex[500]=PF_PathVertex { x: 251.0, y: 238.0, tan_in_x: 251.0, tan_in_y: 238.0, tan_out_x: 251.0, tan_out_y: 238.0 }
vertex[501]=PF_PathVertex { x: 1.25, y: 1.0, tan_in_x: 1.25, tan_in_y: 1.0, tan_out_x: 1.25, tan_out_y: 1.0 }
vertex[502]=PF_PathVertex { x: 251.0, y: 239.0, tan_in_x: 251.0, tan_in_y: 239.0, tan_out_x: 251.0, tan_out_y: 239.0 }
vertex[503]=PF_PathVertex { x: 1.2196044921875, y: 1.0, tan_in_x: 1.2196044921875, tan_in_y: 1.0, tan_out_x: 1.2196044921875, tan_out_y: 1.0 }
vertex[504]=PF_PathVertex { x: 252.0, y: 238.0, tan_in_x: 252.0, tan_in_y: 238.0, tan_out_x: 252.0, tan_out_y: 238.0 }
vertex[505]=PF_PathVertex { x: 1.25, y: 2.0, tan_in_x: 1.25, tan_in_y: 2.0, tan_out_x: 1.25, tan_out_y: 2.0 }
vertex[506]=PF_PathVertex { x: 251.0, y: 240.0, tan_in_x: 251.0, tan_in_y: 240.0, tan_out_x: 251.0, tan_out_y: 240.0 }
vertex[507]=PF_PathVertex { x: 1.0853271484375, y: 1.0, tan_in_x: 1.0853271484375, tan_in_y: 1.0, tan_out_x: 1.0853271484375, tan_out_y: 1.0 }
vertex[508]=PF_PathVertex { x: 252.0, y: 240.0, tan_in_x: 252.0, tan_in_y: 240.0, tan_out_x: 252.0, tan_out_y: 240.0 }
vertex[509]=PF_PathVertex { x: 1.25, y: 1.0, tan_in_x: 1.25, tan_in_y: 1.0, tan_out_x: 1.25, tan_out_y: 1.0 }
vertex[510]=PF_PathVertex { x: 251.0, y: 241.0, tan_in_x: 251.0, tan_in_y: 241.0, tan_out_x: 251.0, tan_out_y: 241.0 }
vertex[511]=PF_PathVertex { x: 1.0009765625, y: 1.0, tan_in_x: 1.0009765625, tan_in_y: 1.0, tan_out_x: 1.0009765625, tan_out_y: 1.0 }
vertex[512]=PF_PathVertex { x: 252.0, y: 241.0, tan_in_x: 252.0, tan_in_y: 241.0, tan_out_x: 252.0, tan_out_y: 241.0 }
vertex[513]=PF_PathVertex { x: 1.192138671875, y: 1.0, tan_in_x: 1.192138671875, tan_in_y: 1.0, tan_out_x: 1.192138671875, tan_out_y: 1.0 }
vertex[514]=PF_PathVertex { x: 252.0, y: 242.0, tan_in_x: 252.0, tan_in_y: 242.0, tan_out_x: 252.0, tan_out_y: 242.0 }
vertex[515]=PF_PathVertex { x: 1.051025390625, y: 1.0, tan_in_x: 1.051025390625, tan_in_y: 1.0, tan_out_x: 1.051025390625, tan_out_y: 1.0 }
vertex[516]=PF_PathVertex { x: 253.0, y: 238.0, tan_in_x: 253.0, tan_in_y: 238.0, tan_out_x: 253.0, tan_out_y: 238.0 }
vertex[517]=PF_PathVertex { x: 3.25, y: 2.0, tan_in_x: 3.25, tan_in_y: 2.0, tan_out_x: 3.25, tan_out_y: 2.0 }
vertex[518]=PF_PathVertex { x: 253.0, y: 240.0, tan_in_x: 253.0, tan_in_y: 240.0, tan_out_x: 253.0, tan_out_y: 240.0 }
vertex[519]=PF_PathVertex { x: 1.25, y: 1.0, tan_in_x: 1.25, tan_in_y: 1.0, tan_out_x: 1.25, tan_out_y: 1.0 }
vertex[520]=PF_PathVertex { x: 253.0, y: 241.0, tan_in_x: 253.0, tan_in_y: 241.0, tan_out_x: 253.0, tan_out_y: 241.0 }
vertex[521]=PF_PathVertex { x: 1.25, y: 1.0, tan_in_x: 1.25, tan_in_y: 1.0, tan_out_x: 1.25, tan_out_y: 1.0 }
vertex[522]=PF_PathVertex { x: 253.0, y: 242.0, tan_in_x: 253.0, tan_in_y: 242.0, tan_out_x: 253.0, tan_out_y: 242.0 }
vertex[523]=PF_PathVertex { x: 1.2490234375, y: 1.0, tan_in_x: 1.2490234375, tan_in_y: 1.0, tan_out_x: 1.2490234375, tan_out_y: 1.0 }
vertex[524]=PF_PathVertex { x: 254.0, y: 240.0, tan_in_x: 254.0, tan_in_y: 240.0, tan_out_x: 254.0, tan_out_y: 240.0 }
vertex[525]=PF_PathVertex { x: 2.25, y: 3.0, tan_in_x: 2.25, tan_in_y: 3.0, tan_out_x: 2.25, tan_out_y: 3.0 }
vertex[526]=PF_PathVertex { x: 256.0, y: 234.0, tan_in_x: 256.0, tan_in_y: 234.0, tan_out_x: 256.0, tan_out_y: 234.0 }
vertex[527]=PF_PathVertex { x: 6.25, y: 9.0, tan_in_x: 6.25, tan_in_y: 9.0, tan_out_x: 6.25, tan_out_y: 9.0 }
vertex[528]=PF_PathVertex { x: 262.0, y: 225.0, tan_in_x: 262.0, tan_in_y: 225.0, tan_out_x: 262.0, tan_out_y: 225.0 }
vertex[529]=PF_PathVertex { x: 13.25, y: 18.0, tan_in_x: 13.25, tan_in_y: 18.0, tan_out_x: 13.25, tan_out_y: 18.0 }
vertex[530]=PF_PathVertex { x: 253.0, y: 243.0, tan_in_x: 253.0, tan_in_y: 243.0, tan_out_x: 253.0, tan_out_y: 243.0 }
vertex[531]=PF_PathVertex { x: 1.1568603515625, y: 1.0, tan_in_x: 1.1568603515625, tan_in_y: 1.0, tan_out_x: 1.1568603515625, tan_out_y: 1.0 }
vertex[532]=PF_PathVertex { x: 253.0, y: 244.0, tan_in_x: 253.0, tan_in_y: 244.0, tan_out_x: 253.0, tan_out_y: 244.0 }
vertex[533]=PF_PathVertex { x: 1.0255126953125, y: 1.0, tan_in_x: 1.0255126953125, tan_in_y: 1.0, tan_out_x: 1.0255126953125, tan_out_y: 1.0 }
vertex[534]=PF_PathVertex { x: 254.0, y: 243.0, tan_in_x: 254.0, tan_in_y: 243.0, tan_out_x: 254.0, tan_out_y: 243.0 }
vertex[535]=PF_PathVertex { x: 1.25, y: 1.0, tan_in_x: 1.25, tan_in_y: 1.0, tan_out_x: 1.25, tan_out_y: 1.0 }
vertex[536]=PF_PathVertex { x: 254.0, y: 244.0, tan_in_x: 254.0, tan_in_y: 244.0, tan_out_x: 254.0, tan_out_y: 244.0 }
vertex[537]=PF_PathVertex { x: 1.2392578125, y: 1.0, tan_in_x: 1.2392578125, tan_in_y: 1.0, tan_out_x: 1.2392578125, tan_out_y: 1.0 }
vertex[538]=PF_PathVertex { x: 255.0, y: 243.0, tan_in_x: 255.0, tan_in_y: 243.0, tan_out_x: 255.0, tan_out_y: 243.0 }
vertex[539]=PF_PathVertex { x: 1.25, y: 2.0, tan_in_x: 1.25, tan_in_y: 2.0, tan_out_x: 1.25, tan_out_y: 2.0 }
vertex[540]=PF_PathVertex { x: 254.0, y: 245.0, tan_in_x: 254.0, tan_in_y: 245.0, tan_out_x: 254.0, tan_out_y: 245.0 }
vertex[541]=PF_PathVertex { x: 1.12060546875, y: 1.0, tan_in_x: 1.12060546875, tan_in_y: 1.0, tan_out_x: 1.12060546875, tan_out_y: 1.0 }
vertex[542]=PF_PathVertex { x: 254.0, y: 246.0, tan_in_x: 254.0, tan_in_y: 246.0, tan_out_x: 254.0, tan_out_y: 246.0 }
vertex[543]=PF_PathVertex { x: 1.0087890625, y: 1.0, tan_in_x: 1.0087890625, tan_in_y: 1.0, tan_out_x: 1.0087890625, tan_out_y: 1.0 }
vertex[544]=PF_PathVertex { x: 255.0, y: 245.0, tan_in_x: 255.0, tan_in_y: 245.0, tan_out_x: 255.0, tan_out_y: 245.0 }
vertex[545]=PF_PathVertex { x: 1.25, y: 1.0, tan_in_x: 1.25, tan_in_y: 1.0, tan_out_x: 1.25, tan_out_y: 1.0 }
vertex[546]=PF_PathVertex { x: 255.0, y: 246.0, tan_in_x: 255.0, tan_in_y: 246.0, tan_out_x: 255.0, tan_out_y: 246.0 }
vertex[547]=PF_PathVertex { x: 1.2196044921875, y: 1.0, tan_in_x: 1.2196044921875, tan_in_y: 1.0, tan_out_x: 1.2196044921875, tan_out_y: 1.0 }
vertex[548]=PF_PathVertex { x: 255.0, y: 247.0, tan_in_x: 255.0, tan_in_y: 247.0, tan_out_x: 255.0, tan_out_y: 247.0 }
vertex[549]=PF_PathVertex { x: 1.0853271484375, y: 1.0, tan_in_x: 1.0853271484375, tan_in_y: 1.0, tan_out_x: 1.0853271484375, tan_out_y: 1.0 }
vertex[550]=PF_PathVertex { x: 255.0, y: 248.0, tan_in_x: 255.0, tan_in_y: 248.0, tan_out_x: 255.0, tan_out_y: 248.0 }
vertex[551]=PF_PathVertex { x: 1.0009765625, y: 1.0, tan_in_x: 1.0009765625, tan_in_y: 1.0, tan_out_x: 1.0009765625, tan_out_y: 1.0 }
vertex[552]=PF_PathVertex { x: 256.0, y: 243.0, tan_in_x: 256.0, tan_in_y: 243.0, tan_out_x: 256.0, tan_out_y: 243.0 }
vertex[553]=PF_PathVertex { x: 6.25, y: 4.0, tan_in_x: 6.25, tan_in_y: 4.0, tan_out_x: 6.25, tan_out_y: 4.0 }
vertex[554]=PF_PathVertex { x: 256.0, y: 247.0, tan_in_x: 256.0, tan_in_y: 247.0, tan_out_x: 256.0, tan_out_y: 247.0 }
vertex[555]=PF_PathVertex { x: 1.25, y: 1.0, tan_in_x: 1.25, tan_in_y: 1.0, tan_out_x: 1.25, tan_out_y: 1.0 }
vertex[556]=PF_PathVertex { x: 256.0, y: 248.0, tan_in_x: 256.0, tan_in_y: 248.0, tan_out_x: 256.0, tan_out_y: 248.0 }
vertex[557]=PF_PathVertex { x: 1.192138671875, y: 1.0, tan_in_x: 1.192138671875, tan_in_y: 1.0, tan_out_x: 1.192138671875, tan_out_y: 1.0 }
vertex[558]=PF_PathVertex { x: 257.0, y: 247.0, tan_in_x: 257.0, tan_in_y: 247.0, tan_out_x: 257.0, tan_out_y: 247.0 }
vertex[559]=PF_PathVertex { x: 2.25, y: 2.0, tan_in_x: 2.25, tan_in_y: 2.0, tan_out_x: 2.25, tan_out_y: 2.0 }
vertex[560]=PF_PathVertex { x: 256.0, y: 249.0, tan_in_x: 256.0, tan_in_y: 249.0, tan_out_x: 256.0, tan_out_y: 249.0 }
vertex[561]=PF_PathVertex { x: 1.051025390625, y: 1.0, tan_in_x: 1.051025390625, tan_in_y: 1.0, tan_out_x: 1.051025390625, tan_out_y: 1.0 }
vertex[562]=PF_PathVertex { x: 257.0, y: 249.0, tan_in_x: 257.0, tan_in_y: 249.0, tan_out_x: 257.0, tan_out_y: 249.0 }
vertex[563]=PF_PathVertex { x: 1.2490234375, y: 1.0, tan_in_x: 1.2490234375, tan_in_y: 1.0, tan_out_x: 1.2490234375, tan_out_y: 1.0 }
vertex[564]=PF_PathVertex { x: 258.0, y: 249.0, tan_in_x: 258.0, tan_in_y: 249.0, tan_out_x: 258.0, tan_out_y: 249.0 }
vertex[565]=PF_PathVertex { x: 1.25, y: 1.0, tan_in_x: 1.25, tan_in_y: 1.0, tan_out_x: 1.25, tan_out_y: 1.0 }
vertex[566]=PF_PathVertex { x: 257.0, y: 250.0, tan_in_x: 257.0, tan_in_y: 250.0, tan_out_x: 257.0, tan_out_y: 250.0 }
vertex[567]=PF_PathVertex { x: 1.1568603515625, y: 1.0, tan_in_x: 1.1568603515625, tan_in_y: 1.0, tan_out_x: 1.1568603515625, tan_out_y: 1.0 }
vertex[568]=PF_PathVertex { x: 257.0, y: 251.0, tan_in_x: 257.0, tan_in_y: 251.0, tan_out_x: 257.0, tan_out_y: 251.0 }
vertex[569]=PF_PathVertex { x: 1.0255126953125, y: 1.0, tan_in_x: 1.0255126953125, tan_in_y: 1.0, tan_out_x: 1.0255126953125, tan_out_y: 1.0 }
vertex[570]=PF_PathVertex { x: 258.0, y: 250.0, tan_in_x: 258.0, tan_in_y: 250.0, tan_out_x: 258.0, tan_out_y: 250.0 }
vertex[571]=PF_PathVertex { x: 1.25, y: 1.0, tan_in_x: 1.25, tan_in_y: 1.0, tan_out_x: 1.25, tan_out_y: 1.0 }
vertex[572]=PF_PathVertex { x: 258.0, y: 251.0, tan_in_x: 258.0, tan_in_y: 251.0, tan_out_x: 258.0, tan_out_y: 251.0 }
vertex[573]=PF_PathVertex { x: 1.2392578125, y: 1.0, tan_in_x: 1.2392578125, tan_in_y: 1.0, tan_out_x: 1.2392578125, tan_out_y: 1.0 }
vertex[574]=PF_PathVertex { x: 259.0, y: 247.0, tan_in_x: 259.0, tan_in_y: 247.0, tan_out_x: 259.0, tan_out_y: 247.0 }
vertex[575]=PF_PathVertex { x: 3.25, y: 5.0, tan_in_x: 3.25, tan_in_y: 5.0, tan_out_x: 3.25, tan_out_y: 5.0 }
vertex[576]=PF_PathVertex { x: 258.0, y: 252.0, tan_in_x: 258.0, tan_in_y: 252.0, tan_out_x: 258.0, tan_out_y: 252.0 }
vertex[577]=PF_PathVertex { x: 1.12060546875, y: 1.0, tan_in_x: 1.12060546875, tan_in_y: 1.0, tan_out_x: 1.12060546875, tan_out_y: 1.0 }
vertex[578]=PF_PathVertex { x: 258.0, y: 253.0, tan_in_x: 258.0, tan_in_y: 253.0, tan_out_x: 258.0, tan_out_y: 253.0 }
vertex[579]=PF_PathVertex { x: 1.0087890625, y: 1.0, tan_in_x: 1.0087890625, tan_in_y: 1.0, tan_out_x: 1.0087890625, tan_out_y: 1.0 }
vertex[580]=PF_PathVertex { x: 259.0, y: 252.0, tan_in_x: 259.0, tan_in_y: 252.0, tan_out_x: 259.0, tan_out_y: 252.0 }
vertex[581]=PF_PathVertex { x: 1.25, y: 1.0, tan_in_x: 1.25, tan_in_y: 1.0, tan_out_x: 1.25, tan_out_y: 1.0 }
vertex[582]=PF_PathVertex { x: 259.0, y: 253.0, tan_in_x: 259.0, tan_in_y: 253.0, tan_out_x: 259.0, tan_out_y: 253.0 }
vertex[583]=PF_PathVertex { x: 1.2196044921875, y: 1.0, tan_in_x: 1.2196044921875, tan_in_y: 1.0, tan_out_x: 1.2196044921875, tan_out_y: 1.0 }
vertex[584]=PF_PathVertex { x: 260.0, y: 252.0, tan_in_x: 260.0, tan_in_y: 252.0, tan_out_x: 260.0, tan_out_y: 252.0 }
vertex[585]=PF_PathVertex { x: 2.25, y: 2.0, tan_in_x: 2.25, tan_in_y: 2.0, tan_out_x: 2.25, tan_out_y: 2.0 }
vertex[586]=PF_PathVertex { x: 259.0, y: 254.0, tan_in_x: 259.0, tan_in_y: 254.0, tan_out_x: 259.0, tan_out_y: 254.0 }
vertex[587]=PF_PathVertex { x: 1.0853271484375, y: 1.0, tan_in_x: 1.0853271484375, tan_in_y: 1.0, tan_out_x: 1.0853271484375, tan_out_y: 1.0 }
vertex[588]=PF_PathVertex { x: 259.0, y: 255.0, tan_in_x: 259.0, tan_in_y: 255.0, tan_out_x: 259.0, tan_out_y: 255.0 }
vertex[589]=PF_PathVertex { x: 1.0009765625, y: 1.0, tan_in_x: 1.0009765625, tan_in_y: 1.0, tan_out_x: 1.0009765625, tan_out_y: 1.0 }
vertex[590]=PF_PathVertex { x: 260.0, y: 254.0, tan_in_x: 260.0, tan_in_y: 254.0, tan_out_x: 260.0, tan_out_y: 254.0 }
vertex[591]=PF_PathVertex { x: 2.25, y: 1.0, tan_in_x: 2.25, tan_in_y: 1.0, tan_out_x: 2.25, tan_out_y: 1.0 }
vertex[592]=PF_PathVertex { x: 260.0, y: 255.0, tan_in_x: 260.0, tan_in_y: 255.0, tan_out_x: 260.0, tan_out_y: 255.0 }
vertex[593]=PF_PathVertex { x: 1.192138671875, y: 1.0, tan_in_x: 1.192138671875, tan_in_y: 1.0, tan_out_x: 1.192138671875, tan_out_y: 1.0 }
vertex[594]=PF_PathVertex { x: 260.0, y: 256.0, tan_in_x: 260.0, tan_in_y: 256.0, tan_out_x: 260.0, tan_out_y: 256.0 }
vertex[595]=PF_PathVertex { x: 1.051025390625, y: 1.0, tan_in_x: 1.051025390625, tan_in_y: 1.0, tan_out_x: 1.051025390625, tan_out_y: 1.0 }
vertex[596]=PF_PathVertex { x: 261.0, y: 255.0, tan_in_x: 261.0, tan_in_y: 255.0, tan_out_x: 261.0, tan_out_y: 255.0 }
vertex[597]=PF_PathVertex { x: 1.25, y: 1.0, tan_in_x: 1.25, tan_in_y: 1.0, tan_out_x: 1.25, tan_out_y: 1.0 }
vertex[598]=PF_PathVertex { x: 261.0, y: 256.0, tan_in_x: 261.0, tan_in_y: 256.0, tan_out_x: 261.0, tan_out_y: 256.0 }
vertex[599]=PF_PathVertex { x: 1.2490234375, y: 1.0, tan_in_x: 1.2490234375, tan_in_y: 1.0, tan_out_x: 1.2490234375, tan_out_y: 1.0 }
vertex[600]=PF_PathVertex { x: 261.0, y: 257.0, tan_in_x: 261.0, tan_in_y: 257.0, tan_out_x: 261.0, tan_out_y: 257.0 }
vertex[601]=PF_PathVertex { x: 1.1568603515625, y: 1.0, tan_in_x: 1.1568603515625, tan_in_y: 1.0, tan_out_x: 1.1568603515625, tan_out_y: 1.0 }
vertex[602]=PF_PathVertex { x: 261.0, y: 258.0, tan_in_x: 261.0, tan_in_y: 258.0, tan_out_x: 261.0, tan_out_y: 258.0 }
vertex[603]=PF_PathVertex { x: 1.0255126953125, y: 1.0, tan_in_x: 1.0255126953125, tan_in_y: 1.0, tan_out_x: 1.0255126953125, tan_out_y: 1.0 }
vertex[604]=PF_PathVertex { x: 262.0, y: 243.0, tan_in_x: 262.0, tan_in_y: 243.0, tan_out_x: 262.0, tan_out_y: 243.0 }
vertex[605]=PF_PathVertex { x: 13.25, y: 9.0, tan_in_x: 13.25, tan_in_y: 9.0, tan_out_x: 13.25, tan_out_y: 9.0 }
vertex[606]=PF_PathVertex { x: 262.0, y: 252.0, tan_in_x: 262.0, tan_in_y: 252.0, tan_out_x: 262.0, tan_out_y: 252.0 }
vertex[607]=PF_PathVertex { x: 6.25, y: 5.0, tan_in_x: 6.25, tan_in_y: 5.0, tan_out_x: 6.25, tan_out_y: 5.0 }
vertex[608]=PF_PathVertex { x: 262.0, y: 257.0, tan_in_x: 262.0, tan_in_y: 257.0, tan_out_x: 262.0, tan_out_y: 257.0 }
vertex[609]=PF_PathVertex { x: 1.25, y: 1.0, tan_in_x: 1.25, tan_in_y: 1.0, tan_out_x: 1.25, tan_out_y: 1.0 }
vertex[610]=PF_PathVertex { x: 262.0, y: 258.0, tan_in_x: 262.0, tan_in_y: 258.0, tan_out_x: 262.0, tan_out_y: 258.0 }
vertex[611]=PF_PathVertex { x: 1.2392578125, y: 1.0, tan_in_x: 1.2392578125, tan_in_y: 1.0, tan_out_x: 1.2392578125, tan_out_y: 1.0 }
vertex[612]=PF_PathVertex { x: 263.0, y: 257.0, tan_in_x: 263.0, tan_in_y: 257.0, tan_out_x: 263.0, tan_out_y: 257.0 }
vertex[613]=PF_PathVertex { x: 2.25, y: 2.0, tan_in_x: 2.25, tan_in_y: 2.0, tan_out_x: 2.25, tan_out_y: 2.0 }
vertex[614]=PF_PathVertex { x: 262.0, y: 259.0, tan_in_x: 262.0, tan_in_y: 259.0, tan_out_x: 262.0, tan_out_y: 259.0 }
vertex[615]=PF_PathVertex { x: 1.12060546875, y: 1.0, tan_in_x: 1.12060546875, tan_in_y: 1.0, tan_out_x: 1.12060546875, tan_out_y: 1.0 }
vertex[616]=PF_PathVertex { x: 262.0, y: 260.0, tan_in_x: 262.0, tan_in_y: 260.0, tan_out_x: 262.0, tan_out_y: 260.0 }
vertex[617]=PF_PathVertex { x: 1.0087890625, y: 1.0, tan_in_x: 1.0087890625, tan_in_y: 1.0, tan_out_x: 1.0087890625, tan_out_y: 1.0 }
vertex[618]=PF_PathVertex { x: 263.0, y: 259.0, tan_in_x: 263.0, tan_in_y: 259.0, tan_out_x: 263.0, tan_out_y: 259.0 }
vertex[619]=PF_PathVertex { x: 2.25, y: 1.0, tan_in_x: 2.25, tan_in_y: 1.0, tan_out_x: 2.25, tan_out_y: 1.0 }
vertex[620]=PF_PathVertex { x: 263.0, y: 260.0, tan_in_x: 263.0, tan_in_y: 260.0, tan_out_x: 263.0, tan_out_y: 260.0 }
vertex[621]=PF_PathVertex { x: 1.2196044921875, y: 1.0, tan_in_x: 1.2196044921875, tan_in_y: 1.0, tan_out_x: 1.2196044921875, tan_out_y: 1.0 }
vertex[622]=PF_PathVertex { x: 263.0, y: 261.0, tan_in_x: 263.0, tan_in_y: 261.0, tan_out_x: 263.0, tan_out_y: 261.0 }
vertex[623]=PF_PathVertex { x: 1.0853271484375, y: 1.0, tan_in_x: 1.0853271484375, tan_in_y: 1.0, tan_out_x: 1.0853271484375, tan_out_y: 1.0 }
vertex[624]=PF_PathVertex { x: 264.0, y: 260.0, tan_in_x: 264.0, tan_in_y: 260.0, tan_out_x: 264.0, tan_out_y: 260.0 }
vertex[625]=PF_PathVertex { x: 1.25, y: 2.0, tan_in_x: 1.25, tan_in_y: 2.0, tan_out_x: 1.25, tan_out_y: 2.0 }
vertex[626]=PF_PathVertex { x: 265.0, y: 257.0, tan_in_x: 265.0, tan_in_y: 257.0, tan_out_x: 265.0, tan_out_y: 257.0 }
vertex[627]=PF_PathVertex { x: 3.25, y: 5.0, tan_in_x: 3.25, tan_in_y: 5.0, tan_out_x: 3.25, tan_out_y: 5.0 }
vertex[628]=PF_PathVertex { x: 268.0, y: 252.0, tan_in_x: 268.0, tan_in_y: 252.0, tan_out_x: 268.0, tan_out_y: 252.0 }
vertex[629]=PF_PathVertex { x: 7.25, y: 10.0, tan_in_x: 7.25, tan_in_y: 10.0, tan_out_x: 7.25, tan_out_y: 10.0 }
vertex[630]=PF_PathVertex { x: 275.0, y: 225.0, tan_in_x: 275.0, tan_in_y: 225.0, tan_out_x: 275.0, tan_out_y: 225.0 }
vertex[631]=PF_PathVertex { x: 25.25, y: 37.0, tan_in_x: 25.25, tan_in_y: 37.0, tan_out_x: 25.25, tan_out_y: 37.0 }
vertex[632]=PF_PathVertex { x: 263.0, y: 262.0, tan_in_x: 263.0, tan_in_y: 262.0, tan_out_x: 263.0, tan_out_y: 262.0 }
vertex[633]=PF_PathVertex { x: 1.0009765625, y: 1.0, tan_in_x: 1.0009765625, tan_in_y: 1.0, tan_out_x: 1.0009765625, tan_out_y: 1.0 }
vertex[634]=PF_PathVertex { x: 264.0, y: 262.0, tan_in_x: 264.0, tan_in_y: 262.0, tan_out_x: 264.0, tan_out_y: 262.0 }
vertex[635]=PF_PathVertex { x: 1.192138671875, y: 1.0, tan_in_x: 1.192138671875, tan_in_y: 1.0, tan_out_x: 1.192138671875, tan_out_y: 1.0 }
vertex[636]=PF_PathVertex { x: 264.0, y: 263.0, tan_in_x: 264.0, tan_in_y: 263.0, tan_out_x: 264.0, tan_out_y: 263.0 }
vertex[637]=PF_PathVertex { x: 1.051025390625, y: 1.0, tan_in_x: 1.051025390625, tan_in_y: 1.0, tan_out_x: 1.051025390625, tan_out_y: 1.0 }
vertex[638]=PF_PathVertex { x: 265.0, y: 262.0, tan_in_x: 265.0, tan_in_y: 262.0, tan_out_x: 265.0, tan_out_y: 262.0 }
vertex[639]=PF_PathVertex { x: 1.25, y: 1.0, tan_in_x: 1.25, tan_in_y: 1.0, tan_out_x: 1.25, tan_out_y: 1.0 }
vertex[640]=PF_PathVertex { x: 265.0, y: 263.0, tan_in_x: 265.0, tan_in_y: 263.0, tan_out_x: 265.0, tan_out_y: 263.0 }
vertex[641]=PF_PathVertex { x: 1.2490234375, y: 1.0, tan_in_x: 1.2490234375, tan_in_y: 1.0, tan_out_x: 1.2490234375, tan_out_y: 1.0 }
vertex[642]=PF_PathVertex { x: 266.0, y: 262.0, tan_in_x: 266.0, tan_in_y: 262.0, tan_out_x: 266.0, tan_out_y: 262.0 }
vertex[643]=PF_PathVertex { x: 2.25, y: 2.0, tan_in_x: 2.25, tan_in_y: 2.0, tan_out_x: 2.25, tan_out_y: 2.0 }
vertex[644]=PF_PathVertex { x: 265.0, y: 264.0, tan_in_x: 265.0, tan_in_y: 264.0, tan_out_x: 265.0, tan_out_y: 264.0 }
vertex[645]=PF_PathVertex { x: 1.1568603515625, y: 1.0, tan_in_x: 1.1568603515625, tan_in_y: 1.0, tan_out_x: 1.1568603515625, tan_out_y: 1.0 }
vertex[646]=PF_PathVertex { x: 265.0, y: 265.0, tan_in_x: 265.0, tan_in_y: 265.0, tan_out_x: 265.0, tan_out_y: 265.0 }
vertex[647]=PF_PathVertex { x: 1.0255126953125, y: 1.0, tan_in_x: 1.0255126953125, tan_in_y: 1.0, tan_out_x: 1.0255126953125, tan_out_y: 1.0 }
vertex[648]=PF_PathVertex { x: 266.0, y: 264.0, tan_in_x: 266.0, tan_in_y: 264.0, tan_out_x: 266.0, tan_out_y: 264.0 }
vertex[649]=PF_PathVertex { x: 1.25, y: 1.0, tan_in_x: 1.25, tan_in_y: 1.0, tan_out_x: 1.25, tan_out_y: 1.0 }
vertex[650]=PF_PathVertex { x: 266.0, y: 265.0, tan_in_x: 266.0, tan_in_y: 265.0, tan_out_x: 266.0, tan_out_y: 265.0 }
vertex[651]=PF_PathVertex { x: 1.2392578125, y: 1.0, tan_in_x: 1.2392578125, tan_in_y: 1.0, tan_out_x: 1.2392578125, tan_out_y: 1.0 }
vertex[652]=PF_PathVertex { x: 267.0, y: 264.0, tan_in_x: 267.0, tan_in_y: 264.0, tan_out_x: 267.0, tan_out_y: 264.0 }
vertex[653]=PF_PathVertex { x: 1.25, y: 2.0, tan_in_x: 1.25, tan_in_y: 2.0, tan_out_x: 1.25, tan_out_y: 2.0 }
vertex[654]=PF_PathVertex { x: 266.0, y: 266.0, tan_in_x: 266.0, tan_in_y: 266.0, tan_out_x: 266.0, tan_out_y: 266.0 }
vertex[655]=PF_PathVertex { x: 1.12060546875, y: 1.0, tan_in_x: 1.12060546875, tan_in_y: 1.0, tan_out_x: 1.12060546875, tan_out_y: 1.0 }
vertex[656]=PF_PathVertex { x: 266.0, y: 267.0, tan_in_x: 266.0, tan_in_y: 267.0, tan_out_x: 266.0, tan_out_y: 267.0 }
vertex[657]=PF_PathVertex { x: 1.0087890625, y: 1.0, tan_in_x: 1.0087890625, tan_in_y: 1.0, tan_out_x: 1.0087890625, tan_out_y: 1.0 }
vertex[658]=PF_PathVertex { x: 267.0, y: 266.0, tan_in_x: 267.0, tan_in_y: 266.0, tan_out_x: 267.0, tan_out_y: 266.0 }
vertex[659]=PF_PathVertex { x: 1.25, y: 1.0, tan_in_x: 1.25, tan_in_y: 1.0, tan_out_x: 1.25, tan_out_y: 1.0 }
vertex[660]=PF_PathVertex { x: 267.0, y: 267.0, tan_in_x: 267.0, tan_in_y: 267.0, tan_out_x: 267.0, tan_out_y: 267.0 }
vertex[661]=PF_PathVertex { x: 1.2196044921875, y: 1.0, tan_in_x: 1.2196044921875, tan_in_y: 1.0, tan_out_x: 1.2196044921875, tan_out_y: 1.0 }
vertex[662]=PF_PathVertex { x: 267.0, y: 268.0, tan_in_x: 267.0, tan_in_y: 268.0, tan_out_x: 267.0, tan_out_y: 268.0 }
vertex[663]=PF_PathVertex { x: 1.0853271484375, y: 1.0, tan_in_x: 1.0853271484375, tan_in_y: 1.0, tan_out_x: 1.0853271484375, tan_out_y: 1.0 }
vertex[664]=PF_PathVertex { x: 267.0, y: 269.0, tan_in_x: 267.0, tan_in_y: 269.0, tan_out_x: 267.0, tan_out_y: 269.0 }
vertex[665]=PF_PathVertex { x: 1.0009765625, y: 1.0, tan_in_x: 1.0009765625, tan_in_y: 1.0, tan_out_x: 1.0009765625, tan_out_y: 1.0 }
vertex[666]=PF_PathVertex { x: 268.0, y: 262.0, tan_in_x: 268.0, tan_in_y: 262.0, tan_out_x: 268.0, tan_out_y: 262.0 }
vertex[667]=PF_PathVertex { x: 7.25, y: 4.0, tan_in_x: 7.25, tan_in_y: 4.0, tan_out_x: 7.25, tan_out_y: 4.0 }
vertex[668]=PF_PathVertex { x: 268.0, y: 266.0, tan_in_x: 268.0, tan_in_y: 266.0, tan_out_x: 268.0, tan_out_y: 266.0 }
vertex[669]=PF_PathVertex { x: 3.25, y: 2.0, tan_in_x: 3.25, tan_in_y: 2.0, tan_out_x: 3.25, tan_out_y: 2.0 }
vertex[670]=PF_PathVertex { x: 268.0, y: 268.0, tan_in_x: 268.0, tan_in_y: 268.0, tan_out_x: 268.0, tan_out_y: 268.0 }
vertex[671]=PF_PathVertex { x: 1.25, y: 1.0, tan_in_x: 1.25, tan_in_y: 1.0, tan_out_x: 1.25, tan_out_y: 1.0 }
vertex[672]=PF_PathVertex { x: 268.0, y: 269.0, tan_in_x: 268.0, tan_in_y: 269.0, tan_out_x: 268.0, tan_out_y: 269.0 }
vertex[673]=PF_PathVertex { x: 1.192138671875, y: 1.0, tan_in_x: 1.192138671875, tan_in_y: 1.0, tan_out_x: 1.192138671875, tan_out_y: 1.0 }
vertex[674]=PF_PathVertex { x: 268.0, y: 270.0, tan_in_x: 268.0, tan_in_y: 270.0, tan_out_x: 268.0, tan_out_y: 270.0 }
vertex[675]=PF_PathVertex { x: 1.051025390625, y: 1.0, tan_in_x: 1.051025390625, tan_in_y: 1.0, tan_out_x: 1.051025390625, tan_out_y: 1.0 }
vertex[676]=PF_PathVertex { x: 269.0, y: 268.0, tan_in_x: 269.0, tan_in_y: 268.0, tan_out_x: 269.0, tan_out_y: 268.0 }
vertex[677]=PF_PathVertex { x: 2.25, y: 1.0, tan_in_x: 2.25, tan_in_y: 1.0, tan_out_x: 2.25, tan_out_y: 1.0 }
vertex[678]=PF_PathVertex { x: 269.0, y: 269.0, tan_in_x: 269.0, tan_in_y: 269.0, tan_out_x: 269.0, tan_out_y: 269.0 }
vertex[679]=PF_PathVertex { x: 1.25, y: 1.0, tan_in_x: 1.25, tan_in_y: 1.0, tan_out_x: 1.25, tan_out_y: 1.0 }
vertex[680]=PF_PathVertex { x: 269.0, y: 270.0, tan_in_x: 269.0, tan_in_y: 270.0, tan_out_x: 269.0, tan_out_y: 270.0 }
vertex[681]=PF_PathVertex { x: 1.2490234375, y: 1.0, tan_in_x: 1.2490234375, tan_in_y: 1.0, tan_out_x: 1.2490234375, tan_out_y: 1.0 }
vertex[682]=PF_PathVertex { x: 270.0, y: 269.0, tan_in_x: 270.0, tan_in_y: 269.0, tan_out_x: 270.0, tan_out_y: 269.0 }
vertex[683]=PF_PathVertex { x: 1.25, y: 2.0, tan_in_x: 1.25, tan_in_y: 2.0, tan_out_x: 1.25, tan_out_y: 2.0 }
vertex[684]=PF_PathVertex { x: 271.0, y: 266.0, tan_in_x: 271.0, tan_in_y: 266.0, tan_out_x: 271.0, tan_out_y: 266.0 }
vertex[685]=PF_PathVertex { x: 4.25, y: 5.0, tan_in_x: 4.25, tan_in_y: 5.0, tan_out_x: 4.25, tan_out_y: 5.0 }
vertex[686]=PF_PathVertex { x: 269.0, y: 271.0, tan_in_x: 269.0, tan_in_y: 271.0, tan_out_x: 269.0, tan_out_y: 271.0 }
vertex[687]=PF_PathVertex { x: 1.1568603515625, y: 1.0, tan_in_x: 1.1568603515625, tan_in_y: 1.0, tan_out_x: 1.1568603515625, tan_out_y: 1.0 }
vertex[688]=PF_PathVertex { x: 269.0, y: 272.0, tan_in_x: 269.0, tan_in_y: 272.0, tan_out_x: 269.0, tan_out_y: 272.0 }
vertex[689]=PF_PathVertex { x: 1.0255126953125, y: 1.0, tan_in_x: 1.0255126953125, tan_in_y: 1.0, tan_out_x: 1.0255126953125, tan_out_y: 1.0 }
vertex[690]=PF_PathVertex { x: 270.0, y: 271.0, tan_in_x: 270.0, tan_in_y: 271.0, tan_out_x: 270.0, tan_out_y: 271.0 }
vertex[691]=PF_PathVertex { x: 1.25, y: 1.0, tan_in_x: 1.25, tan_in_y: 1.0, tan_out_x: 1.25, tan_out_y: 1.0 }
vertex[692]=PF_PathVertex { x: 270.0, y: 272.0, tan_in_x: 270.0, tan_in_y: 272.0, tan_out_x: 270.0, tan_out_y: 272.0 }
vertex[693]=PF_PathVertex { x: 1.2392578125, y: 1.0, tan_in_x: 1.2392578125, tan_in_y: 1.0, tan_out_x: 1.2392578125, tan_out_y: 1.0 }
vertex[694]=PF_PathVertex { x: 270.0, y: 273.0, tan_in_x: 270.0, tan_in_y: 273.0, tan_out_x: 270.0, tan_out_y: 273.0 }
vertex[695]=PF_PathVertex { x: 1.12060546875, y: 1.0, tan_in_x: 1.12060546875, tan_in_y: 1.0, tan_out_x: 1.12060546875, tan_out_y: 1.0 }
vertex[696]=PF_PathVertex { x: 270.0, y: 274.0, tan_in_x: 270.0, tan_in_y: 274.0, tan_out_x: 270.0, tan_out_y: 274.0 }
vertex[697]=PF_PathVertex { x: 1.0087890625, y: 1.0, tan_in_x: 1.0087890625, tan_in_y: 1.0, tan_out_x: 1.0087890625, tan_out_y: 1.0 }
vertex[698]=PF_PathVertex { x: 271.0, y: 271.0, tan_in_x: 271.0, tan_in_y: 271.0, tan_out_x: 271.0, tan_out_y: 271.0 }
vertex[699]=PF_PathVertex { x: 4.25, y: 2.0, tan_in_x: 4.25, tan_in_y: 2.0, tan_out_x: 4.25, tan_out_y: 2.0 }
vertex[700]=PF_PathVertex { x: 271.0, y: 273.0, tan_in_x: 271.0, tan_in_y: 273.0, tan_out_x: 271.0, tan_out_y: 273.0 }
vertex[701]=PF_PathVertex { x: 2.25, y: 1.0, tan_in_x: 2.25, tan_in_y: 1.0, tan_out_x: 2.25, tan_out_y: 1.0 }
vertex[702]=PF_PathVertex { x: 271.0, y: 274.0, tan_in_x: 271.0, tan_in_y: 274.0, tan_out_x: 271.0, tan_out_y: 274.0 }
vertex[703]=PF_PathVertex { x: 1.2196044921875, y: 1.0, tan_in_x: 1.2196044921875, tan_in_y: 1.0, tan_out_x: 1.2196044921875, tan_out_y: 1.0 }
vertex[704]=PF_PathVertex { x: 271.0, y: 275.0, tan_in_x: 271.0, tan_in_y: 275.0, tan_out_x: 271.0, tan_out_y: 275.0 }
vertex[705]=PF_PathVertex { x: 1.0853271484375, y: 1.0, tan_in_x: 1.0853271484375, tan_in_y: 1.0, tan_out_x: 1.0853271484375, tan_out_y: 1.0 }
vertex[706]=PF_PathVertex { x: 272.0, y: 274.0, tan_in_x: 272.0, tan_in_y: 274.0, tan_out_x: 272.0, tan_out_y: 274.0 }
vertex[707]=PF_PathVertex { x: 1.25, y: 2.0, tan_in_x: 1.25, tan_in_y: 2.0, tan_out_x: 1.25, tan_out_y: 2.0 }
vertex[708]=PF_PathVertex { x: 273.0, y: 273.0, tan_in_x: 273.0, tan_in_y: 273.0, tan_out_x: 273.0, tan_out_y: 273.0 }
vertex[709]=PF_PathVertex { x: 2.25, y: 3.0, tan_in_x: 2.25, tan_in_y: 3.0, tan_out_x: 2.25, tan_out_y: 3.0 }
vertex[710]=PF_PathVertex { x: 271.0, y: 276.0, tan_in_x: 271.0, tan_in_y: 276.0, tan_out_x: 271.0, tan_out_y: 276.0 }
vertex[711]=PF_PathVertex { x: 1.0009765625, y: 1.0, tan_in_x: 1.0009765625, tan_in_y: 1.0, tan_out_x: 1.0009765625, tan_out_y: 1.0 }
vertex[712]=PF_PathVertex { x: 272.0, y: 276.0, tan_in_x: 272.0, tan_in_y: 276.0, tan_out_x: 272.0, tan_out_y: 276.0 }
vertex[713]=PF_PathVertex { x: 1.192138671875, y: 1.0, tan_in_x: 1.192138671875, tan_in_y: 1.0, tan_out_x: 1.192138671875, tan_out_y: 1.0 }
vertex[714]=PF_PathVertex { x: 272.0, y: 277.0, tan_in_x: 272.0, tan_in_y: 277.0, tan_out_x: 272.0, tan_out_y: 277.0 }
vertex[715]=PF_PathVertex { x: 1.051025390625, y: 1.0, tan_in_x: 1.051025390625, tan_in_y: 1.0, tan_out_x: 1.051025390625, tan_out_y: 1.0 }
vertex[716]=PF_PathVertex { x: 273.0, y: 276.0, tan_in_x: 273.0, tan_in_y: 276.0, tan_out_x: 273.0, tan_out_y: 276.0 }
vertex[717]=PF_PathVertex { x: 1.25, y: 1.0, tan_in_x: 1.25, tan_in_y: 1.0, tan_out_x: 1.25, tan_out_y: 1.0 }
vertex[718]=PF_PathVertex { x: 273.0, y: 277.0, tan_in_x: 273.0, tan_in_y: 277.0, tan_out_x: 273.0, tan_out_y: 277.0 }
vertex[719]=PF_PathVertex { x: 1.2490234375, y: 1.0, tan_in_x: 1.2490234375, tan_in_y: 1.0, tan_out_x: 1.2490234375, tan_out_y: 1.0 }
vertex[720]=PF_PathVertex { x: 274.0, y: 276.0, tan_in_x: 274.0, tan_in_y: 276.0, tan_out_x: 274.0, tan_out_y: 276.0 }
vertex[721]=PF_PathVertex { x: 1.25, y: 2.0, tan_in_x: 1.25, tan_in_y: 2.0, tan_out_x: 1.25, tan_out_y: 2.0 }
vertex[722]=PF_PathVertex { x: 273.0, y: 278.0, tan_in_x: 273.0, tan_in_y: 278.0, tan_out_x: 273.0, tan_out_y: 278.0 }
vertex[723]=PF_PathVertex { x: 1.1568603515625, y: 1.0, tan_in_x: 1.1568603515625, tan_in_y: 1.0, tan_out_x: 1.1568603515625, tan_out_y: 1.0 }
vertex[724]=PF_PathVertex { x: 274.0, y: 278.0, tan_in_x: 274.0, tan_in_y: 278.0, tan_out_x: 274.0, tan_out_y: 278.0 }
vertex[725]=PF_PathVertex { x: 1.25, y: 1.0, tan_in_x: 1.25, tan_in_y: 1.0, tan_out_x: 1.25, tan_out_y: 1.0 }
vertex[726]=PF_PathVertex { x: 273.0, y: 279.0, tan_in_x: 273.0, tan_in_y: 279.0, tan_out_x: 273.0, tan_out_y: 279.0 }
vertex[727]=PF_PathVertex { x: 1.0255126953125, y: 1.0, tan_in_x: 1.0255126953125, tan_in_y: 1.0, tan_out_x: 1.0255126953125, tan_out_y: 1.0 }
vertex[728]=PF_PathVertex { x: 274.0, y: 279.0, tan_in_x: 274.0, tan_in_y: 279.0, tan_out_x: 274.0, tan_out_y: 279.0 }
vertex[729]=PF_PathVertex { x: 1.2392578125, y: 1.0, tan_in_x: 1.2392578125, tan_in_y: 1.0, tan_out_x: 1.2392578125, tan_out_y: 1.0 }
vertex[730]=PF_PathVertex { x: 274.0, y: 280.0, tan_in_x: 274.0, tan_in_y: 280.0, tan_out_x: 274.0, tan_out_y: 280.0 }
vertex[731]=PF_PathVertex { x: 1.12060546875, y: 1.0, tan_in_x: 1.12060546875, tan_in_y: 1.0, tan_out_x: 1.12060546875, tan_out_y: 1.0 }
vertex[732]=PF_PathVertex { x: 274.0, y: 281.0, tan_in_x: 274.0, tan_in_y: 281.0, tan_out_x: 274.0, tan_out_y: 281.0 }
vertex[733]=PF_PathVertex { x: 1.0087890625, y: 1.0, tan_in_x: 1.0087890625, tan_in_y: 1.0, tan_out_x: 1.0087890625, tan_out_y: 1.0 }
vertex[734]=PF_PathVertex { x: 275.0, y: 262.0, tan_in_x: 275.0, tan_in_y: 262.0, tan_out_x: 275.0, tan_out_y: 262.0 }
vertex[735]=PF_PathVertex { x: 25.25, y: 19.0, tan_in_x: 25.25, tan_in_y: 19.0, tan_out_x: 25.25, tan_out_y: 19.0 }
vertex[736]=PF_PathVertex { x: 275.0, y: 281.0, tan_in_x: 275.0, tan_in_y: 281.0, tan_out_x: 275.0, tan_out_y: 281.0 }
vertex[737]=PF_PathVertex { x: 1.2196044921875, y: 1.0, tan_in_x: 1.2196044921875, tan_in_y: 1.0, tan_out_x: 1.2196044921875, tan_out_y: 1.0 }
vertex[738]=PF_PathVertex { x: 275.0, y: 282.0, tan_in_x: 275.0, tan_in_y: 282.0, tan_out_x: 275.0, tan_out_y: 282.0 }
vertex[739]=PF_PathVertex { x: 1.0853271484375, y: 1.0, tan_in_x: 1.0853271484375, tan_in_y: 1.0, tan_out_x: 1.0853271484375, tan_out_y: 1.0 }
vertex[740]=PF_PathVertex { x: 276.0, y: 281.0, tan_in_x: 276.0, tan_in_y: 281.0, tan_out_x: 276.0, tan_out_y: 281.0 }
vertex[741]=PF_PathVertex { x: 2.25, y: 2.0, tan_in_x: 2.25, tan_in_y: 2.0, tan_out_x: 2.25, tan_out_y: 2.0 }
vertex[742]=PF_PathVertex { x: 275.0, y: 283.0, tan_in_x: 275.0, tan_in_y: 283.0, tan_out_x: 275.0, tan_out_y: 283.0 }
vertex[743]=PF_PathVertex { x: 1.0009765625, y: 1.0, tan_in_x: 1.0009765625, tan_in_y: 1.0, tan_out_x: 1.0009765625, tan_out_y: 1.0 }
vertex[744]=PF_PathVertex { x: 276.0, y: 283.0, tan_in_x: 276.0, tan_in_y: 283.0, tan_out_x: 276.0, tan_out_y: 283.0 }
vertex[745]=PF_PathVertex { x: 1.192138671875, y: 1.0, tan_in_x: 1.192138671875, tan_in_y: 1.0, tan_out_x: 1.192138671875, tan_out_y: 1.0 }
vertex[746]=PF_PathVertex { x: 276.0, y: 284.0, tan_in_x: 276.0, tan_in_y: 284.0, tan_out_x: 276.0, tan_out_y: 284.0 }
vertex[747]=PF_PathVertex { x: 1.051025390625, y: 1.0, tan_in_x: 1.051025390625, tan_in_y: 1.0, tan_out_x: 1.051025390625, tan_out_y: 1.0 }
vertex[748]=PF_PathVertex { x: 277.0, y: 283.0, tan_in_x: 277.0, tan_in_y: 283.0, tan_out_x: 277.0, tan_out_y: 283.0 }
vertex[749]=PF_PathVertex { x: 1.25, y: 1.0, tan_in_x: 1.25, tan_in_y: 1.0, tan_out_x: 1.25, tan_out_y: 1.0 }
vertex[750]=PF_PathVertex { x: 277.0, y: 284.0, tan_in_x: 277.0, tan_in_y: 284.0, tan_out_x: 277.0, tan_out_y: 284.0 }
vertex[751]=PF_PathVertex { x: 1.2490234375, y: 1.0, tan_in_x: 1.2490234375, tan_in_y: 1.0, tan_out_x: 1.2490234375, tan_out_y: 1.0 }
vertex[752]=PF_PathVertex { x: 278.0, y: 281.0, tan_in_x: 278.0, tan_in_y: 281.0, tan_out_x: 278.0, tan_out_y: 281.0 }
vertex[753]=PF_PathVertex { x: 3.25, y: 4.0, tan_in_x: 3.25, tan_in_y: 4.0, tan_out_x: 3.25, tan_out_y: 4.0 }
vertex[754]=PF_PathVertex { x: 277.0, y: 285.0, tan_in_x: 277.0, tan_in_y: 285.0, tan_out_x: 277.0, tan_out_y: 285.0 }
vertex[755]=PF_PathVertex { x: 1.1568603515625, y: 1.0, tan_in_x: 1.1568603515625, tan_in_y: 1.0, tan_out_x: 1.1568603515625, tan_out_y: 1.0 }
vertex[756]=PF_PathVertex { x: 277.0, y: 286.0, tan_in_x: 277.0, tan_in_y: 286.0, tan_out_x: 277.0, tan_out_y: 286.0 }
vertex[757]=PF_PathVertex { x: 1.0255126953125, y: 1.0, tan_in_x: 1.0255126953125, tan_in_y: 1.0, tan_out_x: 1.0255126953125, tan_out_y: 1.0 }
vertex[758]=PF_PathVertex { x: 278.0, y: 285.0, tan_in_x: 278.0, tan_in_y: 285.0, tan_out_x: 278.0, tan_out_y: 285.0 }
vertex[759]=PF_PathVertex { x: 1.25, y: 1.0, tan_in_x: 1.25, tan_in_y: 1.0, tan_out_x: 1.25, tan_out_y: 1.0 }
vertex[760]=PF_PathVertex { x: 278.0, y: 286.0, tan_in_x: 278.0, tan_in_y: 286.0, tan_out_x: 278.0, tan_out_y: 286.0 }
vertex[761]=PF_PathVertex { x: 1.2392578125, y: 1.0, tan_in_x: 1.2392578125, tan_in_y: 1.0, tan_out_x: 1.2392578125, tan_out_y: 1.0 }
vertex[762]=PF_PathVertex { x: 279.0, y: 285.0, tan_in_x: 279.0, tan_in_y: 285.0, tan_out_x: 279.0, tan_out_y: 285.0 }
vertex[763]=PF_PathVertex { x: 2.25, y: 2.0, tan_in_x: 2.25, tan_in_y: 2.0, tan_out_x: 2.25, tan_out_y: 2.0 }
vertex[764]=PF_PathVertex { x: 278.0, y: 287.0, tan_in_x: 278.0, tan_in_y: 287.0, tan_out_x: 278.0, tan_out_y: 287.0 }
vertex[765]=PF_PathVertex { x: 1.12060546875, y: 1.0, tan_in_x: 1.12060546875, tan_in_y: 1.0, tan_out_x: 1.12060546875, tan_out_y: 1.0 }
vertex[766]=PF_PathVertex { x: 278.0, y: 288.0, tan_in_x: 278.0, tan_in_y: 288.0, tan_out_x: 278.0, tan_out_y: 288.0 }
vertex[767]=PF_PathVertex { x: 1.0087890625, y: 1.0, tan_in_x: 1.0087890625, tan_in_y: 1.0, tan_out_x: 1.0087890625, tan_out_y: 1.0 }
vertex[768]=PF_PathVertex { x: 279.0, y: 287.0, tan_in_x: 279.0, tan_in_y: 287.0, tan_out_x: 279.0, tan_out_y: 287.0 }
vertex[769]=PF_PathVertex { x: 2.25, y: 1.0, tan_in_x: 2.25, tan_in_y: 1.0, tan_out_x: 2.25, tan_out_y: 1.0 }
vertex[770]=PF_PathVertex { x: 279.0, y: 288.0, tan_in_x: 279.0, tan_in_y: 288.0, tan_out_x: 279.0, tan_out_y: 288.0 }
vertex[771]=PF_PathVertex { x: 1.2196044921875, y: 1.0, tan_in_x: 1.2196044921875, tan_in_y: 1.0, tan_out_x: 1.2196044921875, tan_out_y: 1.0 }
vertex[772]=PF_PathVertex { x: 279.0, y: 289.0, tan_in_x: 279.0, tan_in_y: 289.0, tan_out_x: 279.0, tan_out_y: 289.0 }
vertex[773]=PF_PathVertex { x: 1.0853271484375, y: 1.0, tan_in_x: 1.0853271484375, tan_in_y: 1.0, tan_out_x: 1.0853271484375, tan_out_y: 1.0 }
vertex[774]=PF_PathVertex { x: 280.0, y: 288.0, tan_in_x: 280.0, tan_in_y: 288.0, tan_out_x: 280.0, tan_out_y: 288.0 }
vertex[775]=PF_PathVertex { x: 1.25, y: 2.0, tan_in_x: 1.25, tan_in_y: 2.0, tan_out_x: 1.25, tan_out_y: 2.0 }
vertex[776]=PF_PathVertex { x: 281.0, y: 281.0, tan_in_x: 281.0, tan_in_y: 281.0, tan_out_x: 281.0, tan_out_y: 281.0 }
vertex[777]=PF_PathVertex { x: 6.25, y: 9.0, tan_in_x: 6.25, tan_in_y: 9.0, tan_out_x: 6.25, tan_out_y: 9.0 }
vertex[778]=PF_PathVertex { x: 279.0, y: 290.0, tan_in_x: 279.0, tan_in_y: 290.0, tan_out_x: 279.0, tan_out_y: 290.0 }
vertex[779]=PF_PathVertex { x: 1.0009765625, y: 1.0, tan_in_x: 1.0009765625, tan_in_y: 1.0, tan_out_x: 1.0009765625, tan_out_y: 1.0 }
vertex[780]=PF_PathVertex { x: 280.0, y: 290.0, tan_in_x: 280.0, tan_in_y: 290.0, tan_out_x: 280.0, tan_out_y: 290.0 }
vertex[781]=PF_PathVertex { x: 1.192138671875, y: 1.0, tan_in_x: 1.192138671875, tan_in_y: 1.0, tan_out_x: 1.192138671875, tan_out_y: 1.0 }
vertex[782]=PF_PathVertex { x: 280.0, y: 291.0, tan_in_x: 280.0, tan_in_y: 291.0, tan_out_x: 280.0, tan_out_y: 291.0 }
vertex[783]=PF_PathVertex { x: 1.051025390625, y: 1.0, tan_in_x: 1.051025390625, tan_in_y: 1.0, tan_out_x: 1.051025390625, tan_out_y: 1.0 }
vertex[784]=PF_PathVertex { x: 281.0, y: 290.0, tan_in_x: 281.0, tan_in_y: 290.0, tan_out_x: 281.0, tan_out_y: 290.0 }
vertex[785]=PF_PathVertex { x: 1.25, y: 1.0, tan_in_x: 1.25, tan_in_y: 1.0, tan_out_x: 1.25, tan_out_y: 1.0 }
vertex[786]=PF_PathVertex { x: 281.0, y: 291.0, tan_in_x: 281.0, tan_in_y: 291.0, tan_out_x: 281.0, tan_out_y: 291.0 }
vertex[787]=PF_PathVertex { x: 1.2490234375, y: 1.0, tan_in_x: 1.2490234375, tan_in_y: 1.0, tan_out_x: 1.2490234375, tan_out_y: 1.0 }
vertex[788]=PF_PathVertex { x: 282.0, y: 290.0, tan_in_x: 282.0, tan_in_y: 290.0, tan_out_x: 282.0, tan_out_y: 290.0 }
vertex[789]=PF_PathVertex { x: 2.25, y: 2.0, tan_in_x: 2.25, tan_in_y: 2.0, tan_out_x: 2.25, tan_out_y: 2.0 }
vertex[790]=PF_PathVertex { x: 281.0, y: 292.0, tan_in_x: 281.0, tan_in_y: 292.0, tan_out_x: 281.0, tan_out_y: 292.0 }
vertex[791]=PF_PathVertex { x: 1.1568603515625, y: 1.0, tan_in_x: 1.1568603515625, tan_in_y: 1.0, tan_out_x: 1.1568603515625, tan_out_y: 1.0 }
vertex[792]=PF_PathVertex { x: 281.0, y: 293.0, tan_in_x: 281.0, tan_in_y: 293.0, tan_out_x: 281.0, tan_out_y: 293.0 }
vertex[793]=PF_PathVertex { x: 1.0255126953125, y: 1.0, tan_in_x: 1.0255126953125, tan_in_y: 1.0, tan_out_x: 1.0255126953125, tan_out_y: 1.0 }
vertex[794]=PF_PathVertex { x: 282.0, y: 292.0, tan_in_x: 282.0, tan_in_y: 292.0, tan_out_x: 282.0, tan_out_y: 292.0 }
vertex[795]=PF_PathVertex { x: 2.25, y: 1.0, tan_in_x: 2.25, tan_in_y: 1.0, tan_out_x: 2.25, tan_out_y: 1.0 }
vertex[796]=PF_PathVertex { x: 282.0, y: 293.0, tan_in_x: 282.0, tan_in_y: 293.0, tan_out_x: 282.0, tan_out_y: 293.0 }
vertex[797]=PF_PathVertex { x: 1.2392578125, y: 1.0, tan_in_x: 1.2392578125, tan_in_y: 1.0, tan_out_x: 1.2392578125, tan_out_y: 1.0 }
vertex[798]=PF_PathVertex { x: 282.0, y: 294.0, tan_in_x: 282.0, tan_in_y: 294.0, tan_out_x: 282.0, tan_out_y: 294.0 }
vertex[799]=PF_PathVertex { x: 1.12060546875, y: 1.0, tan_in_x: 1.12060546875, tan_in_y: 1.0, tan_out_x: 1.12060546875, tan_out_y: 1.0 }
vertex[800]=PF_PathVertex { x: 283.0, y: 293.0, tan_in_x: 283.0, tan_in_y: 293.0, tan_out_x: 283.0, tan_out_y: 293.0 }
vertex[801]=PF_PathVertex { x: 1.25, y: 2.0, tan_in_x: 1.25, tan_in_y: 2.0, tan_out_x: 1.25, tan_out_y: 2.0 }
vertex[802]=PF_PathVertex { x: 284.0, y: 290.0, tan_in_x: 284.0, tan_in_y: 290.0, tan_out_x: 284.0, tan_out_y: 290.0 }
vertex[803]=PF_PathVertex { x: 3.25, y: 5.0, tan_in_x: 3.25, tan_in_y: 5.0, tan_out_x: 3.25, tan_out_y: 5.0 }
vertex[804]=PF_PathVertex { x: 282.0, y: 295.0, tan_in_x: 282.0, tan_in_y: 295.0, tan_out_x: 282.0, tan_out_y: 295.0 }
vertex[805]=PF_PathVertex { x: 1.0087890625, y: 1.0, tan_in_x: 1.0087890625, tan_in_y: 1.0, tan_out_x: 1.0087890625, tan_out_y: 1.0 }
vertex[806]=PF_PathVertex { x: 283.0, y: 295.0, tan_in_x: 283.0, tan_in_y: 295.0, tan_out_x: 283.0, tan_out_y: 295.0 }
vertex[807]=PF_PathVertex { x: 1.2196044921875, y: 1.0, tan_in_x: 1.2196044921875, tan_in_y: 1.0, tan_out_x: 1.2196044921875, tan_out_y: 1.0 }
vertex[808]=PF_PathVertex { x: 283.0, y: 296.0, tan_in_x: 283.0, tan_in_y: 296.0, tan_out_x: 283.0, tan_out_y: 296.0 }
vertex[809]=PF_PathVertex { x: 1.0853271484375, y: 1.0, tan_in_x: 1.0853271484375, tan_in_y: 1.0, tan_out_x: 1.0853271484375, tan_out_y: 1.0 }
vertex[810]=PF_PathVertex { x: 283.0, y: 297.0, tan_in_x: 283.0, tan_in_y: 297.0, tan_out_x: 283.0, tan_out_y: 297.0 }
vertex[811]=PF_PathVertex { x: 1.0009765625, y: 1.0, tan_in_x: 1.0009765625, tan_in_y: 1.0, tan_out_x: 1.0009765625, tan_out_y: 1.0 }
vertex[812]=PF_PathVertex { x: 284.0, y: 295.0, tan_in_x: 284.0, tan_in_y: 295.0, tan_out_x: 284.0, tan_out_y: 295.0 }
vertex[813]=PF_PathVertex { x: 3.25, y: 2.0, tan_in_x: 3.25, tan_in_y: 2.0, tan_out_x: 3.25, tan_out_y: 2.0 }
vertex[814]=PF_PathVertex { x: 284.0, y: 297.0, tan_in_x: 284.0, tan_in_y: 297.0, tan_out_x: 284.0, tan_out_y: 297.0 }
vertex[815]=PF_PathVertex { x: 1.192138671875, y: 1.0, tan_in_x: 1.192138671875, tan_in_y: 1.0, tan_out_x: 1.192138671875, tan_out_y: 1.0 }
vertex[816]=PF_PathVertex { x: 284.0, y: 298.0, tan_in_x: 284.0, tan_in_y: 298.0, tan_out_x: 284.0, tan_out_y: 298.0 }
vertex[817]=PF_PathVertex { x: 1.051025390625, y: 1.0, tan_in_x: 1.051025390625, tan_in_y: 1.0, tan_out_x: 1.051025390625, tan_out_y: 1.0 }
vertex[818]=PF_PathVertex { x: 285.0, y: 297.0, tan_in_x: 285.0, tan_in_y: 297.0, tan_out_x: 285.0, tan_out_y: 297.0 }
vertex[819]=PF_PathVertex { x: 2.25, y: 1.0, tan_in_x: 2.25, tan_in_y: 1.0, tan_out_x: 2.25, tan_out_y: 1.0 }
vertex[820]=PF_PathVertex { x: 285.0, y: 298.0, tan_in_x: 285.0, tan_in_y: 298.0, tan_out_x: 285.0, tan_out_y: 298.0 }
vertex[821]=PF_PathVertex { x: 1.2490234375, y: 1.0, tan_in_x: 1.2490234375, tan_in_y: 1.0, tan_out_x: 1.2490234375, tan_out_y: 1.0 }
vertex[822]=PF_PathVertex { x: 285.0, y: 299.0, tan_in_x: 285.0, tan_in_y: 299.0, tan_out_x: 285.0, tan_out_y: 299.0 }
vertex[823]=PF_PathVertex { x: 1.1568603515625, y: 1.0, tan_in_x: 1.1568603515625, tan_in_y: 1.0, tan_out_x: 1.1568603515625, tan_out_y: 1.0 }
vertex[824]=PF_PathVertex { x: 286.0, y: 298.0, tan_in_x: 286.0, tan_in_y: 298.0, tan_out_x: 286.0, tan_out_y: 298.0 }
vertex[825]=PF_PathVertex { x: 1.25, y: 2.0, tan_in_x: 1.25, tan_in_y: 2.0, tan_out_x: 1.25, tan_out_y: 2.0 }
vertex[826]=PF_PathVertex { x: 287.0, y: 281.0, tan_in_x: 287.0, tan_in_y: 281.0, tan_out_x: 287.0, tan_out_y: 281.0 }
vertex[827]=PF_PathVertex { x: 13.25, y: 19.0, tan_in_x: 13.25, tan_in_y: 19.0, tan_out_x: 13.25, tan_out_y: 19.0 }
vertex[828]=PF_PathVertex { x: 300.0, y: 150.0, tan_in_x: 300.0, tan_in_y: 150.0, tan_out_x: 300.0, tan_out_y: 150.0 }
vertex[829]=PF_PathVertex { x: 100.25, y: 150.0, tan_in_x: 100.25, tan_in_y: 150.0, tan_out_x: 100.25, tan_out_y: 150.0 }
vertex[830]=PF_PathVertex { x: 285.0, y: 300.0, tan_in_x: 285.0, tan_in_y: 300.0, tan_out_x: 285.0, tan_out_y: 300.0 }
vertex[831]=PF_PathVertex { x: 1.0255126953125, y: 1.0, tan_in_x: 1.0255126953125, tan_in_y: 1.0, tan_out_x: 1.0255126953125, tan_out_y: 1.0 }
vertex[832]=PF_PathVertex { x: 286.0, y: 300.0, tan_in_x: 286.0, tan_in_y: 300.0, tan_out_x: 286.0, tan_out_y: 300.0 }
vertex[833]=PF_PathVertex { x: 1.2392578125, y: 1.0, tan_in_x: 1.2392578125, tan_in_y: 1.0, tan_out_x: 1.2392578125, tan_out_y: 1.0 }
vertex[834]=PF_PathVertex { x: 286.0, y: 301.0, tan_in_x: 286.0, tan_in_y: 301.0, tan_out_x: 286.0, tan_out_y: 301.0 }
vertex[835]=PF_PathVertex { x: 1.12060546875, y: 1.0, tan_in_x: 1.12060546875, tan_in_y: 1.0, tan_out_x: 1.12060546875, tan_out_y: 1.0 }
vertex[836]=PF_PathVertex { x: 286.0, y: 302.0, tan_in_x: 286.0, tan_in_y: 302.0, tan_out_x: 286.0, tan_out_y: 302.0 }
vertex[837]=PF_PathVertex { x: 1.0087890625, y: 1.0, tan_in_x: 1.0087890625, tan_in_y: 1.0, tan_out_x: 1.0087890625, tan_out_y: 1.0 }
vertex[838]=PF_PathVertex { x: 287.0, y: 300.0, tan_in_x: 287.0, tan_in_y: 300.0, tan_out_x: 287.0, tan_out_y: 300.0 }
vertex[839]=PF_PathVertex { x: 3.25, y: 2.0, tan_in_x: 3.25, tan_in_y: 2.0, tan_out_x: 3.25, tan_out_y: 2.0 }
vertex[840]=PF_PathVertex { x: 287.0, y: 302.0, tan_in_x: 287.0, tan_in_y: 302.0, tan_out_x: 287.0, tan_out_y: 302.0 }
vertex[841]=PF_PathVertex { x: 1.2196044921875, y: 1.0, tan_in_x: 1.2196044921875, tan_in_y: 1.0, tan_out_x: 1.2196044921875, tan_out_y: 1.0 }
vertex[842]=PF_PathVertex { x: 287.0, y: 303.0, tan_in_x: 287.0, tan_in_y: 303.0, tan_out_x: 287.0, tan_out_y: 303.0 }
vertex[843]=PF_PathVertex { x: 1.0853271484375, y: 1.0, tan_in_x: 1.0853271484375, tan_in_y: 1.0, tan_out_x: 1.0853271484375, tan_out_y: 1.0 }
vertex[844]=PF_PathVertex { x: 288.0, y: 302.0, tan_in_x: 288.0, tan_in_y: 302.0, tan_out_x: 288.0, tan_out_y: 302.0 }
vertex[845]=PF_PathVertex { x: 2.25, y: 2.0, tan_in_x: 2.25, tan_in_y: 2.0, tan_out_x: 2.25, tan_out_y: 2.0 }
vertex[846]=PF_PathVertex { x: 290.0, y: 300.0, tan_in_x: 290.0, tan_in_y: 300.0, tan_out_x: 290.0, tan_out_y: 300.0 }
vertex[847]=PF_PathVertex { x: 3.25, y: 4.0, tan_in_x: 3.25, tan_in_y: 4.0, tan_out_x: 3.25, tan_out_y: 4.0 }
vertex[848]=PF_PathVertex { x: 287.0, y: 304.0, tan_in_x: 287.0, tan_in_y: 304.0, tan_out_x: 287.0, tan_out_y: 304.0 }
vertex[849]=PF_PathVertex { x: 1.0009765625, y: 1.0, tan_in_x: 1.0009765625, tan_in_y: 1.0, tan_out_x: 1.0009765625, tan_out_y: 1.0 }
vertex[850]=PF_PathVertex { x: 288.0, y: 304.0, tan_in_x: 288.0, tan_in_y: 304.0, tan_out_x: 288.0, tan_out_y: 304.0 }
vertex[851]=PF_PathVertex { x: 1.192138671875, y: 1.0, tan_in_x: 1.192138671875, tan_in_y: 1.0, tan_out_x: 1.192138671875, tan_out_y: 1.0 }
vertex[852]=PF_PathVertex { x: 288.0, y: 305.0, tan_in_x: 288.0, tan_in_y: 305.0, tan_out_x: 288.0, tan_out_y: 305.0 }
vertex[853]=PF_PathVertex { x: 1.051025390625, y: 1.0, tan_in_x: 1.051025390625, tan_in_y: 1.0, tan_out_x: 1.051025390625, tan_out_y: 1.0 }
vertex[854]=PF_PathVertex { x: 289.0, y: 304.0, tan_in_x: 289.0, tan_in_y: 304.0, tan_out_x: 289.0, tan_out_y: 304.0 }
vertex[855]=PF_PathVertex { x: 1.25, y: 1.0, tan_in_x: 1.25, tan_in_y: 1.0, tan_out_x: 1.25, tan_out_y: 1.0 }
vertex[856]=PF_PathVertex { x: 289.0, y: 305.0, tan_in_x: 289.0, tan_in_y: 305.0, tan_out_x: 289.0, tan_out_y: 305.0 }
vertex[857]=PF_PathVertex { x: 1.2490234375, y: 1.0, tan_in_x: 1.2490234375, tan_in_y: 1.0, tan_out_x: 1.2490234375, tan_out_y: 1.0 }
vertex[858]=PF_PathVertex { x: 289.0, y: 306.0, tan_in_x: 289.0, tan_in_y: 306.0, tan_out_x: 289.0, tan_out_y: 306.0 }
vertex[859]=PF_PathVertex { x: 1.1568603515625, y: 1.0, tan_in_x: 1.1568603515625, tan_in_y: 1.0, tan_out_x: 1.1568603515625, tan_out_y: 1.0 }
vertex[860]=PF_PathVertex { x: 289.0, y: 307.0, tan_in_x: 289.0, tan_in_y: 307.0, tan_out_x: 289.0, tan_out_y: 307.0 }
vertex[861]=PF_PathVertex { x: 1.0255126953125, y: 1.0, tan_in_x: 1.0255126953125, tan_in_y: 1.0, tan_out_x: 1.0255126953125, tan_out_y: 1.0 }
vertex[862]=PF_PathVertex { x: 290.0, y: 304.0, tan_in_x: 290.0, tan_in_y: 304.0, tan_out_x: 290.0, tan_out_y: 304.0 }
vertex[863]=PF_PathVertex { x: 3.25, y: 2.0, tan_in_x: 3.25, tan_in_y: 2.0, tan_out_x: 3.25, tan_out_y: 2.0 }
vertex[864]=PF_PathVertex { x: 290.0, y: 306.0, tan_in_x: 290.0, tan_in_y: 306.0, tan_out_x: 290.0, tan_out_y: 306.0 }
vertex[865]=PF_PathVertex { x: 1.25, y: 1.0, tan_in_x: 1.25, tan_in_y: 1.0, tan_out_x: 1.25, tan_out_y: 1.0 }
vertex[866]=PF_PathVertex { x: 290.0, y: 307.0, tan_in_x: 290.0, tan_in_y: 307.0, tan_out_x: 290.0, tan_out_y: 307.0 }
vertex[867]=PF_PathVertex { x: 1.2392578125, y: 1.0, tan_in_x: 1.2392578125, tan_in_y: 1.0, tan_out_x: 1.2392578125, tan_out_y: 1.0 }
vertex[868]=PF_PathVertex { x: 290.0, y: 308.0, tan_in_x: 290.0, tan_in_y: 308.0, tan_out_x: 290.0, tan_out_y: 308.0 }
vertex[869]=PF_PathVertex { x: 1.12060546875, y: 1.0, tan_in_x: 1.12060546875, tan_in_y: 1.0, tan_out_x: 1.12060546875, tan_out_y: 1.0 }
vertex[870]=PF_PathVertex { x: 291.0, y: 306.0, tan_in_x: 291.0, tan_in_y: 306.0, tan_out_x: 291.0, tan_out_y: 306.0 }
vertex[871]=PF_PathVertex { x: 2.25, y: 3.0, tan_in_x: 2.25, tan_in_y: 3.0, tan_out_x: 2.25, tan_out_y: 3.0 }
vertex[872]=PF_PathVertex { x: 293.0, y: 300.0, tan_in_x: 293.0, tan_in_y: 300.0, tan_out_x: 293.0, tan_out_y: 300.0 }
vertex[873]=PF_PathVertex { x: 7.25, y: 9.0, tan_in_x: 7.25, tan_in_y: 9.0, tan_out_x: 7.25, tan_out_y: 9.0 }
vertex[874]=PF_PathVertex { x: 290.0, y: 309.0, tan_in_x: 290.0, tan_in_y: 309.0, tan_out_x: 290.0, tan_out_y: 309.0 }
vertex[875]=PF_PathVertex { x: 1.0087890625, y: 1.0, tan_in_x: 1.0087890625, tan_in_y: 1.0, tan_out_x: 1.0087890625, tan_out_y: 1.0 }
vertex[876]=PF_PathVertex { x: 291.0, y: 309.0, tan_in_x: 291.0, tan_in_y: 309.0, tan_out_x: 291.0, tan_out_y: 309.0 }
vertex[877]=PF_PathVertex { x: 1.2196044921875, y: 1.0, tan_in_x: 1.2196044921875, tan_in_y: 1.0, tan_out_x: 1.2196044921875, tan_out_y: 1.0 }
vertex[878]=PF_PathVertex { x: 291.0, y: 310.0, tan_in_x: 291.0, tan_in_y: 310.0, tan_out_x: 291.0, tan_out_y: 310.0 }
vertex[879]=PF_PathVertex { x: 1.0853271484375, y: 1.0, tan_in_x: 1.0853271484375, tan_in_y: 1.0, tan_out_x: 1.0853271484375, tan_out_y: 1.0 }
vertex[880]=PF_PathVertex { x: 292.0, y: 309.0, tan_in_x: 292.0, tan_in_y: 309.0, tan_out_x: 292.0, tan_out_y: 309.0 }
vertex[881]=PF_PathVertex { x: 1.25, y: 2.0, tan_in_x: 1.25, tan_in_y: 2.0, tan_out_x: 1.25, tan_out_y: 2.0 }
vertex[882]=PF_PathVertex { x: 291.0, y: 311.0, tan_in_x: 291.0, tan_in_y: 311.0, tan_out_x: 291.0, tan_out_y: 311.0 }
vertex[883]=PF_PathVertex { x: 1.0009765625, y: 1.0, tan_in_x: 1.0009765625, tan_in_y: 1.0, tan_out_x: 1.0009765625, tan_out_y: 1.0 }
vertex[884]=PF_PathVertex { x: 292.0, y: 311.0, tan_in_x: 292.0, tan_in_y: 311.0, tan_out_x: 292.0, tan_out_y: 311.0 }
vertex[885]=PF_PathVertex { x: 1.192138671875, y: 1.0, tan_in_x: 1.192138671875, tan_in_y: 1.0, tan_out_x: 1.192138671875, tan_out_y: 1.0 }
vertex[886]=PF_PathVertex { x: 292.0, y: 312.0, tan_in_x: 292.0, tan_in_y: 312.0, tan_out_x: 292.0, tan_out_y: 312.0 }
vertex[887]=PF_PathVertex { x: 1.051025390625, y: 1.0, tan_in_x: 1.051025390625, tan_in_y: 1.0, tan_out_x: 1.051025390625, tan_out_y: 1.0 }
vertex[888]=PF_PathVertex { x: 293.0, y: 309.0, tan_in_x: 293.0, tan_in_y: 309.0, tan_out_x: 293.0, tan_out_y: 309.0 }
vertex[889]=PF_PathVertex { x: 3.25, y: 2.0, tan_in_x: 3.25, tan_in_y: 2.0, tan_out_x: 3.25, tan_out_y: 2.0 }
vertex[890]=PF_PathVertex { x: 293.0, y: 311.0, tan_in_x: 293.0, tan_in_y: 311.0, tan_out_x: 293.0, tan_out_y: 311.0 }
vertex[891]=PF_PathVertex { x: 1.25, y: 1.0, tan_in_x: 1.25, tan_in_y: 1.0, tan_out_x: 1.25, tan_out_y: 1.0 }
vertex[892]=PF_PathVertex { x: 293.0, y: 312.0, tan_in_x: 293.0, tan_in_y: 312.0, tan_out_x: 293.0, tan_out_y: 312.0 }
vertex[893]=PF_PathVertex { x: 1.2490234375, y: 1.0, tan_in_x: 1.2490234375, tan_in_y: 1.0, tan_out_x: 1.2490234375, tan_out_y: 1.0 }
vertex[894]=PF_PathVertex { x: 294.0, y: 311.0, tan_in_x: 294.0, tan_in_y: 311.0, tan_out_x: 294.0, tan_out_y: 311.0 }
vertex[895]=PF_PathVertex { x: 2.25, y: 2.0, tan_in_x: 2.25, tan_in_y: 2.0, tan_out_x: 2.25, tan_out_y: 2.0 }
vertex[896]=PF_PathVertex { x: 296.0, y: 309.0, tan_in_x: 296.0, tan_in_y: 309.0, tan_out_x: 296.0, tan_out_y: 309.0 }
vertex[897]=PF_PathVertex { x: 4.25, y: 4.0, tan_in_x: 4.25, tan_in_y: 4.0, tan_out_x: 4.25, tan_out_y: 4.0 }
vertex[898]=PF_PathVertex { x: 293.0, y: 313.0, tan_in_x: 293.0, tan_in_y: 313.0, tan_out_x: 293.0, tan_out_y: 313.0 }
vertex[899]=PF_PathVertex { x: 1.1568603515625, y: 1.0, tan_in_x: 1.1568603515625, tan_in_y: 1.0, tan_out_x: 1.1568603515625, tan_out_y: 1.0 }
vertex[900]=PF_PathVertex { x: 293.0, y: 314.0, tan_in_x: 293.0, tan_in_y: 314.0, tan_out_x: 293.0, tan_out_y: 314.0 }
vertex[901]=PF_PathVertex { x: 1.0255126953125, y: 1.0, tan_in_x: 1.0255126953125, tan_in_y: 1.0, tan_out_x: 1.0255126953125, tan_out_y: 1.0 }
vertex[902]=PF_PathVertex { x: 294.0, y: 313.0, tan_in_x: 294.0, tan_in_y: 313.0, tan_out_x: 294.0, tan_out_y: 313.0 }
vertex[903]=PF_PathVertex { x: 1.25, y: 1.0, tan_in_x: 1.25, tan_in_y: 1.0, tan_out_x: 1.25, tan_out_y: 1.0 }
vertex[904]=PF_PathVertex { x: 294.0, y: 314.0, tan_in_x: 294.0, tan_in_y: 314.0, tan_out_x: 294.0, tan_out_y: 314.0 }
vertex[905]=PF_PathVertex { x: 1.2392578125, y: 1.0, tan_in_x: 1.2392578125, tan_in_y: 1.0, tan_out_x: 1.2392578125, tan_out_y: 1.0 }
vertex[906]=PF_PathVertex { x: 295.0, y: 313.0, tan_in_x: 295.0, tan_in_y: 313.0, tan_out_x: 295.0, tan_out_y: 313.0 }
vertex[907]=PF_PathVertex { x: 1.25, y: 2.0, tan_in_x: 1.25, tan_in_y: 2.0, tan_out_x: 1.25, tan_out_y: 2.0 }
vertex[908]=PF_PathVertex { x: 294.0, y: 315.0, tan_in_x: 294.0, tan_in_y: 315.0, tan_out_x: 294.0, tan_out_y: 315.0 }
vertex[909]=PF_PathVertex { x: 1.12060546875, y: 1.0, tan_in_x: 1.12060546875, tan_in_y: 1.0, tan_out_x: 1.12060546875, tan_out_y: 1.0 }
vertex[910]=PF_PathVertex { x: 295.0, y: 315.0, tan_in_x: 295.0, tan_in_y: 315.0, tan_out_x: 295.0, tan_out_y: 315.0 }
vertex[911]=PF_PathVertex { x: 1.25, y: 1.0, tan_in_x: 1.25, tan_in_y: 1.0, tan_out_x: 1.25, tan_out_y: 1.0 }
vertex[912]=PF_PathVertex { x: 294.0, y: 316.0, tan_in_x: 294.0, tan_in_y: 316.0, tan_out_x: 294.0, tan_out_y: 316.0 }
vertex[913]=PF_PathVertex { x: 1.0087890625, y: 1.0, tan_in_x: 1.0087890625, tan_in_y: 1.0, tan_out_x: 1.0087890625, tan_out_y: 1.0 }
vertex[914]=PF_PathVertex { x: 295.0, y: 316.0, tan_in_x: 295.0, tan_in_y: 316.0, tan_out_x: 295.0, tan_out_y: 316.0 }
vertex[915]=PF_PathVertex { x: 1.2196044921875, y: 1.0, tan_in_x: 1.2196044921875, tan_in_y: 1.0, tan_out_x: 1.2196044921875, tan_out_y: 1.0 }
vertex[916]=PF_PathVertex { x: 295.0, y: 317.0, tan_in_x: 295.0, tan_in_y: 317.0, tan_out_x: 295.0, tan_out_y: 317.0 }
vertex[917]=PF_PathVertex { x: 1.0853271484375, y: 1.0, tan_in_x: 1.0853271484375, tan_in_y: 1.0, tan_out_x: 1.0853271484375, tan_out_y: 1.0 }
vertex[918]=PF_PathVertex { x: 296.0, y: 313.0, tan_in_x: 296.0, tan_in_y: 313.0, tan_out_x: 296.0, tan_out_y: 313.0 }
vertex[919]=PF_PathVertex { x: 4.25, y: 5.0, tan_in_x: 4.25, tan_in_y: 5.0, tan_out_x: 4.25, tan_out_y: 5.0 }
vertex[920]=PF_PathVertex { x: 295.0, y: 318.0, tan_in_x: 295.0, tan_in_y: 318.0, tan_out_x: 295.0, tan_out_y: 318.0 }
vertex[921]=PF_PathVertex { x: 1.0009765625, y: 1.0, tan_in_x: 1.0009765625, tan_in_y: 1.0, tan_out_x: 1.0009765625, tan_out_y: 1.0 }
vertex[922]=PF_PathVertex { x: 296.0, y: 318.0, tan_in_x: 296.0, tan_in_y: 318.0, tan_out_x: 296.0, tan_out_y: 318.0 }
vertex[923]=PF_PathVertex { x: 1.192138671875, y: 1.0, tan_in_x: 1.192138671875, tan_in_y: 1.0, tan_out_x: 1.192138671875, tan_out_y: 1.0 }
vertex[924]=PF_PathVertex { x: 296.0, y: 319.0, tan_in_x: 296.0, tan_in_y: 319.0, tan_out_x: 296.0, tan_out_y: 319.0 }
vertex[925]=PF_PathVertex { x: 1.051025390625, y: 1.0, tan_in_x: 1.051025390625, tan_in_y: 1.0, tan_out_x: 1.051025390625, tan_out_y: 1.0 }
vertex[926]=PF_PathVertex { x: 297.0, y: 318.0, tan_in_x: 297.0, tan_in_y: 318.0, tan_out_x: 297.0, tan_out_y: 318.0 }
vertex[927]=PF_PathVertex { x: 1.25, y: 1.0, tan_in_x: 1.25, tan_in_y: 1.0, tan_out_x: 1.25, tan_out_y: 1.0 }
vertex[928]=PF_PathVertex { x: 297.0, y: 319.0, tan_in_x: 297.0, tan_in_y: 319.0, tan_out_x: 297.0, tan_out_y: 319.0 }
vertex[929]=PF_PathVertex { x: 1.2490234375, y: 1.0, tan_in_x: 1.2490234375, tan_in_y: 1.0, tan_out_x: 1.2490234375, tan_out_y: 1.0 }
vertex[930]=PF_PathVertex { x: 297.0, y: 320.0, tan_in_x: 297.0, tan_in_y: 320.0, tan_out_x: 297.0, tan_out_y: 320.0 }
vertex[931]=PF_PathVertex { x: 1.1568603515625, y: 1.0, tan_in_x: 1.1568603515625, tan_in_y: 1.0, tan_out_x: 1.1568603515625, tan_out_y: 1.0 }
vertex[932]=PF_PathVertex { x: 297.0, y: 321.0, tan_in_x: 297.0, tan_in_y: 321.0, tan_out_x: 297.0, tan_out_y: 321.0 }
vertex[933]=PF_PathVertex { x: 1.0255126953125, y: 1.0, tan_in_x: 1.0255126953125, tan_in_y: 1.0, tan_out_x: 1.0255126953125, tan_out_y: 1.0 }
vertex[934]=PF_PathVertex { x: 298.0, y: 318.0, tan_in_x: 298.0, tan_in_y: 318.0, tan_out_x: 298.0, tan_out_y: 318.0 }
vertex[935]=PF_PathVertex { x: 2.25, y: 2.0, tan_in_x: 2.25, tan_in_y: 2.0, tan_out_x: 2.25, tan_out_y: 2.0 }
vertex[936]=PF_PathVertex { x: 298.0, y: 320.0, tan_in_x: 298.0, tan_in_y: 320.0, tan_out_x: 298.0, tan_out_y: 320.0 }
vertex[937]=PF_PathVertex { x: 1.25, y: 1.0, tan_in_x: 1.25, tan_in_y: 1.0, tan_out_x: 1.25, tan_out_y: 1.0 }
vertex[938]=PF_PathVertex { x: 298.0, y: 321.0, tan_in_x: 298.0, tan_in_y: 321.0, tan_out_x: 298.0, tan_out_y: 321.0 }
vertex[939]=PF_PathVertex { x: 1.2392578125, y: 1.0, tan_in_x: 1.2392578125, tan_in_y: 1.0, tan_out_x: 1.2392578125, tan_out_y: 1.0 }
vertex[940]=PF_PathVertex { x: 299.0, y: 320.0, tan_in_x: 299.0, tan_in_y: 320.0, tan_out_x: 299.0, tan_out_y: 320.0 }
vertex[941]=PF_PathVertex { x: 1.25, y: 2.0, tan_in_x: 1.25, tan_in_y: 2.0, tan_out_x: 1.25, tan_out_y: 2.0 }
vertex[942]=PF_PathVertex { x: 298.0, y: 322.0, tan_in_x: 298.0, tan_in_y: 322.0, tan_out_x: 298.0, tan_out_y: 322.0 }
vertex[943]=PF_PathVertex { x: 1.12060546875, y: 1.0, tan_in_x: 1.12060546875, tan_in_y: 1.0, tan_out_x: 1.12060546875, tan_out_y: 1.0 }
vertex[944]=PF_PathVertex { x: 298.0, y: 323.0, tan_in_x: 298.0, tan_in_y: 323.0, tan_out_x: 298.0, tan_out_y: 323.0 }
vertex[945]=PF_PathVertex { x: 1.0087890625, y: 1.0, tan_in_x: 1.0087890625, tan_in_y: 1.0, tan_out_x: 1.0087890625, tan_out_y: 1.0 }
vertex[946]=PF_PathVertex { x: 299.0, y: 322.0, tan_in_x: 299.0, tan_in_y: 322.0, tan_out_x: 299.0, tan_out_y: 322.0 }
vertex[947]=PF_PathVertex { x: 1.25, y: 1.0, tan_in_x: 1.25, tan_in_y: 1.0, tan_out_x: 1.25, tan_out_y: 1.0 }
vertex[948]=PF_PathVertex { x: 299.0, y: 323.0, tan_in_x: 299.0, tan_in_y: 323.0, tan_out_x: 299.0, tan_out_y: 323.0 }
vertex[949]=PF_PathVertex { x: 1.2196044921875, y: 1.0, tan_in_x: 1.2196044921875, tan_in_y: 1.0, tan_out_x: 1.2196044921875, tan_out_y: 1.0 }
vertex[950]=PF_PathVertex { x: 299.0, y: 324.0, tan_in_x: 299.0, tan_in_y: 324.0, tan_out_x: 299.0, tan_out_y: 324.0 }
vertex[951]=PF_PathVertex { x: 1.0853271484375, y: 1.0, tan_in_x: 1.0853271484375, tan_in_y: 1.0, tan_out_x: 1.0853271484375, tan_out_y: 1.0 }
vertex[952]=PF_PathVertex { x: 299.0, y: 325.0, tan_in_x: 299.0, tan_in_y: 325.0, tan_out_x: 299.0, tan_out_y: 325.0 }
vertex[953]=PF_PathVertex { x: 1.0009765625, y: 1.0, tan_in_x: 1.0009765625, tan_in_y: 1.0, tan_out_x: 1.0009765625, tan_out_y: 1.0 }
vertex[954]=PF_PathVertex { x: 300.0, y: 300.0, tan_in_x: 300.0, tan_in_y: 300.0, tan_out_x: 300.0, tan_out_y: 300.0 }
vertex[955]=PF_PathVertex { x: 25.25, y: 18.0, tan_in_x: 25.25, tan_in_y: 18.0, tan_out_x: 25.25, tan_out_y: 18.0 }
vertex[956]=PF_PathVertex { x: 300.0, y: 318.0, tan_in_x: 300.0, tan_in_y: 318.0, tan_out_x: 300.0, tan_out_y: 318.0 }
vertex[957]=PF_PathVertex { x: 6.25, y: 4.0, tan_in_x: 6.25, tan_in_y: 4.0, tan_out_x: 6.25, tan_out_y: 4.0 }
vertex[958]=PF_PathVertex { x: 300.0, y: 322.0, tan_in_x: 300.0, tan_in_y: 322.0, tan_out_x: 300.0, tan_out_y: 322.0 }
vertex[959]=PF_PathVertex { x: 3.25, y: 2.0, tan_in_x: 3.25, tan_in_y: 2.0, tan_out_x: 3.25, tan_out_y: 2.0 }
vertex[960]=PF_PathVertex { x: 300.0, y: 324.0, tan_in_x: 300.0, tan_in_y: 324.0, tan_out_x: 300.0, tan_out_y: 324.0 }
vertex[961]=PF_PathVertex { x: 1.25, y: 1.0, tan_in_x: 1.25, tan_in_y: 1.0, tan_out_x: 1.25, tan_out_y: 1.0 }
vertex[962]=PF_PathVertex { x: 300.0, y: 325.0, tan_in_x: 300.0, tan_in_y: 325.0, tan_out_x: 300.0, tan_out_y: 325.0 }
vertex[963]=PF_PathVertex { x: 1.192138671875, y: 1.0, tan_in_x: 1.192138671875, tan_in_y: 1.0, tan_out_x: 1.192138671875, tan_out_y: 1.0 }
vertex[964]=PF_PathVertex { x: 300.0, y: 326.0, tan_in_x: 300.0, tan_in_y: 326.0, tan_out_x: 300.0, tan_out_y: 326.0 }
vertex[965]=PF_PathVertex { x: 1.051025390625, y: 1.0, tan_in_x: 1.051025390625, tan_in_y: 1.0, tan_out_x: 1.051025390625, tan_out_y: 1.0 }
vertex[966]=PF_PathVertex { x: 301.0, y: 324.0, tan_in_x: 301.0, tan_in_y: 324.0, tan_out_x: 301.0, tan_out_y: 324.0 }
vertex[967]=PF_PathVertex { x: 2.25, y: 1.0, tan_in_x: 2.25, tan_in_y: 1.0, tan_out_x: 2.25, tan_out_y: 1.0 }
vertex[968]=PF_PathVertex { x: 301.0, y: 325.0, tan_in_x: 301.0, tan_in_y: 325.0, tan_out_x: 301.0, tan_out_y: 325.0 }
vertex[969]=PF_PathVertex { x: 1.25, y: 1.0, tan_in_x: 1.25, tan_in_y: 1.0, tan_out_x: 1.25, tan_out_y: 1.0 }
vertex[970]=PF_PathVertex { x: 301.0, y: 326.0, tan_in_x: 301.0, tan_in_y: 326.0, tan_out_x: 301.0, tan_out_y: 326.0 }
vertex[971]=PF_PathVertex { x: 1.2490234375, y: 1.0, tan_in_x: 1.2490234375, tan_in_y: 1.0, tan_out_x: 1.2490234375, tan_out_y: 1.0 }
vertex[972]=PF_PathVertex { x: 302.0, y: 325.0, tan_in_x: 302.0, tan_in_y: 325.0, tan_out_x: 302.0, tan_out_y: 325.0 }
vertex[973]=PF_PathVertex { x: 1.25, y: 2.0, tan_in_x: 1.25, tan_in_y: 2.0, tan_out_x: 1.25, tan_out_y: 2.0 }
vertex[974]=PF_PathVertex { x: 303.0, y: 322.0, tan_in_x: 303.0, tan_in_y: 322.0, tan_out_x: 303.0, tan_out_y: 322.0 }
vertex[975]=PF_PathVertex { x: 3.25, y: 5.0, tan_in_x: 3.25, tan_in_y: 5.0, tan_out_x: 3.25, tan_out_y: 5.0 }
vertex[976]=PF_PathVertex { x: 306.0, y: 318.0, tan_in_x: 306.0, tan_in_y: 318.0, tan_out_x: 306.0, tan_out_y: 318.0 }
vertex[977]=PF_PathVertex { x: 6.25, y: 9.0, tan_in_x: 6.25, tan_in_y: 9.0, tan_out_x: 6.25, tan_out_y: 9.0 }
vertex[978]=PF_PathVertex { x: 301.0, y: 327.0, tan_in_x: 301.0, tan_in_y: 327.0, tan_out_x: 301.0, tan_out_y: 327.0 }
vertex[979]=PF_PathVertex { x: 1.1568603515625, y: 1.0, tan_in_x: 1.1568603515625, tan_in_y: 1.0, tan_out_x: 1.1568603515625, tan_out_y: 1.0 }
vertex[980]=PF_PathVertex { x: 301.0, y: 328.0, tan_in_x: 301.0, tan_in_y: 328.0, tan_out_x: 301.0, tan_out_y: 328.0 }
vertex[981]=PF_PathVertex { x: 1.0255126953125, y: 1.0, tan_in_x: 1.0255126953125, tan_in_y: 1.0, tan_out_x: 1.0255126953125, tan_out_y: 1.0 }
vertex[982]=PF_PathVertex { x: 302.0, y: 327.0, tan_in_x: 302.0, tan_in_y: 327.0, tan_out_x: 302.0, tan_out_y: 327.0 }
vertex[983]=PF_PathVertex { x: 1.25, y: 1.0, tan_in_x: 1.25, tan_in_y: 1.0, tan_out_x: 1.25, tan_out_y: 1.0 }
vertex[984]=PF_PathVertex { x: 302.0, y: 328.0, tan_in_x: 302.0, tan_in_y: 328.0, tan_out_x: 302.0, tan_out_y: 328.0 }
vertex[985]=PF_PathVertex { x: 1.2392578125, y: 1.0, tan_in_x: 1.2392578125, tan_in_y: 1.0, tan_out_x: 1.2392578125, tan_out_y: 1.0 }
vertex[986]=PF_PathVertex { x: 302.0, y: 329.0, tan_in_x: 302.0, tan_in_y: 329.0, tan_out_x: 302.0, tan_out_y: 329.0 }
vertex[987]=PF_PathVertex { x: 1.12060546875, y: 1.0, tan_in_x: 1.12060546875, tan_in_y: 1.0, tan_out_x: 1.12060546875, tan_out_y: 1.0 }
vertex[988]=PF_PathVertex { x: 302.0, y: 330.0, tan_in_x: 302.0, tan_in_y: 330.0, tan_out_x: 302.0, tan_out_y: 330.0 }
vertex[989]=PF_PathVertex { x: 1.0087890625, y: 1.0, tan_in_x: 1.0087890625, tan_in_y: 1.0, tan_out_x: 1.0087890625, tan_out_y: 1.0 }
vertex[990]=PF_PathVertex { x: 303.0, y: 327.0, tan_in_x: 303.0, tan_in_y: 327.0, tan_out_x: 303.0, tan_out_y: 327.0 }
vertex[991]=PF_PathVertex { x: 3.25, y: 2.0, tan_in_x: 3.25, tan_in_y: 2.0, tan_out_x: 3.25, tan_out_y: 2.0 }
vertex[992]=PF_PathVertex { x: 303.0, y: 329.0, tan_in_x: 303.0, tan_in_y: 329.0, tan_out_x: 303.0, tan_out_y: 329.0 }
vertex[993]=PF_PathVertex { x: 1.25, y: 1.0, tan_in_x: 1.25, tan_in_y: 1.0, tan_out_x: 1.25, tan_out_y: 1.0 }
vertex[994]=PF_PathVertex { x: 303.0, y: 330.0, tan_in_x: 303.0, tan_in_y: 330.0, tan_out_x: 303.0, tan_out_y: 330.0 }
vertex[995]=PF_PathVertex { x: 1.2196044921875, y: 1.0, tan_in_x: 1.2196044921875, tan_in_y: 1.0, tan_out_x: 1.2196044921875, tan_out_y: 1.0 }
vertex[996]=PF_PathVertex { x: 303.0, y: 331.0, tan_in_x: 303.0, tan_in_y: 331.0, tan_out_x: 303.0, tan_out_y: 331.0 }
vertex[997]=PF_PathVertex { x: 1.0853271484375, y: 1.0, tan_in_x: 1.0853271484375, tan_in_y: 1.0, tan_out_x: 1.0853271484375, tan_out_y: 1.0 }
vertex[998]=PF_PathVertex { x: 304.0, y: 329.0, tan_in_x: 304.0, tan_in_y: 329.0, tan_out_x: 304.0, tan_out_y: 329.0 }
vertex[999]=PF_PathVertex { x: 2.25, y: 3.0, tan_in_x: 2.25, tan_in_y: 3.0, tan_out_x: 2.25, tan_out_y: 3.0 }
vertex[1000]=PF_PathVertex { x: 303.0, y: 332.0, tan_in_x: 303.0, tan_in_y: 332.0, tan_out_x: 303.0, tan_out_y: 332.0 }
vertex[1001]=PF_PathVertex { x: 1.0009765625, y: 1.0, tan_in_x: 1.0009765625, tan_in_y: 1.0, tan_out_x: 1.0009765625, tan_out_y: 1.0 }
vertex[1002]=PF_PathVertex { x: 304.0, y: 332.0, tan_in_x: 304.0, tan_in_y: 332.0, tan_out_x: 304.0, tan_out_y: 332.0 }
vertex[1003]=PF_PathVertex { x: 1.192138671875, y: 1.0, tan_in_x: 1.192138671875, tan_in_y: 1.0, tan_out_x: 1.192138671875, tan_out_y: 1.0 }
vertex[1004]=PF_PathVertex { x: 304.0, y: 333.0, tan_in_x: 304.0, tan_in_y: 333.0, tan_out_x: 304.0, tan_out_y: 333.0 }
vertex[1005]=PF_PathVertex { x: 1.051025390625, y: 1.0, tan_in_x: 1.051025390625, tan_in_y: 1.0, tan_out_x: 1.051025390625, tan_out_y: 1.0 }
vertex[1006]=PF_PathVertex { x: 305.0, y: 332.0, tan_in_x: 305.0, tan_in_y: 332.0, tan_out_x: 305.0, tan_out_y: 332.0 }
vertex[1007]=PF_PathVertex { x: 1.25, y: 1.0, tan_in_x: 1.25, tan_in_y: 1.0, tan_out_x: 1.25, tan_out_y: 1.0 }
vertex[1008]=PF_PathVertex { x: 305.0, y: 333.0, tan_in_x: 305.0, tan_in_y: 333.0, tan_out_x: 305.0, tan_out_y: 333.0 }
vertex[1009]=PF_PathVertex { x: 1.2490234375, y: 1.0, tan_in_x: 1.2490234375, tan_in_y: 1.0, tan_out_x: 1.2490234375, tan_out_y: 1.0 }
vertex[1010]=PF_PathVertex { x: 305.0, y: 334.0, tan_in_x: 305.0, tan_in_y: 334.0, tan_out_x: 305.0, tan_out_y: 334.0 }
vertex[1011]=PF_PathVertex { x: 1.1568603515625, y: 1.0, tan_in_x: 1.1568603515625, tan_in_y: 1.0, tan_out_x: 1.1568603515625, tan_out_y: 1.0 }
vertex[1012]=PF_PathVertex { x: 305.0, y: 335.0, tan_in_x: 305.0, tan_in_y: 335.0, tan_out_x: 305.0, tan_out_y: 335.0 }
vertex[1013]=PF_PathVertex { x: 1.0255126953125, y: 1.0, tan_in_x: 1.0255126953125, tan_in_y: 1.0, tan_out_x: 1.0255126953125, tan_out_y: 1.0 }
vertex[1014]=PF_PathVertex { x: 306.0, y: 327.0, tan_in_x: 306.0, tan_in_y: 327.0, tan_out_x: 306.0, tan_out_y: 327.0 }
vertex[1015]=PF_PathVertex { x: 6.25, y: 5.0, tan_in_x: 6.25, tan_in_y: 5.0, tan_out_x: 6.25, tan_out_y: 5.0 }
vertex[1016]=PF_PathVertex { x: 306.0, y: 332.0, tan_in_x: 306.0, tan_in_y: 332.0, tan_out_x: 306.0, tan_out_y: 332.0 }
vertex[1017]=PF_PathVertex { x: 3.25, y: 2.0, tan_in_x: 3.25, tan_in_y: 2.0, tan_out_x: 3.25, tan_out_y: 2.0 }
vertex[1018]=PF_PathVertex { x: 306.0, y: 334.0, tan_in_x: 306.0, tan_in_y: 334.0, tan_out_x: 306.0, tan_out_y: 334.0 }
vertex[1019]=PF_PathVertex { x: 1.25, y: 1.0, tan_in_x: 1.25, tan_in_y: 1.0, tan_out_x: 1.25, tan_out_y: 1.0 }
vertex[1020]=PF_PathVertex { x: 306.0, y: 335.0, tan_in_x: 306.0, tan_in_y: 335.0, tan_out_x: 306.0, tan_out_y: 335.0 }
vertex[1021]=PF_PathVertex { x: 1.2392578125, y: 1.0, tan_in_x: 1.2392578125, tan_in_y: 1.0, tan_out_x: 1.2392578125, tan_out_y: 1.0 }
vertex[1022]=PF_PathVertex { x: 306.0, y: 336.0, tan_in_x: 306.0, tan_in_y: 336.0, tan_out_x: 306.0, tan_out_y: 336.0 }
vertex[1023]=PF_PathVertex { x: 1.12060546875, y: 1.0, tan_in_x: 1.12060546875, tan_in_y: 1.0, tan_out_x: 1.12060546875, tan_out_y: 1.0 }
vertex[1024]=PF_PathVertex { x: 307.0, y: 334.0, tan_in_x: 307.0, tan_in_y: 334.0, tan_out_x: 307.0, tan_out_y: 334.0 }
vertex[1025]=PF_PathVertex { x: 2.25, y: 3.0, tan_in_x: 2.25, tan_in_y: 3.0, tan_out_x: 2.25, tan_out_y: 3.0 }
vertex[1026]=PF_PathVertex { x: 309.0, y: 332.0, tan_in_x: 309.0, tan_in_y: 332.0, tan_out_x: 309.0, tan_out_y: 332.0 }
vertex[1027]=PF_PathVertex { x: 3.25, y: 5.0, tan_in_x: 3.25, tan_in_y: 5.0, tan_out_x: 3.25, tan_out_y: 5.0 }
vertex[1028]=PF_PathVertex { x: 312.0, y: 318.0, tan_in_x: 312.0, tan_in_y: 318.0, tan_out_x: 312.0, tan_out_y: 318.0 }
vertex[1029]=PF_PathVertex { x: 13.25, y: 19.0, tan_in_x: 13.25, tan_in_y: 19.0, tan_out_x: 13.25, tan_out_y: 19.0 }
vertex[1030]=PF_PathVertex { x: 325.0, y: 300.0, tan_in_x: 325.0, tan_in_y: 300.0, tan_out_x: 325.0, tan_out_y: 300.0 }
vertex[1031]=PF_PathVertex { x: 25.25, y: 37.0, tan_in_x: 25.25, tan_in_y: 37.0, tan_out_x: 25.25, tan_out_y: 37.0 }
vertex[1032]=PF_PathVertex { x: 306.0, y: 337.0, tan_in_x: 306.0, tan_in_y: 337.0, tan_out_x: 306.0, tan_out_y: 337.0 }
vertex[1033]=PF_PathVertex { x: 1.0087890625, y: 1.0, tan_in_x: 1.0087890625, tan_in_y: 1.0, tan_out_x: 1.0087890625, tan_out_y: 1.0 }
vertex[1034]=PF_PathVertex { x: 307.0, y: 337.0, tan_in_x: 307.0, tan_in_y: 337.0, tan_out_x: 307.0, tan_out_y: 337.0 }
vertex[1035]=PF_PathVertex { x: 1.2196044921875, y: 1.0, tan_in_x: 1.2196044921875, tan_in_y: 1.0, tan_out_x: 1.2196044921875, tan_out_y: 1.0 }
vertex[1036]=PF_PathVertex { x: 307.0, y: 338.0, tan_in_x: 307.0, tan_in_y: 338.0, tan_out_x: 307.0, tan_out_y: 338.0 }
vertex[1037]=PF_PathVertex { x: 1.0853271484375, y: 1.0, tan_in_x: 1.0853271484375, tan_in_y: 1.0, tan_out_x: 1.0853271484375, tan_out_y: 1.0 }
vertex[1038]=PF_PathVertex { x: 308.0, y: 337.0, tan_in_x: 308.0, tan_in_y: 337.0, tan_out_x: 308.0, tan_out_y: 337.0 }
vertex[1039]=PF_PathVertex { x: 1.25, y: 2.0, tan_in_x: 1.25, tan_in_y: 2.0, tan_out_x: 1.25, tan_out_y: 2.0 }
vertex[1040]=PF_PathVertex { x: 307.0, y: 339.0, tan_in_x: 307.0, tan_in_y: 339.0, tan_out_x: 307.0, tan_out_y: 339.0 }
vertex[1041]=PF_PathVertex { x: 1.0009765625, y: 1.0, tan_in_x: 1.0009765625, tan_in_y: 1.0, tan_out_x: 1.0009765625, tan_out_y: 1.0 }
vertex[1042]=PF_PathVertex { x: 308.0, y: 339.0, tan_in_x: 308.0, tan_in_y: 339.0, tan_out_x: 308.0, tan_out_y: 339.0 }
vertex[1043]=PF_PathVertex { x: 1.192138671875, y: 1.0, tan_in_x: 1.192138671875, tan_in_y: 1.0, tan_out_x: 1.192138671875, tan_out_y: 1.0 }
vertex[1044]=PF_PathVertex { x: 308.0, y: 340.0, tan_in_x: 308.0, tan_in_y: 340.0, tan_out_x: 308.0, tan_out_y: 340.0 }
vertex[1045]=PF_PathVertex { x: 1.051025390625, y: 1.0, tan_in_x: 1.051025390625, tan_in_y: 1.0, tan_out_x: 1.051025390625, tan_out_y: 1.0 }
vertex[1046]=PF_PathVertex { x: 309.0, y: 337.0, tan_in_x: 309.0, tan_in_y: 337.0, tan_out_x: 309.0, tan_out_y: 337.0 }
vertex[1047]=PF_PathVertex { x: 3.25, y: 2.0, tan_in_x: 3.25, tan_in_y: 2.0, tan_out_x: 3.25, tan_out_y: 2.0 }
vertex[1048]=PF_PathVertex { x: 309.0, y: 339.0, tan_in_x: 309.0, tan_in_y: 339.0, tan_out_x: 309.0, tan_out_y: 339.0 }
vertex[1049]=PF_PathVertex { x: 1.25, y: 1.0, tan_in_x: 1.25, tan_in_y: 1.0, tan_out_x: 1.25, tan_out_y: 1.0 }
vertex[1050]=PF_PathVertex { x: 309.0, y: 340.0, tan_in_x: 309.0, tan_in_y: 340.0, tan_out_x: 309.0, tan_out_y: 340.0 }
vertex[1051]=PF_PathVertex { x: 1.2490234375, y: 1.0, tan_in_x: 1.2490234375, tan_in_y: 1.0, tan_out_x: 1.2490234375, tan_out_y: 1.0 }
vertex[1052]=PF_PathVertex { x: 310.0, y: 339.0, tan_in_x: 310.0, tan_in_y: 339.0, tan_out_x: 310.0, tan_out_y: 339.0 }
vertex[1053]=PF_PathVertex { x: 2.25, y: 2.0, tan_in_x: 2.25, tan_in_y: 2.0, tan_out_x: 2.25, tan_out_y: 2.0 }
vertex[1054]=PF_PathVertex { x: 309.0, y: 341.0, tan_in_x: 309.0, tan_in_y: 341.0, tan_out_x: 309.0, tan_out_y: 341.0 }
vertex[1055]=PF_PathVertex { x: 1.1568603515625, y: 1.0, tan_in_x: 1.1568603515625, tan_in_y: 1.0, tan_out_x: 1.1568603515625, tan_out_y: 1.0 }
vertex[1056]=PF_PathVertex { x: 309.0, y: 342.0, tan_in_x: 309.0, tan_in_y: 342.0, tan_out_x: 309.0, tan_out_y: 342.0 }
vertex[1057]=PF_PathVertex { x: 1.0255126953125, y: 1.0, tan_in_x: 1.0255126953125, tan_in_y: 1.0, tan_out_x: 1.0255126953125, tan_out_y: 1.0 }
vertex[1058]=PF_PathVertex { x: 310.0, y: 341.0, tan_in_x: 310.0, tan_in_y: 341.0, tan_out_x: 310.0, tan_out_y: 341.0 }
vertex[1059]=PF_PathVertex { x: 1.25, y: 1.0, tan_in_x: 1.25, tan_in_y: 1.0, tan_out_x: 1.25, tan_out_y: 1.0 }
vertex[1060]=PF_PathVertex { x: 310.0, y: 342.0, tan_in_x: 310.0, tan_in_y: 342.0, tan_out_x: 310.0, tan_out_y: 342.0 }
vertex[1061]=PF_PathVertex { x: 1.2392578125, y: 1.0, tan_in_x: 1.2392578125, tan_in_y: 1.0, tan_out_x: 1.2392578125, tan_out_y: 1.0 }
vertex[1062]=PF_PathVertex { x: 311.0, y: 341.0, tan_in_x: 311.0, tan_in_y: 341.0, tan_out_x: 311.0, tan_out_y: 341.0 }
vertex[1063]=PF_PathVertex { x: 1.25, y: 2.0, tan_in_x: 1.25, tan_in_y: 2.0, tan_out_x: 1.25, tan_out_y: 2.0 }
vertex[1064]=PF_PathVertex { x: 310.0, y: 343.0, tan_in_x: 310.0, tan_in_y: 343.0, tan_out_x: 310.0, tan_out_y: 343.0 }
vertex[1065]=PF_PathVertex { x: 1.12060546875, y: 1.0, tan_in_x: 1.12060546875, tan_in_y: 1.0, tan_out_x: 1.12060546875, tan_out_y: 1.0 }
vertex[1066]=PF_PathVertex { x: 311.0, y: 343.0, tan_in_x: 311.0, tan_in_y: 343.0, tan_out_x: 311.0, tan_out_y: 343.0 }
vertex[1067]=PF_PathVertex { x: 1.25, y: 1.0, tan_in_x: 1.25, tan_in_y: 1.0, tan_out_x: 1.25, tan_out_y: 1.0 }
vertex[1068]=PF_PathVertex { x: 310.0, y: 344.0, tan_in_x: 310.0, tan_in_y: 344.0, tan_out_x: 310.0, tan_out_y: 344.0 }
vertex[1069]=PF_PathVertex { x: 1.0087890625, y: 1.0, tan_in_x: 1.0087890625, tan_in_y: 1.0, tan_out_x: 1.0087890625, tan_out_y: 1.0 }
vertex[1070]=PF_PathVertex { x: 311.0, y: 344.0, tan_in_x: 311.0, tan_in_y: 344.0, tan_out_x: 311.0, tan_out_y: 344.0 }
vertex[1071]=PF_PathVertex { x: 1.2196044921875, y: 1.0, tan_in_x: 1.2196044921875, tan_in_y: 1.0, tan_out_x: 1.2196044921875, tan_out_y: 1.0 }
vertex[1072]=PF_PathVertex { x: 311.0, y: 345.0, tan_in_x: 311.0, tan_in_y: 345.0, tan_out_x: 311.0, tan_out_y: 345.0 }
vertex[1073]=PF_PathVertex { x: 1.0853271484375, y: 1.0, tan_in_x: 1.0853271484375, tan_in_y: 1.0, tan_out_x: 1.0853271484375, tan_out_y: 1.0 }
vertex[1074]=PF_PathVertex { x: 311.0, y: 346.0, tan_in_x: 311.0, tan_in_y: 346.0, tan_out_x: 311.0, tan_out_y: 346.0 }
vertex[1075]=PF_PathVertex { x: 1.0009765625, y: 1.0, tan_in_x: 1.0009765625, tan_in_y: 1.0, tan_out_x: 1.0009765625, tan_out_y: 1.0 }
vertex[1076]=PF_PathVertex { x: 312.0, y: 337.0, tan_in_x: 312.0, tan_in_y: 337.0, tan_out_x: 312.0, tan_out_y: 337.0 }
vertex[1077]=PF_PathVertex { x: 13.25, y: 9.0, tan_in_x: 13.25, tan_in_y: 9.0, tan_out_x: 13.25, tan_out_y: 9.0 }
vertex[1078]=PF_PathVertex { x: 312.0, y: 346.0, tan_in_x: 312.0, tan_in_y: 346.0, tan_out_x: 312.0, tan_out_y: 346.0 }
vertex[1079]=PF_PathVertex { x: 1.192138671875, y: 1.0, tan_in_x: 1.192138671875, tan_in_y: 1.0, tan_out_x: 1.192138671875, tan_out_y: 1.0 }
vertex[1080]=PF_PathVertex { x: 312.0, y: 347.0, tan_in_x: 312.0, tan_in_y: 347.0, tan_out_x: 312.0, tan_out_y: 347.0 }
vertex[1081]=PF_PathVertex { x: 1.051025390625, y: 1.0, tan_in_x: 1.051025390625, tan_in_y: 1.0, tan_out_x: 1.051025390625, tan_out_y: 1.0 }
vertex[1082]=PF_PathVertex { x: 313.0, y: 346.0, tan_in_x: 313.0, tan_in_y: 346.0, tan_out_x: 313.0, tan_out_y: 346.0 }
vertex[1083]=PF_PathVertex { x: 1.25, y: 1.0, tan_in_x: 1.25, tan_in_y: 1.0, tan_out_x: 1.25, tan_out_y: 1.0 }
vertex[1084]=PF_PathVertex { x: 313.0, y: 347.0, tan_in_x: 313.0, tan_in_y: 347.0, tan_out_x: 313.0, tan_out_y: 347.0 }
vertex[1085]=PF_PathVertex { x: 1.2490234375, y: 1.0, tan_in_x: 1.2490234375, tan_in_y: 1.0, tan_out_x: 1.2490234375, tan_out_y: 1.0 }
vertex[1086]=PF_PathVertex { x: 314.0, y: 346.0, tan_in_x: 314.0, tan_in_y: 346.0, tan_out_x: 314.0, tan_out_y: 346.0 }
vertex[1087]=PF_PathVertex { x: 1.25, y: 2.0, tan_in_x: 1.25, tan_in_y: 2.0, tan_out_x: 1.25, tan_out_y: 2.0 }
vertex[1088]=PF_PathVertex { x: 313.0, y: 348.0, tan_in_x: 313.0, tan_in_y: 348.0, tan_out_x: 313.0, tan_out_y: 348.0 }
vertex[1089]=PF_PathVertex { x: 1.1568603515625, y: 1.0, tan_in_x: 1.1568603515625, tan_in_y: 1.0, tan_out_x: 1.1568603515625, tan_out_y: 1.0 }
vertex[1090]=PF_PathVertex { x: 314.0, y: 348.0, tan_in_x: 314.0, tan_in_y: 348.0, tan_out_x: 314.0, tan_out_y: 348.0 }
vertex[1091]=PF_PathVertex { x: 1.25, y: 1.0, tan_in_x: 1.25, tan_in_y: 1.0, tan_out_x: 1.25, tan_out_y: 1.0 }
vertex[1092]=PF_PathVertex { x: 313.0, y: 349.0, tan_in_x: 313.0, tan_in_y: 349.0, tan_out_x: 313.0, tan_out_y: 349.0 }
vertex[1093]=PF_PathVertex { x: 1.0255126953125, y: 1.0, tan_in_x: 1.0255126953125, tan_in_y: 1.0, tan_out_x: 1.0255126953125, tan_out_y: 1.0 }
vertex[1094]=PF_PathVertex { x: 314.0, y: 349.0, tan_in_x: 314.0, tan_in_y: 349.0, tan_out_x: 314.0, tan_out_y: 349.0 }
vertex[1095]=PF_PathVertex { x: 1.2392578125, y: 1.0, tan_in_x: 1.2392578125, tan_in_y: 1.0, tan_out_x: 1.2392578125, tan_out_y: 1.0 }
vertex[1096]=PF_PathVertex { x: 314.0, y: 350.0, tan_in_x: 314.0, tan_in_y: 350.0, tan_out_x: 314.0, tan_out_y: 350.0 }
vertex[1097]=PF_PathVertex { x: 1.12060546875, y: 1.0, tan_in_x: 1.12060546875, tan_in_y: 1.0, tan_out_x: 1.12060546875, tan_out_y: 1.0 }
vertex[1098]=PF_PathVertex { x: 315.0, y: 346.0, tan_in_x: 315.0, tan_in_y: 346.0, tan_out_x: 315.0, tan_out_y: 346.0 }
vertex[1099]=PF_PathVertex { x: 3.25, y: 5.0, tan_in_x: 3.25, tan_in_y: 5.0, tan_out_x: 3.25, tan_out_y: 5.0 }
vertex[1100]=PF_PathVertex { x: 314.0, y: 351.0, tan_in_x: 314.0, tan_in_y: 351.0, tan_out_x: 314.0, tan_out_y: 351.0 }
vertex[1101]=PF_PathVertex { x: 1.0087890625, y: 1.0, tan_in_x: 1.0087890625, tan_in_y: 1.0, tan_out_x: 1.0087890625, tan_out_y: 1.0 }
vertex[1102]=PF_PathVertex { x: 315.0, y: 351.0, tan_in_x: 315.0, tan_in_y: 351.0, tan_out_x: 315.0, tan_out_y: 351.0 }
vertex[1103]=PF_PathVertex { x: 1.2196044921875, y: 1.0, tan_in_x: 1.2196044921875, tan_in_y: 1.0, tan_out_x: 1.2196044921875, tan_out_y: 1.0 }
vertex[1104]=PF_PathVertex { x: 315.0, y: 352.0, tan_in_x: 315.0, tan_in_y: 352.0, tan_out_x: 315.0, tan_out_y: 352.0 }
vertex[1105]=PF_PathVertex { x: 1.0853271484375, y: 1.0, tan_in_x: 1.0853271484375, tan_in_y: 1.0, tan_out_x: 1.0853271484375, tan_out_y: 1.0 }
vertex[1106]=PF_PathVertex { x: 316.0, y: 351.0, tan_in_x: 316.0, tan_in_y: 351.0, tan_out_x: 316.0, tan_out_y: 351.0 }
vertex[1107]=PF_PathVertex { x: 2.25, y: 2.0, tan_in_x: 2.25, tan_in_y: 2.0, tan_out_x: 2.25, tan_out_y: 2.0 }
vertex[1108]=PF_PathVertex { x: 315.0, y: 353.0, tan_in_x: 315.0, tan_in_y: 353.0, tan_out_x: 315.0, tan_out_y: 353.0 }
vertex[1109]=PF_PathVertex { x: 1.0009765625, y: 1.0, tan_in_x: 1.0009765625, tan_in_y: 1.0, tan_out_x: 1.0009765625, tan_out_y: 1.0 }
vertex[1110]=PF_PathVertex { x: 316.0, y: 353.0, tan_in_x: 316.0, tan_in_y: 353.0, tan_out_x: 316.0, tan_out_y: 353.0 }
vertex[1111]=PF_PathVertex { x: 1.192138671875, y: 1.0, tan_in_x: 1.192138671875, tan_in_y: 1.0, tan_out_x: 1.192138671875, tan_out_y: 1.0 }
vertex[1112]=PF_PathVertex { x: 317.0, y: 353.0, tan_in_x: 317.0, tan_in_y: 353.0, tan_out_x: 317.0, tan_out_y: 353.0 }
vertex[1113]=PF_PathVertex { x: 1.25, y: 1.0, tan_in_x: 1.25, tan_in_y: 1.0, tan_out_x: 1.25, tan_out_y: 1.0 }
vertex[1114]=PF_PathVertex { x: 316.0, y: 354.0, tan_in_x: 316.0, tan_in_y: 354.0, tan_out_x: 316.0, tan_out_y: 354.0 }
vertex[1115]=PF_PathVertex { x: 1.051025390625, y: 1.0, tan_in_x: 1.051025390625, tan_in_y: 1.0, tan_out_x: 1.051025390625, tan_out_y: 1.0 }
vertex[1116]=PF_PathVertex { x: 317.0, y: 354.0, tan_in_x: 317.0, tan_in_y: 354.0, tan_out_x: 317.0, tan_out_y: 354.0 }
vertex[1117]=PF_PathVertex { x: 1.2490234375, y: 1.0, tan_in_x: 1.2490234375, tan_in_y: 1.0, tan_out_x: 1.2490234375, tan_out_y: 1.0 }
vertex[1118]=PF_PathVertex { x: 317.0, y: 355.0, tan_in_x: 317.0, tan_in_y: 355.0, tan_out_x: 317.0, tan_out_y: 355.0 }
vertex[1119]=PF_PathVertex { x: 1.1568603515625, y: 1.0, tan_in_x: 1.1568603515625, tan_in_y: 1.0, tan_out_x: 1.1568603515625, tan_out_y: 1.0 }
vertex[1120]=PF_PathVertex { x: 318.0, y: 346.0, tan_in_x: 318.0, tan_in_y: 346.0, tan_out_x: 318.0, tan_out_y: 346.0 }
vertex[1121]=PF_PathVertex { x: 7.25, y: 10.0, tan_in_x: 7.25, tan_in_y: 10.0, tan_out_x: 7.25, tan_out_y: 10.0 }
vertex[1122]=PF_PathVertex { x: 317.0, y: 356.0, tan_in_x: 317.0, tan_in_y: 356.0, tan_out_x: 317.0, tan_out_y: 356.0 }
vertex[1123]=PF_PathVertex { x: 1.0255126953125, y: 1.0, tan_in_x: 1.0255126953125, tan_in_y: 1.0, tan_out_x: 1.0255126953125, tan_out_y: 1.0 }
vertex[1124]=PF_PathVertex { x: 318.0, y: 356.0, tan_in_x: 318.0, tan_in_y: 356.0, tan_out_x: 318.0, tan_out_y: 356.0 }
vertex[1125]=PF_PathVertex { x: 1.2392578125, y: 1.0, tan_in_x: 1.2392578125, tan_in_y: 1.0, tan_out_x: 1.2392578125, tan_out_y: 1.0 }
vertex[1126]=PF_PathVertex { x: 318.0, y: 357.0, tan_in_x: 318.0, tan_in_y: 357.0, tan_out_x: 318.0, tan_out_y: 357.0 }
vertex[1127]=PF_PathVertex { x: 1.12060546875, y: 1.0, tan_in_x: 1.12060546875, tan_in_y: 1.0, tan_out_x: 1.12060546875, tan_out_y: 1.0 }
vertex[1128]=PF_PathVertex { x: 319.0, y: 356.0, tan_in_x: 319.0, tan_in_y: 356.0, tan_out_x: 319.0, tan_out_y: 356.0 }
vertex[1129]=PF_PathVertex { x: 2.25, y: 2.0, tan_in_x: 2.25, tan_in_y: 2.0, tan_out_x: 2.25, tan_out_y: 2.0 }
vertex[1130]=PF_PathVertex { x: 318.0, y: 358.0, tan_in_x: 318.0, tan_in_y: 358.0, tan_out_x: 318.0, tan_out_y: 358.0 }
vertex[1131]=PF_PathVertex { x: 1.0087890625, y: 1.0, tan_in_x: 1.0087890625, tan_in_y: 1.0, tan_out_x: 1.0087890625, tan_out_y: 1.0 }
vertex[1132]=PF_PathVertex { x: 319.0, y: 358.0, tan_in_x: 319.0, tan_in_y: 358.0, tan_out_x: 319.0, tan_out_y: 358.0 }
vertex[1133]=PF_PathVertex { x: 1.2196044921875, y: 1.0, tan_in_x: 1.2196044921875, tan_in_y: 1.0, tan_out_x: 1.2196044921875, tan_out_y: 1.0 }
vertex[1134]=PF_PathVertex { x: 319.0, y: 359.0, tan_in_x: 319.0, tan_in_y: 359.0, tan_out_x: 319.0, tan_out_y: 359.0 }
vertex[1135]=PF_PathVertex { x: 1.0853271484375, y: 1.0, tan_in_x: 1.0853271484375, tan_in_y: 1.0, tan_out_x: 1.0853271484375, tan_out_y: 1.0 }
vertex[1136]=PF_PathVertex { x: 320.0, y: 358.0, tan_in_x: 320.0, tan_in_y: 358.0, tan_out_x: 320.0, tan_out_y: 358.0 }
vertex[1137]=PF_PathVertex { x: 1.25, y: 2.0, tan_in_x: 1.25, tan_in_y: 2.0, tan_out_x: 1.25, tan_out_y: 2.0 }
vertex[1138]=PF_PathVertex { x: 321.0, y: 356.0, tan_in_x: 321.0, tan_in_y: 356.0, tan_out_x: 321.0, tan_out_y: 356.0 }
vertex[1139]=PF_PathVertex { x: 4.25, y: 4.0, tan_in_x: 4.25, tan_in_y: 4.0, tan_out_x: 4.25, tan_out_y: 4.0 }
vertex[1140]=PF_PathVertex { x: 319.0, y: 360.0, tan_in_x: 319.0, tan_in_y: 360.0, tan_out_x: 319.0, tan_out_y: 360.0 }
vertex[1141]=PF_PathVertex { x: 1.0009765625, y: 1.0, tan_in_x: 1.0009765625, tan_in_y: 1.0, tan_out_x: 1.0009765625, tan_out_y: 1.0 }
vertex[1142]=PF_PathVertex { x: 320.0, y: 360.0, tan_in_x: 320.0, tan_in_y: 360.0, tan_out_x: 320.0, tan_out_y: 360.0 }
vertex[1143]=PF_PathVertex { x: 1.192138671875, y: 1.0, tan_in_x: 1.192138671875, tan_in_y: 1.0, tan_out_x: 1.192138671875, tan_out_y: 1.0 }
vertex[1144]=PF_PathVertex { x: 320.0, y: 361.0, tan_in_x: 320.0, tan_in_y: 361.0, tan_out_x: 320.0, tan_out_y: 361.0 }
vertex[1145]=PF_PathVertex { x: 1.051025390625, y: 1.0, tan_in_x: 1.051025390625, tan_in_y: 1.0, tan_out_x: 1.051025390625, tan_out_y: 1.0 }
vertex[1146]=PF_PathVertex { x: 321.0, y: 360.0, tan_in_x: 321.0, tan_in_y: 360.0, tan_out_x: 321.0, tan_out_y: 360.0 }
vertex[1147]=PF_PathVertex { x: 1.25, y: 1.0, tan_in_x: 1.25, tan_in_y: 1.0, tan_out_x: 1.25, tan_out_y: 1.0 }
vertex[1148]=PF_PathVertex { x: 321.0, y: 361.0, tan_in_x: 321.0, tan_in_y: 361.0, tan_out_x: 321.0, tan_out_y: 361.0 }
vertex[1149]=PF_PathVertex { x: 1.2490234375, y: 1.0, tan_in_x: 1.2490234375, tan_in_y: 1.0, tan_out_x: 1.2490234375, tan_out_y: 1.0 }
vertex[1150]=PF_PathVertex { x: 322.0, y: 360.0, tan_in_x: 322.0, tan_in_y: 360.0, tan_out_x: 322.0, tan_out_y: 360.0 }
vertex[1151]=PF_PathVertex { x: 1.25, y: 2.0, tan_in_x: 1.25, tan_in_y: 2.0, tan_out_x: 1.25, tan_out_y: 2.0 }
vertex[1152]=PF_PathVertex { x: 323.0, y: 360.0, tan_in_x: 323.0, tan_in_y: 360.0, tan_out_x: 323.0, tan_out_y: 360.0 }
vertex[1153]=PF_PathVertex { x: 2.25, y: 2.0, tan_in_x: 2.25, tan_in_y: 2.0, tan_out_x: 2.25, tan_out_y: 2.0 }
vertex[1154]=PF_PathVertex { x: 321.0, y: 362.0, tan_in_x: 321.0, tan_in_y: 362.0, tan_out_x: 321.0, tan_out_y: 362.0 }
vertex[1155]=PF_PathVertex { x: 1.1568603515625, y: 1.0, tan_in_x: 1.1568603515625, tan_in_y: 1.0, tan_out_x: 1.1568603515625, tan_out_y: 1.0 }
vertex[1156]=PF_PathVertex { x: 322.0, y: 362.0, tan_in_x: 322.0, tan_in_y: 362.0, tan_out_x: 322.0, tan_out_y: 362.0 }
vertex[1157]=PF_PathVertex { x: 1.25, y: 1.0, tan_in_x: 1.25, tan_in_y: 1.0, tan_out_x: 1.25, tan_out_y: 1.0 }
vertex[1158]=PF_PathVertex { x: 321.0, y: 363.0, tan_in_x: 321.0, tan_in_y: 363.0, tan_out_x: 321.0, tan_out_y: 363.0 }
vertex[1159]=PF_PathVertex { x: 1.0255126953125, y: 1.0, tan_in_x: 1.0255126953125, tan_in_y: 1.0, tan_out_x: 1.0255126953125, tan_out_y: 1.0 }
vertex[1160]=PF_PathVertex { x: 322.0, y: 363.0, tan_in_x: 322.0, tan_in_y: 363.0, tan_out_x: 322.0, tan_out_y: 363.0 }
vertex[1161]=PF_PathVertex { x: 1.2392578125, y: 1.0, tan_in_x: 1.2392578125, tan_in_y: 1.0, tan_out_x: 1.2392578125, tan_out_y: 1.0 }
vertex[1162]=PF_PathVertex { x: 322.0, y: 364.0, tan_in_x: 322.0, tan_in_y: 364.0, tan_out_x: 322.0, tan_out_y: 364.0 }
vertex[1163]=PF_PathVertex { x: 1.12060546875, y: 1.0, tan_in_x: 1.12060546875, tan_in_y: 1.0, tan_out_x: 1.12060546875, tan_out_y: 1.0 }
vertex[1164]=PF_PathVertex { x: 323.0, y: 362.0, tan_in_x: 323.0, tan_in_y: 362.0, tan_out_x: 323.0, tan_out_y: 362.0 }
vertex[1165]=PF_PathVertex { x: 2.25, y: 3.0, tan_in_x: 2.25, tan_in_y: 3.0, tan_out_x: 2.25, tan_out_y: 3.0 }
vertex[1166]=PF_PathVertex { x: 322.0, y: 365.0, tan_in_x: 322.0, tan_in_y: 365.0, tan_out_x: 322.0, tan_out_y: 365.0 }
vertex[1167]=PF_PathVertex { x: 1.0087890625, y: 1.0, tan_in_x: 1.0087890625, tan_in_y: 1.0, tan_out_x: 1.0087890625, tan_out_y: 1.0 }
vertex[1168]=PF_PathVertex { x: 323.0, y: 365.0, tan_in_x: 323.0, tan_in_y: 365.0, tan_out_x: 323.0, tan_out_y: 365.0 }
vertex[1169]=PF_PathVertex { x: 1.2196044921875, y: 1.0, tan_in_x: 1.2196044921875, tan_in_y: 1.0, tan_out_x: 1.2196044921875, tan_out_y: 1.0 }
vertex[1170]=PF_PathVertex { x: 323.0, y: 366.0, tan_in_x: 323.0, tan_in_y: 366.0, tan_out_x: 323.0, tan_out_y: 366.0 }
vertex[1171]=PF_PathVertex { x: 1.0853271484375, y: 1.0, tan_in_x: 1.0853271484375, tan_in_y: 1.0, tan_out_x: 1.0853271484375, tan_out_y: 1.0 }
vertex[1172]=PF_PathVertex { x: 324.0, y: 365.0, tan_in_x: 324.0, tan_in_y: 365.0, tan_out_x: 324.0, tan_out_y: 365.0 }
vertex[1173]=PF_PathVertex { x: 1.25, y: 2.0, tan_in_x: 1.25, tan_in_y: 2.0, tan_out_x: 1.25, tan_out_y: 2.0 }
vertex[1174]=PF_PathVertex { x: 323.0, y: 367.0, tan_in_x: 323.0, tan_in_y: 367.0, tan_out_x: 323.0, tan_out_y: 367.0 }
vertex[1175]=PF_PathVertex { x: 1.0009765625, y: 1.0, tan_in_x: 1.0009765625, tan_in_y: 1.0, tan_out_x: 1.0009765625, tan_out_y: 1.0 }
vertex[1176]=PF_PathVertex { x: 324.0, y: 367.0, tan_in_x: 324.0, tan_in_y: 367.0, tan_out_x: 324.0, tan_out_y: 367.0 }
vertex[1177]=PF_PathVertex { x: 1.192138671875, y: 1.0, tan_in_x: 1.192138671875, tan_in_y: 1.0, tan_out_x: 1.192138671875, tan_out_y: 1.0 }
vertex[1178]=PF_PathVertex { x: 324.0, y: 368.0, tan_in_x: 324.0, tan_in_y: 368.0, tan_out_x: 324.0, tan_out_y: 368.0 }
vertex[1179]=PF_PathVertex { x: 1.051025390625, y: 1.0, tan_in_x: 1.051025390625, tan_in_y: 1.0, tan_out_x: 1.051025390625, tan_out_y: 1.0 }
vertex[1180]=PF_PathVertex { x: 325.0, y: 337.0, tan_in_x: 325.0, tan_in_y: 337.0, tan_out_x: 325.0, tan_out_y: 337.0 }
vertex[1181]=PF_PathVertex { x: 25.25, y: 19.0, tan_in_x: 25.25, tan_in_y: 19.0, tan_out_x: 25.25, tan_out_y: 19.0 }
vertex[1182]=PF_PathVertex { x: 325.0, y: 356.0, tan_in_x: 325.0, tan_in_y: 356.0, tan_out_x: 325.0, tan_out_y: 356.0 }
vertex[1183]=PF_PathVertex { x: 12.25, y: 9.0, tan_in_x: 12.25, tan_in_y: 9.0, tan_out_x: 12.25, tan_out_y: 9.0 }
vertex[1184]=PF_PathVertex { x: 325.0, y: 365.0, tan_in_x: 325.0, tan_in_y: 365.0, tan_out_x: 325.0, tan_out_y: 365.0 }
vertex[1185]=PF_PathVertex { x: 3.25, y: 2.0, tan_in_x: 3.25, tan_in_y: 2.0, tan_out_x: 3.25, tan_out_y: 2.0 }
vertex[1186]=PF_PathVertex { x: 325.0, y: 367.0, tan_in_x: 325.0, tan_in_y: 367.0, tan_out_x: 325.0, tan_out_y: 367.0 }
vertex[1187]=PF_PathVertex { x: 1.25, y: 1.0, tan_in_x: 1.25, tan_in_y: 1.0, tan_out_x: 1.25, tan_out_y: 1.0 }
vertex[1188]=PF_PathVertex { x: 325.0, y: 368.0, tan_in_x: 325.0, tan_in_y: 368.0, tan_out_x: 325.0, tan_out_y: 368.0 }
vertex[1189]=PF_PathVertex { x: 1.2490234375, y: 1.0, tan_in_x: 1.2490234375, tan_in_y: 1.0, tan_out_x: 1.2490234375, tan_out_y: 1.0 }
vertex[1190]=PF_PathVertex { x: 325.0, y: 369.0, tan_in_x: 325.0, tan_in_y: 369.0, tan_out_x: 325.0, tan_out_y: 369.0 }
vertex[1191]=PF_PathVertex { x: 1.1568603515625, y: 1.0, tan_in_x: 1.1568603515625, tan_in_y: 1.0, tan_out_x: 1.1568603515625, tan_out_y: 1.0 }
vertex[1192]=PF_PathVertex { x: 326.0, y: 367.0, tan_in_x: 326.0, tan_in_y: 367.0, tan_out_x: 326.0, tan_out_y: 367.0 }
vertex[1193]=PF_PathVertex { x: 2.25, y: 3.0, tan_in_x: 2.25, tan_in_y: 3.0, tan_out_x: 2.25, tan_out_y: 3.0 }
vertex[1194]=PF_PathVertex { x: 328.0, y: 365.0, tan_in_x: 328.0, tan_in_y: 365.0, tan_out_x: 328.0, tan_out_y: 365.0 }
vertex[1195]=PF_PathVertex { x: 3.25, y: 5.0, tan_in_x: 3.25, tan_in_y: 5.0, tan_out_x: 3.25, tan_out_y: 5.0 }
vertex[1196]=PF_PathVertex { x: 325.0, y: 370.0, tan_in_x: 325.0, tan_in_y: 370.0, tan_out_x: 325.0, tan_out_y: 370.0 }
vertex[1197]=PF_PathVertex { x: 1.0255126953125, y: 1.0, tan_in_x: 1.0255126953125, tan_in_y: 1.0, tan_out_x: 1.0255126953125, tan_out_y: 1.0 }
vertex[1198]=PF_PathVertex { x: 326.0, y: 370.0, tan_in_x: 326.0, tan_in_y: 370.0, tan_out_x: 326.0, tan_out_y: 370.0 }
vertex[1199]=PF_PathVertex { x: 1.2392578125, y: 1.0, tan_in_x: 1.2392578125, tan_in_y: 1.0, tan_out_x: 1.2392578125, tan_out_y: 1.0 }
vertex[1200]=PF_PathVertex { x: 326.0, y: 371.0, tan_in_x: 326.0, tan_in_y: 371.0, tan_out_x: 326.0, tan_out_y: 371.0 }
vertex[1201]=PF_PathVertex { x: 1.12060546875, y: 1.0, tan_in_x: 1.12060546875, tan_in_y: 1.0, tan_out_x: 1.12060546875, tan_out_y: 1.0 }
vertex[1202]=PF_PathVertex { x: 327.0, y: 370.0, tan_in_x: 327.0, tan_in_y: 370.0, tan_out_x: 327.0, tan_out_y: 370.0 }
vertex[1203]=PF_PathVertex { x: 1.25, y: 2.0, tan_in_x: 1.25, tan_in_y: 2.0, tan_out_x: 1.25, tan_out_y: 2.0 }
vertex[1204]=PF_PathVertex { x: 326.0, y: 372.0, tan_in_x: 326.0, tan_in_y: 372.0, tan_out_x: 326.0, tan_out_y: 372.0 }
vertex[1205]=PF_PathVertex { x: 1.0087890625, y: 1.0, tan_in_x: 1.0087890625, tan_in_y: 1.0, tan_out_x: 1.0087890625, tan_out_y: 1.0 }
vertex[1206]=PF_PathVertex { x: 327.0, y: 372.0, tan_in_x: 327.0, tan_in_y: 372.0, tan_out_x: 327.0, tan_out_y: 372.0 }
vertex[1207]=PF_PathVertex { x: 1.2196044921875, y: 1.0, tan_in_x: 1.2196044921875, tan_in_y: 1.0, tan_out_x: 1.2196044921875, tan_out_y: 1.0 }
vertex[1208]=PF_PathVertex { x: 327.0, y: 373.0, tan_in_x: 327.0, tan_in_y: 373.0, tan_out_x: 327.0, tan_out_y: 373.0 }
vertex[1209]=PF_PathVertex { x: 1.0853271484375, y: 1.0, tan_in_x: 1.0853271484375, tan_in_y: 1.0, tan_out_x: 1.0853271484375, tan_out_y: 1.0 }
vertex[1210]=PF_PathVertex { x: 327.0, y: 374.0, tan_in_x: 327.0, tan_in_y: 374.0, tan_out_x: 327.0, tan_out_y: 374.0 }
vertex[1211]=PF_PathVertex { x: 1.0009765625, y: 1.0, tan_in_x: 1.0009765625, tan_in_y: 1.0, tan_out_x: 1.0009765625, tan_out_y: 1.0 }
vertex[1212]=PF_PathVertex { x: 328.0, y: 370.0, tan_in_x: 328.0, tan_in_y: 370.0, tan_out_x: 328.0, tan_out_y: 370.0 }
vertex[1213]=PF_PathVertex { x: 3.25, y: 2.0, tan_in_x: 3.25, tan_in_y: 2.0, tan_out_x: 3.25, tan_out_y: 2.0 }
vertex[1214]=PF_PathVertex { x: 328.0, y: 372.0, tan_in_x: 328.0, tan_in_y: 372.0, tan_out_x: 328.0, tan_out_y: 372.0 }
vertex[1215]=PF_PathVertex { x: 1.25, y: 1.0, tan_in_x: 1.25, tan_in_y: 1.0, tan_out_x: 1.25, tan_out_y: 1.0 }
vertex[1216]=PF_PathVertex { x: 328.0, y: 373.0, tan_in_x: 328.0, tan_in_y: 373.0, tan_out_x: 328.0, tan_out_y: 373.0 }
vertex[1217]=PF_PathVertex { x: 1.25, y: 1.0, tan_in_x: 1.25, tan_in_y: 1.0, tan_out_x: 1.25, tan_out_y: 1.0 }
vertex[1218]=PF_PathVertex { x: 328.0, y: 374.0, tan_in_x: 328.0, tan_in_y: 374.0, tan_out_x: 328.0, tan_out_y: 374.0 }
vertex[1219]=PF_PathVertex { x: 1.192138671875, y: 1.0, tan_in_x: 1.192138671875, tan_in_y: 1.0, tan_out_x: 1.192138671875, tan_out_y: 1.0 }
vertex[1220]=PF_PathVertex { x: 329.0, y: 372.0, tan_in_x: 329.0, tan_in_y: 372.0, tan_out_x: 329.0, tan_out_y: 372.0 }
vertex[1221]=PF_PathVertex { x: 2.25, y: 3.0, tan_in_x: 2.25, tan_in_y: 3.0, tan_out_x: 2.25, tan_out_y: 3.0 }
vertex[1222]=PF_PathVertex { x: 331.0, y: 365.0, tan_in_x: 331.0, tan_in_y: 365.0, tan_out_x: 331.0, tan_out_y: 365.0 }
vertex[1223]=PF_PathVertex { x: 6.25, y: 10.0, tan_in_x: 6.25, tan_in_y: 10.0, tan_out_x: 6.25, tan_out_y: 10.0 }
vertex[1224]=PF_PathVertex { x: 337.0, y: 356.0, tan_in_x: 337.0, tan_in_y: 356.0, tan_out_x: 337.0, tan_out_y: 356.0 }
vertex[1225]=PF_PathVertex { x: 13.25, y: 19.0, tan_in_x: 13.25, tan_in_y: 19.0, tan_out_x: 13.25, tan_out_y: 19.0 }
vertex[1226]=PF_PathVertex { x: 350.0, y: 300.0, tan_in_x: 350.0, tan_in_y: 300.0, tan_out_x: 350.0, tan_out_y: 300.0 }
vertex[1227]=PF_PathVertex { x: 50.25, y: 75.0, tan_in_x: 50.25, tan_in_y: 75.0, tan_out_x: 50.25, tan_out_y: 75.0 }
vertex[1228]=PF_PathVertex { x: 328.0, y: 375.0, tan_in_x: 328.0, tan_in_y: 375.0, tan_out_x: 328.0, tan_out_y: 375.0 }
vertex[1229]=PF_PathVertex { x: 1.051025390625, y: 1.0, tan_in_x: 1.051025390625, tan_in_y: 1.0, tan_out_x: 1.051025390625, tan_out_y: 1.0 }
vertex[1230]=PF_PathVertex { x: 329.0, y: 375.0, tan_in_x: 329.0, tan_in_y: 375.0, tan_out_x: 329.0, tan_out_y: 375.0 }
vertex[1231]=PF_PathVertex { x: 1.2490234375, y: 1.0, tan_in_x: 1.2490234375, tan_in_y: 1.0, tan_out_x: 1.2490234375, tan_out_y: 1.0 }
vertex[1232]=PF_PathVertex { x: 329.0, y: 376.0, tan_in_x: 329.0, tan_in_y: 376.0, tan_out_x: 329.0, tan_out_y: 376.0 }
vertex[1233]=PF_PathVertex { x: 1.1568603515625, y: 1.0, tan_in_x: 1.1568603515625, tan_in_y: 1.0, tan_out_x: 1.1568603515625, tan_out_y: 1.0 }
vertex[1234]=PF_PathVertex { x: 330.0, y: 375.0, tan_in_x: 330.0, tan_in_y: 375.0, tan_out_x: 330.0, tan_out_y: 375.0 }
vertex[1235]=PF_PathVertex { x: 1.25, y: 2.0, tan_in_x: 1.25, tan_in_y: 2.0, tan_out_x: 1.25, tan_out_y: 2.0 }
vertex[1236]=PF_PathVertex { x: 329.0, y: 377.0, tan_in_x: 329.0, tan_in_y: 377.0, tan_out_x: 329.0, tan_out_y: 377.0 }
vertex[1237]=PF_PathVertex { x: 1.0255126953125, y: 1.0, tan_in_x: 1.0255126953125, tan_in_y: 1.0, tan_out_x: 1.0255126953125, tan_out_y: 1.0 }
vertex[1238]=PF_PathVertex { x: 330.0, y: 377.0, tan_in_x: 330.0, tan_in_y: 377.0, tan_out_x: 330.0, tan_out_y: 377.0 }
vertex[1239]=PF_PathVertex { x: 1.2392578125, y: 1.0, tan_in_x: 1.2392578125, tan_in_y: 1.0, tan_out_x: 1.2392578125, tan_out_y: 1.0 }
vertex[1240]=PF_PathVertex { x: 330.0, y: 378.0, tan_in_x: 330.0, tan_in_y: 378.0, tan_out_x: 330.0, tan_out_y: 378.0 }
vertex[1241]=PF_PathVertex { x: 1.12060546875, y: 1.0, tan_in_x: 1.12060546875, tan_in_y: 1.0, tan_out_x: 1.12060546875, tan_out_y: 1.0 }
vertex[1242]=PF_PathVertex { x: 330.0, y: 379.0, tan_in_x: 330.0, tan_in_y: 379.0, tan_out_x: 330.0, tan_out_y: 379.0 }
vertex[1243]=PF_PathVertex { x: 1.0087890625, y: 1.0, tan_in_x: 1.0087890625, tan_in_y: 1.0, tan_out_x: 1.0087890625, tan_out_y: 1.0 }
vertex[1244]=PF_PathVertex { x: 331.0, y: 375.0, tan_in_x: 331.0, tan_in_y: 375.0, tan_out_x: 331.0, tan_out_y: 375.0 }
vertex[1245]=PF_PathVertex { x: 6.25, y: 4.0, tan_in_x: 6.25, tan_in_y: 4.0, tan_out_x: 6.25, tan_out_y: 4.0 }
vertex[1246]=PF_PathVertex { x: 331.0, y: 379.0, tan_in_x: 331.0, tan_in_y: 379.0, tan_out_x: 331.0, tan_out_y: 379.0 }
vertex[1247]=PF_PathVertex { x: 1.2196044921875, y: 1.0, tan_in_x: 1.2196044921875, tan_in_y: 1.0, tan_out_x: 1.2196044921875, tan_out_y: 1.0 }
vertex[1248]=PF_PathVertex { x: 331.0, y: 380.0, tan_in_x: 331.0, tan_in_y: 380.0, tan_out_x: 331.0, tan_out_y: 380.0 }
vertex[1249]=PF_PathVertex { x: 1.0853271484375, y: 1.0, tan_in_x: 1.0853271484375, tan_in_y: 1.0, tan_out_x: 1.0853271484375, tan_out_y: 1.0 }
vertex[1250]=PF_PathVertex { x: 332.0, y: 379.0, tan_in_x: 332.0, tan_in_y: 379.0, tan_out_x: 332.0, tan_out_y: 379.0 }
vertex[1251]=PF_PathVertex { x: 2.25, y: 2.0, tan_in_x: 2.25, tan_in_y: 2.0, tan_out_x: 2.25, tan_out_y: 2.0 }
vertex[1252]=PF_PathVertex { x: 331.0, y: 381.0, tan_in_x: 331.0, tan_in_y: 381.0, tan_out_x: 331.0, tan_out_y: 381.0 }
vertex[1253]=PF_PathVertex { x: 1.0009765625, y: 1.0, tan_in_x: 1.0009765625, tan_in_y: 1.0, tan_out_x: 1.0009765625, tan_out_y: 1.0 }
vertex[1254]=PF_PathVertex { x: 332.0, y: 381.0, tan_in_x: 332.0, tan_in_y: 381.0, tan_out_x: 332.0, tan_out_y: 381.0 }
vertex[1255]=PF_PathVertex { x: 1.192138671875, y: 1.0, tan_in_x: 1.192138671875, tan_in_y: 1.0, tan_out_x: 1.192138671875, tan_out_y: 1.0 }
vertex[1256]=PF_PathVertex { x: 333.0, y: 381.0, tan_in_x: 333.0, tan_in_y: 381.0, tan_out_x: 333.0, tan_out_y: 381.0 }
vertex[1257]=PF_PathVertex { x: 1.25, y: 1.0, tan_in_x: 1.25, tan_in_y: 1.0, tan_out_x: 1.25, tan_out_y: 1.0 }
vertex[1258]=PF_PathVertex { x: 332.0, y: 382.0, tan_in_x: 332.0, tan_in_y: 382.0, tan_out_x: 332.0, tan_out_y: 382.0 }
vertex[1259]=PF_PathVertex { x: 1.051025390625, y: 1.0, tan_in_x: 1.051025390625, tan_in_y: 1.0, tan_out_x: 1.051025390625, tan_out_y: 1.0 }
vertex[1260]=PF_PathVertex { x: 333.0, y: 382.0, tan_in_x: 333.0, tan_in_y: 382.0, tan_out_x: 333.0, tan_out_y: 382.0 }
vertex[1261]=PF_PathVertex { x: 1.2490234375, y: 1.0, tan_in_x: 1.2490234375, tan_in_y: 1.0, tan_out_x: 1.2490234375, tan_out_y: 1.0 }
vertex[1262]=PF_PathVertex { x: 333.0, y: 383.0, tan_in_x: 333.0, tan_in_y: 383.0, tan_out_x: 333.0, tan_out_y: 383.0 }
vertex[1263]=PF_PathVertex { x: 1.1568603515625, y: 1.0, tan_in_x: 1.1568603515625, tan_in_y: 1.0, tan_out_x: 1.1568603515625, tan_out_y: 1.0 }
vertex[1264]=PF_PathVertex { x: 334.0, y: 379.0, tan_in_x: 334.0, tan_in_y: 379.0, tan_out_x: 334.0, tan_out_y: 379.0 }
vertex[1265]=PF_PathVertex { x: 3.25, y: 5.0, tan_in_x: 3.25, tan_in_y: 5.0, tan_out_x: 3.25, tan_out_y: 5.0 }
vertex[1266]=PF_PathVertex { x: 333.0, y: 384.0, tan_in_x: 333.0, tan_in_y: 384.0, tan_out_x: 333.0, tan_out_y: 384.0 }
vertex[1267]=PF_PathVertex { x: 1.0255126953125, y: 1.0, tan_in_x: 1.0255126953125, tan_in_y: 1.0, tan_out_x: 1.0255126953125, tan_out_y: 1.0 }
vertex[1268]=PF_PathVertex { x: 334.0, y: 384.0, tan_in_x: 334.0, tan_in_y: 384.0, tan_out_x: 334.0, tan_out_y: 384.0 }
vertex[1269]=PF_PathVertex { x: 1.2392578125, y: 1.0, tan_in_x: 1.2392578125, tan_in_y: 1.0, tan_out_x: 1.2392578125, tan_out_y: 1.0 }
vertex[1270]=PF_PathVertex { x: 334.0, y: 385.0, tan_in_x: 334.0, tan_in_y: 385.0, tan_out_x: 334.0, tan_out_y: 385.0 }
vertex[1271]=PF_PathVertex { x: 1.12060546875, y: 1.0, tan_in_x: 1.12060546875, tan_in_y: 1.0, tan_out_x: 1.12060546875, tan_out_y: 1.0 }
vertex[1272]=PF_PathVertex { x: 335.0, y: 384.0, tan_in_x: 335.0, tan_in_y: 384.0, tan_out_x: 335.0, tan_out_y: 384.0 }
vertex[1273]=PF_PathVertex { x: 2.25, y: 2.0, tan_in_x: 2.25, tan_in_y: 2.0, tan_out_x: 2.25, tan_out_y: 2.0 }
vertex[1274]=PF_PathVertex { x: 334.0, y: 386.0, tan_in_x: 334.0, tan_in_y: 386.0, tan_out_x: 334.0, tan_out_y: 386.0 }
vertex[1275]=PF_PathVertex { x: 1.0087890625, y: 1.0, tan_in_x: 1.0087890625, tan_in_y: 1.0, tan_out_x: 1.0087890625, tan_out_y: 1.0 }
vertex[1276]=PF_PathVertex { x: 335.0, y: 386.0, tan_in_x: 335.0, tan_in_y: 386.0, tan_out_x: 335.0, tan_out_y: 386.0 }
vertex[1277]=PF_PathVertex { x: 1.2196044921875, y: 1.0, tan_in_x: 1.2196044921875, tan_in_y: 1.0, tan_out_x: 1.2196044921875, tan_out_y: 1.0 }
vertex[1278]=PF_PathVertex { x: 335.0, y: 387.0, tan_in_x: 335.0, tan_in_y: 387.0, tan_out_x: 335.0, tan_out_y: 387.0 }
vertex[1279]=PF_PathVertex { x: 1.0853271484375, y: 1.0, tan_in_x: 1.0853271484375, tan_in_y: 1.0, tan_out_x: 1.0853271484375, tan_out_y: 1.0 }
vertex[1280]=PF_PathVertex { x: 336.0, y: 386.0, tan_in_x: 336.0, tan_in_y: 386.0, tan_out_x: 336.0, tan_out_y: 386.0 }
vertex[1281]=PF_PathVertex { x: 1.25, y: 2.0, tan_in_x: 1.25, tan_in_y: 2.0, tan_out_x: 1.25, tan_out_y: 2.0 }
vertex[1282]=PF_PathVertex { x: 335.0, y: 388.0, tan_in_x: 335.0, tan_in_y: 388.0, tan_out_x: 335.0, tan_out_y: 388.0 }
vertex[1283]=PF_PathVertex { x: 1.0009765625, y: 1.0, tan_in_x: 1.0009765625, tan_in_y: 1.0, tan_out_x: 1.0009765625, tan_out_y: 1.0 }
vertex[1284]=PF_PathVertex { x: 336.0, y: 388.0, tan_in_x: 336.0, tan_in_y: 388.0, tan_out_x: 336.0, tan_out_y: 388.0 }
vertex[1285]=PF_PathVertex { x: 1.192138671875, y: 1.0, tan_in_x: 1.192138671875, tan_in_y: 1.0, tan_out_x: 1.192138671875, tan_out_y: 1.0 }
vertex[1286]=PF_PathVertex { x: 336.0, y: 389.0, tan_in_x: 336.0, tan_in_y: 389.0, tan_out_x: 336.0, tan_out_y: 389.0 }
vertex[1287]=PF_PathVertex { x: 1.051025390625, y: 1.0, tan_in_x: 1.051025390625, tan_in_y: 1.0, tan_out_x: 1.051025390625, tan_out_y: 1.0 }
vertex[1288]=PF_PathVertex { x: 337.0, y: 375.0, tan_in_x: 337.0, tan_in_y: 375.0, tan_out_x: 337.0, tan_out_y: 375.0 }
vertex[1289]=PF_PathVertex { x: 13.25, y: 9.0, tan_in_x: 13.25, tan_in_y: 9.0, tan_out_x: 13.25, tan_out_y: 9.0 }
vertex[1290]=PF_PathVertex { x: 337.0, y: 384.0, tan_in_x: 337.0, tan_in_y: 384.0, tan_out_x: 337.0, tan_out_y: 384.0 }
vertex[1291]=PF_PathVertex { x: 6.25, y: 4.0, tan_in_x: 6.25, tan_in_y: 4.0, tan_out_x: 6.25, tan_out_y: 4.0 }
vertex[1292]=PF_PathVertex { x: 337.0, y: 388.0, tan_in_x: 337.0, tan_in_y: 388.0, tan_out_x: 337.0, tan_out_y: 388.0 }
vertex[1293]=PF_PathVertex { x: 1.25, y: 1.0, tan_in_x: 1.25, tan_in_y: 1.0, tan_out_x: 1.25, tan_out_y: 1.0 }
vertex[1294]=PF_PathVertex { x: 337.0, y: 389.0, tan_in_x: 337.0, tan_in_y: 389.0, tan_out_x: 337.0, tan_out_y: 389.0 }
vertex[1295]=PF_PathVertex { x: 1.2490234375, y: 1.0, tan_in_x: 1.2490234375, tan_in_y: 1.0, tan_out_x: 1.2490234375, tan_out_y: 1.0 }
vertex[1296]=PF_PathVertex { x: 338.0, y: 388.0, tan_in_x: 338.0, tan_in_y: 388.0, tan_out_x: 338.0, tan_out_y: 388.0 }
vertex[1297]=PF_PathVertex { x: 2.25, y: 2.0, tan_in_x: 2.25, tan_in_y: 2.0, tan_out_x: 2.25, tan_out_y: 2.0 }
vertex[1298]=PF_PathVertex { x: 337.0, y: 390.0, tan_in_x: 337.0, tan_in_y: 390.0, tan_out_x: 337.0, tan_out_y: 390.0 }
vertex[1299]=PF_PathVertex { x: 1.1568603515625, y: 1.0, tan_in_x: 1.1568603515625, tan_in_y: 1.0, tan_out_x: 1.1568603515625, tan_out_y: 1.0 }
vertex[1300]=PF_PathVertex { x: 337.0, y: 391.0, tan_in_x: 337.0, tan_in_y: 391.0, tan_out_x: 337.0, tan_out_y: 391.0 }
vertex[1301]=PF_PathVertex { x: 1.0255126953125, y: 1.0, tan_in_x: 1.0255126953125, tan_in_y: 1.0, tan_out_x: 1.0255126953125, tan_out_y: 1.0 }
vertex[1302]=PF_PathVertex { x: 338.0, y: 390.0, tan_in_x: 338.0, tan_in_y: 390.0, tan_out_x: 338.0, tan_out_y: 390.0 }
vertex[1303]=PF_PathVertex { x: 2.25, y: 1.0, tan_in_x: 2.25, tan_in_y: 1.0, tan_out_x: 2.25, tan_out_y: 1.0 }
vertex[1304]=PF_PathVertex { x: 338.0, y: 391.0, tan_in_x: 338.0, tan_in_y: 391.0, tan_out_x: 338.0, tan_out_y: 391.0 }
vertex[1305]=PF_PathVertex { x: 1.2392578125, y: 1.0, tan_in_x: 1.2392578125, tan_in_y: 1.0, tan_out_x: 1.2392578125, tan_out_y: 1.0 }
vertex[1306]=PF_PathVertex { x: 338.0, y: 392.0, tan_in_x: 338.0, tan_in_y: 392.0, tan_out_x: 338.0, tan_out_y: 392.0 }
vertex[1307]=PF_PathVertex { x: 1.12060546875, y: 1.0, tan_in_x: 1.12060546875, tan_in_y: 1.0, tan_out_x: 1.12060546875, tan_out_y: 1.0 }
vertex[1308]=PF_PathVertex { x: 339.0, y: 391.0, tan_in_x: 339.0, tan_in_y: 391.0, tan_out_x: 339.0, tan_out_y: 391.0 }
vertex[1309]=PF_PathVertex { x: 1.25, y: 2.0, tan_in_x: 1.25, tan_in_y: 2.0, tan_out_x: 1.25, tan_out_y: 2.0 }
vertex[1310]=PF_PathVertex { x: 340.0, y: 388.0, tan_in_x: 340.0, tan_in_y: 388.0, tan_out_x: 340.0, tan_out_y: 388.0 }
vertex[1311]=PF_PathVertex { x: 3.25, y: 5.0, tan_in_x: 3.25, tan_in_y: 5.0, tan_out_x: 3.25, tan_out_y: 5.0 }
vertex[1312]=PF_PathVertex { x: 343.0, y: 384.0, tan_in_x: 343.0, tan_in_y: 384.0, tan_out_x: 343.0, tan_out_y: 384.0 }
vertex[1313]=PF_PathVertex { x: 7.25, y: 9.0, tan_in_x: 7.25, tan_in_y: 9.0, tan_out_x: 7.25, tan_out_y: 9.0 }
vertex[1314]=PF_PathVertex { x: 338.0, y: 393.0, tan_in_x: 338.0, tan_in_y: 393.0, tan_out_x: 338.0, tan_out_y: 393.0 }
vertex[1315]=PF_PathVertex { x: 1.0087890625, y: 1.0, tan_in_x: 1.0087890625, tan_in_y: 1.0, tan_out_x: 1.0087890625, tan_out_y: 1.0 }
vertex[1316]=PF_PathVertex { x: 339.0, y: 393.0, tan_in_x: 339.0, tan_in_y: 393.0, tan_out_x: 339.0, tan_out_y: 393.0 }
vertex[1317]=PF_PathVertex { x: 1.2196044921875, y: 1.0, tan_in_x: 1.2196044921875, tan_in_y: 1.0, tan_out_x: 1.2196044921875, tan_out_y: 1.0 }
vertex[1318]=PF_PathVertex { x: 339.0, y: 394.0, tan_in_x: 339.0, tan_in_y: 394.0, tan_out_x: 339.0, tan_out_y: 394.0 }
vertex[1319]=PF_PathVertex { x: 1.0853271484375, y: 1.0, tan_in_x: 1.0853271484375, tan_in_y: 1.0, tan_out_x: 1.0853271484375, tan_out_y: 1.0 }
vertex[1320]=PF_PathVertex { x: 339.0, y: 395.0, tan_in_x: 339.0, tan_in_y: 395.0, tan_out_x: 339.0, tan_out_y: 395.0 }
vertex[1321]=PF_PathVertex { x: 1.0009765625, y: 1.0, tan_in_x: 1.0009765625, tan_in_y: 1.0, tan_out_x: 1.0009765625, tan_out_y: 1.0 }
vertex[1322]=PF_PathVertex { x: 340.0, y: 393.0, tan_in_x: 340.0, tan_in_y: 393.0, tan_out_x: 340.0, tan_out_y: 393.0 }
vertex[1323]=PF_PathVertex { x: 3.25, y: 2.0, tan_in_x: 3.25, tan_in_y: 2.0, tan_out_x: 3.25, tan_out_y: 2.0 }
vertex[1324]=PF_PathVertex { x: 340.0, y: 395.0, tan_in_x: 340.0, tan_in_y: 395.0, tan_out_x: 340.0, tan_out_y: 395.0 }
vertex[1325]=PF_PathVertex { x: 1.192138671875, y: 1.0, tan_in_x: 1.192138671875, tan_in_y: 1.0, tan_out_x: 1.192138671875, tan_out_y: 1.0 }
vertex[1326]=PF_PathVertex { x: 340.0, y: 396.0, tan_in_x: 340.0, tan_in_y: 396.0, tan_out_x: 340.0, tan_out_y: 396.0 }
vertex[1327]=PF_PathVertex { x: 1.051025390625, y: 1.0, tan_in_x: 1.051025390625, tan_in_y: 1.0, tan_out_x: 1.051025390625, tan_out_y: 1.0 }
vertex[1328]=PF_PathVertex { x: 341.0, y: 395.0, tan_in_x: 341.0, tan_in_y: 395.0, tan_out_x: 341.0, tan_out_y: 395.0 }
vertex[1329]=PF_PathVertex { x: 1.25, y: 1.0, tan_in_x: 1.25, tan_in_y: 1.0, tan_out_x: 1.25, tan_out_y: 1.0 }
vertex[1330]=PF_PathVertex { x: 341.0, y: 396.0, tan_in_x: 341.0, tan_in_y: 396.0, tan_out_x: 341.0, tan_out_y: 396.0 }
vertex[1331]=PF_PathVertex { x: 1.2490234375, y: 1.0, tan_in_x: 1.2490234375, tan_in_y: 1.0, tan_out_x: 1.2490234375, tan_out_y: 1.0 }
vertex[1332]=PF_PathVertex { x: 342.0, y: 395.0, tan_in_x: 342.0, tan_in_y: 395.0, tan_out_x: 342.0, tan_out_y: 395.0 }
vertex[1333]=PF_PathVertex { x: 1.25, y: 2.0, tan_in_x: 1.25, tan_in_y: 2.0, tan_out_x: 1.25, tan_out_y: 2.0 }
vertex[1334]=PF_PathVertex { x: 341.0, y: 397.0, tan_in_x: 341.0, tan_in_y: 397.0, tan_out_x: 341.0, tan_out_y: 397.0 }
vertex[1335]=PF_PathVertex { x: 1.1568603515625, y: 1.0, tan_in_x: 1.1568603515625, tan_in_y: 1.0, tan_out_x: 1.1568603515625, tan_out_y: 1.0 }
vertex[1336]=PF_PathVertex { x: 341.0, y: 398.0, tan_in_x: 341.0, tan_in_y: 398.0, tan_out_x: 341.0, tan_out_y: 398.0 }
vertex[1337]=PF_PathVertex { x: 1.0255126953125, y: 1.0, tan_in_x: 1.0255126953125, tan_in_y: 1.0, tan_out_x: 1.0255126953125, tan_out_y: 1.0 }
vertex[1338]=PF_PathVertex { x: 342.0, y: 397.0, tan_in_x: 342.0, tan_in_y: 397.0, tan_out_x: 342.0, tan_out_y: 397.0 }
vertex[1339]=PF_PathVertex { x: 1.25, y: 1.0, tan_in_x: 1.25, tan_in_y: 1.0, tan_out_x: 1.25, tan_out_y: 1.0 }
vertex[1340]=PF_PathVertex { x: 342.0, y: 398.0, tan_in_x: 342.0, tan_in_y: 398.0, tan_out_x: 342.0, tan_out_y: 398.0 }
vertex[1341]=PF_PathVertex { x: 1.2392578125, y: 1.0, tan_in_x: 1.2392578125, tan_in_y: 1.0, tan_out_x: 1.2392578125, tan_out_y: 1.0 }
vertex[1342]=PF_PathVertex { x: 342.0, y: 399.0, tan_in_x: 342.0, tan_in_y: 399.0, tan_out_x: 342.0, tan_out_y: 399.0 }
vertex[1343]=PF_PathVertex { x: 1.12060546875, y: 1.0, tan_in_x: 1.12060546875, tan_in_y: 1.0, tan_out_x: 1.12060546875, tan_out_y: 1.0 }
vertex[1344]=PF_PathVertex { x: 342.0, y: 400.0, tan_in_x: 342.0, tan_in_y: 400.0, tan_out_x: 342.0, tan_out_y: 400.0 }
vertex[1345]=PF_PathVertex { x: 1.0087890625, y: 1.0, tan_in_x: 1.0087890625, tan_in_y: 1.0, tan_out_x: 1.0087890625, tan_out_y: 1.0 }
vertex[1346]=PF_PathVertex { x: 343.0, y: 393.0, tan_in_x: 343.0, tan_in_y: 393.0, tan_out_x: 343.0, tan_out_y: 393.0 }
vertex[1347]=PF_PathVertex { x: 7.25, y: 4.0, tan_in_x: 7.25, tan_in_y: 4.0, tan_out_x: 7.25, tan_out_y: 4.0 }
vertex[1348]=PF_PathVertex { x: 343.0, y: 397.0, tan_in_x: 343.0, tan_in_y: 397.0, tan_out_x: 343.0, tan_out_y: 397.0 }
vertex[1349]=PF_PathVertex { x: 3.25, y: 2.0, tan_in_x: 3.25, tan_in_y: 2.0, tan_out_x: 3.25, tan_out_y: 2.0 }
vertex[1350]=PF_PathVertex { x: 343.0, y: 399.0, tan_in_x: 343.0, tan_in_y: 399.0, tan_out_x: 343.0, tan_out_y: 399.0 }
vertex[1351]=PF_PathVertex { x: 1.25, y: 1.0, tan_in_x: 1.25, tan_in_y: 1.0, tan_out_x: 1.25, tan_out_y: 1.0 }
vertex[1352]=PF_PathVertex { x: 343.0, y: 400.0, tan_in_x: 343.0, tan_in_y: 400.0, tan_out_x: 343.0, tan_out_y: 400.0 }
vertex[1353]=PF_PathVertex { x: 1.2196044921875, y: 1.0, tan_in_x: 1.2196044921875, tan_in_y: 1.0, tan_out_x: 1.2196044921875, tan_out_y: 1.0 }
vertex[1354]=PF_PathVertex { x: 343.0, y: 401.0, tan_in_x: 343.0, tan_in_y: 401.0, tan_out_x: 343.0, tan_out_y: 401.0 }
vertex[1355]=PF_PathVertex { x: 1.0853271484375, y: 1.0, tan_in_x: 1.0853271484375, tan_in_y: 1.0, tan_out_x: 1.0853271484375, tan_out_y: 1.0 }
vertex[1356]=PF_PathVertex { x: 344.0, y: 399.0, tan_in_x: 344.0, tan_in_y: 399.0, tan_out_x: 344.0, tan_out_y: 399.0 }
vertex[1357]=PF_PathVertex { x: 2.25, y: 3.0, tan_in_x: 2.25, tan_in_y: 3.0, tan_out_x: 2.25, tan_out_y: 3.0 }
vertex[1358]=PF_PathVertex { x: 346.0, y: 397.0, tan_in_x: 346.0, tan_in_y: 397.0, tan_out_x: 346.0, tan_out_y: 397.0 }
vertex[1359]=PF_PathVertex { x: 4.25, y: 5.0, tan_in_x: 4.25, tan_in_y: 5.0, tan_out_x: 4.25, tan_out_y: 5.0 }
vertex[1360]=PF_PathVertex { x: 343.0, y: 402.0, tan_in_x: 343.0, tan_in_y: 402.0, tan_out_x: 343.0, tan_out_y: 402.0 }
vertex[1361]=PF_PathVertex { x: 1.0009765625, y: 1.0, tan_in_x: 1.0009765625, tan_in_y: 1.0, tan_out_x: 1.0009765625, tan_out_y: 1.0 }
vertex[1362]=PF_PathVertex { x: 344.0, y: 402.0, tan_in_x: 344.0, tan_in_y: 402.0, tan_out_x: 344.0, tan_out_y: 402.0 }
vertex[1363]=PF_PathVertex { x: 1.192138671875, y: 1.0, tan_in_x: 1.192138671875, tan_in_y: 1.0, tan_out_x: 1.192138671875, tan_out_y: 1.0 }
vertex[1364]=PF_PathVertex { x: 344.0, y: 403.0, tan_in_x: 344.0, tan_in_y: 403.0, tan_out_x: 344.0, tan_out_y: 403.0 }
vertex[1365]=PF_PathVertex { x: 1.051025390625, y: 1.0, tan_in_x: 1.051025390625, tan_in_y: 1.0, tan_out_x: 1.051025390625, tan_out_y: 1.0 }
vertex[1366]=PF_PathVertex { x: 345.0, y: 402.0, tan_in_x: 345.0, tan_in_y: 402.0, tan_out_x: 345.0, tan_out_y: 402.0 }
vertex[1367]=PF_PathVertex { x: 1.25, y: 1.0, tan_in_x: 1.25, tan_in_y: 1.0, tan_out_x: 1.25, tan_out_y: 1.0 }
vertex[1368]=PF_PathVertex { x: 345.0, y: 403.0, tan_in_x: 345.0, tan_in_y: 403.0, tan_out_x: 345.0, tan_out_y: 403.0 }
vertex[1369]=PF_PathVertex { x: 1.2490234375, y: 1.0, tan_in_x: 1.2490234375, tan_in_y: 1.0, tan_out_x: 1.2490234375, tan_out_y: 1.0 }
vertex[1370]=PF_PathVertex { x: 345.0, y: 404.0, tan_in_x: 345.0, tan_in_y: 404.0, tan_out_x: 345.0, tan_out_y: 404.0 }
vertex[1371]=PF_PathVertex { x: 1.1568603515625, y: 1.0, tan_in_x: 1.1568603515625, tan_in_y: 1.0, tan_out_x: 1.1568603515625, tan_out_y: 1.0 }
vertex[1372]=PF_PathVertex { x: 345.0, y: 405.0, tan_in_x: 345.0, tan_in_y: 405.0, tan_out_x: 345.0, tan_out_y: 405.0 }
vertex[1373]=PF_PathVertex { x: 1.0255126953125, y: 1.0, tan_in_x: 1.0255126953125, tan_in_y: 1.0, tan_out_x: 1.0255126953125, tan_out_y: 1.0 }
vertex[1374]=PF_PathVertex { x: 346.0, y: 402.0, tan_in_x: 346.0, tan_in_y: 402.0, tan_out_x: 346.0, tan_out_y: 402.0 }
vertex[1375]=PF_PathVertex { x: 4.25, y: 2.0, tan_in_x: 4.25, tan_in_y: 2.0, tan_out_x: 4.25, tan_out_y: 2.0 }
vertex[1376]=PF_PathVertex { x: 346.0, y: 404.0, tan_in_x: 346.0, tan_in_y: 404.0, tan_out_x: 346.0, tan_out_y: 404.0 }
vertex[1377]=PF_PathVertex { x: 2.25, y: 1.0, tan_in_x: 2.25, tan_in_y: 1.0, tan_out_x: 2.25, tan_out_y: 1.0 }
vertex[1378]=PF_PathVertex { x: 346.0, y: 405.0, tan_in_x: 346.0, tan_in_y: 405.0, tan_out_x: 346.0, tan_out_y: 405.0 }
vertex[1379]=PF_PathVertex { x: 1.2392578125, y: 1.0, tan_in_x: 1.2392578125, tan_in_y: 1.0, tan_out_x: 1.2392578125, tan_out_y: 1.0 }
vertex[1380]=PF_PathVertex { x: 346.0, y: 406.0, tan_in_x: 346.0, tan_in_y: 406.0, tan_out_x: 346.0, tan_out_y: 406.0 }
vertex[1381]=PF_PathVertex { x: 1.12060546875, y: 1.0, tan_in_x: 1.12060546875, tan_in_y: 1.0, tan_out_x: 1.12060546875, tan_out_y: 1.0 }
vertex[1382]=PF_PathVertex { x: 347.0, y: 405.0, tan_in_x: 347.0, tan_in_y: 405.0, tan_out_x: 347.0, tan_out_y: 405.0 }
vertex[1383]=PF_PathVertex { x: 1.25, y: 2.0, tan_in_x: 1.25, tan_in_y: 2.0, tan_out_x: 1.25, tan_out_y: 2.0 }
vertex[1384]=PF_PathVertex { x: 348.0, y: 404.0, tan_in_x: 348.0, tan_in_y: 404.0, tan_out_x: 348.0, tan_out_y: 404.0 }
vertex[1385]=PF_PathVertex { x: 2.25, y: 3.0, tan_in_x: 2.25, tan_in_y: 3.0, tan_out_x: 2.25, tan_out_y: 3.0 }
vertex[1386]=PF_PathVertex { x: 346.0, y: 407.0, tan_in_x: 346.0, tan_in_y: 407.0, tan_out_x: 346.0, tan_out_y: 407.0 }
vertex[1387]=PF_PathVertex { x: 1.0087890625, y: 1.0, tan_in_x: 1.0087890625, tan_in_y: 1.0, tan_out_x: 1.0087890625, tan_out_y: 1.0 }
vertex[1388]=PF_PathVertex { x: 347.0, y: 407.0, tan_in_x: 347.0, tan_in_y: 407.0, tan_out_x: 347.0, tan_out_y: 407.0 }
vertex[1389]=PF_PathVertex { x: 1.2196044921875, y: 1.0, tan_in_x: 1.2196044921875, tan_in_y: 1.0, tan_out_x: 1.2196044921875, tan_out_y: 1.0 }
vertex[1390]=PF_PathVertex { x: 347.0, y: 408.0, tan_in_x: 347.0, tan_in_y: 408.0, tan_out_x: 347.0, tan_out_y: 408.0 }
vertex[1391]=PF_PathVertex { x: 1.0853271484375, y: 1.0, tan_in_x: 1.0853271484375, tan_in_y: 1.0, tan_out_x: 1.0853271484375, tan_out_y: 1.0 }
vertex[1392]=PF_PathVertex { x: 348.0, y: 407.0, tan_in_x: 348.0, tan_in_y: 407.0, tan_out_x: 348.0, tan_out_y: 407.0 }
vertex[1393]=PF_PathVertex { x: 2.25, y: 2.0, tan_in_x: 2.25, tan_in_y: 2.0, tan_out_x: 2.25, tan_out_y: 2.0 }
vertex[1394]=PF_PathVertex { x: 347.0, y: 409.0, tan_in_x: 347.0, tan_in_y: 409.0, tan_out_x: 347.0, tan_out_y: 409.0 }
vertex[1395]=PF_PathVertex { x: 1.0009765625, y: 1.0, tan_in_x: 1.0009765625, tan_in_y: 1.0, tan_out_x: 1.0009765625, tan_out_y: 1.0 }
vertex[1396]=PF_PathVertex { x: 348.0, y: 409.0, tan_in_x: 348.0, tan_in_y: 409.0, tan_out_x: 348.0, tan_out_y: 409.0 }
vertex[1397]=PF_PathVertex { x: 1.192138671875, y: 1.0, tan_in_x: 1.192138671875, tan_in_y: 1.0, tan_out_x: 1.192138671875, tan_out_y: 1.0 }
vertex[1398]=PF_PathVertex { x: 349.0, y: 409.0, tan_in_x: 349.0, tan_in_y: 409.0, tan_out_x: 349.0, tan_out_y: 409.0 }
vertex[1399]=PF_PathVertex { x: 1.25, y: 1.0, tan_in_x: 1.25, tan_in_y: 1.0, tan_out_x: 1.25, tan_out_y: 1.0 }
vertex[1400]=PF_PathVertex { x: 348.0, y: 410.0, tan_in_x: 348.0, tan_in_y: 410.0, tan_out_x: 348.0, tan_out_y: 410.0 }
vertex[1401]=PF_PathVertex { x: 1.051025390625, y: 1.0, tan_in_x: 1.051025390625, tan_in_y: 1.0, tan_out_x: 1.051025390625, tan_out_y: 1.0 }
vertex[1402]=PF_PathVertex { x: 349.0, y: 410.0, tan_in_x: 349.0, tan_in_y: 410.0, tan_out_x: 349.0, tan_out_y: 410.0 }
vertex[1403]=PF_PathVertex { x: 1.2490234375, y: 1.0, tan_in_x: 1.2490234375, tan_in_y: 1.0, tan_out_x: 1.2490234375, tan_out_y: 1.0 }
vertex[1404]=PF_PathVertex { x: 349.0, y: 411.0, tan_in_x: 349.0, tan_in_y: 411.0, tan_out_x: 349.0, tan_out_y: 411.0 }
vertex[1405]=PF_PathVertex { x: 1.1568603515625, y: 1.0, tan_in_x: 1.1568603515625, tan_in_y: 1.0, tan_out_x: 1.1568603515625, tan_out_y: 1.0 }
vertex[1406]=PF_PathVertex { x: 349.0, y: 412.0, tan_in_x: 349.0, tan_in_y: 412.0, tan_out_x: 349.0, tan_out_y: 412.0 }
vertex[1407]=PF_PathVertex { x: 1.0255126953125, y: 1.0, tan_in_x: 1.0255126953125, tan_in_y: 1.0, tan_out_x: 1.0255126953125, tan_out_y: 1.0 }
vertex[1408]=PF_PathVertex { x: 350.0, y: 375.0, tan_in_x: 350.0, tan_in_y: 375.0, tan_out_x: 350.0, tan_out_y: 375.0 }
vertex[1409]=PF_PathVertex { x: 50.25, y: 37.0, tan_in_x: 50.25, tan_in_y: 37.0, tan_out_x: 50.25, tan_out_y: 37.0 }
vertex[1410]=PF_PathVertex { x: 350.0, y: 412.0, tan_in_x: 350.0, tan_in_y: 412.0, tan_out_x: 350.0, tan_out_y: 412.0 }
vertex[1411]=PF_PathVertex { x: 1.2392578125, y: 1.0, tan_in_x: 1.2392578125, tan_in_y: 1.0, tan_out_x: 1.2392578125, tan_out_y: 1.0 }
vertex[1412]=PF_PathVertex { x: 350.0, y: 413.0, tan_in_x: 350.0, tan_in_y: 413.0, tan_out_x: 350.0, tan_out_y: 413.0 }
vertex[1413]=PF_PathVertex { x: 1.12060546875, y: 1.0, tan_in_x: 1.12060546875, tan_in_y: 1.0, tan_out_x: 1.12060546875, tan_out_y: 1.0 }
vertex[1414]=PF_PathVertex { x: 351.0, y: 412.0, tan_in_x: 351.0, tan_in_y: 412.0, tan_out_x: 351.0, tan_out_y: 412.0 }
vertex[1415]=PF_PathVertex { x: 2.25, y: 2.0, tan_in_x: 2.25, tan_in_y: 2.0, tan_out_x: 2.25, tan_out_y: 2.0 }
vertex[1416]=PF_PathVertex { x: 350.0, y: 414.0, tan_in_x: 350.0, tan_in_y: 414.0, tan_out_x: 350.0, tan_out_y: 414.0 }
vertex[1417]=PF_PathVertex { x: 1.0087890625, y: 1.0, tan_in_x: 1.0087890625, tan_in_y: 1.0, tan_out_x: 1.0087890625, tan_out_y: 1.0 }
vertex[1418]=PF_PathVertex { x: 351.0, y: 414.0, tan_in_x: 351.0, tan_in_y: 414.0, tan_out_x: 351.0, tan_out_y: 414.0 }
vertex[1419]=PF_PathVertex { x: 1.2196044921875, y: 1.0, tan_in_x: 1.2196044921875, tan_in_y: 1.0, tan_out_x: 1.2196044921875, tan_out_y: 1.0 }
vertex[1420]=PF_PathVertex { x: 351.0, y: 415.0, tan_in_x: 351.0, tan_in_y: 415.0, tan_out_x: 351.0, tan_out_y: 415.0 }
vertex[1421]=PF_PathVertex { x: 1.0853271484375, y: 1.0, tan_in_x: 1.0853271484375, tan_in_y: 1.0, tan_out_x: 1.0853271484375, tan_out_y: 1.0 }
vertex[1422]=PF_PathVertex { x: 352.0, y: 414.0, tan_in_x: 352.0, tan_in_y: 414.0, tan_out_x: 352.0, tan_out_y: 414.0 }
vertex[1423]=PF_PathVertex { x: 1.25, y: 2.0, tan_in_x: 1.25, tan_in_y: 2.0, tan_out_x: 1.25, tan_out_y: 2.0 }
vertex[1424]=PF_PathVertex { x: 353.0, y: 412.0, tan_in_x: 353.0, tan_in_y: 412.0, tan_out_x: 353.0, tan_out_y: 412.0 }
vertex[1425]=PF_PathVertex { x: 3.25, y: 4.0, tan_in_x: 3.25, tan_in_y: 4.0, tan_out_x: 3.25, tan_out_y: 4.0 }
vertex[1426]=PF_PathVertex { x: 351.0, y: 416.0, tan_in_x: 351.0, tan_in_y: 416.0, tan_out_x: 351.0, tan_out_y: 416.0 }
vertex[1427]=PF_PathVertex { x: 1.0009765625, y: 1.0, tan_in_x: 1.0009765625, tan_in_y: 1.0, tan_out_x: 1.0009765625, tan_out_y: 1.0 }
vertex[1428]=PF_PathVertex { x: 352.0, y: 416.0, tan_in_x: 352.0, tan_in_y: 416.0, tan_out_x: 352.0, tan_out_y: 416.0 }
vertex[1429]=PF_PathVertex { x: 1.192138671875, y: 1.0, tan_in_x: 1.192138671875, tan_in_y: 1.0, tan_out_x: 1.192138671875, tan_out_y: 1.0 }
vertex[1430]=PF_PathVertex { x: 352.0, y: 417.0, tan_in_x: 352.0, tan_in_y: 417.0, tan_out_x: 352.0, tan_out_y: 417.0 }
vertex[1431]=PF_PathVertex { x: 1.051025390625, y: 1.0, tan_in_x: 1.051025390625, tan_in_y: 1.0, tan_out_x: 1.051025390625, tan_out_y: 1.0 }
vertex[1432]=PF_PathVertex { x: 353.0, y: 416.0, tan_in_x: 353.0, tan_in_y: 416.0, tan_out_x: 353.0, tan_out_y: 416.0 }
vertex[1433]=PF_PathVertex { x: 1.25, y: 1.0, tan_in_x: 1.25, tan_in_y: 1.0, tan_out_x: 1.25, tan_out_y: 1.0 }
vertex[1434]=PF_PathVertex { x: 353.0, y: 417.0, tan_in_x: 353.0, tan_in_y: 417.0, tan_out_x: 353.0, tan_out_y: 417.0 }
vertex[1435]=PF_PathVertex { x: 1.2490234375, y: 1.0, tan_in_x: 1.2490234375, tan_in_y: 1.0, tan_out_x: 1.2490234375, tan_out_y: 1.0 }
vertex[1436]=PF_PathVertex { x: 354.0, y: 416.0, tan_in_x: 354.0, tan_in_y: 416.0, tan_out_x: 354.0, tan_out_y: 416.0 }
vertex[1437]=PF_PathVertex { x: 2.25, y: 2.0, tan_in_x: 2.25, tan_in_y: 2.0, tan_out_x: 2.25, tan_out_y: 2.0 }
vertex[1438]=PF_PathVertex { x: 353.0, y: 418.0, tan_in_x: 353.0, tan_in_y: 418.0, tan_out_x: 353.0, tan_out_y: 418.0 }
vertex[1439]=PF_PathVertex { x: 1.1568603515625, y: 1.0, tan_in_x: 1.1568603515625, tan_in_y: 1.0, tan_out_x: 1.1568603515625, tan_out_y: 1.0 }
vertex[1440]=PF_PathVertex { x: 353.0, y: 419.0, tan_in_x: 353.0, tan_in_y: 419.0, tan_out_x: 353.0, tan_out_y: 419.0 }
vertex[1441]=PF_PathVertex { x: 1.0255126953125, y: 1.0, tan_in_x: 1.0255126953125, tan_in_y: 1.0, tan_out_x: 1.0255126953125, tan_out_y: 1.0 }
vertex[1442]=PF_PathVertex { x: 354.0, y: 418.0, tan_in_x: 354.0, tan_in_y: 418.0, tan_out_x: 354.0, tan_out_y: 418.0 }
vertex[1443]=PF_PathVertex { x: 2.25, y: 1.0, tan_in_x: 2.25, tan_in_y: 1.0, tan_out_x: 2.25, tan_out_y: 1.0 }
vertex[1444]=PF_PathVertex { x: 354.0, y: 419.0, tan_in_x: 354.0, tan_in_y: 419.0, tan_out_x: 354.0, tan_out_y: 419.0 }
vertex[1445]=PF_PathVertex { x: 1.2392578125, y: 1.0, tan_in_x: 1.2392578125, tan_in_y: 1.0, tan_out_x: 1.2392578125, tan_out_y: 1.0 }
vertex[1446]=PF_PathVertex { x: 354.0, y: 420.0, tan_in_x: 354.0, tan_in_y: 420.0, tan_out_x: 354.0, tan_out_y: 420.0 }
vertex[1447]=PF_PathVertex { x: 1.12060546875, y: 1.0, tan_in_x: 1.12060546875, tan_in_y: 1.0, tan_out_x: 1.12060546875, tan_out_y: 1.0 }
vertex[1448]=PF_PathVertex { x: 355.0, y: 419.0, tan_in_x: 355.0, tan_in_y: 419.0, tan_out_x: 355.0, tan_out_y: 419.0 }
vertex[1449]=PF_PathVertex { x: 1.25, y: 2.0, tan_in_x: 1.25, tan_in_y: 2.0, tan_out_x: 1.25, tan_out_y: 2.0 }
vertex[1450]=PF_PathVertex { x: 356.0, y: 412.0, tan_in_x: 356.0, tan_in_y: 412.0, tan_out_x: 356.0, tan_out_y: 412.0 }
vertex[1451]=PF_PathVertex { x: 6.25, y: 9.0, tan_in_x: 6.25, tan_in_y: 9.0, tan_out_x: 6.25, tan_out_y: 9.0 }
vertex[1452]=PF_PathVertex { x: 354.0, y: 421.0, tan_in_x: 354.0, tan_in_y: 421.0, tan_out_x: 354.0, tan_out_y: 421.0 }
vertex[1453]=PF_PathVertex { x: 1.0087890625, y: 1.0, tan_in_x: 1.0087890625, tan_in_y: 1.0, tan_out_x: 1.0087890625, tan_out_y: 1.0 }
vertex[1454]=PF_PathVertex { x: 355.0, y: 421.0, tan_in_x: 355.0, tan_in_y: 421.0, tan_out_x: 355.0, tan_out_y: 421.0 }
vertex[1455]=PF_PathVertex { x: 1.2196044921875, y: 1.0, tan_in_x: 1.2196044921875, tan_in_y: 1.0, tan_out_x: 1.2196044921875, tan_out_y: 1.0 }
vertex[1456]=PF_PathVertex { x: 355.0, y: 422.0, tan_in_x: 355.0, tan_in_y: 422.0, tan_out_x: 355.0, tan_out_y: 422.0 }
vertex[1457]=PF_PathVertex { x: 1.0853271484375, y: 1.0, tan_in_x: 1.0853271484375, tan_in_y: 1.0, tan_out_x: 1.0853271484375, tan_out_y: 1.0 }
vertex[1458]=PF_PathVertex { x: 355.0, y: 423.0, tan_in_x: 355.0, tan_in_y: 423.0, tan_out_x: 355.0, tan_out_y: 423.0 }
vertex[1459]=PF_PathVertex { x: 1.0009765625, y: 1.0, tan_in_x: 1.0009765625, tan_in_y: 1.0, tan_out_x: 1.0009765625, tan_out_y: 1.0 }
vertex[1460]=PF_PathVertex { x: 356.0, y: 421.0, tan_in_x: 356.0, tan_in_y: 421.0, tan_out_x: 356.0, tan_out_y: 421.0 }
vertex[1461]=PF_PathVertex { x: 3.25, y: 2.0, tan_in_x: 3.25, tan_in_y: 2.0, tan_out_x: 3.25, tan_out_y: 2.0 }
vertex[1462]=PF_PathVertex { x: 356.0, y: 423.0, tan_in_x: 356.0, tan_in_y: 423.0, tan_out_x: 356.0, tan_out_y: 423.0 }
vertex[1463]=PF_PathVertex { x: 1.192138671875, y: 1.0, tan_in_x: 1.192138671875, tan_in_y: 1.0, tan_out_x: 1.192138671875, tan_out_y: 1.0 }
vertex[1464]=PF_PathVertex { x: 356.0, y: 424.0, tan_in_x: 356.0, tan_in_y: 424.0, tan_out_x: 356.0, tan_out_y: 424.0 }
vertex[1465]=PF_PathVertex { x: 1.051025390625, y: 1.0, tan_in_x: 1.051025390625, tan_in_y: 1.0, tan_out_x: 1.051025390625, tan_out_y: 1.0 }
vertex[1466]=PF_PathVertex { x: 357.0, y: 423.0, tan_in_x: 357.0, tan_in_y: 423.0, tan_out_x: 357.0, tan_out_y: 423.0 }
vertex[1467]=PF_PathVertex { x: 2.25, y: 1.0, tan_in_x: 2.25, tan_in_y: 1.0, tan_out_x: 2.25, tan_out_y: 1.0 }
vertex[1468]=PF_PathVertex { x: 357.0, y: 424.0, tan_in_x: 357.0, tan_in_y: 424.0, tan_out_x: 357.0, tan_out_y: 424.0 }
vertex[1469]=PF_PathVertex { x: 1.2490234375, y: 1.0, tan_in_x: 1.2490234375, tan_in_y: 1.0, tan_out_x: 1.2490234375, tan_out_y: 1.0 }
vertex[1470]=PF_PathVertex { x: 357.0, y: 425.0, tan_in_x: 357.0, tan_in_y: 425.0, tan_out_x: 357.0, tan_out_y: 425.0 }
vertex[1471]=PF_PathVertex { x: 1.1568603515625, y: 1.0, tan_in_x: 1.1568603515625, tan_in_y: 1.0, tan_out_x: 1.1568603515625, tan_out_y: 1.0 }
vertex[1472]=PF_PathVertex { x: 358.0, y: 424.0, tan_in_x: 358.0, tan_in_y: 424.0, tan_out_x: 358.0, tan_out_y: 424.0 }
vertex[1473]=PF_PathVertex { x: 1.25, y: 2.0, tan_in_x: 1.25, tan_in_y: 2.0, tan_out_x: 1.25, tan_out_y: 2.0 }
vertex[1474]=PF_PathVertex { x: 359.0, y: 421.0, tan_in_x: 359.0, tan_in_y: 421.0, tan_out_x: 359.0, tan_out_y: 421.0 }
vertex[1475]=PF_PathVertex { x: 3.25, y: 5.0, tan_in_x: 3.25, tan_in_y: 5.0, tan_out_x: 3.25, tan_out_y: 5.0 }
vertex[1476]=PF_PathVertex { x: 357.0, y: 426.0, tan_in_x: 357.0, tan_in_y: 426.0, tan_out_x: 357.0, tan_out_y: 426.0 }
vertex[1477]=PF_PathVertex { x: 1.0255126953125, y: 1.0, tan_in_x: 1.0255126953125, tan_in_y: 1.0, tan_out_x: 1.0255126953125, tan_out_y: 1.0 }
vertex[1478]=PF_PathVertex { x: 358.0, y: 426.0, tan_in_x: 358.0, tan_in_y: 426.0, tan_out_x: 358.0, tan_out_y: 426.0 }
vertex[1479]=PF_PathVertex { x: 1.2392578125, y: 1.0, tan_in_x: 1.2392578125, tan_in_y: 1.0, tan_out_x: 1.2392578125, tan_out_y: 1.0 }
vertex[1480]=PF_PathVertex { x: 358.0, y: 427.0, tan_in_x: 358.0, tan_in_y: 427.0, tan_out_x: 358.0, tan_out_y: 427.0 }
vertex[1481]=PF_PathVertex { x: 1.12060546875, y: 1.0, tan_in_x: 1.12060546875, tan_in_y: 1.0, tan_out_x: 1.12060546875, tan_out_y: 1.0 }
vertex[1482]=PF_PathVertex { x: 358.0, y: 428.0, tan_in_x: 358.0, tan_in_y: 428.0, tan_out_x: 358.0, tan_out_y: 428.0 }
vertex[1483]=PF_PathVertex { x: 1.0087890625, y: 1.0, tan_in_x: 1.0087890625, tan_in_y: 1.0, tan_out_x: 1.0087890625, tan_out_y: 1.0 }
vertex[1484]=PF_PathVertex { x: 359.0, y: 426.0, tan_in_x: 359.0, tan_in_y: 426.0, tan_out_x: 359.0, tan_out_y: 426.0 }
vertex[1485]=PF_PathVertex { x: 3.25, y: 2.0, tan_in_x: 3.25, tan_in_y: 2.0, tan_out_x: 3.25, tan_out_y: 2.0 }
vertex[1486]=PF_PathVertex { x: 359.0, y: 428.0, tan_in_x: 359.0, tan_in_y: 428.0, tan_out_x: 359.0, tan_out_y: 428.0 }
vertex[1487]=PF_PathVertex { x: 1.2196044921875, y: 1.0, tan_in_x: 1.2196044921875, tan_in_y: 1.0, tan_out_x: 1.2196044921875, tan_out_y: 1.0 }
vertex[1488]=PF_PathVertex { x: 359.0, y: 429.0, tan_in_x: 359.0, tan_in_y: 429.0, tan_out_x: 359.0, tan_out_y: 429.0 }
vertex[1489]=PF_PathVertex { x: 1.0853271484375, y: 1.0, tan_in_x: 1.0853271484375, tan_in_y: 1.0, tan_out_x: 1.0853271484375, tan_out_y: 1.0 }
vertex[1490]=PF_PathVertex { x: 359.0, y: 430.0, tan_in_x: 359.0, tan_in_y: 430.0, tan_out_x: 359.0, tan_out_y: 430.0 }
vertex[1491]=PF_PathVertex { x: 1.0009765625, y: 1.0, tan_in_x: 1.0009765625, tan_in_y: 1.0, tan_out_x: 1.0009765625, tan_out_y: 1.0 }
vertex[1492]=PF_PathVertex { x: 360.0, y: 428.0, tan_in_x: 360.0, tan_in_y: 428.0, tan_out_x: 360.0, tan_out_y: 428.0 }
vertex[1493]=PF_PathVertex { x: 2.25, y: 1.0, tan_in_x: 2.25, tan_in_y: 1.0, tan_out_x: 2.25, tan_out_y: 1.0 }
vertex[1494]=PF_PathVertex { x: 360.0, y: 429.0, tan_in_x: 360.0, tan_in_y: 429.0, tan_out_x: 360.0, tan_out_y: 429.0 }
vertex[1495]=PF_PathVertex { x: 1.25, y: 1.0, tan_in_x: 1.25, tan_in_y: 1.0, tan_out_x: 1.25, tan_out_y: 1.0 }
vertex[1496]=PF_PathVertex { x: 360.0, y: 430.0, tan_in_x: 360.0, tan_in_y: 430.0, tan_out_x: 360.0, tan_out_y: 430.0 }
vertex[1497]=PF_PathVertex { x: 1.192138671875, y: 1.0, tan_in_x: 1.192138671875, tan_in_y: 1.0, tan_out_x: 1.192138671875, tan_out_y: 1.0 }
vertex[1498]=PF_PathVertex { x: 361.0, y: 429.0, tan_in_x: 361.0, tan_in_y: 429.0, tan_out_x: 361.0, tan_out_y: 429.0 }
vertex[1499]=PF_PathVertex { x: 1.25, y: 2.0, tan_in_x: 1.25, tan_in_y: 2.0, tan_out_x: 1.25, tan_out_y: 2.0 }
vertex[1500]=PF_PathVertex { x: 362.0, y: 412.0, tan_in_x: 362.0, tan_in_y: 412.0, tan_out_x: 362.0, tan_out_y: 412.0 }
vertex[1501]=PF_PathVertex { x: 13.25, y: 19.0, tan_in_x: 13.25, tan_in_y: 19.0, tan_out_x: 13.25, tan_out_y: 19.0 }
vertex[1502]=PF_PathVertex { x: 360.0, y: 431.0, tan_in_x: 360.0, tan_in_y: 431.0, tan_out_x: 360.0, tan_out_y: 431.0 }
vertex[1503]=PF_PathVertex { x: 1.051025390625, y: 1.0, tan_in_x: 1.051025390625, tan_in_y: 1.0, tan_out_x: 1.051025390625, tan_out_y: 1.0 }
vertex[1504]=PF_PathVertex { x: 361.0, y: 431.0, tan_in_x: 361.0, tan_in_y: 431.0, tan_out_x: 361.0, tan_out_y: 431.0 }
vertex[1505]=PF_PathVertex { x: 1.2490234375, y: 1.0, tan_in_x: 1.2490234375, tan_in_y: 1.0, tan_out_x: 1.2490234375, tan_out_y: 1.0 }
vertex[1506]=PF_PathVertex { x: 361.0, y: 432.0, tan_in_x: 361.0, tan_in_y: 432.0, tan_out_x: 361.0, tan_out_y: 432.0 }
vertex[1507]=PF_PathVertex { x: 1.1568603515625, y: 1.0, tan_in_x: 1.1568603515625, tan_in_y: 1.0, tan_out_x: 1.1568603515625, tan_out_y: 1.0 }
vertex[1508]=PF_PathVertex { x: 361.0, y: 433.0, tan_in_x: 361.0, tan_in_y: 433.0, tan_out_x: 361.0, tan_out_y: 433.0 }
vertex[1509]=PF_PathVertex { x: 1.0255126953125, y: 1.0, tan_in_x: 1.0255126953125, tan_in_y: 1.0, tan_out_x: 1.0255126953125, tan_out_y: 1.0 }
vertex[1510]=PF_PathVertex { x: 362.0, y: 431.0, tan_in_x: 362.0, tan_in_y: 431.0, tan_out_x: 362.0, tan_out_y: 431.0 }
vertex[1511]=PF_PathVertex { x: 3.25, y: 2.0, tan_in_x: 3.25, tan_in_y: 2.0, tan_out_x: 3.25, tan_out_y: 2.0 }
vertex[1512]=PF_PathVertex { x: 362.0, y: 433.0, tan_in_x: 362.0, tan_in_y: 433.0, tan_out_x: 362.0, tan_out_y: 433.0 }
vertex[1513]=PF_PathVertex { x: 1.2392578125, y: 1.0, tan_in_x: 1.2392578125, tan_in_y: 1.0, tan_out_x: 1.2392578125, tan_out_y: 1.0 }
vertex[1514]=PF_PathVertex { x: 362.0, y: 434.0, tan_in_x: 362.0, tan_in_y: 434.0, tan_out_x: 362.0, tan_out_y: 434.0 }
vertex[1515]=PF_PathVertex { x: 1.12060546875, y: 1.0, tan_in_x: 1.12060546875, tan_in_y: 1.0, tan_out_x: 1.12060546875, tan_out_y: 1.0 }
vertex[1516]=PF_PathVertex { x: 363.0, y: 433.0, tan_in_x: 363.0, tan_in_y: 433.0, tan_out_x: 363.0, tan_out_y: 433.0 }
vertex[1517]=PF_PathVertex { x: 2.25, y: 2.0, tan_in_x: 2.25, tan_in_y: 2.0, tan_out_x: 2.25, tan_out_y: 2.0 }
vertex[1518]=PF_PathVertex { x: 365.0, y: 431.0, tan_in_x: 365.0, tan_in_y: 431.0, tan_out_x: 365.0, tan_out_y: 431.0 }
vertex[1519]=PF_PathVertex { x: 3.25, y: 4.0, tan_in_x: 3.25, tan_in_y: 4.0, tan_out_x: 3.25, tan_out_y: 4.0 }
vertex[1520]=PF_PathVertex { x: 362.0, y: 435.0, tan_in_x: 362.0, tan_in_y: 435.0, tan_out_x: 362.0, tan_out_y: 435.0 }
vertex[1521]=PF_PathVertex { x: 1.0087890625, y: 1.0, tan_in_x: 1.0087890625, tan_in_y: 1.0, tan_out_x: 1.0087890625, tan_out_y: 1.0 }
vertex[1522]=PF_PathVertex { x: 363.0, y: 435.0, tan_in_x: 363.0, tan_in_y: 435.0, tan_out_x: 363.0, tan_out_y: 435.0 }
vertex[1523]=PF_PathVertex { x: 1.2196044921875, y: 1.0, tan_in_x: 1.2196044921875, tan_in_y: 1.0, tan_out_x: 1.2196044921875, tan_out_y: 1.0 }
vertex[1524]=PF_PathVertex { x: 363.0, y: 436.0, tan_in_x: 363.0, tan_in_y: 436.0, tan_out_x: 363.0, tan_out_y: 436.0 }
vertex[1525]=PF_PathVertex { x: 1.0853271484375, y: 1.0, tan_in_x: 1.0853271484375, tan_in_y: 1.0, tan_out_x: 1.0853271484375, tan_out_y: 1.0 }
vertex[1526]=PF_PathVertex { x: 364.0, y: 435.0, tan_in_x: 364.0, tan_in_y: 435.0, tan_out_x: 364.0, tan_out_y: 435.0 }
vertex[1527]=PF_PathVertex { x: 1.25, y: 2.0, tan_in_x: 1.25, tan_in_y: 2.0, tan_out_x: 1.25, tan_out_y: 2.0 }
vertex[1528]=PF_PathVertex { x: 363.0, y: 437.0, tan_in_x: 363.0, tan_in_y: 437.0, tan_out_x: 363.0, tan_out_y: 437.0 }
vertex[1529]=PF_PathVertex { x: 1.0009765625, y: 1.0, tan_in_x: 1.0009765625, tan_in_y: 1.0, tan_out_x: 1.0009765625, tan_out_y: 1.0 }
vertex[1530]=PF_PathVertex { x: 364.0, y: 437.0, tan_in_x: 364.0, tan_in_y: 437.0, tan_out_x: 364.0, tan_out_y: 437.0 }
vertex[1531]=PF_PathVertex { x: 1.192138671875, y: 1.0, tan_in_x: 1.192138671875, tan_in_y: 1.0, tan_out_x: 1.192138671875, tan_out_y: 1.0 }
vertex[1532]=PF_PathVertex { x: 364.0, y: 438.0, tan_in_x: 364.0, tan_in_y: 438.0, tan_out_x: 364.0, tan_out_y: 438.0 }
vertex[1533]=PF_PathVertex { x: 1.051025390625, y: 1.0, tan_in_x: 1.051025390625, tan_in_y: 1.0, tan_out_x: 1.051025390625, tan_out_y: 1.0 }
vertex[1534]=PF_PathVertex { x: 365.0, y: 435.0, tan_in_x: 365.0, tan_in_y: 435.0, tan_out_x: 365.0, tan_out_y: 435.0 }
vertex[1535]=PF_PathVertex { x: 3.25, y: 2.0, tan_in_x: 3.25, tan_in_y: 2.0, tan_out_x: 3.25, tan_out_y: 2.0 }
vertex[1536]=PF_PathVertex { x: 365.0, y: 437.0, tan_in_x: 365.0, tan_in_y: 437.0, tan_out_x: 365.0, tan_out_y: 437.0 }
vertex[1537]=PF_PathVertex { x: 1.25, y: 1.0, tan_in_x: 1.25, tan_in_y: 1.0, tan_out_x: 1.25, tan_out_y: 1.0 }
vertex[1538]=PF_PathVertex { x: 365.0, y: 438.0, tan_in_x: 365.0, tan_in_y: 438.0, tan_out_x: 365.0, tan_out_y: 438.0 }
vertex[1539]=PF_PathVertex { x: 1.2490234375, y: 1.0, tan_in_x: 1.2490234375, tan_in_y: 1.0, tan_out_x: 1.2490234375, tan_out_y: 1.0 }
vertex[1540]=PF_PathVertex { x: 365.0, y: 439.0, tan_in_x: 365.0, tan_in_y: 439.0, tan_out_x: 365.0, tan_out_y: 439.0 }
vertex[1541]=PF_PathVertex { x: 1.1568603515625, y: 1.0, tan_in_x: 1.1568603515625, tan_in_y: 1.0, tan_out_x: 1.1568603515625, tan_out_y: 1.0 }
vertex[1542]=PF_PathVertex { x: 366.0, y: 437.0, tan_in_x: 366.0, tan_in_y: 437.0, tan_out_x: 366.0, tan_out_y: 437.0 }
vertex[1543]=PF_PathVertex { x: 2.25, y: 3.0, tan_in_x: 2.25, tan_in_y: 3.0, tan_out_x: 2.25, tan_out_y: 3.0 }
vertex[1544]=PF_PathVertex { x: 368.0, y: 431.0, tan_in_x: 368.0, tan_in_y: 431.0, tan_out_x: 368.0, tan_out_y: 431.0 }
vertex[1545]=PF_PathVertex { x: 7.25, y: 9.0, tan_in_x: 7.25, tan_in_y: 9.0, tan_out_x: 7.25, tan_out_y: 9.0 }
vertex[1546]=PF_PathVertex { x: 365.0, y: 440.0, tan_in_x: 365.0, tan_in_y: 440.0, tan_out_x: 365.0, tan_out_y: 440.0 }
vertex[1547]=PF_PathVertex { x: 1.0255126953125, y: 1.0, tan_in_x: 1.0255126953125, tan_in_y: 1.0, tan_out_x: 1.0255126953125, tan_out_y: 1.0 }
vertex[1548]=PF_PathVertex { x: 366.0, y: 440.0, tan_in_x: 366.0, tan_in_y: 440.0, tan_out_x: 366.0, tan_out_y: 440.0 }
vertex[1549]=PF_PathVertex { x: 1.2392578125, y: 1.0, tan_in_x: 1.2392578125, tan_in_y: 1.0, tan_out_x: 1.2392578125, tan_out_y: 1.0 }
vertex[1550]=PF_PathVertex { x: 366.0, y: 441.0, tan_in_x: 366.0, tan_in_y: 441.0, tan_out_x: 366.0, tan_out_y: 441.0 }
vertex[1551]=PF_PathVertex { x: 1.12060546875, y: 1.0, tan_in_x: 1.12060546875, tan_in_y: 1.0, tan_out_x: 1.12060546875, tan_out_y: 1.0 }
vertex[1552]=PF_PathVertex { x: 367.0, y: 440.0, tan_in_x: 367.0, tan_in_y: 440.0, tan_out_x: 367.0, tan_out_y: 440.0 }
vertex[1553]=PF_PathVertex { x: 1.25, y: 2.0, tan_in_x: 1.25, tan_in_y: 2.0, tan_out_x: 1.25, tan_out_y: 2.0 }
vertex[1554]=PF_PathVertex { x: 366.0, y: 442.0, tan_in_x: 366.0, tan_in_y: 442.0, tan_out_x: 366.0, tan_out_y: 442.0 }
vertex[1555]=PF_PathVertex { x: 1.0087890625, y: 1.0, tan_in_x: 1.0087890625, tan_in_y: 1.0, tan_out_x: 1.0087890625, tan_out_y: 1.0 }
vertex[1556]=PF_PathVertex { x: 367.0, y: 442.0, tan_in_x: 367.0, tan_in_y: 442.0, tan_out_x: 367.0, tan_out_y: 442.0 }
vertex[1557]=PF_PathVertex { x: 1.2196044921875, y: 1.0, tan_in_x: 1.2196044921875, tan_in_y: 1.0, tan_out_x: 1.2196044921875, tan_out_y: 1.0 }
vertex[1558]=PF_PathVertex { x: 367.0, y: 443.0, tan_in_x: 367.0, tan_in_y: 443.0, tan_out_x: 367.0, tan_out_y: 443.0 }
vertex[1559]=PF_PathVertex { x: 1.0853271484375, y: 1.0, tan_in_x: 1.0853271484375, tan_in_y: 1.0, tan_out_x: 1.0853271484375, tan_out_y: 1.0 }
vertex[1560]=PF_PathVertex { x: 367.0, y: 444.0, tan_in_x: 367.0, tan_in_y: 444.0, tan_out_x: 367.0, tan_out_y: 444.0 }
vertex[1561]=PF_PathVertex { x: 1.0009765625, y: 1.0, tan_in_x: 1.0009765625, tan_in_y: 1.0, tan_out_x: 1.0009765625, tan_out_y: 1.0 }
vertex[1562]=PF_PathVertex { x: 368.0, y: 440.0, tan_in_x: 368.0, tan_in_y: 440.0, tan_out_x: 368.0, tan_out_y: 440.0 }
vertex[1563]=PF_PathVertex { x: 3.25, y: 2.0, tan_in_x: 3.25, tan_in_y: 2.0, tan_out_x: 3.25, tan_out_y: 2.0 }
vertex[1564]=PF_PathVertex { x: 368.0, y: 442.0, tan_in_x: 368.0, tan_in_y: 442.0, tan_out_x: 368.0, tan_out_y: 442.0 }
vertex[1565]=PF_PathVertex { x: 1.25, y: 1.0, tan_in_x: 1.25, tan_in_y: 1.0, tan_out_x: 1.25, tan_out_y: 1.0 }
vertex[1566]=PF_PathVertex { x: 368.0, y: 443.0, tan_in_x: 368.0, tan_in_y: 443.0, tan_out_x: 368.0, tan_out_y: 443.0 }
vertex[1567]=PF_PathVertex { x: 1.25, y: 1.0, tan_in_x: 1.25, tan_in_y: 1.0, tan_out_x: 1.25, tan_out_y: 1.0 }
vertex[1568]=PF_PathVertex { x: 368.0, y: 444.0, tan_in_x: 368.0, tan_in_y: 444.0, tan_out_x: 368.0, tan_out_y: 444.0 }
vertex[1569]=PF_PathVertex { x: 1.192138671875, y: 1.0, tan_in_x: 1.192138671875, tan_in_y: 1.0, tan_out_x: 1.192138671875, tan_out_y: 1.0 }
vertex[1570]=PF_PathVertex { x: 369.0, y: 442.0, tan_in_x: 369.0, tan_in_y: 442.0, tan_out_x: 369.0, tan_out_y: 442.0 }
vertex[1571]=PF_PathVertex { x: 2.25, y: 3.0, tan_in_x: 2.25, tan_in_y: 3.0, tan_out_x: 2.25, tan_out_y: 3.0 }
vertex[1572]=PF_PathVertex { x: 371.0, y: 440.0, tan_in_x: 371.0, tan_in_y: 440.0, tan_out_x: 371.0, tan_out_y: 440.0 }
vertex[1573]=PF_PathVertex { x: 4.25, y: 5.0, tan_in_x: 4.25, tan_in_y: 5.0, tan_out_x: 4.25, tan_out_y: 5.0 }
vertex[1574]=PF_PathVertex { x: 368.0, y: 445.0, tan_in_x: 368.0, tan_in_y: 445.0, tan_out_x: 368.0, tan_out_y: 445.0 }
vertex[1575]=PF_PathVertex { x: 1.051025390625, y: 1.0, tan_in_x: 1.051025390625, tan_in_y: 1.0, tan_out_x: 1.051025390625, tan_out_y: 1.0 }
vertex[1576]=PF_PathVertex { x: 369.0, y: 445.0, tan_in_x: 369.0, tan_in_y: 445.0, tan_out_x: 369.0, tan_out_y: 445.0 }
vertex[1577]=PF_PathVertex { x: 1.2490234375, y: 1.0, tan_in_x: 1.2490234375, tan_in_y: 1.0, tan_out_x: 1.2490234375, tan_out_y: 1.0 }
vertex[1578]=PF_PathVertex { x: 369.0, y: 446.0, tan_in_x: 369.0, tan_in_y: 446.0, tan_out_x: 369.0, tan_out_y: 446.0 }
vertex[1579]=PF_PathVertex { x: 1.1568603515625, y: 1.0, tan_in_x: 1.1568603515625, tan_in_y: 1.0, tan_out_x: 1.1568603515625, tan_out_y: 1.0 }
vertex[1580]=PF_PathVertex { x: 370.0, y: 445.0, tan_in_x: 370.0, tan_in_y: 445.0, tan_out_x: 370.0, tan_out_y: 445.0 }
vertex[1581]=PF_PathVertex { x: 1.25, y: 2.0, tan_in_x: 1.25, tan_in_y: 2.0, tan_out_x: 1.25, tan_out_y: 2.0 }
vertex[1582]=PF_PathVertex { x: 369.0, y: 447.0, tan_in_x: 369.0, tan_in_y: 447.0, tan_out_x: 369.0, tan_out_y: 447.0 }
vertex[1583]=PF_PathVertex { x: 1.0255126953125, y: 1.0, tan_in_x: 1.0255126953125, tan_in_y: 1.0, tan_out_x: 1.0255126953125, tan_out_y: 1.0 }
vertex[1584]=PF_PathVertex { x: 370.0, y: 447.0, tan_in_x: 370.0, tan_in_y: 447.0, tan_out_x: 370.0, tan_out_y: 447.0 }
vertex[1585]=PF_PathVertex { x: 1.2392578125, y: 1.0, tan_in_x: 1.2392578125, tan_in_y: 1.0, tan_out_x: 1.2392578125, tan_out_y: 1.0 }
vertex[1586]=PF_PathVertex { x: 370.0, y: 448.0, tan_in_x: 370.0, tan_in_y: 448.0, tan_out_x: 370.0, tan_out_y: 448.0 }
vertex[1587]=PF_PathVertex { x: 1.12060546875, y: 1.0, tan_in_x: 1.12060546875, tan_in_y: 1.0, tan_out_x: 1.12060546875, tan_out_y: 1.0 }
vertex[1588]=PF_PathVertex { x: 370.0, y: 449.0, tan_in_x: 370.0, tan_in_y: 449.0, tan_out_x: 370.0, tan_out_y: 449.0 }
vertex[1589]=PF_PathVertex { x: 1.0087890625, y: 1.0, tan_in_x: 1.0087890625, tan_in_y: 1.0, tan_out_x: 1.0087890625, tan_out_y: 1.0 }
vertex[1590]=PF_PathVertex { x: 371.0, y: 445.0, tan_in_x: 371.0, tan_in_y: 445.0, tan_out_x: 371.0, tan_out_y: 445.0 }
vertex[1591]=PF_PathVertex { x: 4.25, y: 2.0, tan_in_x: 4.25, tan_in_y: 2.0, tan_out_x: 4.25, tan_out_y: 2.0 }
vertex[1592]=PF_PathVertex { x: 371.0, y: 447.0, tan_in_x: 371.0, tan_in_y: 447.0, tan_out_x: 371.0, tan_out_y: 447.0 }
vertex[1593]=PF_PathVertex { x: 2.25, y: 1.0, tan_in_x: 2.25, tan_in_y: 1.0, tan_out_x: 2.25, tan_out_y: 1.0 }
vertex[1594]=PF_PathVertex { x: 371.0, y: 448.0, tan_in_x: 371.0, tan_in_y: 448.0, tan_out_x: 371.0, tan_out_y: 448.0 }
vertex[1595]=PF_PathVertex { x: 1.25, y: 1.0, tan_in_x: 1.25, tan_in_y: 1.0, tan_out_x: 1.25, tan_out_y: 1.0 }
vertex[1596]=PF_PathVertex { x: 371.0, y: 449.0, tan_in_x: 371.0, tan_in_y: 449.0, tan_out_x: 371.0, tan_out_y: 449.0 }
vertex[1597]=PF_PathVertex { x: 1.2196044921875, y: 1.0, tan_in_x: 1.2196044921875, tan_in_y: 1.0, tan_out_x: 1.2196044921875, tan_out_y: 1.0 }
vertex[1598]=PF_PathVertex { x: 372.0, y: 448.0, tan_in_x: 372.0, tan_in_y: 448.0, tan_out_x: 372.0, tan_out_y: 448.0 }
vertex[1599]=PF_PathVertex { x: 1.25, y: 2.0, tan_in_x: 1.25, tan_in_y: 2.0, tan_out_x: 1.25, tan_out_y: 2.0 }
vertex[1600]=PF_PathVertex { x: 373.0, y: 447.0, tan_in_x: 373.0, tan_in_y: 447.0, tan_out_x: 373.0, tan_out_y: 447.0 }
vertex[1601]=PF_PathVertex { x: 2.25, y: 3.0, tan_in_x: 2.25, tan_in_y: 3.0, tan_out_x: 2.25, tan_out_y: 3.0 }
vertex[1602]=PF_PathVertex { x: 375.0, y: 412.0, tan_in_x: 375.0, tan_in_y: 412.0, tan_out_x: 375.0, tan_out_y: 412.0 }
vertex[1603]=PF_PathVertex { x: 25.25, y: 38.0, tan_in_x: 25.25, tan_in_y: 38.0, tan_out_x: 25.25, tan_out_y: 38.0 }
vertex[1604]=PF_PathVertex { x: 371.0, y: 450.0, tan_in_x: 371.0, tan_in_y: 450.0, tan_out_x: 371.0, tan_out_y: 450.0 }
vertex[1605]=PF_PathVertex { x: 1.0853271484375, y: 1.0, tan_in_x: 1.0853271484375, tan_in_y: 1.0, tan_out_x: 1.0853271484375, tan_out_y: 1.0 }
vertex[1606]=PF_PathVertex { x: 371.0, y: 451.0, tan_in_x: 371.0, tan_in_y: 451.0, tan_out_x: 371.0, tan_out_y: 451.0 }
vertex[1607]=PF_PathVertex { x: 1.0009765625, y: 1.0, tan_in_x: 1.0009765625, tan_in_y: 1.0, tan_out_x: 1.0009765625, tan_out_y: 1.0 }
vertex[1608]=PF_PathVertex { x: 372.0, y: 450.0, tan_in_x: 372.0, tan_in_y: 450.0, tan_out_x: 372.0, tan_out_y: 450.0 }
vertex[1609]=PF_PathVertex { x: 1.25, y: 1.0, tan_in_x: 1.25, tan_in_y: 1.0, tan_out_x: 1.25, tan_out_y: 1.0 }
vertex[1610]=PF_PathVertex { x: 372.0, y: 451.0, tan_in_x: 372.0, tan_in_y: 451.0, tan_out_x: 372.0, tan_out_y: 451.0 }
vertex[1611]=PF_PathVertex { x: 1.192138671875, y: 1.0, tan_in_x: 1.192138671875, tan_in_y: 1.0, tan_out_x: 1.192138671875, tan_out_y: 1.0 }
vertex[1612]=PF_PathVertex { x: 372.0, y: 452.0, tan_in_x: 372.0, tan_in_y: 452.0, tan_out_x: 372.0, tan_out_y: 452.0 }
vertex[1613]=PF_PathVertex { x: 1.051025390625, y: 1.0, tan_in_x: 1.051025390625, tan_in_y: 1.0, tan_out_x: 1.051025390625, tan_out_y: 1.0 }
vertex[1614]=PF_PathVertex { x: 373.0, y: 450.0, tan_in_x: 373.0, tan_in_y: 450.0, tan_out_x: 373.0, tan_out_y: 450.0 }
vertex[1615]=PF_PathVertex { x: 2.25, y: 2.0, tan_in_x: 2.25, tan_in_y: 2.0, tan_out_x: 2.25, tan_out_y: 2.0 }
vertex[1616]=PF_PathVertex { x: 373.0, y: 452.0, tan_in_x: 373.0, tan_in_y: 452.0, tan_out_x: 373.0, tan_out_y: 452.0 }
vertex[1617]=PF_PathVertex { x: 1.2490234375, y: 1.0, tan_in_x: 1.2490234375, tan_in_y: 1.0, tan_out_x: 1.2490234375, tan_out_y: 1.0 }
vertex[1618]=PF_PathVertex { x: 373.0, y: 453.0, tan_in_x: 373.0, tan_in_y: 453.0, tan_out_x: 373.0, tan_out_y: 453.0 }
vertex[1619]=PF_PathVertex { x: 1.1568603515625, y: 1.0, tan_in_x: 1.1568603515625, tan_in_y: 1.0, tan_out_x: 1.1568603515625, tan_out_y: 1.0 }
vertex[1620]=PF_PathVertex { x: 374.0, y: 452.0, tan_in_x: 374.0, tan_in_y: 452.0, tan_out_x: 374.0, tan_out_y: 452.0 }
vertex[1621]=PF_PathVertex { x: 1.25, y: 2.0, tan_in_x: 1.25, tan_in_y: 2.0, tan_out_x: 1.25, tan_out_y: 2.0 }
vertex[1622]=PF_PathVertex { x: 373.0, y: 454.0, tan_in_x: 373.0, tan_in_y: 454.0, tan_out_x: 373.0, tan_out_y: 454.0 }
vertex[1623]=PF_PathVertex { x: 1.0255126953125, y: 1.0, tan_in_x: 1.0255126953125, tan_in_y: 1.0, tan_out_x: 1.0255126953125, tan_out_y: 1.0 }
vertex[1624]=PF_PathVertex { x: 374.0, y: 454.0, tan_in_x: 374.0, tan_in_y: 454.0, tan_out_x: 374.0, tan_out_y: 454.0 }
vertex[1625]=PF_PathVertex { x: 1.2392578125, y: 1.0, tan_in_x: 1.2392578125, tan_in_y: 1.0, tan_out_x: 1.2392578125, tan_out_y: 1.0 }
vertex[1626]=PF_PathVertex { x: 374.0, y: 455.0, tan_in_x: 374.0, tan_in_y: 455.0, tan_out_x: 374.0, tan_out_y: 455.0 }
vertex[1627]=PF_PathVertex { x: 1.12060546875, y: 1.0, tan_in_x: 1.12060546875, tan_in_y: 1.0, tan_out_x: 1.12060546875, tan_out_y: 1.0 }
vertex[1628]=PF_PathVertex { x: 374.0, y: 456.0, tan_in_x: 374.0, tan_in_y: 456.0, tan_out_x: 374.0, tan_out_y: 456.0 }
vertex[1629]=PF_PathVertex { x: 1.0087890625, y: 1.0, tan_in_x: 1.0087890625, tan_in_y: 1.0, tan_out_x: 1.0087890625, tan_out_y: 1.0 }
vertex[1630]=PF_PathVertex { x: 375.0, y: 450.0, tan_in_x: 375.0, tan_in_y: 450.0, tan_out_x: 375.0, tan_out_y: 450.0 }
vertex[1631]=PF_PathVertex { x: 6.25, y: 4.0, tan_in_x: 6.25, tan_in_y: 4.0, tan_out_x: 6.25, tan_out_y: 4.0 }
vertex[1632]=PF_PathVertex { x: 375.0, y: 454.0, tan_in_x: 375.0, tan_in_y: 454.0, tan_out_x: 375.0, tan_out_y: 454.0 }
vertex[1633]=PF_PathVertex { x: 3.25, y: 2.0, tan_in_x: 3.25, tan_in_y: 2.0, tan_out_x: 3.25, tan_out_y: 2.0 }
vertex[1634]=PF_PathVertex { x: 375.0, y: 456.0, tan_in_x: 375.0, tan_in_y: 456.0, tan_out_x: 375.0, tan_out_y: 456.0 }
vertex[1635]=PF_PathVertex { x: 1.2196044921875, y: 1.0, tan_in_x: 1.2196044921875, tan_in_y: 1.0, tan_out_x: 1.2196044921875, tan_out_y: 1.0 }
vertex[1636]=PF_PathVertex { x: 375.0, y: 457.0, tan_in_x: 375.0, tan_in_y: 457.0, tan_out_x: 375.0, tan_out_y: 457.0 }
vertex[1637]=PF_PathVertex { x: 1.0853271484375, y: 1.0, tan_in_x: 1.0853271484375, tan_in_y: 1.0, tan_out_x: 1.0853271484375, tan_out_y: 1.0 }
vertex[1638]=PF_PathVertex { x: 375.0, y: 458.0, tan_in_x: 375.0, tan_in_y: 458.0, tan_out_x: 375.0, tan_out_y: 458.0 }
vertex[1639]=PF_PathVertex { x: 1.0009765625, y: 1.0, tan_in_x: 1.0009765625, tan_in_y: 1.0, tan_out_x: 1.0009765625, tan_out_y: 1.0 }
vertex[1640]=PF_PathVertex { x: 376.0, y: 456.0, tan_in_x: 376.0, tan_in_y: 456.0, tan_out_x: 376.0, tan_out_y: 456.0 }
vertex[1641]=PF_PathVertex { x: 2.25, y: 1.0, tan_in_x: 2.25, tan_in_y: 1.0, tan_out_x: 2.25, tan_out_y: 1.0 }
vertex[1642]=PF_PathVertex { x: 376.0, y: 457.0, tan_in_x: 376.0, tan_in_y: 457.0, tan_out_x: 376.0, tan_out_y: 457.0 }
vertex[1643]=PF_PathVertex { x: 1.25, y: 1.0, tan_in_x: 1.25, tan_in_y: 1.0, tan_out_x: 1.25, tan_out_y: 1.0 }
vertex[1644]=PF_PathVertex { x: 376.0, y: 458.0, tan_in_x: 376.0, tan_in_y: 458.0, tan_out_x: 376.0, tan_out_y: 458.0 }
vertex[1645]=PF_PathVertex { x: 1.192138671875, y: 1.0, tan_in_x: 1.192138671875, tan_in_y: 1.0, tan_out_x: 1.192138671875, tan_out_y: 1.0 }
vertex[1646]=PF_PathVertex { x: 377.0, y: 457.0, tan_in_x: 377.0, tan_in_y: 457.0, tan_out_x: 377.0, tan_out_y: 457.0 }
vertex[1647]=PF_PathVertex { x: 1.25, y: 2.0, tan_in_x: 1.25, tan_in_y: 2.0, tan_out_x: 1.25, tan_out_y: 2.0 }
vertex[1648]=PF_PathVertex { x: 378.0, y: 454.0, tan_in_x: 378.0, tan_in_y: 454.0, tan_out_x: 378.0, tan_out_y: 454.0 }
vertex[1649]=PF_PathVertex { x: 3.25, y: 5.0, tan_in_x: 3.25, tan_in_y: 5.0, tan_out_x: 3.25, tan_out_y: 5.0 }
vertex[1650]=PF_PathVertex { x: 381.0, y: 450.0, tan_in_x: 381.0, tan_in_y: 450.0, tan_out_x: 381.0, tan_out_y: 450.0 }
vertex[1651]=PF_PathVertex { x: 6.25, y: 9.0, tan_in_x: 6.25, tan_in_y: 9.0, tan_out_x: 6.25, tan_out_y: 9.0 }
vertex[1652]=PF_PathVertex { x: 376.0, y: 459.0, tan_in_x: 376.0, tan_in_y: 459.0, tan_out_x: 376.0, tan_out_y: 459.0 }
vertex[1653]=PF_PathVertex { x: 1.051025390625, y: 1.0, tan_in_x: 1.051025390625, tan_in_y: 1.0, tan_out_x: 1.051025390625, tan_out_y: 1.0 }
vertex[1654]=PF_PathVertex { x: 377.0, y: 459.0, tan_in_x: 377.0, tan_in_y: 459.0, tan_out_x: 377.0, tan_out_y: 459.0 }
vertex[1655]=PF_PathVertex { x: 1.2490234375, y: 1.0, tan_in_x: 1.2490234375, tan_in_y: 1.0, tan_out_x: 1.2490234375, tan_out_y: 1.0 }
vertex[1656]=PF_PathVertex { x: 377.0, y: 460.0, tan_in_x: 377.0, tan_in_y: 460.0, tan_out_x: 377.0, tan_out_y: 460.0 }
vertex[1657]=PF_PathVertex { x: 1.1568603515625, y: 1.0, tan_in_x: 1.1568603515625, tan_in_y: 1.0, tan_out_x: 1.1568603515625, tan_out_y: 1.0 }
vertex[1658]=PF_PathVertex { x: 377.0, y: 461.0, tan_in_x: 377.0, tan_in_y: 461.0, tan_out_x: 377.0, tan_out_y: 461.0 }
vertex[1659]=PF_PathVertex { x: 1.0255126953125, y: 1.0, tan_in_x: 1.0255126953125, tan_in_y: 1.0, tan_out_x: 1.0255126953125, tan_out_y: 1.0 }
vertex[1660]=PF_PathVertex { x: 378.0, y: 459.0, tan_in_x: 378.0, tan_in_y: 459.0, tan_out_x: 378.0, tan_out_y: 459.0 }
vertex[1661]=PF_PathVertex { x: 3.25, y: 2.0, tan_in_x: 3.25, tan_in_y: 2.0, tan_out_x: 3.25, tan_out_y: 2.0 }
vertex[1662]=PF_PathVertex { x: 378.0, y: 461.0, tan_in_x: 378.0, tan_in_y: 461.0, tan_out_x: 378.0, tan_out_y: 461.0 }
vertex[1663]=PF_PathVertex { x: 1.2392578125, y: 1.0, tan_in_x: 1.2392578125, tan_in_y: 1.0, tan_out_x: 1.2392578125, tan_out_y: 1.0 }
vertex[1664]=PF_PathVertex { x: 378.0, y: 462.0, tan_in_x: 378.0, tan_in_y: 462.0, tan_out_x: 378.0, tan_out_y: 462.0 }
vertex[1665]=PF_PathVertex { x: 1.12060546875, y: 1.0, tan_in_x: 1.12060546875, tan_in_y: 1.0, tan_out_x: 1.12060546875, tan_out_y: 1.0 }
vertex[1666]=PF_PathVertex { x: 379.0, y: 461.0, tan_in_x: 379.0, tan_in_y: 461.0, tan_out_x: 379.0, tan_out_y: 461.0 }
vertex[1667]=PF_PathVertex { x: 2.25, y: 2.0, tan_in_x: 2.25, tan_in_y: 2.0, tan_out_x: 2.25, tan_out_y: 2.0 }
vertex[1668]=PF_PathVertex { x: 378.0, y: 463.0, tan_in_x: 378.0, tan_in_y: 463.0, tan_out_x: 378.0, tan_out_y: 463.0 }
vertex[1669]=PF_PathVertex { x: 1.0087890625, y: 1.0, tan_in_x: 1.0087890625, tan_in_y: 1.0, tan_out_x: 1.0087890625, tan_out_y: 1.0 }
vertex[1670]=PF_PathVertex { x: 379.0, y: 463.0, tan_in_x: 379.0, tan_in_y: 463.0, tan_out_x: 379.0, tan_out_y: 463.0 }
vertex[1671]=PF_PathVertex { x: 1.2196044921875, y: 1.0, tan_in_x: 1.2196044921875, tan_in_y: 1.0, tan_out_x: 1.2196044921875, tan_out_y: 1.0 }
vertex[1672]=PF_PathVertex { x: 379.0, y: 464.0, tan_in_x: 379.0, tan_in_y: 464.0, tan_out_x: 379.0, tan_out_y: 464.0 }
vertex[1673]=PF_PathVertex { x: 1.0853271484375, y: 1.0, tan_in_x: 1.0853271484375, tan_in_y: 1.0, tan_out_x: 1.0853271484375, tan_out_y: 1.0 }
vertex[1674]=PF_PathVertex { x: 380.0, y: 463.0, tan_in_x: 380.0, tan_in_y: 463.0, tan_out_x: 380.0, tan_out_y: 463.0 }
vertex[1675]=PF_PathVertex { x: 1.25, y: 2.0, tan_in_x: 1.25, tan_in_y: 2.0, tan_out_x: 1.25, tan_out_y: 2.0 }
vertex[1676]=PF_PathVertex { x: 379.0, y: 465.0, tan_in_x: 379.0, tan_in_y: 465.0, tan_out_x: 379.0, tan_out_y: 465.0 }
vertex[1677]=PF_PathVertex { x: 1.0009765625, y: 1.0, tan_in_x: 1.0009765625, tan_in_y: 1.0, tan_out_x: 1.0009765625, tan_out_y: 1.0 }
vertex[1678]=PF_PathVertex { x: 380.0, y: 465.0, tan_in_x: 380.0, tan_in_y: 465.0, tan_out_x: 380.0, tan_out_y: 465.0 }
vertex[1679]=PF_PathVertex { x: 1.192138671875, y: 1.0, tan_in_x: 1.192138671875, tan_in_y: 1.0, tan_out_x: 1.192138671875, tan_out_y: 1.0 }
vertex[1680]=PF_PathVertex { x: 380.0, y: 466.0, tan_in_x: 380.0, tan_in_y: 466.0, tan_out_x: 380.0, tan_out_y: 466.0 }
vertex[1681]=PF_PathVertex { x: 1.051025390625, y: 1.0, tan_in_x: 1.051025390625, tan_in_y: 1.0, tan_out_x: 1.051025390625, tan_out_y: 1.0 }
vertex[1682]=PF_PathVertex { x: 381.0, y: 459.0, tan_in_x: 381.0, tan_in_y: 459.0, tan_out_x: 381.0, tan_out_y: 459.0 }
vertex[1683]=PF_PathVertex { x: 6.25, y: 4.0, tan_in_x: 6.25, tan_in_y: 4.0, tan_out_x: 6.25, tan_out_y: 4.0 }
vertex[1684]=PF_PathVertex { x: 381.0, y: 463.0, tan_in_x: 381.0, tan_in_y: 463.0, tan_out_x: 381.0, tan_out_y: 463.0 }
vertex[1685]=PF_PathVertex { x: 3.25, y: 2.0, tan_in_x: 3.25, tan_in_y: 2.0, tan_out_x: 3.25, tan_out_y: 2.0 }
vertex[1686]=PF_PathVertex { x: 381.0, y: 465.0, tan_in_x: 381.0, tan_in_y: 465.0, tan_out_x: 381.0, tan_out_y: 465.0 }
vertex[1687]=PF_PathVertex { x: 1.25, y: 1.0, tan_in_x: 1.25, tan_in_y: 1.0, tan_out_x: 1.25, tan_out_y: 1.0 }
vertex[1688]=PF_PathVertex { x: 381.0, y: 466.0, tan_in_x: 381.0, tan_in_y: 466.0, tan_out_x: 381.0, tan_out_y: 466.0 }
vertex[1689]=PF_PathVertex { x: 1.2490234375, y: 1.0, tan_in_x: 1.2490234375, tan_in_y: 1.0, tan_out_x: 1.2490234375, tan_out_y: 1.0 }
vertex[1690]=PF_PathVertex { x: 381.0, y: 467.0, tan_in_x: 381.0, tan_in_y: 467.0, tan_out_x: 381.0, tan_out_y: 467.0 }
vertex[1691]=PF_PathVertex { x: 1.1568603515625, y: 1.0, tan_in_x: 1.1568603515625, tan_in_y: 1.0, tan_out_x: 1.1568603515625, tan_out_y: 1.0 }
vertex[1692]=PF_PathVertex { x: 382.0, y: 465.0, tan_in_x: 382.0, tan_in_y: 465.0, tan_out_x: 382.0, tan_out_y: 465.0 }
vertex[1693]=PF_PathVertex { x: 2.25, y: 3.0, tan_in_x: 2.25, tan_in_y: 3.0, tan_out_x: 2.25, tan_out_y: 3.0 }
vertex[1694]=PF_PathVertex { x: 384.0, y: 463.0, tan_in_x: 384.0, tan_in_y: 463.0, tan_out_x: 384.0, tan_out_y: 463.0 }
vertex[1695]=PF_PathVertex { x: 3.25, y: 5.0, tan_in_x: 3.25, tan_in_y: 5.0, tan_out_x: 3.25, tan_out_y: 5.0 }
vertex[1696]=PF_PathVertex { x: 387.0, y: 450.0, tan_in_x: 387.0, tan_in_y: 450.0, tan_out_x: 387.0, tan_out_y: 450.0 }
vertex[1697]=PF_PathVertex { x: 13.25, y: 18.0, tan_in_x: 13.25, tan_in_y: 18.0, tan_out_x: 13.25, tan_out_y: 18.0 }
vertex[1698]=PF_PathVertex { x: 381.0, y: 468.0, tan_in_x: 381.0, tan_in_y: 468.0, tan_out_x: 381.0, tan_out_y: 468.0 }
vertex[1699]=PF_PathVertex { x: 1.0255126953125, y: 1.0, tan_in_x: 1.0255126953125, tan_in_y: 1.0, tan_out_x: 1.0255126953125, tan_out_y: 1.0 }
vertex[1700]=PF_PathVertex { x: 382.0, y: 468.0, tan_in_x: 382.0, tan_in_y: 468.0, tan_out_x: 382.0, tan_out_y: 468.0 }
vertex[1701]=PF_PathVertex { x: 1.2392578125, y: 1.0, tan_in_x: 1.2392578125, tan_in_y: 1.0, tan_out_x: 1.2392578125, tan_out_y: 1.0 }
vertex[1702]=PF_PathVertex { x: 382.0, y: 469.0, tan_in_x: 382.0, tan_in_y: 469.0, tan_out_x: 382.0, tan_out_y: 469.0 }
vertex[1703]=PF_PathVertex { x: 1.12060546875, y: 1.0, tan_in_x: 1.12060546875, tan_in_y: 1.0, tan_out_x: 1.12060546875, tan_out_y: 1.0 }
vertex[1704]=PF_PathVertex { x: 383.0, y: 468.0, tan_in_x: 383.0, tan_in_y: 468.0, tan_out_x: 383.0, tan_out_y: 468.0 }
vertex[1705]=PF_PathVertex { x: 1.25, y: 2.0, tan_in_x: 1.25, tan_in_y: 2.0, tan_out_x: 1.25, tan_out_y: 2.0 }
vertex[1706]=PF_PathVertex { x: 382.0, y: 470.0, tan_in_x: 382.0, tan_in_y: 470.0, tan_out_x: 382.0, tan_out_y: 470.0 }
vertex[1707]=PF_PathVertex { x: 1.0087890625, y: 1.0, tan_in_x: 1.0087890625, tan_in_y: 1.0, tan_out_x: 1.0087890625, tan_out_y: 1.0 }
vertex[1708]=PF_PathVertex { x: 383.0, y: 470.0, tan_in_x: 383.0, tan_in_y: 470.0, tan_out_x: 383.0, tan_out_y: 470.0 }
vertex[1709]=PF_PathVertex { x: 1.2196044921875, y: 1.0, tan_in_x: 1.2196044921875, tan_in_y: 1.0, tan_out_x: 1.2196044921875, tan_out_y: 1.0 }
vertex[1710]=PF_PathVertex { x: 383.0, y: 471.0, tan_in_x: 383.0, tan_in_y: 471.0, tan_out_x: 383.0, tan_out_y: 471.0 }
vertex[1711]=PF_PathVertex { x: 1.0853271484375, y: 1.0, tan_in_x: 1.0853271484375, tan_in_y: 1.0, tan_out_x: 1.0853271484375, tan_out_y: 1.0 }
vertex[1712]=PF_PathVertex { x: 384.0, y: 468.0, tan_in_x: 384.0, tan_in_y: 468.0, tan_out_x: 384.0, tan_out_y: 468.0 }
vertex[1713]=PF_PathVertex { x: 3.25, y: 4.0, tan_in_x: 3.25, tan_in_y: 4.0, tan_out_x: 3.25, tan_out_y: 4.0 }
vertex[1714]=PF_PathVertex { x: 383.0, y: 472.0, tan_in_x: 383.0, tan_in_y: 472.0, tan_out_x: 383.0, tan_out_y: 472.0 }
vertex[1715]=PF_PathVertex { x: 1.0009765625, y: 1.0, tan_in_x: 1.0009765625, tan_in_y: 1.0, tan_out_x: 1.0009765625, tan_out_y: 1.0 }
vertex[1716]=PF_PathVertex { x: 384.0, y: 472.0, tan_in_x: 384.0, tan_in_y: 472.0, tan_out_x: 384.0, tan_out_y: 472.0 }
vertex[1717]=PF_PathVertex { x: 1.192138671875, y: 1.0, tan_in_x: 1.192138671875, tan_in_y: 1.0, tan_out_x: 1.192138671875, tan_out_y: 1.0 }
vertex[1718]=PF_PathVertex { x: 384.0, y: 473.0, tan_in_x: 384.0, tan_in_y: 473.0, tan_out_x: 384.0, tan_out_y: 473.0 }
vertex[1719]=PF_PathVertex { x: 1.051025390625, y: 1.0, tan_in_x: 1.051025390625, tan_in_y: 1.0, tan_out_x: 1.051025390625, tan_out_y: 1.0 }
vertex[1720]=PF_PathVertex { x: 385.0, y: 472.0, tan_in_x: 385.0, tan_in_y: 472.0, tan_out_x: 385.0, tan_out_y: 472.0 }
vertex[1721]=PF_PathVertex { x: 1.25, y: 1.0, tan_in_x: 1.25, tan_in_y: 1.0, tan_out_x: 1.25, tan_out_y: 1.0 }
vertex[1722]=PF_PathVertex { x: 385.0, y: 473.0, tan_in_x: 385.0, tan_in_y: 473.0, tan_out_x: 385.0, tan_out_y: 473.0 }
vertex[1723]=PF_PathVertex { x: 1.2490234375, y: 1.0, tan_in_x: 1.2490234375, tan_in_y: 1.0, tan_out_x: 1.2490234375, tan_out_y: 1.0 }
vertex[1724]=PF_PathVertex { x: 386.0, y: 472.0, tan_in_x: 386.0, tan_in_y: 472.0, tan_out_x: 386.0, tan_out_y: 472.0 }
vertex[1725]=PF_PathVertex { x: 1.25, y: 2.0, tan_in_x: 1.25, tan_in_y: 2.0, tan_out_x: 1.25, tan_out_y: 2.0 }
vertex[1726]=PF_PathVertex { x: 385.0, y: 474.0, tan_in_x: 385.0, tan_in_y: 474.0, tan_out_x: 385.0, tan_out_y: 474.0 }
vertex[1727]=PF_PathVertex { x: 1.1568603515625, y: 1.0, tan_in_x: 1.1568603515625, tan_in_y: 1.0, tan_out_x: 1.1568603515625, tan_out_y: 1.0 }
vertex[1728]=PF_PathVertex { x: 386.0, y: 474.0, tan_in_x: 386.0, tan_in_y: 474.0, tan_out_x: 386.0, tan_out_y: 474.0 }
vertex[1729]=PF_PathVertex { x: 1.25, y: 1.0, tan_in_x: 1.25, tan_in_y: 1.0, tan_out_x: 1.25, tan_out_y: 1.0 }
vertex[1730]=PF_PathVertex { x: 385.0, y: 475.0, tan_in_x: 385.0, tan_in_y: 475.0, tan_out_x: 385.0, tan_out_y: 475.0 }
vertex[1731]=PF_PathVertex { x: 1.0255126953125, y: 1.0, tan_in_x: 1.0255126953125, tan_in_y: 1.0, tan_out_x: 1.0255126953125, tan_out_y: 1.0 }
vertex[1732]=PF_PathVertex { x: 386.0, y: 475.0, tan_in_x: 386.0, tan_in_y: 475.0, tan_out_x: 386.0, tan_out_y: 475.0 }
vertex[1733]=PF_PathVertex { x: 1.2392578125, y: 1.0, tan_in_x: 1.2392578125, tan_in_y: 1.0, tan_out_x: 1.2392578125, tan_out_y: 1.0 }
vertex[1734]=PF_PathVertex { x: 386.0, y: 476.0, tan_in_x: 386.0, tan_in_y: 476.0, tan_out_x: 386.0, tan_out_y: 476.0 }
vertex[1735]=PF_PathVertex { x: 1.12060546875, y: 1.0, tan_in_x: 1.12060546875, tan_in_y: 1.0, tan_out_x: 1.12060546875, tan_out_y: 1.0 }
vertex[1736]=PF_PathVertex { x: 386.0, y: 477.0, tan_in_x: 386.0, tan_in_y: 477.0, tan_out_x: 386.0, tan_out_y: 477.0 }
vertex[1737]=PF_PathVertex { x: 1.0087890625, y: 1.0, tan_in_x: 1.0087890625, tan_in_y: 1.0, tan_out_x: 1.0087890625, tan_out_y: 1.0 }
vertex[1738]=PF_PathVertex { x: 387.0, y: 468.0, tan_in_x: 387.0, tan_in_y: 468.0, tan_out_x: 387.0, tan_out_y: 468.0 }
vertex[1739]=PF_PathVertex { x: 13.25, y: 9.0, tan_in_x: 13.25, tan_in_y: 9.0, tan_out_x: 13.25, tan_out_y: 9.0 }
vertex[1740]=PF_PathVertex { x: 387.0, y: 477.0, tan_in_x: 387.0, tan_in_y: 477.0, tan_out_x: 387.0, tan_out_y: 477.0 }
vertex[1741]=PF_PathVertex { x: 1.2196044921875, y: 1.0, tan_in_x: 1.2196044921875, tan_in_y: 1.0, tan_out_x: 1.2196044921875, tan_out_y: 1.0 }
vertex[1742]=PF_PathVertex { x: 387.0, y: 478.0, tan_in_x: 387.0, tan_in_y: 478.0, tan_out_x: 387.0, tan_out_y: 478.0 }
vertex[1743]=PF_PathVertex { x: 1.0853271484375, y: 1.0, tan_in_x: 1.0853271484375, tan_in_y: 1.0, tan_out_x: 1.0853271484375, tan_out_y: 1.0 }
vertex[1744]=PF_PathVertex { x: 388.0, y: 477.0, tan_in_x: 388.0, tan_in_y: 477.0, tan_out_x: 388.0, tan_out_y: 477.0 }
vertex[1745]=PF_PathVertex { x: 2.25, y: 2.0, tan_in_x: 2.25, tan_in_y: 2.0, tan_out_x: 2.25, tan_out_y: 2.0 }
vertex[1746]=PF_PathVertex { x: 387.0, y: 479.0, tan_in_x: 387.0, tan_in_y: 479.0, tan_out_x: 387.0, tan_out_y: 479.0 }
vertex[1747]=PF_PathVertex { x: 1.0009765625, y: 1.0, tan_in_x: 1.0009765625, tan_in_y: 1.0, tan_out_x: 1.0009765625, tan_out_y: 1.0 }
vertex[1748]=PF_PathVertex { x: 388.0, y: 479.0, tan_in_x: 388.0, tan_in_y: 479.0, tan_out_x: 388.0, tan_out_y: 479.0 }
vertex[1749]=PF_PathVertex { x: 1.192138671875, y: 1.0, tan_in_x: 1.192138671875, tan_in_y: 1.0, tan_out_x: 1.192138671875, tan_out_y: 1.0 }
vertex[1750]=PF_PathVertex { x: 389.0, y: 479.0, tan_in_x: 389.0, tan_in_y: 479.0, tan_out_x: 389.0, tan_out_y: 479.0 }
vertex[1751]=PF_PathVertex { x: 1.25, y: 1.0, tan_in_x: 1.25, tan_in_y: 1.0, tan_out_x: 1.25, tan_out_y: 1.0 }
vertex[1752]=PF_PathVertex { x: 388.0, y: 480.0, tan_in_x: 388.0, tan_in_y: 480.0, tan_out_x: 388.0, tan_out_y: 480.0 }
vertex[1753]=PF_PathVertex { x: 1.051025390625, y: 1.0, tan_in_x: 1.051025390625, tan_in_y: 1.0, tan_out_x: 1.051025390625, tan_out_y: 1.0 }
vertex[1754]=PF_PathVertex { x: 389.0, y: 480.0, tan_in_x: 389.0, tan_in_y: 480.0, tan_out_x: 389.0, tan_out_y: 480.0 }
vertex[1755]=PF_PathVertex { x: 1.2490234375, y: 1.0, tan_in_x: 1.2490234375, tan_in_y: 1.0, tan_out_x: 1.2490234375, tan_out_y: 1.0 }
vertex[1756]=PF_PathVertex { x: 389.0, y: 481.0, tan_in_x: 389.0, tan_in_y: 481.0, tan_out_x: 389.0, tan_out_y: 481.0 }
vertex[1757]=PF_PathVertex { x: 1.1568603515625, y: 1.0, tan_in_x: 1.1568603515625, tan_in_y: 1.0, tan_out_x: 1.1568603515625, tan_out_y: 1.0 }
vertex[1758]=PF_PathVertex { x: 390.0, y: 477.0, tan_in_x: 390.0, tan_in_y: 477.0, tan_out_x: 390.0, tan_out_y: 477.0 }
vertex[1759]=PF_PathVertex { x: 3.25, y: 5.0, tan_in_x: 3.25, tan_in_y: 5.0, tan_out_x: 3.25, tan_out_y: 5.0 }
vertex[1760]=PF_PathVertex { x: 389.0, y: 482.0, tan_in_x: 389.0, tan_in_y: 482.0, tan_out_x: 389.0, tan_out_y: 482.0 }
vertex[1761]=PF_PathVertex { x: 1.0255126953125, y: 1.0, tan_in_x: 1.0255126953125, tan_in_y: 1.0, tan_out_x: 1.0255126953125, tan_out_y: 1.0 }
vertex[1762]=PF_PathVertex { x: 390.0, y: 482.0, tan_in_x: 390.0, tan_in_y: 482.0, tan_out_x: 390.0, tan_out_y: 482.0 }
vertex[1763]=PF_PathVertex { x: 1.2392578125, y: 1.0, tan_in_x: 1.2392578125, tan_in_y: 1.0, tan_out_x: 1.2392578125, tan_out_y: 1.0 }
vertex[1764]=PF_PathVertex { x: 390.0, y: 483.0, tan_in_x: 390.0, tan_in_y: 483.0, tan_out_x: 390.0, tan_out_y: 483.0 }
vertex[1765]=PF_PathVertex { x: 1.12060546875, y: 1.0, tan_in_x: 1.12060546875, tan_in_y: 1.0, tan_out_x: 1.12060546875, tan_out_y: 1.0 }
vertex[1766]=PF_PathVertex { x: 391.0, y: 482.0, tan_in_x: 391.0, tan_in_y: 482.0, tan_out_x: 391.0, tan_out_y: 482.0 }
vertex[1767]=PF_PathVertex { x: 2.25, y: 2.0, tan_in_x: 2.25, tan_in_y: 2.0, tan_out_x: 2.25, tan_out_y: 2.0 }
vertex[1768]=PF_PathVertex { x: 390.0, y: 484.0, tan_in_x: 390.0, tan_in_y: 484.0, tan_out_x: 390.0, tan_out_y: 484.0 }
vertex[1769]=PF_PathVertex { x: 1.0087890625, y: 1.0, tan_in_x: 1.0087890625, tan_in_y: 1.0, tan_out_x: 1.0087890625, tan_out_y: 1.0 }
vertex[1770]=PF_PathVertex { x: 391.0, y: 484.0, tan_in_x: 391.0, tan_in_y: 484.0, tan_out_x: 391.0, tan_out_y: 484.0 }
vertex[1771]=PF_PathVertex { x: 1.2196044921875, y: 1.0, tan_in_x: 1.2196044921875, tan_in_y: 1.0, tan_out_x: 1.2196044921875, tan_out_y: 1.0 }
vertex[1772]=PF_PathVertex { x: 392.0, y: 484.0, tan_in_x: 392.0, tan_in_y: 484.0, tan_out_x: 392.0, tan_out_y: 484.0 }
vertex[1773]=PF_PathVertex { x: 1.25, y: 1.0, tan_in_x: 1.25, tan_in_y: 1.0, tan_out_x: 1.25, tan_out_y: 1.0 }
vertex[1774]=PF_PathVertex { x: 391.0, y: 485.0, tan_in_x: 391.0, tan_in_y: 485.0, tan_out_x: 391.0, tan_out_y: 485.0 }
vertex[1775]=PF_PathVertex { x: 1.0853271484375, y: 1.0, tan_in_x: 1.0853271484375, tan_in_y: 1.0, tan_out_x: 1.0853271484375, tan_out_y: 1.0 }
vertex[1776]=PF_PathVertex { x: 391.0, y: 486.0, tan_in_x: 391.0, tan_in_y: 486.0, tan_out_x: 391.0, tan_out_y: 486.0 }
vertex[1777]=PF_PathVertex { x: 1.0009765625, y: 1.0, tan_in_x: 1.0009765625, tan_in_y: 1.0, tan_out_x: 1.0009765625, tan_out_y: 1.0 }
vertex[1778]=PF_PathVertex { x: 392.0, y: 485.0, tan_in_x: 392.0, tan_in_y: 485.0, tan_out_x: 392.0, tan_out_y: 485.0 }
vertex[1779]=PF_PathVertex { x: 1.25, y: 1.0, tan_in_x: 1.25, tan_in_y: 1.0, tan_out_x: 1.25, tan_out_y: 1.0 }
vertex[1780]=PF_PathVertex { x: 392.0, y: 486.0, tan_in_x: 392.0, tan_in_y: 486.0, tan_out_x: 392.0, tan_out_y: 486.0 }
vertex[1781]=PF_PathVertex { x: 1.192138671875, y: 1.0, tan_in_x: 1.192138671875, tan_in_y: 1.0, tan_out_x: 1.192138671875, tan_out_y: 1.0 }
vertex[1782]=PF_PathVertex { x: 393.0, y: 477.0, tan_in_x: 393.0, tan_in_y: 477.0, tan_out_x: 393.0, tan_out_y: 477.0 }
vertex[1783]=PF_PathVertex { x: 7.25, y: 10.0, tan_in_x: 7.25, tan_in_y: 10.0, tan_out_x: 7.25, tan_out_y: 10.0 }
vertex[1784]=PF_PathVertex { x: 392.0, y: 487.0, tan_in_x: 392.0, tan_in_y: 487.0, tan_out_x: 392.0, tan_out_y: 487.0 }
vertex[1785]=PF_PathVertex { x: 1.051025390625, y: 1.0, tan_in_x: 1.051025390625, tan_in_y: 1.0, tan_out_x: 1.051025390625, tan_out_y: 1.0 }
vertex[1786]=PF_PathVertex { x: 393.0, y: 487.0, tan_in_x: 393.0, tan_in_y: 487.0, tan_out_x: 393.0, tan_out_y: 487.0 }
vertex[1787]=PF_PathVertex { x: 1.2490234375, y: 1.0, tan_in_x: 1.2490234375, tan_in_y: 1.0, tan_out_x: 1.2490234375, tan_out_y: 1.0 }
vertex[1788]=PF_PathVertex { x: 393.0, y: 488.0, tan_in_x: 393.0, tan_in_y: 488.0, tan_out_x: 393.0, tan_out_y: 488.0 }
vertex[1789]=PF_PathVertex { x: 1.1568603515625, y: 1.0, tan_in_x: 1.1568603515625, tan_in_y: 1.0, tan_out_x: 1.1568603515625, tan_out_y: 1.0 }
vertex[1790]=PF_PathVertex { x: 394.0, y: 487.0, tan_in_x: 394.0, tan_in_y: 487.0, tan_out_x: 394.0, tan_out_y: 487.0 }
vertex[1791]=PF_PathVertex { x: 2.25, y: 2.0, tan_in_x: 2.25, tan_in_y: 2.0, tan_out_x: 2.25, tan_out_y: 2.0 }
vertex[1792]=PF_PathVertex { x: 393.0, y: 489.0, tan_in_x: 393.0, tan_in_y: 489.0, tan_out_x: 393.0, tan_out_y: 489.0 }
vertex[1793]=PF_PathVertex { x: 1.0255126953125, y: 1.0, tan_in_x: 1.0255126953125, tan_in_y: 1.0, tan_out_x: 1.0255126953125, tan_out_y: 1.0 }
vertex[1794]=PF_PathVertex { x: 394.0, y: 489.0, tan_in_x: 394.0, tan_in_y: 489.0, tan_out_x: 394.0, tan_out_y: 489.0 }
vertex[1795]=PF_PathVertex { x: 1.2392578125, y: 1.0, tan_in_x: 1.2392578125, tan_in_y: 1.0, tan_out_x: 1.2392578125, tan_out_y: 1.0 }
vertex[1796]=PF_PathVertex { x: 394.0, y: 490.0, tan_in_x: 394.0, tan_in_y: 490.0, tan_out_x: 394.0, tan_out_y: 490.0 }
vertex[1797]=PF_PathVertex { x: 1.12060546875, y: 1.0, tan_in_x: 1.12060546875, tan_in_y: 1.0, tan_out_x: 1.12060546875, tan_out_y: 1.0 }
vertex[1798]=PF_PathVertex { x: 395.0, y: 489.0, tan_in_x: 395.0, tan_in_y: 489.0, tan_out_x: 395.0, tan_out_y: 489.0 }
vertex[1799]=PF_PathVertex { x: 1.25, y: 2.0, tan_in_x: 1.25, tan_in_y: 2.0, tan_out_x: 1.25, tan_out_y: 2.0 }
vertex[1800]=PF_PathVertex { x: 396.0, y: 487.0, tan_in_x: 396.0, tan_in_y: 487.0, tan_out_x: 396.0, tan_out_y: 487.0 }
vertex[1801]=PF_PathVertex { x: 4.25, y: 4.0, tan_in_x: 4.25, tan_in_y: 4.0, tan_out_x: 4.25, tan_out_y: 4.0 }
vertex[1802]=PF_PathVertex { x: 394.0, y: 491.0, tan_in_x: 394.0, tan_in_y: 491.0, tan_out_x: 394.0, tan_out_y: 491.0 }
vertex[1803]=PF_PathVertex { x: 1.0087890625, y: 1.0, tan_in_x: 1.0087890625, tan_in_y: 1.0, tan_out_x: 1.0087890625, tan_out_y: 1.0 }
vertex[1804]=PF_PathVertex { x: 395.0, y: 491.0, tan_in_x: 395.0, tan_in_y: 491.0, tan_out_x: 395.0, tan_out_y: 491.0 }
vertex[1805]=PF_PathVertex { x: 1.2196044921875, y: 1.0, tan_in_x: 1.2196044921875, tan_in_y: 1.0, tan_out_x: 1.2196044921875, tan_out_y: 1.0 }
vertex[1806]=PF_PathVertex { x: 395.0, y: 492.0, tan_in_x: 395.0, tan_in_y: 492.0, tan_out_x: 395.0, tan_out_y: 492.0 }
vertex[1807]=PF_PathVertex { x: 1.0853271484375, y: 1.0, tan_in_x: 1.0853271484375, tan_in_y: 1.0, tan_out_x: 1.0853271484375, tan_out_y: 1.0 }
vertex[1808]=PF_PathVertex { x: 395.0, y: 493.0, tan_in_x: 395.0, tan_in_y: 493.0, tan_out_x: 395.0, tan_out_y: 493.0 }
vertex[1809]=PF_PathVertex { x: 1.0009765625, y: 1.0, tan_in_x: 1.0009765625, tan_in_y: 1.0, tan_out_x: 1.0009765625, tan_out_y: 1.0 }
vertex[1810]=PF_PathVertex { x: 396.0, y: 491.0, tan_in_x: 396.0, tan_in_y: 491.0, tan_out_x: 396.0, tan_out_y: 491.0 }
vertex[1811]=PF_PathVertex { x: 4.25, y: 2.0, tan_in_x: 4.25, tan_in_y: 2.0, tan_out_x: 4.25, tan_out_y: 2.0 }
vertex[1812]=PF_PathVertex { x: 396.0, y: 493.0, tan_in_x: 396.0, tan_in_y: 493.0, tan_out_x: 396.0, tan_out_y: 493.0 }
vertex[1813]=PF_PathVertex { x: 1.192138671875, y: 1.0, tan_in_x: 1.192138671875, tan_in_y: 1.0, tan_out_x: 1.192138671875, tan_out_y: 1.0 }
vertex[1814]=PF_PathVertex { x: 397.0, y: 493.0, tan_in_x: 397.0, tan_in_y: 493.0, tan_out_x: 397.0, tan_out_y: 493.0 }
vertex[1815]=PF_PathVertex { x: 1.25, y: 1.0, tan_in_x: 1.25, tan_in_y: 1.0, tan_out_x: 1.25, tan_out_y: 1.0 }
vertex[1816]=PF_PathVertex { x: 396.0, y: 494.0, tan_in_x: 396.0, tan_in_y: 494.0, tan_out_x: 396.0, tan_out_y: 494.0 }
vertex[1817]=PF_PathVertex { x: 1.051025390625, y: 1.0, tan_in_x: 1.051025390625, tan_in_y: 1.0, tan_out_x: 1.051025390625, tan_out_y: 1.0 }
vertex[1818]=PF_PathVertex { x: 397.0, y: 494.0, tan_in_x: 397.0, tan_in_y: 494.0, tan_out_x: 397.0, tan_out_y: 494.0 }
vertex[1819]=PF_PathVertex { x: 1.2490234375, y: 1.0, tan_in_x: 1.2490234375, tan_in_y: 1.0, tan_out_x: 1.2490234375, tan_out_y: 1.0 }
vertex[1820]=PF_PathVertex { x: 397.0, y: 495.0, tan_in_x: 397.0, tan_in_y: 495.0, tan_out_x: 397.0, tan_out_y: 495.0 }
vertex[1821]=PF_PathVertex { x: 1.1568603515625, y: 1.0, tan_in_x: 1.1568603515625, tan_in_y: 1.0, tan_out_x: 1.1568603515625, tan_out_y: 1.0 }
vertex[1822]=PF_PathVertex { x: 398.0, y: 493.0, tan_in_x: 398.0, tan_in_y: 493.0, tan_out_x: 398.0, tan_out_y: 493.0 }
vertex[1823]=PF_PathVertex { x: 2.25, y: 3.0, tan_in_x: 2.25, tan_in_y: 3.0, tan_out_x: 2.25, tan_out_y: 3.0 }
vertex[1824]=PF_PathVertex { x: 397.0, y: 496.0, tan_in_x: 397.0, tan_in_y: 496.0, tan_out_x: 397.0, tan_out_y: 496.0 }
vertex[1825]=PF_PathVertex { x: 1.0255126953125, y: 1.0, tan_in_x: 1.0255126953125, tan_in_y: 1.0, tan_out_x: 1.0255126953125, tan_out_y: 1.0 }
vertex[1826]=PF_PathVertex { x: 398.0, y: 496.0, tan_in_x: 398.0, tan_in_y: 496.0, tan_out_x: 398.0, tan_out_y: 496.0 }
vertex[1827]=PF_PathVertex { x: 1.2392578125, y: 1.0, tan_in_x: 1.2392578125, tan_in_y: 1.0, tan_out_x: 1.2392578125, tan_out_y: 1.0 }
vertex[1828]=PF_PathVertex { x: 398.0, y: 497.0, tan_in_x: 398.0, tan_in_y: 497.0, tan_out_x: 398.0, tan_out_y: 497.0 }
vertex[1829]=PF_PathVertex { x: 1.12060546875, y: 1.0, tan_in_x: 1.12060546875, tan_in_y: 1.0, tan_out_x: 1.12060546875, tan_out_y: 1.0 }
vertex[1830]=PF_PathVertex { x: 399.0, y: 496.0, tan_in_x: 399.0, tan_in_y: 496.0, tan_out_x: 399.0, tan_out_y: 496.0 }
vertex[1831]=PF_PathVertex { x: 1.25, y: 2.0, tan_in_x: 1.25, tan_in_y: 2.0, tan_out_x: 1.25, tan_out_y: 2.0 }
vertex[1832]=PF_PathVertex { x: 398.0, y: 498.0, tan_in_x: 398.0, tan_in_y: 498.0, tan_out_x: 398.0, tan_out_y: 498.0 }
vertex[1833]=PF_PathVertex { x: 1.0087890625, y: 1.0, tan_in_x: 1.0087890625, tan_in_y: 1.0, tan_out_x: 1.0087890625, tan_out_y: 1.0 }
vertex[1834]=PF_PathVertex { x: 399.0, y: 498.0, tan_in_x: 399.0, tan_in_y: 498.0, tan_out_x: 399.0, tan_out_y: 498.0 }
vertex[1835]=PF_PathVertex { x: 1.2196044921875, y: 1.0, tan_in_x: 1.2196044921875, tan_in_y: 1.0, tan_out_x: 1.2196044921875, tan_out_y: 1.0 }
vertex[1836]=PF_PathVertex { x: 399.0, y: 499.0, tan_in_x: 399.0, tan_in_y: 499.0, tan_out_x: 399.0, tan_out_y: 499.0 }
vertex[1837]=PF_PathVertex { x: 1.0853271484375, y: 1.0, tan_in_x: 1.0853271484375, tan_in_y: 1.0, tan_out_x: 1.0853271484375, tan_out_y: 1.0 }
vertex[1838]=PF_PathVertex { x: 400.0, y: 150.0, tan_in_x: 400.0, tan_in_y: 150.0, tan_out_x: 400.0, tan_out_y: 150.0 }
vertex[1839]=PF_PathVertex { x: 100.25, y: 150.0, tan_in_x: 100.25, tan_in_y: 150.0, tan_out_x: 100.25, tan_out_y: 150.0 }
vertex[1840]=PF_PathVertex { x: 500.0, y: 150.0, tan_in_x: 500.0, tan_in_y: 150.0, tan_out_x: 500.0, tan_out_y: 150.0 }
vertex[1841]=PF_PathVertex { x: 50.25, y: 75.0, tan_in_x: 50.25, tan_in_y: 75.0, tan_out_x: 50.25, tan_out_y: 75.0 }
vertex[1842]=PF_PathVertex { x: 550.0, y: 150.0, tan_in_x: 550.0, tan_in_y: 150.0, tan_out_x: 550.0, tan_out_y: 150.0 }
vertex[1843]=PF_PathVertex { x: 25.25, y: 37.0, tan_in_x: 25.25, tan_in_y: 37.0, tan_out_x: 25.25, tan_out_y: 37.0 }
vertex[1844]=PF_PathVertex { x: 575.0, y: 150.0, tan_in_x: 575.0, tan_in_y: 150.0, tan_out_x: 575.0, tan_out_y: 150.0 }
vertex[1845]=PF_PathVertex { x: 12.25, y: 18.0, tan_in_x: 12.25, tan_in_y: 18.0, tan_out_x: 12.25, tan_out_y: 18.0 }
vertex[1846]=PF_PathVertex { x: 587.0, y: 150.0, tan_in_x: 587.0, tan_in_y: 150.0, tan_out_x: 587.0, tan_out_y: 150.0 }
vertex[1847]=PF_PathVertex { x: 6.25, y: 9.0, tan_in_x: 6.25, tan_in_y: 9.0, tan_out_x: 6.25, tan_out_y: 9.0 }
vertex[1848]=PF_PathVertex { x: 593.0, y: 150.0, tan_in_x: 593.0, tan_in_y: 150.0, tan_out_x: 593.0, tan_out_y: 150.0 }
vertex[1849]=PF_PathVertex { x: 3.25, y: 4.0, tan_in_x: 3.25, tan_in_y: 4.0, tan_out_x: 3.25, tan_out_y: 4.0 }
vertex[1850]=PF_PathVertex { x: 596.0, y: 150.0, tan_in_x: 596.0, tan_in_y: 150.0, tan_out_x: 596.0, tan_out_y: 150.0 }
vertex[1851]=PF_PathVertex { x: 2.25, y: 2.0, tan_in_x: 2.25, tan_in_y: 2.0, tan_out_x: 2.25, tan_out_y: 2.0 }
vertex[1852]=PF_PathVertex { x: 596.0, y: 152.0, tan_in_x: 596.0, tan_in_y: 152.0, tan_out_x: 596.0, tan_out_y: 152.0 }
vertex[1853]=PF_PathVertex { x: 1.25, y: 2.0, tan_in_x: 1.25, tan_in_y: 2.0, tan_out_x: 1.25, tan_out_y: 2.0 }
vertex[1854]=PF_PathVertex { x: 597.0, y: 152.0, tan_in_x: 597.0, tan_in_y: 152.0, tan_out_x: 597.0, tan_out_y: 152.0 }
vertex[1855]=PF_PathVertex { x: 1.25, y: 1.0, tan_in_x: 1.25, tan_in_y: 1.0, tan_out_x: 1.25, tan_out_y: 1.0 }
vertex[1856]=PF_PathVertex { x: 597.0, y: 153.0, tan_in_x: 597.0, tan_in_y: 153.0, tan_out_x: 597.0, tan_out_y: 153.0 }
vertex[1857]=PF_PathVertex { x: 1.23828125, y: 1.0, tan_in_x: 1.23828125, tan_in_y: 1.0, tan_out_x: 1.23828125, tan_out_y: 1.0 }
vertex[1858]=PF_PathVertex { x: 598.0, y: 150.0, tan_in_x: 598.0, tan_in_y: 150.0, tan_out_x: 598.0, tan_out_y: 150.0 }
vertex[1859]=PF_PathVertex { x: 1.25, y: 1.0, tan_in_x: 1.25, tan_in_y: 1.0, tan_out_x: 1.25, tan_out_y: 1.0 }
vertex[1860]=PF_PathVertex { x: 598.0, y: 151.0, tan_in_x: 598.0, tan_in_y: 151.0, tan_out_x: 598.0, tan_out_y: 151.0 }
vertex[1861]=PF_PathVertex { x: 1.2490234375, y: 1.0, tan_in_x: 1.2490234375, tan_in_y: 1.0, tan_out_x: 1.2490234375, tan_out_y: 1.0 }
vertex[1862]=PF_PathVertex { x: 599.0, y: 150.0, tan_in_x: 599.0, tan_in_y: 150.0, tan_out_x: 599.0, tan_out_y: 150.0 }
vertex[1863]=PF_PathVertex { x: 1.190185546875, y: 1.0, tan_in_x: 1.190185546875, tan_in_y: 1.0, tan_out_x: 1.190185546875, tan_out_y: 1.0 }
vertex[1864]=PF_PathVertex { x: 599.0, y: 151.0, tan_in_x: 599.0, tan_in_y: 151.0, tan_out_x: 599.0, tan_out_y: 151.0 }
vertex[1865]=PF_PathVertex { x: 1.049072265625, y: 1.0, tan_in_x: 1.049072265625, tan_in_y: 1.0, tan_out_x: 1.049072265625, tan_out_y: 1.0 }
vertex[1866]=PF_PathVertex { x: 598.0, y: 152.0, tan_in_x: 598.0, tan_in_y: 152.0, tan_out_x: 598.0, tan_out_y: 152.0 }
vertex[1867]=PF_PathVertex { x: 1.1549072265625, y: 1.0, tan_in_x: 1.1549072265625, tan_in_y: 1.0, tan_out_x: 1.1549072265625, tan_out_y: 1.0 }
vertex[1868]=PF_PathVertex { x: 598.0, y: 153.0, tan_in_x: 598.0, tan_in_y: 153.0, tan_out_x: 598.0, tan_out_y: 153.0 }
vertex[1869]=PF_PathVertex { x: 1.0235595703125, y: 1.0, tan_in_x: 1.0235595703125, tan_in_y: 1.0, tan_out_x: 1.0235595703125, tan_out_y: 1.0 }
vertex[1870]=PF_PathVertex { x: 593.0, y: 154.0, tan_in_x: 593.0, tan_in_y: 154.0, tan_out_x: 593.0, tan_out_y: 154.0 }
vertex[1871]=PF_PathVertex { x: 3.25, y: 2.0, tan_in_x: 3.25, tan_in_y: 2.0, tan_out_x: 3.25, tan_out_y: 2.0 }
vertex[1872]=PF_PathVertex { x: 593.0, y: 156.0, tan_in_x: 593.0, tan_in_y: 156.0, tan_out_x: 593.0, tan_out_y: 156.0 }
vertex[1873]=PF_PathVertex { x: 1.25, y: 3.0, tan_in_x: 1.25, tan_in_y: 3.0, tan_out_x: 1.25, tan_out_y: 3.0 }
vertex[1874]=PF_PathVertex { x: 594.0, y: 156.0, tan_in_x: 594.0, tan_in_y: 156.0, tan_out_x: 594.0, tan_out_y: 156.0 }
vertex[1875]=PF_PathVertex { x: 2.25, y: 1.0, tan_in_x: 2.25, tan_in_y: 1.0, tan_out_x: 2.25, tan_out_y: 1.0 }
vertex[1876]=PF_PathVertex { x: 594.0, y: 157.0, tan_in_x: 594.0, tan_in_y: 157.0, tan_out_x: 594.0, tan_out_y: 157.0 }
vertex[1877]=PF_PathVertex { x: 1.25, y: 1.0, tan_in_x: 1.25, tan_in_y: 1.0, tan_out_x: 1.25, tan_out_y: 1.0 }
vertex[1878]=PF_PathVertex { x: 594.0, y: 158.0, tan_in_x: 594.0, tan_in_y: 158.0, tan_out_x: 594.0, tan_out_y: 158.0 }
vertex[1879]=PF_PathVertex { x: 1.2490234375, y: 1.0, tan_in_x: 1.2490234375, tan_in_y: 1.0, tan_out_x: 1.2490234375, tan_out_y: 1.0 }
vertex[1880]=PF_PathVertex { x: 595.0, y: 157.0, tan_in_x: 595.0, tan_in_y: 157.0, tan_out_x: 595.0, tan_out_y: 157.0 }
vertex[1881]=PF_PathVertex { x: 1.190185546875, y: 1.0, tan_in_x: 1.190185546875, tan_in_y: 1.0, tan_out_x: 1.190185546875, tan_out_y: 1.0 }
vertex[1882]=PF_PathVertex { x: 595.0, y: 158.0, tan_in_x: 595.0, tan_in_y: 158.0, tan_out_x: 595.0, tan_out_y: 158.0 }
vertex[1883]=PF_PathVertex { x: 1.049072265625, y: 1.0, tan_in_x: 1.049072265625, tan_in_y: 1.0, tan_out_x: 1.049072265625, tan_out_y: 1.0 }
vertex[1884]=PF_PathVertex { x: 596.0, y: 154.0, tan_in_x: 596.0, tan_in_y: 154.0, tan_out_x: 596.0, tan_out_y: 154.0 }
vertex[1885]=PF_PathVertex { x: 1.25, y: 1.0, tan_in_x: 1.25, tan_in_y: 1.0, tan_out_x: 1.25, tan_out_y: 1.0 }
vertex[1886]=PF_PathVertex { x: 596.0, y: 155.0, tan_in_x: 596.0, tan_in_y: 155.0, tan_out_x: 596.0, tan_out_y: 155.0 }
vertex[1887]=PF_PathVertex { x: 1.2186279296875, y: 1.0, tan_in_x: 1.2186279296875, tan_in_y: 1.0, tan_out_x: 1.2186279296875, tan_out_y: 1.0 }
vertex[1888]=PF_PathVertex { x: 597.0, y: 154.0, tan_in_x: 597.0, tan_in_y: 154.0, tan_out_x: 597.0, tan_out_y: 154.0 }
vertex[1889]=PF_PathVertex { x: 1.11865234375, y: 1.0, tan_in_x: 1.11865234375, tan_in_y: 1.0, tan_out_x: 1.11865234375, tan_out_y: 1.0 }
vertex[1890]=PF_PathVertex { x: 597.0, y: 155.0, tan_in_x: 597.0, tan_in_y: 155.0, tan_out_x: 597.0, tan_out_y: 155.0 }
vertex[1891]=PF_PathVertex { x: 1.0078125, y: 1.0, tan_in_x: 1.0078125, tan_in_y: 1.0, tan_out_x: 1.0078125, tan_out_y: 1.0 }
vertex[1892]=PF_PathVertex { x: 596.0, y: 156.0, tan_in_x: 596.0, tan_in_y: 156.0, tan_out_x: 596.0, tan_out_y: 156.0 }
vertex[1893]=PF_PathVertex { x: 1.0833740234375, y: 1.0, tan_in_x: 1.0833740234375, tan_in_y: 1.0, tan_out_x: 1.0833740234375, tan_out_y: 1.0 }
vertex[1894]=PF_PathVertex { x: 587.0, y: 159.0, tan_in_x: 587.0, tan_in_y: 159.0, tan_out_x: 587.0, tan_out_y: 159.0 }
vertex[1895]=PF_PathVertex { x: 3.25, y: 4.0, tan_in_x: 3.25, tan_in_y: 4.0, tan_out_x: 3.25, tan_out_y: 4.0 }
vertex[1896]=PF_PathVertex { x: 590.0, y: 159.0, tan_in_x: 590.0, tan_in_y: 159.0, tan_out_x: 590.0, tan_out_y: 159.0 }
vertex[1897]=PF_PathVertex { x: 3.25, y: 2.0, tan_in_x: 3.25, tan_in_y: 2.0, tan_out_x: 3.25, tan_out_y: 2.0 }
vertex[1898]=PF_PathVertex { x: 590.0, y: 161.0, tan_in_x: 590.0, tan_in_y: 161.0, tan_out_x: 590.0, tan_out_y: 161.0 }
vertex[1899]=PF_PathVertex { x: 1.25, y: 2.0, tan_in_x: 1.25, tan_in_y: 2.0, tan_out_x: 1.25, tan_out_y: 2.0 }
vertex[1900]=PF_PathVertex { x: 591.0, y: 161.0, tan_in_x: 591.0, tan_in_y: 161.0, tan_out_x: 591.0, tan_out_y: 161.0 }
vertex[1901]=PF_PathVertex { x: 1.25, y: 2.0, tan_in_x: 1.25, tan_in_y: 2.0, tan_out_x: 1.25, tan_out_y: 2.0 }
vertex[1902]=PF_PathVertex { x: 592.0, y: 161.0, tan_in_x: 592.0, tan_in_y: 161.0, tan_out_x: 592.0, tan_out_y: 161.0 }
vertex[1903]=PF_PathVertex { x: 1.25, y: 1.0, tan_in_x: 1.25, tan_in_y: 1.0, tan_out_x: 1.25, tan_out_y: 1.0 }
vertex[1904]=PF_PathVertex { x: 592.0, y: 162.0, tan_in_x: 592.0, tan_in_y: 162.0, tan_out_x: 592.0, tan_out_y: 162.0 }
vertex[1905]=PF_PathVertex { x: 1.2186279296875, y: 1.0, tan_in_x: 1.2186279296875, tan_in_y: 1.0, tan_out_x: 1.2186279296875, tan_out_y: 1.0 }
vertex[1906]=PF_PathVertex { x: 587.0, y: 163.0, tan_in_x: 587.0, tan_in_y: 163.0, tan_out_x: 587.0, tan_out_y: 163.0 }
vertex[1907]=PF_PathVertex { x: 3.25, y: 2.0, tan_in_x: 3.25, tan_in_y: 2.0, tan_out_x: 3.25, tan_out_y: 2.0 }
vertex[1908]=PF_PathVertex { x: 587.0, y: 165.0, tan_in_x: 587.0, tan_in_y: 165.0, tan_out_x: 587.0, tan_out_y: 165.0 }
vertex[1909]=PF_PathVertex { x: 1.25, y: 3.0, tan_in_x: 1.25, tan_in_y: 3.0, tan_out_x: 1.25, tan_out_y: 3.0 }
vertex[1910]=PF_PathVertex { x: 588.0, y: 165.0, tan_in_x: 588.0, tan_in_y: 165.0, tan_out_x: 588.0, tan_out_y: 165.0 }
vertex[1911]=PF_PathVertex { x: 2.25, y: 1.0, tan_in_x: 2.25, tan_in_y: 1.0, tan_out_x: 2.25, tan_out_y: 1.0 }
vertex[1912]=PF_PathVertex { x: 588.0, y: 166.0, tan_in_x: 588.0, tan_in_y: 166.0, tan_out_x: 588.0, tan_out_y: 166.0 }
vertex[1913]=PF_PathVertex { x: 1.25, y: 2.0, tan_in_x: 1.25, tan_in_y: 2.0, tan_out_x: 1.25, tan_out_y: 2.0 }
vertex[1914]=PF_PathVertex { x: 589.0, y: 166.0, tan_in_x: 589.0, tan_in_y: 166.0, tan_out_x: 589.0, tan_out_y: 166.0 }
vertex[1915]=PF_PathVertex { x: 1.25, y: 1.0, tan_in_x: 1.25, tan_in_y: 1.0, tan_out_x: 1.25, tan_out_y: 1.0 }
vertex[1916]=PF_PathVertex { x: 589.0, y: 167.0, tan_in_x: 589.0, tan_in_y: 167.0, tan_out_x: 589.0, tan_out_y: 167.0 }
vertex[1917]=PF_PathVertex { x: 1.23828125, y: 1.0, tan_in_x: 1.23828125, tan_in_y: 1.0, tan_out_x: 1.23828125, tan_out_y: 1.0 }
vertex[1918]=PF_PathVertex { x: 590.0, y: 163.0, tan_in_x: 590.0, tan_in_y: 163.0, tan_out_x: 590.0, tan_out_y: 163.0 }
vertex[1919]=PF_PathVertex { x: 1.25, y: 2.0, tan_in_x: 1.25, tan_in_y: 2.0, tan_out_x: 1.25, tan_out_y: 2.0 }
vertex[1920]=PF_PathVertex { x: 591.0, y: 163.0, tan_in_x: 591.0, tan_in_y: 163.0, tan_out_x: 591.0, tan_out_y: 163.0 }
vertex[1921]=PF_PathVertex { x: 1.25, y: 1.0, tan_in_x: 1.25, tan_in_y: 1.0, tan_out_x: 1.25, tan_out_y: 1.0 }
vertex[1922]=PF_PathVertex { x: 591.0, y: 164.0, tan_in_x: 591.0, tan_in_y: 164.0, tan_out_x: 591.0, tan_out_y: 164.0 }
vertex[1923]=PF_PathVertex { x: 1.190185546875, y: 1.0, tan_in_x: 1.190185546875, tan_in_y: 1.0, tan_out_x: 1.190185546875, tan_out_y: 1.0 }
vertex[1924]=PF_PathVertex { x: 592.0, y: 163.0, tan_in_x: 592.0, tan_in_y: 163.0, tan_out_x: 592.0, tan_out_y: 163.0 }
vertex[1925]=PF_PathVertex { x: 1.0833740234375, y: 1.0, tan_in_x: 1.0833740234375, tan_in_y: 1.0, tan_out_x: 1.0833740234375, tan_out_y: 1.0 }
vertex[1926]=PF_PathVertex { x: 590.0, y: 165.0, tan_in_x: 590.0, tan_in_y: 165.0, tan_out_x: 590.0, tan_out_y: 165.0 }
vertex[1927]=PF_PathVertex { x: 1.2490234375, y: 1.0, tan_in_x: 1.2490234375, tan_in_y: 1.0, tan_out_x: 1.2490234375, tan_out_y: 1.0 }
vertex[1928]=PF_PathVertex { x: 590.0, y: 166.0, tan_in_x: 590.0, tan_in_y: 166.0, tan_out_x: 590.0, tan_out_y: 166.0 }
vertex[1929]=PF_PathVertex { x: 1.1549072265625, y: 1.0, tan_in_x: 1.1549072265625, tan_in_y: 1.0, tan_out_x: 1.1549072265625, tan_out_y: 1.0 }
vertex[1930]=PF_PathVertex { x: 590.0, y: 167.0, tan_in_x: 590.0, tan_in_y: 167.0, tan_out_x: 590.0, tan_out_y: 167.0 }
vertex[1931]=PF_PathVertex { x: 1.0235595703125, y: 1.0, tan_in_x: 1.0235595703125, tan_in_y: 1.0, tan_out_x: 1.0235595703125, tan_out_y: 1.0 }
vertex[1932]=PF_PathVertex { x: 591.0, y: 165.0, tan_in_x: 591.0, tan_in_y: 165.0, tan_out_x: 591.0, tan_out_y: 165.0 }
vertex[1933]=PF_PathVertex { x: 1.049072265625, y: 1.0, tan_in_x: 1.049072265625, tan_in_y: 1.0, tan_out_x: 1.049072265625, tan_out_y: 1.0 }
vertex[1934]=PF_PathVertex { x: 593.0, y: 159.0, tan_in_x: 593.0, tan_in_y: 159.0, tan_out_x: 593.0, tan_out_y: 159.0 }
vertex[1935]=PF_PathVertex { x: 1.25, y: 1.0, tan_in_x: 1.25, tan_in_y: 1.0, tan_out_x: 1.25, tan_out_y: 1.0 }
vertex[1936]=PF_PathVertex { x: 593.0, y: 160.0, tan_in_x: 593.0, tan_in_y: 160.0, tan_out_x: 593.0, tan_out_y: 160.0 }
vertex[1937]=PF_PathVertex { x: 1.23828125, y: 1.0, tan_in_x: 1.23828125, tan_in_y: 1.0, tan_out_x: 1.23828125, tan_out_y: 1.0 }
vertex[1938]=PF_PathVertex { x: 594.0, y: 159.0, tan_in_x: 594.0, tan_in_y: 159.0, tan_out_x: 594.0, tan_out_y: 159.0 }
vertex[1939]=PF_PathVertex { x: 1.1549072265625, y: 1.0, tan_in_x: 1.1549072265625, tan_in_y: 1.0, tan_out_x: 1.1549072265625, tan_out_y: 1.0 }
vertex[1940]=PF_PathVertex { x: 594.0, y: 160.0, tan_in_x: 594.0, tan_in_y: 160.0, tan_out_x: 594.0, tan_out_y: 160.0 }
vertex[1941]=PF_PathVertex { x: 1.0235595703125, y: 1.0, tan_in_x: 1.0235595703125, tan_in_y: 1.0, tan_out_x: 1.0235595703125, tan_out_y: 1.0 }
vertex[1942]=PF_PathVertex { x: 593.0, y: 161.0, tan_in_x: 593.0, tan_in_y: 161.0, tan_out_x: 593.0, tan_out_y: 161.0 }
vertex[1943]=PF_PathVertex { x: 1.11865234375, y: 1.0, tan_in_x: 1.11865234375, tan_in_y: 1.0, tan_out_x: 1.11865234375, tan_out_y: 1.0 }
vertex[1944]=PF_PathVertex { x: 593.0, y: 162.0, tan_in_x: 593.0, tan_in_y: 162.0, tan_out_x: 593.0, tan_out_y: 162.0 }
vertex[1945]=PF_PathVertex { x: 1.0078125, y: 1.0, tan_in_x: 1.0078125, tan_in_y: 1.0, tan_out_x: 1.0078125, tan_out_y: 1.0 }
vertex[1946]=PF_PathVertex { x: 575.0, y: 168.0, tan_in_x: 575.0, tan_in_y: 168.0, tan_out_x: 575.0, tan_out_y: 168.0 }
vertex[1947]=PF_PathVertex { x: 6.25, y: 9.0, tan_in_x: 6.25, tan_in_y: 9.0, tan_out_x: 6.25, tan_out_y: 9.0 }
vertex[1948]=PF_PathVertex { x: 581.0, y: 168.0, tan_in_x: 581.0, tan_in_y: 168.0, tan_out_x: 581.0, tan_out_y: 168.0 }
vertex[1949]=PF_PathVertex { x: 6.25, y: 4.0, tan_in_x: 6.25, tan_in_y: 4.0, tan_out_x: 6.25, tan_out_y: 4.0 }
vertex[1950]=PF_PathVertex { x: 581.0, y: 172.0, tan_in_x: 581.0, tan_in_y: 172.0, tan_out_x: 581.0, tan_out_y: 172.0 }
vertex[1951]=PF_PathVertex { x: 3.25, y: 5.0, tan_in_x: 3.25, tan_in_y: 5.0, tan_out_x: 3.25, tan_out_y: 5.0 }
vertex[1952]=PF_PathVertex { x: 584.0, y: 172.0, tan_in_x: 584.0, tan_in_y: 172.0, tan_out_x: 584.0, tan_out_y: 172.0 }
vertex[1953]=PF_PathVertex { x: 1.25, y: 2.0, tan_in_x: 1.25, tan_in_y: 2.0, tan_out_x: 1.25, tan_out_y: 2.0 }
vertex[1954]=PF_PathVertex { x: 585.0, y: 172.0, tan_in_x: 585.0, tan_in_y: 172.0, tan_out_x: 585.0, tan_out_y: 172.0 }
vertex[1955]=PF_PathVertex { x: 1.25, y: 2.0, tan_in_x: 1.25, tan_in_y: 2.0, tan_out_x: 1.25, tan_out_y: 2.0 }
vertex[1956]=PF_PathVertex { x: 586.0, y: 172.0, tan_in_x: 586.0, tan_in_y: 172.0, tan_out_x: 586.0, tan_out_y: 172.0 }
vertex[1957]=PF_PathVertex { x: 1.2490234375, y: 1.0, tan_in_x: 1.2490234375, tan_in_y: 1.0, tan_out_x: 1.2490234375, tan_out_y: 1.0 }
vertex[1958]=PF_PathVertex { x: 586.0, y: 173.0, tan_in_x: 586.0, tan_in_y: 173.0, tan_out_x: 586.0, tan_out_y: 173.0 }
vertex[1959]=PF_PathVertex { x: 1.1549072265625, y: 1.0, tan_in_x: 1.1549072265625, tan_in_y: 1.0, tan_out_x: 1.1549072265625, tan_out_y: 1.0 }
vertex[1960]=PF_PathVertex { x: 584.0, y: 174.0, tan_in_x: 584.0, tan_in_y: 174.0, tan_out_x: 584.0, tan_out_y: 174.0 }
vertex[1961]=PF_PathVertex { x: 1.25, y: 1.0, tan_in_x: 1.25, tan_in_y: 1.0, tan_out_x: 1.25, tan_out_y: 1.0 }
vertex[1962]=PF_PathVertex { x: 584.0, y: 175.0, tan_in_x: 584.0, tan_in_y: 175.0, tan_out_x: 584.0, tan_out_y: 175.0 }
vertex[1963]=PF_PathVertex { x: 1.25, y: 1.0, tan_in_x: 1.25, tan_in_y: 1.0, tan_out_x: 1.25, tan_out_y: 1.0 }
vertex[1964]=PF_PathVertex { x: 584.0, y: 176.0, tan_in_x: 584.0, tan_in_y: 176.0, tan_out_x: 584.0, tan_out_y: 176.0 }
vertex[1965]=PF_PathVertex { x: 1.2186279296875, y: 1.0, tan_in_x: 1.2186279296875, tan_in_y: 1.0, tan_out_x: 1.2186279296875, tan_out_y: 1.0 }
vertex[1966]=PF_PathVertex { x: 585.0, y: 174.0, tan_in_x: 585.0, tan_in_y: 174.0, tan_out_x: 585.0, tan_out_y: 174.0 }
vertex[1967]=PF_PathVertex { x: 1.23828125, y: 1.0, tan_in_x: 1.23828125, tan_in_y: 1.0, tan_out_x: 1.23828125, tan_out_y: 1.0 }
vertex[1968]=PF_PathVertex { x: 586.0, y: 174.0, tan_in_x: 586.0, tan_in_y: 174.0, tan_out_x: 586.0, tan_out_y: 174.0 }
vertex[1969]=PF_PathVertex { x: 1.0235595703125, y: 1.0, tan_in_x: 1.0235595703125, tan_in_y: 1.0, tan_out_x: 1.0235595703125, tan_out_y: 1.0 }
vertex[1970]=PF_PathVertex { x: 585.0, y: 175.0, tan_in_x: 585.0, tan_in_y: 175.0, tan_out_x: 585.0, tan_out_y: 175.0 }
vertex[1971]=PF_PathVertex { x: 1.11865234375, y: 1.0, tan_in_x: 1.11865234375, tan_in_y: 1.0, tan_out_x: 1.11865234375, tan_out_y: 1.0 }
vertex[1972]=PF_PathVertex { x: 585.0, y: 176.0, tan_in_x: 585.0, tan_in_y: 176.0, tan_out_x: 585.0, tan_out_y: 176.0 }
vertex[1973]=PF_PathVertex { x: 1.0078125, y: 1.0, tan_in_x: 1.0078125, tan_in_y: 1.0, tan_out_x: 1.0078125, tan_out_y: 1.0 }
vertex[1974]=PF_PathVertex { x: 575.0, y: 177.0, tan_in_x: 575.0, tan_in_y: 177.0, tan_out_x: 575.0, tan_out_y: 177.0 }
vertex[1975]=PF_PathVertex { x: 6.25, y: 5.0, tan_in_x: 6.25, tan_in_y: 5.0, tan_out_x: 6.25, tan_out_y: 5.0 }
vertex[1976]=PF_PathVertex { x: 575.0, y: 182.0, tan_in_x: 575.0, tan_in_y: 182.0, tan_out_x: 575.0, tan_out_y: 182.0 }
vertex[1977]=PF_PathVertex { x: 3.25, y: 5.0, tan_in_x: 3.25, tan_in_y: 5.0, tan_out_x: 3.25, tan_out_y: 5.0 }
vertex[1978]=PF_PathVertex { x: 578.0, y: 182.0, tan_in_x: 578.0, tan_in_y: 182.0, tan_out_x: 578.0, tan_out_y: 182.0 }
vertex[1979]=PF_PathVertex { x: 1.25, y: 2.0, tan_in_x: 1.25, tan_in_y: 2.0, tan_out_x: 1.25, tan_out_y: 2.0 }
vertex[1980]=PF_PathVertex { x: 579.0, y: 182.0, tan_in_x: 579.0, tan_in_y: 182.0, tan_out_x: 579.0, tan_out_y: 182.0 }
vertex[1981]=PF_PathVertex { x: 1.25, y: 2.0, tan_in_x: 1.25, tan_in_y: 2.0, tan_out_x: 1.25, tan_out_y: 2.0 }
vertex[1982]=PF_PathVertex { x: 580.0, y: 182.0, tan_in_x: 580.0, tan_in_y: 182.0, tan_out_x: 580.0, tan_out_y: 182.0 }
vertex[1983]=PF_PathVertex { x: 1.25, y: 1.0, tan_in_x: 1.25, tan_in_y: 1.0, tan_out_x: 1.25, tan_out_y: 1.0 }
vertex[1984]=PF_PathVertex { x: 580.0, y: 183.0, tan_in_x: 580.0, tan_in_y: 183.0, tan_out_x: 580.0, tan_out_y: 183.0 }
vertex[1985]=PF_PathVertex { x: 1.2186279296875, y: 1.0, tan_in_x: 1.2186279296875, tan_in_y: 1.0, tan_out_x: 1.2186279296875, tan_out_y: 1.0 }
vertex[1986]=PF_PathVertex { x: 578.0, y: 184.0, tan_in_x: 578.0, tan_in_y: 184.0, tan_out_x: 578.0, tan_out_y: 184.0 }
vertex[1987]=PF_PathVertex { x: 1.25, y: 1.0, tan_in_x: 1.25, tan_in_y: 1.0, tan_out_x: 1.25, tan_out_y: 1.0 }
vertex[1988]=PF_PathVertex { x: 578.0, y: 185.0, tan_in_x: 578.0, tan_in_y: 185.0, tan_out_x: 578.0, tan_out_y: 185.0 }
vertex[1989]=PF_PathVertex { x: 1.25, y: 1.0, tan_in_x: 1.25, tan_in_y: 1.0, tan_out_x: 1.25, tan_out_y: 1.0 }
vertex[1990]=PF_PathVertex { x: 578.0, y: 186.0, tan_in_x: 578.0, tan_in_y: 186.0, tan_out_x: 578.0, tan_out_y: 186.0 }
vertex[1991]=PF_PathVertex { x: 1.2490234375, y: 1.0, tan_in_x: 1.2490234375, tan_in_y: 1.0, tan_out_x: 1.2490234375, tan_out_y: 1.0 }
vertex[1992]=PF_PathVertex { x: 579.0, y: 184.0, tan_in_x: 579.0, tan_in_y: 184.0, tan_out_x: 579.0, tan_out_y: 184.0 }
vertex[1993]=PF_PathVertex { x: 1.25, y: 1.0, tan_in_x: 1.25, tan_in_y: 1.0, tan_out_x: 1.25, tan_out_y: 1.0 }
vertex[1994]=PF_PathVertex { x: 580.0, y: 184.0, tan_in_x: 580.0, tan_in_y: 184.0, tan_out_x: 580.0, tan_out_y: 184.0 }
vertex[1995]=PF_PathVertex { x: 1.0833740234375, y: 1.0, tan_in_x: 1.0833740234375, tan_in_y: 1.0, tan_out_x: 1.0833740234375, tan_out_y: 1.0 }
vertex[1996]=PF_PathVertex { x: 579.0, y: 185.0, tan_in_x: 579.0, tan_in_y: 185.0, tan_out_x: 579.0, tan_out_y: 185.0 }
vertex[1997]=PF_PathVertex { x: 1.190185546875, y: 1.0, tan_in_x: 1.190185546875, tan_in_y: 1.0, tan_out_x: 1.190185546875, tan_out_y: 1.0 }
vertex[1998]=PF_PathVertex { x: 579.0, y: 186.0, tan_in_x: 579.0, tan_in_y: 186.0, tan_out_x: 579.0, tan_out_y: 186.0 }
vertex[1999]=PF_PathVertex { x: 1.049072265625, y: 1.0, tan_in_x: 1.049072265625, tan_in_y: 1.0, tan_out_x: 1.049072265625, tan_out_y: 1.0 }
vertex[2000]=PF_PathVertex { x: 581.0, y: 177.0, tan_in_x: 581.0, tan_in_y: 177.0, tan_out_x: 581.0, tan_out_y: 177.0 }
vertex[2001]=PF_PathVertex { x: 1.25, y: 2.0, tan_in_x: 1.25, tan_in_y: 2.0, tan_out_x: 1.25, tan_out_y: 2.0 }
vertex[2002]=PF_PathVertex { x: 582.0, y: 177.0, tan_in_x: 582.0, tan_in_y: 177.0, tan_out_x: 582.0, tan_out_y: 177.0 }
vertex[2003]=PF_PathVertex { x: 1.25, y: 2.0, tan_in_x: 1.25, tan_in_y: 2.0, tan_out_x: 1.25, tan_out_y: 2.0 }
vertex[2004]=PF_PathVertex { x: 583.0, y: 177.0, tan_in_x: 583.0, tan_in_y: 177.0, tan_out_x: 583.0, tan_out_y: 177.0 }
vertex[2005]=PF_PathVertex { x: 1.25, y: 1.0, tan_in_x: 1.25, tan_in_y: 1.0, tan_out_x: 1.25, tan_out_y: 1.0 }
vertex[2006]=PF_PathVertex { x: 583.0, y: 178.0, tan_in_x: 583.0, tan_in_y: 178.0, tan_out_x: 583.0, tan_out_y: 178.0 }
vertex[2007]=PF_PathVertex { x: 1.190185546875, y: 1.0, tan_in_x: 1.190185546875, tan_in_y: 1.0, tan_out_x: 1.190185546875, tan_out_y: 1.0 }
vertex[2008]=PF_PathVertex { x: 581.0, y: 179.0, tan_in_x: 581.0, tan_in_y: 179.0, tan_out_x: 581.0, tan_out_y: 179.0 }
vertex[2009]=PF_PathVertex { x: 1.25, y: 1.0, tan_in_x: 1.25, tan_in_y: 1.0, tan_out_x: 1.25, tan_out_y: 1.0 }
vertex[2010]=PF_PathVertex { x: 581.0, y: 180.0, tan_in_x: 581.0, tan_in_y: 180.0, tan_out_x: 581.0, tan_out_y: 180.0 }
vertex[2011]=PF_PathVertex { x: 1.25, y: 1.0, tan_in_x: 1.25, tan_in_y: 1.0, tan_out_x: 1.25, tan_out_y: 1.0 }
vertex[2012]=PF_PathVertex { x: 581.0, y: 181.0, tan_in_x: 581.0, tan_in_y: 181.0, tan_out_x: 581.0, tan_out_y: 181.0 }
vertex[2013]=PF_PathVertex { x: 1.23828125, y: 1.0, tan_in_x: 1.23828125, tan_in_y: 1.0, tan_out_x: 1.23828125, tan_out_y: 1.0 }
vertex[2014]=PF_PathVertex { x: 582.0, y: 179.0, tan_in_x: 582.0, tan_in_y: 179.0, tan_out_x: 582.0, tan_out_y: 179.0 }
vertex[2015]=PF_PathVertex { x: 1.2490234375, y: 1.0, tan_in_x: 1.2490234375, tan_in_y: 1.0, tan_out_x: 1.2490234375, tan_out_y: 1.0 }
vertex[2016]=PF_PathVertex { x: 583.0, y: 179.0, tan_in_x: 583.0, tan_in_y: 179.0, tan_out_x: 583.0, tan_out_y: 179.0 }
vertex[2017]=PF_PathVertex { x: 1.049072265625, y: 1.0, tan_in_x: 1.049072265625, tan_in_y: 1.0, tan_out_x: 1.049072265625, tan_out_y: 1.0 }
vertex[2018]=PF_PathVertex { x: 582.0, y: 180.0, tan_in_x: 582.0, tan_in_y: 180.0, tan_out_x: 582.0, tan_out_y: 180.0 }
vertex[2019]=PF_PathVertex { x: 1.1549072265625, y: 1.0, tan_in_x: 1.1549072265625, tan_in_y: 1.0, tan_out_x: 1.1549072265625, tan_out_y: 1.0 }
vertex[2020]=PF_PathVertex { x: 582.0, y: 181.0, tan_in_x: 582.0, tan_in_y: 181.0, tan_out_x: 582.0, tan_out_y: 181.0 }
vertex[2021]=PF_PathVertex { x: 1.0235595703125, y: 1.0, tan_in_x: 1.0235595703125, tan_in_y: 1.0, tan_out_x: 1.0235595703125, tan_out_y: 1.0 }
vertex[2022]=PF_PathVertex { x: 584.0, y: 177.0, tan_in_x: 584.0, tan_in_y: 177.0, tan_out_x: 584.0, tan_out_y: 177.0 }
vertex[2023]=PF_PathVertex { x: 1.0833740234375, y: 1.0, tan_in_x: 1.0833740234375, tan_in_y: 1.0, tan_out_x: 1.0833740234375, tan_out_y: 1.0 }
vertex[2024]=PF_PathVertex { x: 581.0, y: 182.0, tan_in_x: 581.0, tan_in_y: 182.0, tan_out_x: 581.0, tan_out_y: 182.0 }
vertex[2025]=PF_PathVertex { x: 1.11865234375, y: 1.0, tan_in_x: 1.11865234375, tan_in_y: 1.0, tan_out_x: 1.11865234375, tan_out_y: 1.0 }
vertex[2026]=PF_PathVertex { x: 581.0, y: 183.0, tan_in_x: 581.0, tan_in_y: 183.0, tan_out_x: 581.0, tan_out_y: 183.0 }
vertex[2027]=PF_PathVertex { x: 1.0078125, y: 1.0, tan_in_x: 1.0078125, tan_in_y: 1.0, tan_out_x: 1.0078125, tan_out_y: 1.0 }
vertex[2028]=PF_PathVertex { x: 587.0, y: 168.0, tan_in_x: 587.0, tan_in_y: 168.0, tan_out_x: 587.0, tan_out_y: 168.0 }
vertex[2029]=PF_PathVertex { x: 1.25, y: 2.0, tan_in_x: 1.25, tan_in_y: 2.0, tan_out_x: 1.25, tan_out_y: 2.0 }
vertex[2030]=PF_PathVertex { x: 588.0, y: 168.0, tan_in_x: 588.0, tan_in_y: 168.0, tan_out_x: 588.0, tan_out_y: 168.0 }
vertex[2031]=PF_PathVertex { x: 1.25, y: 1.0, tan_in_x: 1.25, tan_in_y: 1.0, tan_out_x: 1.25, tan_out_y: 1.0 }
vertex[2032]=PF_PathVertex { x: 588.0, y: 169.0, tan_in_x: 588.0, tan_in_y: 169.0, tan_out_x: 588.0, tan_out_y: 169.0 }
vertex[2033]=PF_PathVertex { x: 1.2186279296875, y: 1.0, tan_in_x: 1.2186279296875, tan_in_y: 1.0, tan_out_x: 1.2186279296875, tan_out_y: 1.0 }
vertex[2034]=PF_PathVertex { x: 589.0, y: 168.0, tan_in_x: 589.0, tan_in_y: 168.0, tan_out_x: 589.0, tan_out_y: 168.0 }
vertex[2035]=PF_PathVertex { x: 1.11865234375, y: 1.0, tan_in_x: 1.11865234375, tan_in_y: 1.0, tan_out_x: 1.11865234375, tan_out_y: 1.0 }
vertex[2036]=PF_PathVertex { x: 589.0, y: 169.0, tan_in_x: 589.0, tan_in_y: 169.0, tan_out_x: 589.0, tan_out_y: 169.0 }
vertex[2037]=PF_PathVertex { x: 1.0078125, y: 1.0, tan_in_x: 1.0078125, tan_in_y: 1.0, tan_out_x: 1.0078125, tan_out_y: 1.0 }
vertex[2038]=PF_PathVertex { x: 587.0, y: 170.0, tan_in_x: 587.0, tan_in_y: 170.0, tan_out_x: 587.0, tan_out_y: 170.0 }
vertex[2039]=PF_PathVertex { x: 1.25, y: 1.0, tan_in_x: 1.25, tan_in_y: 1.0, tan_out_x: 1.25, tan_out_y: 1.0 }
vertex[2040]=PF_PathVertex { x: 587.0, y: 171.0, tan_in_x: 587.0, tan_in_y: 171.0, tan_out_x: 587.0, tan_out_y: 171.0 }
vertex[2041]=PF_PathVertex { x: 1.190185546875, y: 1.0, tan_in_x: 1.190185546875, tan_in_y: 1.0, tan_out_x: 1.190185546875, tan_out_y: 1.0 }
vertex[2042]=PF_PathVertex { x: 588.0, y: 170.0, tan_in_x: 588.0, tan_in_y: 170.0, tan_out_x: 588.0, tan_out_y: 170.0 }
vertex[2043]=PF_PathVertex { x: 1.0833740234375, y: 1.0, tan_in_x: 1.0833740234375, tan_in_y: 1.0, tan_out_x: 1.0833740234375, tan_out_y: 1.0 }
vertex[2044]=PF_PathVertex { x: 587.0, y: 172.0, tan_in_x: 587.0, tan_in_y: 172.0, tan_out_x: 587.0, tan_out_y: 172.0 }
vertex[2045]=PF_PathVertex { x: 1.049072265625, y: 1.0, tan_in_x: 1.049072265625, tan_in_y: 1.0, tan_out_x: 1.049072265625, tan_out_y: 1.0 }
vertex[2046]=PF_PathVertex { x: 550.0, y: 187.0, tan_in_x: 550.0, tan_in_y: 187.0, tan_out_x: 550.0, tan_out_y: 187.0 }
vertex[2047]=PF_PathVertex { x: 12.25, y: 19.0, tan_in_x: 12.25, tan_in_y: 19.0, tan_out_x: 12.25, tan_out_y: 19.0 }
vertex[2048]=PF_PathVertex { x: 562.0, y: 187.0, tan_in_x: 562.0, tan_in_y: 187.0, tan_out_x: 562.0, tan_out_y: 187.0 }
vertex[2049]=PF_PathVertex { x: 6.25, y: 9.0, tan_in_x: 6.25, tan_in_y: 9.0, tan_out_x: 6.25, tan_out_y: 9.0 }
vertex[2050]=PF_PathVertex { x: 568.0, y: 187.0, tan_in_x: 568.0, tan_in_y: 187.0, tan_out_x: 568.0, tan_out_y: 187.0 }
vertex[2051]=PF_PathVertex { x: 7.25, y: 4.0, tan_in_x: 7.25, tan_in_y: 4.0, tan_out_x: 7.25, tan_out_y: 4.0 }
vertex[2052]=PF_PathVertex { x: 568.0, y: 191.0, tan_in_x: 568.0, tan_in_y: 191.0, tan_out_x: 568.0, tan_out_y: 191.0 }
vertex[2053]=PF_PathVertex { x: 3.25, y: 5.0, tan_in_x: 3.25, tan_in_y: 5.0, tan_out_x: 3.25, tan_out_y: 5.0 }
vertex[2054]=PF_PathVertex { x: 571.0, y: 191.0, tan_in_x: 571.0, tan_in_y: 191.0, tan_out_x: 571.0, tan_out_y: 191.0 }
vertex[2055]=PF_PathVertex { x: 4.25, y: 2.0, tan_in_x: 4.25, tan_in_y: 2.0, tan_out_x: 4.25, tan_out_y: 2.0 }
vertex[2056]=PF_PathVertex { x: 571.0, y: 193.0, tan_in_x: 571.0, tan_in_y: 193.0, tan_out_x: 571.0, tan_out_y: 193.0 }
vertex[2057]=PF_PathVertex { x: 2.25, y: 3.0, tan_in_x: 2.25, tan_in_y: 3.0, tan_out_x: 2.25, tan_out_y: 3.0 }
vertex[2058]=PF_PathVertex { x: 573.0, y: 193.0, tan_in_x: 573.0, tan_in_y: 193.0, tan_out_x: 573.0, tan_out_y: 193.0 }
vertex[2059]=PF_PathVertex { x: 1.25, y: 1.0, tan_in_x: 1.25, tan_in_y: 1.0, tan_out_x: 1.25, tan_out_y: 1.0 }
vertex[2060]=PF_PathVertex { x: 574.0, y: 193.0, tan_in_x: 574.0, tan_in_y: 193.0, tan_out_x: 574.0, tan_out_y: 193.0 }
vertex[2061]=PF_PathVertex { x: 1.2490234375, y: 1.0, tan_in_x: 1.2490234375, tan_in_y: 1.0, tan_out_x: 1.2490234375, tan_out_y: 1.0 }
vertex[2062]=PF_PathVertex { x: 573.0, y: 194.0, tan_in_x: 573.0, tan_in_y: 194.0, tan_out_x: 573.0, tan_out_y: 194.0 }
vertex[2063]=PF_PathVertex { x: 1.25, y: 1.0, tan_in_x: 1.25, tan_in_y: 1.0, tan_out_x: 1.25, tan_out_y: 1.0 }
vertex[2064]=PF_PathVertex { x: 573.0, y: 195.0, tan_in_x: 573.0, tan_in_y: 195.0, tan_out_x: 573.0, tan_out_y: 195.0 }
vertex[2065]=PF_PathVertex { x: 1.23828125, y: 1.0, tan_in_x: 1.23828125, tan_in_y: 1.0, tan_out_x: 1.23828125, tan_out_y: 1.0 }
vertex[2066]=PF_PathVertex { x: 574.0, y: 194.0, tan_in_x: 574.0, tan_in_y: 194.0, tan_out_x: 574.0, tan_out_y: 194.0 }
vertex[2067]=PF_PathVertex { x: 1.1549072265625, y: 1.0, tan_in_x: 1.1549072265625, tan_in_y: 1.0, tan_out_x: 1.1549072265625, tan_out_y: 1.0 }
vertex[2068]=PF_PathVertex { x: 574.0, y: 195.0, tan_in_x: 574.0, tan_in_y: 195.0, tan_out_x: 574.0, tan_out_y: 195.0 }
vertex[2069]=PF_PathVertex { x: 1.0235595703125, y: 1.0, tan_in_x: 1.0235595703125, tan_in_y: 1.0, tan_out_x: 1.0235595703125, tan_out_y: 1.0 }
vertex[2070]=PF_PathVertex { x: 562.0, y: 196.0, tan_in_x: 562.0, tan_in_y: 196.0, tan_out_x: 562.0, tan_out_y: 196.0 }
vertex[2071]=PF_PathVertex { x: 6.25, y: 10.0, tan_in_x: 6.25, tan_in_y: 10.0, tan_out_x: 6.25, tan_out_y: 10.0 }
vertex[2072]=PF_PathVertex { x: 568.0, y: 196.0, tan_in_x: 568.0, tan_in_y: 196.0, tan_out_x: 568.0, tan_out_y: 196.0 }
vertex[2073]=PF_PathVertex { x: 3.25, y: 2.0, tan_in_x: 3.25, tan_in_y: 2.0, tan_out_x: 3.25, tan_out_y: 2.0 }
vertex[2074]=PF_PathVertex { x: 568.0, y: 198.0, tan_in_x: 568.0, tan_in_y: 198.0, tan_out_x: 568.0, tan_out_y: 198.0 }
vertex[2075]=PF_PathVertex { x: 1.25, y: 3.0, tan_in_x: 1.25, tan_in_y: 3.0, tan_out_x: 1.25, tan_out_y: 3.0 }
vertex[2076]=PF_PathVertex { x: 569.0, y: 198.0, tan_in_x: 569.0, tan_in_y: 198.0, tan_out_x: 569.0, tan_out_y: 198.0 }
vertex[2077]=PF_PathVertex { x: 2.25, y: 1.0, tan_in_x: 2.25, tan_in_y: 1.0, tan_out_x: 2.25, tan_out_y: 1.0 }
vertex[2078]=PF_PathVertex { x: 569.0, y: 199.0, tan_in_x: 569.0, tan_in_y: 199.0, tan_out_x: 569.0, tan_out_y: 199.0 }
vertex[2079]=PF_PathVertex { x: 1.25, y: 2.0, tan_in_x: 1.25, tan_in_y: 2.0, tan_out_x: 1.25, tan_out_y: 2.0 }
vertex[2080]=PF_PathVertex { x: 570.0, y: 199.0, tan_in_x: 570.0, tan_in_y: 199.0, tan_out_x: 570.0, tan_out_y: 199.0 }
vertex[2081]=PF_PathVertex { x: 1.25, y: 1.0, tan_in_x: 1.25, tan_in_y: 1.0, tan_out_x: 1.25, tan_out_y: 1.0 }
vertex[2082]=PF_PathVertex { x: 570.0, y: 200.0, tan_in_x: 570.0, tan_in_y: 200.0, tan_out_x: 570.0, tan_out_y: 200.0 }
vertex[2083]=PF_PathVertex { x: 1.2490234375, y: 1.0, tan_in_x: 1.2490234375, tan_in_y: 1.0, tan_out_x: 1.2490234375, tan_out_y: 1.0 }
vertex[2084]=PF_PathVertex { x: 571.0, y: 196.0, tan_in_x: 571.0, tan_in_y: 196.0, tan_out_x: 571.0, tan_out_y: 196.0 }
vertex[2085]=PF_PathVertex { x: 1.25, y: 2.0, tan_in_x: 1.25, tan_in_y: 2.0, tan_out_x: 1.25, tan_out_y: 2.0 }
vertex[2086]=PF_PathVertex { x: 572.0, y: 196.0, tan_in_x: 572.0, tan_in_y: 196.0, tan_out_x: 572.0, tan_out_y: 196.0 }
vertex[2087]=PF_PathVertex { x: 1.25, y: 1.0, tan_in_x: 1.25, tan_in_y: 1.0, tan_out_x: 1.25, tan_out_y: 1.0 }
vertex[2088]=PF_PathVertex { x: 572.0, y: 197.0, tan_in_x: 572.0, tan_in_y: 197.0, tan_out_x: 572.0, tan_out_y: 197.0 }
vertex[2089]=PF_PathVertex { x: 1.2186279296875, y: 1.0, tan_in_x: 1.2186279296875, tan_in_y: 1.0, tan_out_x: 1.2186279296875, tan_out_y: 1.0 }
vertex[2090]=PF_PathVertex { x: 573.0, y: 196.0, tan_in_x: 573.0, tan_in_y: 196.0, tan_out_x: 573.0, tan_out_y: 196.0 }
vertex[2091]=PF_PathVertex { x: 1.11865234375, y: 1.0, tan_in_x: 1.11865234375, tan_in_y: 1.0, tan_out_x: 1.11865234375, tan_out_y: 1.0 }
vertex[2092]=PF_PathVertex { x: 573.0, y: 197.0, tan_in_x: 573.0, tan_in_y: 197.0, tan_out_x: 573.0, tan_out_y: 197.0 }
vertex[2093]=PF_PathVertex { x: 1.0078125, y: 1.0, tan_in_x: 1.0078125, tan_in_y: 1.0, tan_out_x: 1.0078125, tan_out_y: 1.0 }
vertex[2094]=PF_PathVertex { x: 571.0, y: 198.0, tan_in_x: 571.0, tan_in_y: 198.0, tan_out_x: 571.0, tan_out_y: 198.0 }
vertex[2095]=PF_PathVertex { x: 1.25, y: 1.0, tan_in_x: 1.25, tan_in_y: 1.0, tan_out_x: 1.25, tan_out_y: 1.0 }
vertex[2096]=PF_PathVertex { x: 572.0, y: 198.0, tan_in_x: 572.0, tan_in_y: 198.0, tan_out_x: 572.0, tan_out_y: 198.0 }
vertex[2097]=PF_PathVertex { x: 1.0833740234375, y: 1.0, tan_in_x: 1.0833740234375, tan_in_y: 1.0, tan_out_x: 1.0833740234375, tan_out_y: 1.0 }
vertex[2098]=PF_PathVertex { x: 571.0, y: 199.0, tan_in_x: 571.0, tan_in_y: 199.0, tan_out_x: 571.0, tan_out_y: 199.0 }
vertex[2099]=PF_PathVertex { x: 1.190185546875, y: 1.0, tan_in_x: 1.190185546875, tan_in_y: 1.0, tan_out_x: 1.190185546875, tan_out_y: 1.0 }
vertex[2100]=PF_PathVertex { x: 571.0, y: 200.0, tan_in_x: 571.0, tan_in_y: 200.0, tan_out_x: 571.0, tan_out_y: 200.0 }
vertex[2101]=PF_PathVertex { x: 1.049072265625, y: 1.0, tan_in_x: 1.049072265625, tan_in_y: 1.0, tan_out_x: 1.049072265625, tan_out_y: 1.0 }
vertex[2102]=PF_PathVertex { x: 568.0, y: 201.0, tan_in_x: 568.0, tan_in_y: 201.0, tan_out_x: 568.0, tan_out_y: 201.0 }
vertex[2103]=PF_PathVertex { x: 1.25, y: 2.0, tan_in_x: 1.25, tan_in_y: 2.0, tan_out_x: 1.25, tan_out_y: 2.0 }
vertex[2104]=PF_PathVertex { x: 569.0, y: 201.0, tan_in_x: 569.0, tan_in_y: 201.0, tan_out_x: 569.0, tan_out_y: 201.0 }
vertex[2105]=PF_PathVertex { x: 1.25, y: 1.0, tan_in_x: 1.25, tan_in_y: 1.0, tan_out_x: 1.25, tan_out_y: 1.0 }
vertex[2106]=PF_PathVertex { x: 569.0, y: 202.0, tan_in_x: 569.0, tan_in_y: 202.0, tan_out_x: 569.0, tan_out_y: 202.0 }
vertex[2107]=PF_PathVertex { x: 1.23828125, y: 1.0, tan_in_x: 1.23828125, tan_in_y: 1.0, tan_out_x: 1.23828125, tan_out_y: 1.0 }
vertex[2108]=PF_PathVertex { x: 570.0, y: 201.0, tan_in_x: 570.0, tan_in_y: 201.0, tan_out_x: 570.0, tan_out_y: 201.0 }
vertex[2109]=PF_PathVertex { x: 1.1549072265625, y: 1.0, tan_in_x: 1.1549072265625, tan_in_y: 1.0, tan_out_x: 1.1549072265625, tan_out_y: 1.0 }
vertex[2110]=PF_PathVertex { x: 570.0, y: 202.0, tan_in_x: 570.0, tan_in_y: 202.0, tan_out_x: 570.0, tan_out_y: 202.0 }
vertex[2111]=PF_PathVertex { x: 1.0235595703125, y: 1.0, tan_in_x: 1.0235595703125, tan_in_y: 1.0, tan_out_x: 1.0235595703125, tan_out_y: 1.0 }
vertex[2112]=PF_PathVertex { x: 568.0, y: 203.0, tan_in_x: 568.0, tan_in_y: 203.0, tan_out_x: 568.0, tan_out_y: 203.0 }
vertex[2113]=PF_PathVertex { x: 1.25, y: 1.0, tan_in_x: 1.25, tan_in_y: 1.0, tan_out_x: 1.25, tan_out_y: 1.0 }
vertex[2114]=PF_PathVertex { x: 568.0, y: 204.0, tan_in_x: 568.0, tan_in_y: 204.0, tan_out_x: 568.0, tan_out_y: 204.0 }
vertex[2115]=PF_PathVertex { x: 1.2186279296875, y: 1.0, tan_in_x: 1.2186279296875, tan_in_y: 1.0, tan_out_x: 1.2186279296875, tan_out_y: 1.0 }
vertex[2116]=PF_PathVertex { x: 568.0, y: 205.0, tan_in_x: 568.0, tan_in_y: 205.0, tan_out_x: 568.0, tan_out_y: 205.0 }
vertex[2117]=PF_PathVertex { x: 1.0833740234375, y: 1.0, tan_in_x: 1.0833740234375, tan_in_y: 1.0, tan_out_x: 1.0833740234375, tan_out_y: 1.0 }
vertex[2118]=PF_PathVertex { x: 569.0, y: 203.0, tan_in_x: 569.0, tan_in_y: 203.0, tan_out_x: 569.0, tan_out_y: 203.0 }
vertex[2119]=PF_PathVertex { x: 1.11865234375, y: 1.0, tan_in_x: 1.11865234375, tan_in_y: 1.0, tan_out_x: 1.11865234375, tan_out_y: 1.0 }
vertex[2120]=PF_PathVertex { x: 569.0, y: 204.0, tan_in_x: 569.0, tan_in_y: 204.0, tan_out_x: 569.0, tan_out_y: 204.0 }
vertex[2121]=PF_PathVertex { x: 1.0078125, y: 1.0, tan_in_x: 1.0078125, tan_in_y: 1.0, tan_out_x: 1.0078125, tan_out_y: 1.0 }
vertex[2122]=PF_PathVertex { x: 550.0, y: 206.0, tan_in_x: 550.0, tan_in_y: 206.0, tan_out_x: 550.0, tan_out_y: 206.0 }
vertex[2123]=PF_PathVertex { x: 12.25, y: 9.0, tan_in_x: 12.25, tan_in_y: 9.0, tan_out_x: 12.25, tan_out_y: 9.0 }
vertex[2124]=PF_PathVertex { x: 550.0, y: 215.0, tan_in_x: 550.0, tan_in_y: 215.0, tan_out_x: 550.0, tan_out_y: 215.0 }
vertex[2125]=PF_PathVertex { x: 6.25, y: 10.0, tan_in_x: 6.25, tan_in_y: 10.0, tan_out_x: 6.25, tan_out_y: 10.0 }
vertex[2126]=PF_PathVertex { x: 556.0, y: 215.0, tan_in_x: 556.0, tan_in_y: 215.0, tan_out_x: 556.0, tan_out_y: 215.0 }
vertex[2127]=PF_PathVertex { x: 3.25, y: 5.0, tan_in_x: 3.25, tan_in_y: 5.0, tan_out_x: 3.25, tan_out_y: 5.0 }
vertex[2128]=PF_PathVertex { x: 559.0, y: 215.0, tan_in_x: 559.0, tan_in_y: 215.0, tan_out_x: 559.0, tan_out_y: 215.0 }
vertex[2129]=PF_PathVertex { x: 1.25, y: 2.0, tan_in_x: 1.25, tan_in_y: 2.0, tan_out_x: 1.25, tan_out_y: 2.0 }
vertex[2130]=PF_PathVertex { x: 560.0, y: 215.0, tan_in_x: 560.0, tan_in_y: 215.0, tan_out_x: 560.0, tan_out_y: 215.0 }
vertex[2131]=PF_PathVertex { x: 1.25, y: 2.0, tan_in_x: 1.25, tan_in_y: 2.0, tan_out_x: 1.25, tan_out_y: 2.0 }
vertex[2132]=PF_PathVertex { x: 561.0, y: 215.0, tan_in_x: 561.0, tan_in_y: 215.0, tan_out_x: 561.0, tan_out_y: 215.0 }
vertex[2133]=PF_PathVertex { x: 1.25, y: 1.0, tan_in_x: 1.25, tan_in_y: 1.0, tan_out_x: 1.25, tan_out_y: 1.0 }
vertex[2134]=PF_PathVertex { x: 561.0, y: 216.0, tan_in_x: 561.0, tan_in_y: 216.0, tan_out_x: 561.0, tan_out_y: 216.0 }
vertex[2135]=PF_PathVertex { x: 1.23828125, y: 1.0, tan_in_x: 1.23828125, tan_in_y: 1.0, tan_out_x: 1.23828125, tan_out_y: 1.0 }
vertex[2136]=PF_PathVertex { x: 559.0, y: 217.0, tan_in_x: 559.0, tan_in_y: 217.0, tan_out_x: 559.0, tan_out_y: 217.0 }
vertex[2137]=PF_PathVertex { x: 1.25, y: 3.0, tan_in_x: 1.25, tan_in_y: 3.0, tan_out_x: 1.25, tan_out_y: 3.0 }
vertex[2138]=PF_PathVertex { x: 560.0, y: 217.0, tan_in_x: 560.0, tan_in_y: 217.0, tan_out_x: 560.0, tan_out_y: 217.0 }
vertex[2139]=PF_PathVertex { x: 1.25, y: 1.0, tan_in_x: 1.25, tan_in_y: 1.0, tan_out_x: 1.25, tan_out_y: 1.0 }
vertex[2140]=PF_PathVertex { x: 561.0, y: 217.0, tan_in_x: 561.0, tan_in_y: 217.0, tan_out_x: 561.0, tan_out_y: 217.0 }
vertex[2141]=PF_PathVertex { x: 1.11865234375, y: 1.0, tan_in_x: 1.11865234375, tan_in_y: 1.0, tan_out_x: 1.11865234375, tan_out_y: 1.0 }
vertex[2142]=PF_PathVertex { x: 560.0, y: 218.0, tan_in_x: 560.0, tan_in_y: 218.0, tan_out_x: 560.0, tan_out_y: 218.0 }
vertex[2143]=PF_PathVertex { x: 1.2186279296875, y: 1.0, tan_in_x: 1.2186279296875, tan_in_y: 1.0, tan_out_x: 1.2186279296875, tan_out_y: 1.0 }
vertex[2144]=PF_PathVertex { x: 560.0, y: 219.0, tan_in_x: 560.0, tan_in_y: 219.0, tan_out_x: 560.0, tan_out_y: 219.0 }
vertex[2145]=PF_PathVertex { x: 1.0833740234375, y: 1.0, tan_in_x: 1.0833740234375, tan_in_y: 1.0, tan_out_x: 1.0833740234375, tan_out_y: 1.0 }
vertex[2146]=PF_PathVertex { x: 561.0, y: 218.0, tan_in_x: 561.0, tan_in_y: 218.0, tan_out_x: 561.0, tan_out_y: 218.0 }
vertex[2147]=PF_PathVertex { x: 1.0078125, y: 1.0, tan_in_x: 1.0078125, tan_in_y: 1.0, tan_out_x: 1.0078125, tan_out_y: 1.0 }
vertex[2148]=PF_PathVertex { x: 556.0, y: 220.0, tan_in_x: 556.0, tan_in_y: 220.0, tan_out_x: 556.0, tan_out_y: 220.0 }
vertex[2149]=PF_PathVertex { x: 1.25, y: 2.0, tan_in_x: 1.25, tan_in_y: 2.0, tan_out_x: 1.25, tan_out_y: 2.0 }
vertex[2150]=PF_PathVertex { x: 557.0, y: 220.0, tan_in_x: 557.0, tan_in_y: 220.0, tan_out_x: 557.0, tan_out_y: 220.0 }
vertex[2151]=PF_PathVertex { x: 1.25, y: 2.0, tan_in_x: 1.25, tan_in_y: 2.0, tan_out_x: 1.25, tan_out_y: 2.0 }
vertex[2152]=PF_PathVertex { x: 558.0, y: 220.0, tan_in_x: 558.0, tan_in_y: 220.0, tan_out_x: 558.0, tan_out_y: 220.0 }
vertex[2153]=PF_PathVertex { x: 1.25, y: 1.0, tan_in_x: 1.25, tan_in_y: 1.0, tan_out_x: 1.25, tan_out_y: 1.0 }
vertex[2154]=PF_PathVertex { x: 558.0, y: 221.0, tan_in_x: 558.0, tan_in_y: 221.0, tan_out_x: 558.0, tan_out_y: 221.0 }
vertex[2155]=PF_PathVertex { x: 1.2490234375, y: 1.0, tan_in_x: 1.2490234375, tan_in_y: 1.0, tan_out_x: 1.2490234375, tan_out_y: 1.0 }
vertex[2156]=PF_PathVertex { x: 556.0, y: 222.0, tan_in_x: 556.0, tan_in_y: 222.0, tan_out_x: 556.0, tan_out_y: 222.0 }
vertex[2157]=PF_PathVertex { x: 1.25, y: 3.0, tan_in_x: 1.25, tan_in_y: 3.0, tan_out_x: 1.25, tan_out_y: 3.0 }
vertex[2158]=PF_PathVertex { x: 557.0, y: 222.0, tan_in_x: 557.0, tan_in_y: 222.0, tan_out_x: 557.0, tan_out_y: 222.0 }
vertex[2159]=PF_PathVertex { x: 1.25, y: 1.0, tan_in_x: 1.25, tan_in_y: 1.0, tan_out_x: 1.25, tan_out_y: 1.0 }
vertex[2160]=PF_PathVertex { x: 558.0, y: 222.0, tan_in_x: 558.0, tan_in_y: 222.0, tan_out_x: 558.0, tan_out_y: 222.0 }
vertex[2161]=PF_PathVertex { x: 1.1549072265625, y: 1.0, tan_in_x: 1.1549072265625, tan_in_y: 1.0, tan_out_x: 1.1549072265625, tan_out_y: 1.0 }
vertex[2162]=PF_PathVertex { x: 557.0, y: 223.0, tan_in_x: 557.0, tan_in_y: 223.0, tan_out_x: 557.0, tan_out_y: 223.0 }
vertex[2163]=PF_PathVertex { x: 1.23828125, y: 1.0, tan_in_x: 1.23828125, tan_in_y: 1.0, tan_out_x: 1.23828125, tan_out_y: 1.0 }
vertex[2164]=PF_PathVertex { x: 557.0, y: 224.0, tan_in_x: 557.0, tan_in_y: 224.0, tan_out_x: 557.0, tan_out_y: 224.0 }
vertex[2165]=PF_PathVertex { x: 1.11865234375, y: 1.0, tan_in_x: 1.11865234375, tan_in_y: 1.0, tan_out_x: 1.11865234375, tan_out_y: 1.0 }
vertex[2166]=PF_PathVertex { x: 558.0, y: 223.0, tan_in_x: 558.0, tan_in_y: 223.0, tan_out_x: 558.0, tan_out_y: 223.0 }
vertex[2167]=PF_PathVertex { x: 1.0235595703125, y: 1.0, tan_in_x: 1.0235595703125, tan_in_y: 1.0, tan_out_x: 1.0235595703125, tan_out_y: 1.0 }
vertex[2168]=PF_PathVertex { x: 559.0, y: 220.0, tan_in_x: 559.0, tan_in_y: 220.0, tan_out_x: 559.0, tan_out_y: 220.0 }
vertex[2169]=PF_PathVertex { x: 1.190185546875, y: 1.0, tan_in_x: 1.190185546875, tan_in_y: 1.0, tan_out_x: 1.190185546875, tan_out_y: 1.0 }
vertex[2170]=PF_PathVertex { x: 559.0, y: 221.0, tan_in_x: 559.0, tan_in_y: 221.0, tan_out_x: 559.0, tan_out_y: 221.0 }
vertex[2171]=PF_PathVertex { x: 1.049072265625, y: 1.0, tan_in_x: 1.049072265625, tan_in_y: 1.0, tan_out_x: 1.049072265625, tan_out_y: 1.0 }
vertex[2172]=PF_PathVertex { x: 562.0, y: 206.0, tan_in_x: 562.0, tan_in_y: 206.0, tan_out_x: 562.0, tan_out_y: 206.0 }
vertex[2173]=PF_PathVertex { x: 3.25, y: 4.0, tan_in_x: 3.25, tan_in_y: 4.0, tan_out_x: 3.25, tan_out_y: 4.0 }
vertex[2174]=PF_PathVertex { x: 565.0, y: 206.0, tan_in_x: 565.0, tan_in_y: 206.0, tan_out_x: 565.0, tan_out_y: 206.0 }
vertex[2175]=PF_PathVertex { x: 1.25, y: 2.0, tan_in_x: 1.25, tan_in_y: 2.0, tan_out_x: 1.25, tan_out_y: 2.0 }
vertex[2176]=PF_PathVertex { x: 566.0, y: 206.0, tan_in_x: 566.0, tan_in_y: 206.0, tan_out_x: 566.0, tan_out_y: 206.0 }
vertex[2177]=PF_PathVertex { x: 1.25, y: 1.0, tan_in_x: 1.25, tan_in_y: 1.0, tan_out_x: 1.25, tan_out_y: 1.0 }
vertex[2178]=PF_PathVertex { x: 566.0, y: 207.0, tan_in_x: 566.0, tan_in_y: 207.0, tan_out_x: 566.0, tan_out_y: 207.0 }
vertex[2179]=PF_PathVertex { x: 1.2490234375, y: 1.0, tan_in_x: 1.2490234375, tan_in_y: 1.0, tan_out_x: 1.2490234375, tan_out_y: 1.0 }
vertex[2180]=PF_PathVertex { x: 567.0, y: 206.0, tan_in_x: 567.0, tan_in_y: 206.0, tan_out_x: 567.0, tan_out_y: 206.0 }
vertex[2181]=PF_PathVertex { x: 1.190185546875, y: 1.0, tan_in_x: 1.190185546875, tan_in_y: 1.0, tan_out_x: 1.190185546875, tan_out_y: 1.0 }
vertex[2182]=PF_PathVertex { x: 567.0, y: 207.0, tan_in_x: 567.0, tan_in_y: 207.0, tan_out_x: 567.0, tan_out_y: 207.0 }
vertex[2183]=PF_PathVertex { x: 1.049072265625, y: 1.0, tan_in_x: 1.049072265625, tan_in_y: 1.0, tan_out_x: 1.049072265625, tan_out_y: 1.0 }
vertex[2184]=PF_PathVertex { x: 565.0, y: 208.0, tan_in_x: 565.0, tan_in_y: 208.0, tan_out_x: 565.0, tan_out_y: 208.0 }
vertex[2185]=PF_PathVertex { x: 1.25, y: 1.0, tan_in_x: 1.25, tan_in_y: 1.0, tan_out_x: 1.25, tan_out_y: 1.0 }
vertex[2186]=PF_PathVertex { x: 565.0, y: 209.0, tan_in_x: 565.0, tan_in_y: 209.0, tan_out_x: 565.0, tan_out_y: 209.0 }
vertex[2187]=PF_PathVertex { x: 1.23828125, y: 1.0, tan_in_x: 1.23828125, tan_in_y: 1.0, tan_out_x: 1.23828125, tan_out_y: 1.0 }
vertex[2188]=PF_PathVertex { x: 566.0, y: 208.0, tan_in_x: 566.0, tan_in_y: 208.0, tan_out_x: 566.0, tan_out_y: 208.0 }
vertex[2189]=PF_PathVertex { x: 1.1549072265625, y: 1.0, tan_in_x: 1.1549072265625, tan_in_y: 1.0, tan_out_x: 1.1549072265625, tan_out_y: 1.0 }
vertex[2190]=PF_PathVertex { x: 566.0, y: 209.0, tan_in_x: 566.0, tan_in_y: 209.0, tan_out_x: 566.0, tan_out_y: 209.0 }
vertex[2191]=PF_PathVertex { x: 1.0235595703125, y: 1.0, tan_in_x: 1.0235595703125, tan_in_y: 1.0, tan_out_x: 1.0235595703125, tan_out_y: 1.0 }
vertex[2192]=PF_PathVertex { x: 562.0, y: 210.0, tan_in_x: 562.0, tan_in_y: 210.0, tan_out_x: 562.0, tan_out_y: 210.0 }
vertex[2193]=PF_PathVertex { x: 1.25, y: 2.0, tan_in_x: 1.25, tan_in_y: 2.0, tan_out_x: 1.25, tan_out_y: 2.0 }
vertex[2194]=PF_PathVertex { x: 563.0, y: 210.0, tan_in_x: 563.0, tan_in_y: 210.0, tan_out_x: 563.0, tan_out_y: 210.0 }
vertex[2195]=PF_PathVertex { x: 1.25, y: 2.0, tan_in_x: 1.25, tan_in_y: 2.0, tan_out_x: 1.25, tan_out_y: 2.0 }
vertex[2196]=PF_PathVertex { x: 564.0, y: 210.0, tan_in_x: 564.0, tan_in_y: 210.0, tan_out_x: 564.0, tan_out_y: 210.0 }
vertex[2197]=PF_PathVertex { x: 1.25, y: 1.0, tan_in_x: 1.25, tan_in_y: 1.0, tan_out_x: 1.25, tan_out_y: 1.0 }
vertex[2198]=PF_PathVertex { x: 564.0, y: 211.0, tan_in_x: 564.0, tan_in_y: 211.0, tan_out_x: 564.0, tan_out_y: 211.0 }
vertex[2199]=PF_PathVertex { x: 1.2186279296875, y: 1.0, tan_in_x: 1.2186279296875, tan_in_y: 1.0, tan_out_x: 1.2186279296875, tan_out_y: 1.0 }
vertex[2200]=PF_PathVertex { x: 562.0, y: 212.0, tan_in_x: 562.0, tan_in_y: 212.0, tan_out_x: 562.0, tan_out_y: 212.0 }
vertex[2201]=PF_PathVertex { x: 1.25, y: 1.0, tan_in_x: 1.25, tan_in_y: 1.0, tan_out_x: 1.25, tan_out_y: 1.0 }
vertex[2202]=PF_PathVertex { x: 562.0, y: 213.0, tan_in_x: 562.0, tan_in_y: 213.0, tan_out_x: 562.0, tan_out_y: 213.0 }
vertex[2203]=PF_PathVertex { x: 1.25, y: 1.0, tan_in_x: 1.25, tan_in_y: 1.0, tan_out_x: 1.25, tan_out_y: 1.0 }
vertex[2204]=PF_PathVertex { x: 562.0, y: 214.0, tan_in_x: 562.0, tan_in_y: 214.0, tan_out_x: 562.0, tan_out_y: 214.0 }
vertex[2205]=PF_PathVertex { x: 1.2490234375, y: 1.0, tan_in_x: 1.2490234375, tan_in_y: 1.0, tan_out_x: 1.2490234375, tan_out_y: 1.0 }
vertex[2206]=PF_PathVertex { x: 563.0, y: 212.0, tan_in_x: 563.0, tan_in_y: 212.0, tan_out_x: 563.0, tan_out_y: 212.0 }
vertex[2207]=PF_PathVertex { x: 1.25, y: 1.0, tan_in_x: 1.25, tan_in_y: 1.0, tan_out_x: 1.25, tan_out_y: 1.0 }
vertex[2208]=PF_PathVertex { x: 564.0, y: 212.0, tan_in_x: 564.0, tan_in_y: 212.0, tan_out_x: 564.0, tan_out_y: 212.0 }
vertex[2209]=PF_PathVertex { x: 1.0833740234375, y: 1.0, tan_in_x: 1.0833740234375, tan_in_y: 1.0, tan_out_x: 1.0833740234375, tan_out_y: 1.0 }
vertex[2210]=PF_PathVertex { x: 563.0, y: 213.0, tan_in_x: 563.0, tan_in_y: 213.0, tan_out_x: 563.0, tan_out_y: 213.0 }
vertex[2211]=PF_PathVertex { x: 1.190185546875, y: 1.0, tan_in_x: 1.190185546875, tan_in_y: 1.0, tan_out_x: 1.190185546875, tan_out_y: 1.0 }
vertex[2212]=PF_PathVertex { x: 563.0, y: 214.0, tan_in_x: 563.0, tan_in_y: 214.0, tan_out_x: 563.0, tan_out_y: 214.0 }
vertex[2213]=PF_PathVertex { x: 1.049072265625, y: 1.0, tan_in_x: 1.049072265625, tan_in_y: 1.0, tan_out_x: 1.049072265625, tan_out_y: 1.0 }
vertex[2214]=PF_PathVertex { x: 565.0, y: 210.0, tan_in_x: 565.0, tan_in_y: 210.0, tan_out_x: 565.0, tan_out_y: 210.0 }
vertex[2215]=PF_PathVertex { x: 1.11865234375, y: 1.0, tan_in_x: 1.11865234375, tan_in_y: 1.0, tan_out_x: 1.11865234375, tan_out_y: 1.0 }
vertex[2216]=PF_PathVertex { x: 565.0, y: 211.0, tan_in_x: 565.0, tan_in_y: 211.0, tan_out_x: 565.0, tan_out_y: 211.0 }
vertex[2217]=PF_PathVertex { x: 1.0078125, y: 1.0, tan_in_x: 1.0078125, tan_in_y: 1.0, tan_out_x: 1.0078125, tan_out_y: 1.0 }
vertex[2218]=PF_PathVertex { x: 562.0, y: 215.0, tan_in_x: 562.0, tan_in_y: 215.0, tan_out_x: 562.0, tan_out_y: 215.0 }
vertex[2219]=PF_PathVertex { x: 1.1549072265625, y: 1.0, tan_in_x: 1.1549072265625, tan_in_y: 1.0, tan_out_x: 1.1549072265625, tan_out_y: 1.0 }
vertex[2220]=PF_PathVertex { x: 562.0, y: 216.0, tan_in_x: 562.0, tan_in_y: 216.0, tan_out_x: 562.0, tan_out_y: 216.0 }
vertex[2221]=PF_PathVertex { x: 1.0235595703125, y: 1.0, tan_in_x: 1.0235595703125, tan_in_y: 1.0, tan_out_x: 1.0235595703125, tan_out_y: 1.0 }
vertex[2222]=PF_PathVertex { x: 575.0, y: 187.0, tan_in_x: 575.0, tan_in_y: 187.0, tan_out_x: 575.0, tan_out_y: 187.0 }
vertex[2223]=PF_PathVertex { x: 1.25, y: 2.0, tan_in_x: 1.25, tan_in_y: 2.0, tan_out_x: 1.25, tan_out_y: 2.0 }
vertex[2224]=PF_PathVertex { x: 576.0, y: 187.0, tan_in_x: 576.0, tan_in_y: 187.0, tan_out_x: 576.0, tan_out_y: 187.0 }
vertex[2225]=PF_PathVertex { x: 1.25, y: 2.0, tan_in_x: 1.25, tan_in_y: 2.0, tan_out_x: 1.25, tan_out_y: 2.0 }
vertex[2226]=PF_PathVertex { x: 577.0, y: 187.0, tan_in_x: 577.0, tan_in_y: 187.0, tan_out_x: 577.0, tan_out_y: 187.0 }
vertex[2227]=PF_PathVertex { x: 1.25, y: 1.0, tan_in_x: 1.25, tan_in_y: 1.0, tan_out_x: 1.25, tan_out_y: 1.0 }
vertex[2228]=PF_PathVertex { x: 577.0, y: 188.0, tan_in_x: 577.0, tan_in_y: 188.0, tan_out_x: 577.0, tan_out_y: 188.0 }
vertex[2229]=PF_PathVertex { x: 1.23828125, y: 1.0, tan_in_x: 1.23828125, tan_in_y: 1.0, tan_out_x: 1.23828125, tan_out_y: 1.0 }
vertex[2230]=PF_PathVertex { x: 575.0, y: 189.0, tan_in_x: 575.0, tan_in_y: 189.0, tan_out_x: 575.0, tan_out_y: 189.0 }
vertex[2231]=PF_PathVertex { x: 1.25, y: 2.0, tan_in_x: 1.25, tan_in_y: 2.0, tan_out_x: 1.25, tan_out_y: 2.0 }
vertex[2232]=PF_PathVertex { x: 576.0, y: 189.0, tan_in_x: 576.0, tan_in_y: 189.0, tan_out_x: 576.0, tan_out_y: 189.0 }
vertex[2233]=PF_PathVertex { x: 1.25, y: 1.0, tan_in_x: 1.25, tan_in_y: 1.0, tan_out_x: 1.25, tan_out_y: 1.0 }
vertex[2234]=PF_PathVertex { x: 576.0, y: 190.0, tan_in_x: 576.0, tan_in_y: 190.0, tan_out_x: 576.0, tan_out_y: 190.0 }
vertex[2235]=PF_PathVertex { x: 1.2186279296875, y: 1.0, tan_in_x: 1.2186279296875, tan_in_y: 1.0, tan_out_x: 1.2186279296875, tan_out_y: 1.0 }
vertex[2236]=PF_PathVertex { x: 577.0, y: 189.0, tan_in_x: 577.0, tan_in_y: 189.0, tan_out_x: 577.0, tan_out_y: 189.0 }
vertex[2237]=PF_PathVertex { x: 1.11865234375, y: 1.0, tan_in_x: 1.11865234375, tan_in_y: 1.0, tan_out_x: 1.11865234375, tan_out_y: 1.0 }
vertex[2238]=PF_PathVertex { x: 577.0, y: 190.0, tan_in_x: 577.0, tan_in_y: 190.0, tan_out_x: 577.0, tan_out_y: 190.0 }
vertex[2239]=PF_PathVertex { x: 1.0078125, y: 1.0, tan_in_x: 1.0078125, tan_in_y: 1.0, tan_out_x: 1.0078125, tan_out_y: 1.0 }
vertex[2240]=PF_PathVertex { x: 578.0, y: 187.0, tan_in_x: 578.0, tan_in_y: 187.0, tan_out_x: 578.0, tan_out_y: 187.0 }
vertex[2241]=PF_PathVertex { x: 1.1549072265625, y: 1.0, tan_in_x: 1.1549072265625, tan_in_y: 1.0, tan_out_x: 1.1549072265625, tan_out_y: 1.0 }
vertex[2242]=PF_PathVertex { x: 578.0, y: 188.0, tan_in_x: 578.0, tan_in_y: 188.0, tan_out_x: 578.0, tan_out_y: 188.0 }
vertex[2243]=PF_PathVertex { x: 1.0235595703125, y: 1.0, tan_in_x: 1.0235595703125, tan_in_y: 1.0, tan_out_x: 1.0235595703125, tan_out_y: 1.0 }
vertex[2244]=PF_PathVertex { x: 575.0, y: 191.0, tan_in_x: 575.0, tan_in_y: 191.0, tan_out_x: 575.0, tan_out_y: 191.0 }
vertex[2245]=PF_PathVertex { x: 1.25, y: 1.0, tan_in_x: 1.25, tan_in_y: 1.0, tan_out_x: 1.25, tan_out_y: 1.0 }
vertex[2246]=PF_PathVertex { x: 575.0, y: 192.0, tan_in_x: 575.0, tan_in_y: 192.0, tan_out_x: 575.0, tan_out_y: 192.0 }
vertex[2247]=PF_PathVertex { x: 1.190185546875, y: 1.0, tan_in_x: 1.190185546875, tan_in_y: 1.0, tan_out_x: 1.190185546875, tan_out_y: 1.0 }
vertex[2248]=PF_PathVertex { x: 576.0, y: 191.0, tan_in_x: 576.0, tan_in_y: 191.0, tan_out_x: 576.0, tan_out_y: 191.0 }
vertex[2249]=PF_PathVertex { x: 1.0833740234375, y: 1.0, tan_in_x: 1.0833740234375, tan_in_y: 1.0, tan_out_x: 1.0833740234375, tan_out_y: 1.0 }
vertex[2250]=PF_PathVertex { x: 575.0, y: 193.0, tan_in_x: 575.0, tan_in_y: 193.0, tan_out_x: 575.0, tan_out_y: 193.0 }
vertex[2251]=PF_PathVertex { x: 1.049072265625, y: 1.0, tan_in_x: 1.049072265625, tan_in_y: 1.0, tan_out_x: 1.049072265625, tan_out_y: 1.0 }
vertex[2252]=PF_PathVertex { x: 500.0, y: 225.0, tan_in_x: 500.0, tan_in_y: 225.0, tan_out_x: 500.0, tan_out_y: 225.0 }
vertex[2253]=PF_PathVertex { x: 25.25, y: 37.0, tan_in_x: 25.25, tan_in_y: 37.0, tan_out_x: 25.25, tan_out_y: 37.0 }
vertex[2254]=PF_PathVertex { x: 525.0, y: 225.0, tan_in_x: 525.0, tan_in_y: 225.0, tan_out_x: 525.0, tan_out_y: 225.0 }
vertex[2255]=PF_PathVertex { x: 12.25, y: 18.0, tan_in_x: 12.25, tan_in_y: 18.0, tan_out_x: 12.25, tan_out_y: 18.0 }
vertex[2256]=PF_PathVertex { x: 537.0, y: 225.0, tan_in_x: 537.0, tan_in_y: 225.0, tan_out_x: 537.0, tan_out_y: 225.0 }
vertex[2257]=PF_PathVertex { x: 13.25, y: 9.0, tan_in_x: 13.25, tan_in_y: 9.0, tan_out_x: 13.25, tan_out_y: 9.0 }
vertex[2258]=PF_PathVertex { x: 537.0, y: 234.0, tan_in_x: 537.0, tan_in_y: 234.0, tan_out_x: 537.0, tan_out_y: 234.0 }
vertex[2259]=PF_PathVertex { x: 6.25, y: 9.0, tan_in_x: 6.25, tan_in_y: 9.0, tan_out_x: 6.25, tan_out_y: 9.0 }
vertex[2260]=PF_PathVertex { x: 543.0, y: 234.0, tan_in_x: 543.0, tan_in_y: 234.0, tan_out_x: 543.0, tan_out_y: 234.0 }
vertex[2261]=PF_PathVertex { x: 3.25, y: 4.0, tan_in_x: 3.25, tan_in_y: 4.0, tan_out_x: 3.25, tan_out_y: 4.0 }
vertex[2262]=PF_PathVertex { x: 546.0, y: 234.0, tan_in_x: 546.0, tan_in_y: 234.0, tan_out_x: 546.0, tan_out_y: 234.0 }
vertex[2263]=PF_PathVertex { x: 2.25, y: 4.0, tan_in_x: 2.25, tan_in_y: 4.0, tan_out_x: 2.25, tan_out_y: 4.0 }
vertex[2264]=PF_PathVertex { x: 548.0, y: 234.0, tan_in_x: 548.0, tan_in_y: 234.0, tan_out_x: 548.0, tan_out_y: 234.0 }
vertex[2265]=PF_PathVertex { x: 2.25, y: 2.0, tan_in_x: 2.25, tan_in_y: 2.0, tan_out_x: 2.25, tan_out_y: 2.0 }
vertex[2266]=PF_PathVertex { x: 548.0, y: 236.0, tan_in_x: 548.0, tan_in_y: 236.0, tan_out_x: 548.0, tan_out_y: 236.0 }
vertex[2267]=PF_PathVertex { x: 1.25, y: 2.0, tan_in_x: 1.25, tan_in_y: 2.0, tan_out_x: 1.25, tan_out_y: 2.0 }
vertex[2268]=PF_PathVertex { x: 549.0, y: 236.0, tan_in_x: 549.0, tan_in_y: 236.0, tan_out_x: 549.0, tan_out_y: 236.0 }
vertex[2269]=PF_PathVertex { x: 1.25, y: 1.0, tan_in_x: 1.25, tan_in_y: 1.0, tan_out_x: 1.25, tan_out_y: 1.0 }
vertex[2270]=PF_PathVertex { x: 549.0, y: 237.0, tan_in_x: 549.0, tan_in_y: 237.0, tan_out_x: 549.0, tan_out_y: 237.0 }
vertex[2271]=PF_PathVertex { x: 1.23828125, y: 1.0, tan_in_x: 1.23828125, tan_in_y: 1.0, tan_out_x: 1.23828125, tan_out_y: 1.0 }
vertex[2272]=PF_PathVertex { x: 543.0, y: 238.0, tan_in_x: 543.0, tan_in_y: 238.0, tan_out_x: 543.0, tan_out_y: 238.0 }
vertex[2273]=PF_PathVertex { x: 3.25, y: 5.0, tan_in_x: 3.25, tan_in_y: 5.0, tan_out_x: 3.25, tan_out_y: 5.0 }
vertex[2274]=PF_PathVertex { x: 546.0, y: 238.0, tan_in_x: 546.0, tan_in_y: 238.0, tan_out_x: 546.0, tan_out_y: 238.0 }
vertex[2275]=PF_PathVertex { x: 2.25, y: 2.0, tan_in_x: 2.25, tan_in_y: 2.0, tan_out_x: 2.25, tan_out_y: 2.0 }
vertex[2276]=PF_PathVertex { x: 548.0, y: 238.0, tan_in_x: 548.0, tan_in_y: 238.0, tan_out_x: 548.0, tan_out_y: 238.0 }
vertex[2277]=PF_PathVertex { x: 1.25, y: 1.0, tan_in_x: 1.25, tan_in_y: 1.0, tan_out_x: 1.25, tan_out_y: 1.0 }
vertex[2278]=PF_PathVertex { x: 548.0, y: 239.0, tan_in_x: 548.0, tan_in_y: 239.0, tan_out_x: 548.0, tan_out_y: 239.0 }
vertex[2279]=PF_PathVertex { x: 1.2186279296875, y: 1.0, tan_in_x: 1.2186279296875, tan_in_y: 1.0, tan_out_x: 1.2186279296875, tan_out_y: 1.0 }
vertex[2280]=PF_PathVertex { x: 549.0, y: 238.0, tan_in_x: 549.0, tan_in_y: 238.0, tan_out_x: 549.0, tan_out_y: 238.0 }
vertex[2281]=PF_PathVertex { x: 1.11865234375, y: 1.0, tan_in_x: 1.11865234375, tan_in_y: 1.0, tan_out_x: 1.11865234375, tan_out_y: 1.0 }
vertex[2282]=PF_PathVertex { x: 549.0, y: 239.0, tan_in_x: 549.0, tan_in_y: 239.0, tan_out_x: 549.0, tan_out_y: 239.0 }
vertex[2283]=PF_PathVertex { x: 1.0078125, y: 1.0, tan_in_x: 1.0078125, tan_in_y: 1.0, tan_out_x: 1.0078125, tan_out_y: 1.0 }
vertex[2284]=PF_PathVertex { x: 546.0, y: 240.0, tan_in_x: 546.0, tan_in_y: 240.0, tan_out_x: 546.0, tan_out_y: 240.0 }
vertex[2285]=PF_PathVertex { x: 2.25, y: 1.0, tan_in_x: 2.25, tan_in_y: 1.0, tan_out_x: 2.25, tan_out_y: 1.0 }
vertex[2286]=PF_PathVertex { x: 546.0, y: 241.0, tan_in_x: 546.0, tan_in_y: 241.0, tan_out_x: 546.0, tan_out_y: 241.0 }
vertex[2287]=PF_PathVertex { x: 1.25, y: 1.0, tan_in_x: 1.25, tan_in_y: 1.0, tan_out_x: 1.25, tan_out_y: 1.0 }
vertex[2288]=PF_PathVertex { x: 546.0, y: 242.0, tan_in_x: 546.0, tan_in_y: 242.0, tan_out_x: 546.0, tan_out_y: 242.0 }
vertex[2289]=PF_PathVertex { x: 1.2490234375, y: 1.0, tan_in_x: 1.2490234375, tan_in_y: 1.0, tan_out_x: 1.2490234375, tan_out_y: 1.0 }
vertex[2290]=PF_PathVertex { x: 547.0, y: 241.0, tan_in_x: 547.0, tan_in_y: 241.0, tan_out_x: 547.0, tan_out_y: 241.0 }
vertex[2291]=PF_PathVertex { x: 1.190185546875, y: 1.0, tan_in_x: 1.190185546875, tan_in_y: 1.0, tan_out_x: 1.190185546875, tan_out_y: 1.0 }
vertex[2292]=PF_PathVertex { x: 547.0, y: 242.0, tan_in_x: 547.0, tan_in_y: 242.0, tan_out_x: 547.0, tan_out_y: 242.0 }
vertex[2293]=PF_PathVertex { x: 1.049072265625, y: 1.0, tan_in_x: 1.049072265625, tan_in_y: 1.0, tan_out_x: 1.049072265625, tan_out_y: 1.0 }
vertex[2294]=PF_PathVertex { x: 548.0, y: 240.0, tan_in_x: 548.0, tan_in_y: 240.0, tan_out_x: 548.0, tan_out_y: 240.0 }
vertex[2295]=PF_PathVertex { x: 1.0833740234375, y: 1.0, tan_in_x: 1.0833740234375, tan_in_y: 1.0, tan_out_x: 1.0833740234375, tan_out_y: 1.0 }
vertex[2296]=PF_PathVertex { x: 525.0, y: 243.0, tan_in_x: 525.0, tan_in_y: 243.0, tan_out_x: 525.0, tan_out_y: 243.0 }
vertex[2297]=PF_PathVertex { x: 12.25, y: 9.0, tan_in_x: 12.25, tan_in_y: 9.0, tan_out_x: 12.25, tan_out_y: 9.0 }
vertex[2298]=PF_PathVertex { x: 525.0, y: 252.0, tan_in_x: 525.0, tan_in_y: 252.0, tan_out_x: 525.0, tan_out_y: 252.0 }
vertex[2299]=PF_PathVertex { x: 6.25, y: 10.0, tan_in_x: 6.25, tan_in_y: 10.0, tan_out_x: 6.25, tan_out_y: 10.0 }
vertex[2300]=PF_PathVertex { x: 531.0, y: 252.0, tan_in_x: 531.0, tan_in_y: 252.0, tan_out_x: 531.0, tan_out_y: 252.0 }
vertex[2301]=PF_PathVertex { x: 6.25, y: 5.0, tan_in_x: 6.25, tan_in_y: 5.0, tan_out_x: 6.25, tan_out_y: 5.0 }
vertex[2302]=PF_PathVertex { x: 531.0, y: 257.0, tan_in_x: 531.0, tan_in_y: 257.0, tan_out_x: 531.0, tan_out_y: 257.0 }
vertex[2303]=PF_PathVertex { x: 3.25, y: 5.0, tan_in_x: 3.25, tan_in_y: 5.0, tan_out_x: 3.25, tan_out_y: 5.0 }
vertex[2304]=PF_PathVertex { x: 534.0, y: 257.0, tan_in_x: 534.0, tan_in_y: 257.0, tan_out_x: 534.0, tan_out_y: 257.0 }
vertex[2305]=PF_PathVertex { x: 3.25, y: 2.0, tan_in_x: 3.25, tan_in_y: 2.0, tan_out_x: 3.25, tan_out_y: 2.0 }
vertex[2306]=PF_PathVertex { x: 534.0, y: 259.0, tan_in_x: 534.0, tan_in_y: 259.0, tan_out_x: 534.0, tan_out_y: 259.0 }
vertex[2307]=PF_PathVertex { x: 1.25, y: 3.0, tan_in_x: 1.25, tan_in_y: 3.0, tan_out_x: 1.25, tan_out_y: 3.0 }
vertex[2308]=PF_PathVertex { x: 535.0, y: 259.0, tan_in_x: 535.0, tan_in_y: 259.0, tan_out_x: 535.0, tan_out_y: 259.0 }
vertex[2309]=PF_PathVertex { x: 2.25, y: 1.0, tan_in_x: 2.25, tan_in_y: 1.0, tan_out_x: 2.25, tan_out_y: 1.0 }
vertex[2310]=PF_PathVertex { x: 535.0, y: 260.0, tan_in_x: 535.0, tan_in_y: 260.0, tan_out_x: 535.0, tan_out_y: 260.0 }
vertex[2311]=PF_PathVertex { x: 1.25, y: 2.0, tan_in_x: 1.25, tan_in_y: 2.0, tan_out_x: 1.25, tan_out_y: 2.0 }
vertex[2312]=PF_PathVertex { x: 536.0, y: 260.0, tan_in_x: 536.0, tan_in_y: 260.0, tan_out_x: 536.0, tan_out_y: 260.0 }
vertex[2313]=PF_PathVertex { x: 1.2186279296875, y: 1.0, tan_in_x: 1.2186279296875, tan_in_y: 1.0, tan_out_x: 1.2186279296875, tan_out_y: 1.0 }
vertex[2314]=PF_PathVertex { x: 536.0, y: 261.0, tan_in_x: 536.0, tan_in_y: 261.0, tan_out_x: 536.0, tan_out_y: 261.0 }
vertex[2315]=PF_PathVertex { x: 1.0833740234375, y: 1.0, tan_in_x: 1.0833740234375, tan_in_y: 1.0, tan_out_x: 1.0833740234375, tan_out_y: 1.0 }
vertex[2316]=PF_PathVertex { x: 537.0, y: 243.0, tan_in_x: 537.0, tan_in_y: 243.0, tan_out_x: 537.0, tan_out_y: 243.0 }
vertex[2317]=PF_PathVertex { x: 6.25, y: 4.0, tan_in_x: 6.25, tan_in_y: 4.0, tan_out_x: 6.25, tan_out_y: 4.0 }
vertex[2318]=PF_PathVertex { x: 537.0, y: 247.0, tan_in_x: 537.0, tan_in_y: 247.0, tan_out_x: 537.0, tan_out_y: 247.0 }
vertex[2319]=PF_PathVertex { x: 3.25, y: 5.0, tan_in_x: 3.25, tan_in_y: 5.0, tan_out_x: 3.25, tan_out_y: 5.0 }
vertex[2320]=PF_PathVertex { x: 540.0, y: 247.0, tan_in_x: 540.0, tan_in_y: 247.0, tan_out_x: 540.0, tan_out_y: 247.0 }
vertex[2321]=PF_PathVertex { x: 3.25, y: 2.0, tan_in_x: 3.25, tan_in_y: 2.0, tan_out_x: 3.25, tan_out_y: 2.0 }
vertex[2322]=PF_PathVertex { x: 540.0, y: 249.0, tan_in_x: 540.0, tan_in_y: 249.0, tan_out_x: 540.0, tan_out_y: 249.0 }
vertex[2323]=PF_PathVertex { x: 1.25, y: 3.0, tan_in_x: 1.25, tan_in_y: 3.0, tan_out_x: 1.25, tan_out_y: 3.0 }
vertex[2324]=PF_PathVertex { x: 541.0, y: 249.0, tan_in_x: 541.0, tan_in_y: 249.0, tan_out_x: 541.0, tan_out_y: 249.0 }
vertex[2325]=PF_PathVertex { x: 1.25, y: 1.0, tan_in_x: 1.25, tan_in_y: 1.0, tan_out_x: 1.25, tan_out_y: 1.0 }
vertex[2326]=PF_PathVertex { x: 542.0, y: 249.0, tan_in_x: 542.0, tan_in_y: 249.0, tan_out_x: 542.0, tan_out_y: 249.0 }
vertex[2327]=PF_PathVertex { x: 1.2490234375, y: 1.0, tan_in_x: 1.2490234375, tan_in_y: 1.0, tan_out_x: 1.2490234375, tan_out_y: 1.0 }
vertex[2328]=PF_PathVertex { x: 541.0, y: 250.0, tan_in_x: 541.0, tan_in_y: 250.0, tan_out_x: 541.0, tan_out_y: 250.0 }
vertex[2329]=PF_PathVertex { x: 1.25, y: 1.0, tan_in_x: 1.25, tan_in_y: 1.0, tan_out_x: 1.25, tan_out_y: 1.0 }
vertex[2330]=PF_PathVertex { x: 541.0, y: 251.0, tan_in_x: 541.0, tan_in_y: 251.0, tan_out_x: 541.0, tan_out_y: 251.0 }
vertex[2331]=PF_PathVertex { x: 1.23828125, y: 1.0, tan_in_x: 1.23828125, tan_in_y: 1.0, tan_out_x: 1.23828125, tan_out_y: 1.0 }
vertex[2332]=PF_PathVertex { x: 542.0, y: 250.0, tan_in_x: 542.0, tan_in_y: 250.0, tan_out_x: 542.0, tan_out_y: 250.0 }
vertex[2333]=PF_PathVertex { x: 1.1549072265625, y: 1.0, tan_in_x: 1.1549072265625, tan_in_y: 1.0, tan_out_x: 1.1549072265625, tan_out_y: 1.0 }
vertex[2334]=PF_PathVertex { x: 542.0, y: 251.0, tan_in_x: 542.0, tan_in_y: 251.0, tan_out_x: 542.0, tan_out_y: 251.0 }
vertex[2335]=PF_PathVertex { x: 1.0235595703125, y: 1.0, tan_in_x: 1.0235595703125, tan_in_y: 1.0, tan_out_x: 1.0235595703125, tan_out_y: 1.0 }
vertex[2336]=PF_PathVertex { x: 543.0, y: 243.0, tan_in_x: 543.0, tan_in_y: 243.0, tan_out_x: 543.0, tan_out_y: 243.0 }
vertex[2337]=PF_PathVertex { x: 1.25, y: 2.0, tan_in_x: 1.25, tan_in_y: 2.0, tan_out_x: 1.25, tan_out_y: 2.0 }
vertex[2338]=PF_PathVertex { x: 544.0, y: 243.0, tan_in_x: 544.0, tan_in_y: 243.0, tan_out_x: 544.0, tan_out_y: 243.0 }
vertex[2339]=PF_PathVertex { x: 1.25, y: 2.0, tan_in_x: 1.25, tan_in_y: 2.0, tan_out_x: 1.25, tan_out_y: 2.0 }
vertex[2340]=PF_PathVertex { x: 545.0, y: 243.0, tan_in_x: 545.0, tan_in_y: 243.0, tan_out_x: 545.0, tan_out_y: 243.0 }
vertex[2341]=PF_PathVertex { x: 1.25, y: 1.0, tan_in_x: 1.25, tan_in_y: 1.0, tan_out_x: 1.25, tan_out_y: 1.0 }
vertex[2342]=PF_PathVertex { x: 545.0, y: 244.0, tan_in_x: 545.0, tan_in_y: 244.0, tan_out_x: 545.0, tan_out_y: 244.0 }
vertex[2343]=PF_PathVertex { x: 1.23828125, y: 1.0, tan_in_x: 1.23828125, tan_in_y: 1.0, tan_out_x: 1.23828125, tan_out_y: 1.0 }
vertex[2344]=PF_PathVertex { x: 543.0, y: 245.0, tan_in_x: 543.0, tan_in_y: 245.0, tan_out_x: 543.0, tan_out_y: 245.0 }
vertex[2345]=PF_PathVertex { x: 1.25, y: 2.0, tan_in_x: 1.25, tan_in_y: 2.0, tan_out_x: 1.25, tan_out_y: 2.0 }
vertex[2346]=PF_PathVertex { x: 544.0, y: 245.0, tan_in_x: 544.0, tan_in_y: 245.0, tan_out_x: 544.0, tan_out_y: 245.0 }
vertex[2347]=PF_PathVertex { x: 1.25, y: 1.0, tan_in_x: 1.25, tan_in_y: 1.0, tan_out_x: 1.25, tan_out_y: 1.0 }
vertex[2348]=PF_PathVertex { x: 544.0, y: 246.0, tan_in_x: 544.0, tan_in_y: 246.0, tan_out_x: 544.0, tan_out_y: 246.0 }
vertex[2349]=PF_PathVertex { x: 1.2186279296875, y: 1.0, tan_in_x: 1.2186279296875, tan_in_y: 1.0, tan_out_x: 1.2186279296875, tan_out_y: 1.0 }
vertex[2350]=PF_PathVertex { x: 545.0, y: 245.0, tan_in_x: 545.0, tan_in_y: 245.0, tan_out_x: 545.0, tan_out_y: 245.0 }
vertex[2351]=PF_PathVertex { x: 1.11865234375, y: 1.0, tan_in_x: 1.11865234375, tan_in_y: 1.0, tan_out_x: 1.11865234375, tan_out_y: 1.0 }
vertex[2352]=PF_PathVertex { x: 545.0, y: 246.0, tan_in_x: 545.0, tan_in_y: 246.0, tan_out_x: 545.0, tan_out_y: 246.0 }
vertex[2353]=PF_PathVertex { x: 1.0078125, y: 1.0, tan_in_x: 1.0078125, tan_in_y: 1.0, tan_out_x: 1.0078125, tan_out_y: 1.0 }
vertex[2354]=PF_PathVertex { x: 546.0, y: 243.0, tan_in_x: 546.0, tan_in_y: 243.0, tan_out_x: 546.0, tan_out_y: 243.0 }
vertex[2355]=PF_PathVertex { x: 1.1549072265625, y: 1.0, tan_in_x: 1.1549072265625, tan_in_y: 1.0, tan_out_x: 1.1549072265625, tan_out_y: 1.0 }
vertex[2356]=PF_PathVertex { x: 546.0, y: 244.0, tan_in_x: 546.0, tan_in_y: 244.0, tan_out_x: 546.0, tan_out_y: 244.0 }
vertex[2357]=PF_PathVertex { x: 1.0235595703125, y: 1.0, tan_in_x: 1.0235595703125, tan_in_y: 1.0, tan_out_x: 1.0235595703125, tan_out_y: 1.0 }
vertex[2358]=PF_PathVertex { x: 543.0, y: 247.0, tan_in_x: 543.0, tan_in_y: 247.0, tan_out_x: 543.0, tan_out_y: 247.0 }
vertex[2359]=PF_PathVertex { x: 1.25, y: 1.0, tan_in_x: 1.25, tan_in_y: 1.0, tan_out_x: 1.25, tan_out_y: 1.0 }
vertex[2360]=PF_PathVertex { x: 543.0, y: 248.0, tan_in_x: 543.0, tan_in_y: 248.0, tan_out_x: 543.0, tan_out_y: 248.0 }
vertex[2361]=PF_PathVertex { x: 1.190185546875, y: 1.0, tan_in_x: 1.190185546875, tan_in_y: 1.0, tan_out_x: 1.190185546875, tan_out_y: 1.0 }
vertex[2362]=PF_PathVertex { x: 544.0, y: 247.0, tan_in_x: 544.0, tan_in_y: 247.0, tan_out_x: 544.0, tan_out_y: 247.0 }
vertex[2363]=PF_PathVertex { x: 1.0833740234375, y: 1.0, tan_in_x: 1.0833740234375, tan_in_y: 1.0, tan_out_x: 1.0833740234375, tan_out_y: 1.0 }
vertex[2364]=PF_PathVertex { x: 543.0, y: 249.0, tan_in_x: 543.0, tan_in_y: 249.0, tan_out_x: 543.0, tan_out_y: 249.0 }
vertex[2365]=PF_PathVertex { x: 1.049072265625, y: 1.0, tan_in_x: 1.049072265625, tan_in_y: 1.0, tan_out_x: 1.049072265625, tan_out_y: 1.0 }
vertex[2366]=PF_PathVertex { x: 537.0, y: 252.0, tan_in_x: 537.0, tan_in_y: 252.0, tan_out_x: 537.0, tan_out_y: 252.0 }
vertex[2367]=PF_PathVertex { x: 3.25, y: 2.0, tan_in_x: 3.25, tan_in_y: 2.0, tan_out_x: 3.25, tan_out_y: 2.0 }
vertex[2368]=PF_PathVertex { x: 537.0, y: 254.0, tan_in_x: 537.0, tan_in_y: 254.0, tan_out_x: 537.0, tan_out_y: 254.0 }
vertex[2369]=PF_PathVertex { x: 1.25, y: 3.0, tan_in_x: 1.25, tan_in_y: 3.0, tan_out_x: 1.25, tan_out_y: 3.0 }
vertex[2370]=PF_PathVertex { x: 538.0, y: 254.0, tan_in_x: 538.0, tan_in_y: 254.0, tan_out_x: 538.0, tan_out_y: 254.0 }
vertex[2371]=PF_PathVertex { x: 2.25, y: 1.0, tan_in_x: 2.25, tan_in_y: 1.0, tan_out_x: 2.25, tan_out_y: 1.0 }
vertex[2372]=PF_PathVertex { x: 538.0, y: 255.0, tan_in_x: 538.0, tan_in_y: 255.0, tan_out_x: 538.0, tan_out_y: 255.0 }
vertex[2373]=PF_PathVertex { x: 1.25, y: 1.0, tan_in_x: 1.25, tan_in_y: 1.0, tan_out_x: 1.25, tan_out_y: 1.0 }
vertex[2374]=PF_PathVertex { x: 538.0, y: 256.0, tan_in_x: 538.0, tan_in_y: 256.0, tan_out_x: 538.0, tan_out_y: 256.0 }
vertex[2375]=PF_PathVertex { x: 1.2490234375, y: 1.0, tan_in_x: 1.2490234375, tan_in_y: 1.0, tan_out_x: 1.2490234375, tan_out_y: 1.0 }
vertex[2376]=PF_PathVertex { x: 539.0, y: 255.0, tan_in_x: 539.0, tan_in_y: 255.0, tan_out_x: 539.0, tan_out_y: 255.0 }
vertex[2377]=PF_PathVertex { x: 1.190185546875, y: 1.0, tan_in_x: 1.190185546875, tan_in_y: 1.0, tan_out_x: 1.190185546875, tan_out_y: 1.0 }
vertex[2378]=PF_PathVertex { x: 539.0, y: 256.0, tan_in_x: 539.0, tan_in_y: 256.0, tan_out_x: 539.0, tan_out_y: 256.0 }
vertex[2379]=PF_PathVertex { x: 1.049072265625, y: 1.0, tan_in_x: 1.049072265625, tan_in_y: 1.0, tan_out_x: 1.049072265625, tan_out_y: 1.0 }
vertex[2380]=PF_PathVertex { x: 540.0, y: 252.0, tan_in_x: 540.0, tan_in_y: 252.0, tan_out_x: 540.0, tan_out_y: 252.0 }
vertex[2381]=PF_PathVertex { x: 1.25, y: 1.0, tan_in_x: 1.25, tan_in_y: 1.0, tan_out_x: 1.25, tan_out_y: 1.0 }
vertex[2382]=PF_PathVertex { x: 540.0, y: 253.0, tan_in_x: 540.0, tan_in_y: 253.0, tan_out_x: 540.0, tan_out_y: 253.0 }
vertex[2383]=PF_PathVertex { x: 1.2186279296875, y: 1.0, tan_in_x: 1.2186279296875, tan_in_y: 1.0, tan_out_x: 1.2186279296875, tan_out_y: 1.0 }
vertex[2384]=PF_PathVertex { x: 541.0, y: 252.0, tan_in_x: 541.0, tan_in_y: 252.0, tan_out_x: 541.0, tan_out_y: 252.0 }
vertex[2385]=PF_PathVertex { x: 1.11865234375, y: 1.0, tan_in_x: 1.11865234375, tan_in_y: 1.0, tan_out_x: 1.11865234375, tan_out_y: 1.0 }
vertex[2386]=PF_PathVertex { x: 541.0, y: 253.0, tan_in_x: 541.0, tan_in_y: 253.0, tan_out_x: 541.0, tan_out_y: 253.0 }
vertex[2387]=PF_PathVertex { x: 1.0078125, y: 1.0, tan_in_x: 1.0078125, tan_in_y: 1.0, tan_out_x: 1.0078125, tan_out_y: 1.0 }
vertex[2388]=PF_PathVertex { x: 540.0, y: 254.0, tan_in_x: 540.0, tan_in_y: 254.0, tan_out_x: 540.0, tan_out_y: 254.0 }
vertex[2389]=PF_PathVertex { x: 1.0833740234375, y: 1.0, tan_in_x: 1.0833740234375, tan_in_y: 1.0, tan_out_x: 1.0833740234375, tan_out_y: 1.0 }
vertex[2390]=PF_PathVertex { x: 537.0, y: 257.0, tan_in_x: 537.0, tan_in_y: 257.0, tan_out_x: 537.0, tan_out_y: 257.0 }
vertex[2391]=PF_PathVertex { x: 1.25, y: 1.0, tan_in_x: 1.25, tan_in_y: 1.0, tan_out_x: 1.25, tan_out_y: 1.0 }
vertex[2392]=PF_PathVertex { x: 537.0, y: 258.0, tan_in_x: 537.0, tan_in_y: 258.0, tan_out_x: 537.0, tan_out_y: 258.0 }
vertex[2393]=PF_PathVertex { x: 1.23828125, y: 1.0, tan_in_x: 1.23828125, tan_in_y: 1.0, tan_out_x: 1.23828125, tan_out_y: 1.0 }
vertex[2394]=PF_PathVertex { x: 538.0, y: 257.0, tan_in_x: 538.0, tan_in_y: 257.0, tan_out_x: 538.0, tan_out_y: 257.0 }
vertex[2395]=PF_PathVertex { x: 1.1549072265625, y: 1.0, tan_in_x: 1.1549072265625, tan_in_y: 1.0, tan_out_x: 1.1549072265625, tan_out_y: 1.0 }
vertex[2396]=PF_PathVertex { x: 538.0, y: 258.0, tan_in_x: 538.0, tan_in_y: 258.0, tan_out_x: 538.0, tan_out_y: 258.0 }
vertex[2397]=PF_PathVertex { x: 1.0235595703125, y: 1.0, tan_in_x: 1.0235595703125, tan_in_y: 1.0, tan_out_x: 1.0235595703125, tan_out_y: 1.0 }
vertex[2398]=PF_PathVertex { x: 537.0, y: 259.0, tan_in_x: 537.0, tan_in_y: 259.0, tan_out_x: 537.0, tan_out_y: 259.0 }
vertex[2399]=PF_PathVertex { x: 1.11865234375, y: 1.0, tan_in_x: 1.11865234375, tan_in_y: 1.0, tan_out_x: 1.11865234375, tan_out_y: 1.0 }
vertex[2400]=PF_PathVertex { x: 537.0, y: 260.0, tan_in_x: 537.0, tan_in_y: 260.0, tan_out_x: 537.0, tan_out_y: 260.0 }
vertex[2401]=PF_PathVertex { x: 1.0078125, y: 1.0, tan_in_x: 1.0078125, tan_in_y: 1.0, tan_out_x: 1.0078125, tan_out_y: 1.0 }
vertex[2402]=PF_PathVertex { x: 500.0, y: 262.0, tan_in_x: 500.0, tan_in_y: 262.0, tan_out_x: 500.0, tan_out_y: 262.0 }
vertex[2403]=PF_PathVertex { x: 25.25, y: 19.0, tan_in_x: 25.25, tan_in_y: 19.0, tan_out_x: 25.25, tan_out_y: 19.0 }
vertex[2404]=PF_PathVertex { x: 500.0, y: 281.0, tan_in_x: 500.0, tan_in_y: 281.0, tan_out_x: 500.0, tan_out_y: 281.0 }
vertex[2405]=PF_PathVertex { x: 12.25, y: 19.0, tan_in_x: 12.25, tan_in_y: 19.0, tan_out_x: 12.25, tan_out_y: 19.0 }
vertex[2406]=PF_PathVertex { x: 512.0, y: 281.0, tan_in_x: 512.0, tan_in_y: 281.0, tan_out_x: 512.0, tan_out_y: 281.0 }
vertex[2407]=PF_PathVertex { x: 6.25, y: 9.0, tan_in_x: 6.25, tan_in_y: 9.0, tan_out_x: 6.25, tan_out_y: 9.0 }
vertex[2408]=PF_PathVertex { x: 518.0, y: 281.0, tan_in_x: 518.0, tan_in_y: 281.0, tan_out_x: 518.0, tan_out_y: 281.0 }
vertex[2409]=PF_PathVertex { x: 3.25, y: 4.0, tan_in_x: 3.25, tan_in_y: 4.0, tan_out_x: 3.25, tan_out_y: 4.0 }
vertex[2410]=PF_PathVertex { x: 521.0, y: 281.0, tan_in_x: 521.0, tan_in_y: 281.0, tan_out_x: 521.0, tan_out_y: 281.0 }
vertex[2411]=PF_PathVertex { x: 2.25, y: 2.0, tan_in_x: 2.25, tan_in_y: 2.0, tan_out_x: 2.25, tan_out_y: 2.0 }
vertex[2412]=PF_PathVertex { x: 521.0, y: 283.0, tan_in_x: 521.0, tan_in_y: 283.0, tan_out_x: 521.0, tan_out_y: 283.0 }
vertex[2413]=PF_PathVertex { x: 1.25, y: 2.0, tan_in_x: 1.25, tan_in_y: 2.0, tan_out_x: 1.25, tan_out_y: 2.0 }
vertex[2414]=PF_PathVertex { x: 522.0, y: 283.0, tan_in_x: 522.0, tan_in_y: 283.0, tan_out_x: 522.0, tan_out_y: 283.0 }
vertex[2415]=PF_PathVertex { x: 1.25, y: 1.0, tan_in_x: 1.25, tan_in_y: 1.0, tan_out_x: 1.25, tan_out_y: 1.0 }
vertex[2416]=PF_PathVertex { x: 522.0, y: 284.0, tan_in_x: 522.0, tan_in_y: 284.0, tan_out_x: 522.0, tan_out_y: 284.0 }
vertex[2417]=PF_PathVertex { x: 1.2490234375, y: 1.0, tan_in_x: 1.2490234375, tan_in_y: 1.0, tan_out_x: 1.2490234375, tan_out_y: 1.0 }
vertex[2418]=PF_PathVertex { x: 523.0, y: 281.0, tan_in_x: 523.0, tan_in_y: 281.0, tan_out_x: 523.0, tan_out_y: 281.0 }
vertex[2419]=PF_PathVertex { x: 1.25, y: 2.0, tan_in_x: 1.25, tan_in_y: 2.0, tan_out_x: 1.25, tan_out_y: 2.0 }
vertex[2420]=PF_PathVertex { x: 524.0, y: 281.0, tan_in_x: 524.0, tan_in_y: 281.0, tan_out_x: 524.0, tan_out_y: 281.0 }
vertex[2421]=PF_PathVertex { x: 1.2186279296875, y: 1.0, tan_in_x: 1.2186279296875, tan_in_y: 1.0, tan_out_x: 1.2186279296875, tan_out_y: 1.0 }
vertex[2422]=PF_PathVertex { x: 524.0, y: 282.0, tan_in_x: 524.0, tan_in_y: 282.0, tan_out_x: 524.0, tan_out_y: 282.0 }
vertex[2423]=PF_PathVertex { x: 1.0833740234375, y: 1.0, tan_in_x: 1.0833740234375, tan_in_y: 1.0, tan_out_x: 1.0833740234375, tan_out_y: 1.0 }
vertex[2424]=PF_PathVertex { x: 523.0, y: 283.0, tan_in_x: 523.0, tan_in_y: 283.0, tan_out_x: 523.0, tan_out_y: 283.0 }
vertex[2425]=PF_PathVertex { x: 1.190185546875, y: 1.0, tan_in_x: 1.190185546875, tan_in_y: 1.0, tan_out_x: 1.190185546875, tan_out_y: 1.0 }
vertex[2426]=PF_PathVertex { x: 523.0, y: 284.0, tan_in_x: 523.0, tan_in_y: 284.0, tan_out_x: 523.0, tan_out_y: 284.0 }
vertex[2427]=PF_PathVertex { x: 1.049072265625, y: 1.0, tan_in_x: 1.049072265625, tan_in_y: 1.0, tan_out_x: 1.049072265625, tan_out_y: 1.0 }
vertex[2428]=PF_PathVertex { x: 518.0, y: 285.0, tan_in_x: 518.0, tan_in_y: 285.0, tan_out_x: 518.0, tan_out_y: 285.0 }
vertex[2429]=PF_PathVertex { x: 3.25, y: 2.0, tan_in_x: 3.25, tan_in_y: 2.0, tan_out_x: 3.25, tan_out_y: 2.0 }
vertex[2430]=PF_PathVertex { x: 518.0, y: 287.0, tan_in_x: 518.0, tan_in_y: 287.0, tan_out_x: 518.0, tan_out_y: 287.0 }
vertex[2431]=PF_PathVertex { x: 1.25, y: 3.0, tan_in_x: 1.25, tan_in_y: 3.0, tan_out_x: 1.25, tan_out_y: 3.0 }
vertex[2432]=PF_PathVertex { x: 519.0, y: 287.0, tan_in_x: 519.0, tan_in_y: 287.0, tan_out_x: 519.0, tan_out_y: 287.0 }
vertex[2433]=PF_PathVertex { x: 2.25, y: 1.0, tan_in_x: 2.25, tan_in_y: 1.0, tan_out_x: 2.25, tan_out_y: 1.0 }
vertex[2434]=PF_PathVertex { x: 519.0, y: 288.0, tan_in_x: 519.0, tan_in_y: 288.0, tan_out_x: 519.0, tan_out_y: 288.0 }
vertex[2435]=PF_PathVertex { x: 1.25, y: 2.0, tan_in_x: 1.25, tan_in_y: 2.0, tan_out_x: 1.25, tan_out_y: 2.0 }
vertex[2436]=PF_PathVertex { x: 520.0, y: 288.0, tan_in_x: 520.0, tan_in_y: 288.0, tan_out_x: 520.0, tan_out_y: 288.0 }
vertex[2437]=PF_PathVertex { x: 1.2186279296875, y: 1.0, tan_in_x: 1.2186279296875, tan_in_y: 1.0, tan_out_x: 1.2186279296875, tan_out_y: 1.0 }
vertex[2438]=PF_PathVertex { x: 520.0, y: 289.0, tan_in_x: 520.0, tan_in_y: 289.0, tan_out_x: 520.0, tan_out_y: 289.0 }
vertex[2439]=PF_PathVertex { x: 1.0833740234375, y: 1.0, tan_in_x: 1.0833740234375, tan_in_y: 1.0, tan_out_x: 1.0833740234375, tan_out_y: 1.0 }
vertex[2440]=PF_PathVertex { x: 521.0, y: 285.0, tan_in_x: 521.0, tan_in_y: 285.0, tan_out_x: 521.0, tan_out_y: 285.0 }
vertex[2441]=PF_PathVertex { x: 1.25, y: 1.0, tan_in_x: 1.25, tan_in_y: 1.0, tan_out_x: 1.25, tan_out_y: 1.0 }
vertex[2442]=PF_PathVertex { x: 521.0, y: 286.0, tan_in_x: 521.0, tan_in_y: 286.0, tan_out_x: 521.0, tan_out_y: 286.0 }
vertex[2443]=PF_PathVertex { x: 1.23828125, y: 1.0, tan_in_x: 1.23828125, tan_in_y: 1.0, tan_out_x: 1.23828125, tan_out_y: 1.0 }
vertex[2444]=PF_PathVertex { x: 522.0, y: 285.0, tan_in_x: 522.0, tan_in_y: 285.0, tan_out_x: 522.0, tan_out_y: 285.0 }
vertex[2445]=PF_PathVertex { x: 1.1549072265625, y: 1.0, tan_in_x: 1.1549072265625, tan_in_y: 1.0, tan_out_x: 1.1549072265625, tan_out_y: 1.0 }
vertex[2446]=PF_PathVertex { x: 522.0, y: 286.0, tan_in_x: 522.0, tan_in_y: 286.0, tan_out_x: 522.0, tan_out_y: 286.0 }
vertex[2447]=PF_PathVertex { x: 1.0235595703125, y: 1.0, tan_in_x: 1.0235595703125, tan_in_y: 1.0, tan_out_x: 1.0235595703125, tan_out_y: 1.0 }
vertex[2448]=PF_PathVertex { x: 521.0, y: 287.0, tan_in_x: 521.0, tan_in_y: 287.0, tan_out_x: 521.0, tan_out_y: 287.0 }
vertex[2449]=PF_PathVertex { x: 1.11865234375, y: 1.0, tan_in_x: 1.11865234375, tan_in_y: 1.0, tan_out_x: 1.11865234375, tan_out_y: 1.0 }
vertex[2450]=PF_PathVertex { x: 521.0, y: 288.0, tan_in_x: 521.0, tan_in_y: 288.0, tan_out_x: 521.0, tan_out_y: 288.0 }
vertex[2451]=PF_PathVertex { x: 1.0078125, y: 1.0, tan_in_x: 1.0078125, tan_in_y: 1.0, tan_out_x: 1.0078125, tan_out_y: 1.0 }
vertex[2452]=PF_PathVertex { x: 512.0, y: 290.0, tan_in_x: 512.0, tan_in_y: 290.0, tan_out_x: 512.0, tan_out_y: 290.0 }
vertex[2453]=PF_PathVertex { x: 3.25, y: 5.0, tan_in_x: 3.25, tan_in_y: 5.0, tan_out_x: 3.25, tan_out_y: 5.0 }
vertex[2454]=PF_PathVertex { x: 515.0, y: 290.0, tan_in_x: 515.0, tan_in_y: 290.0, tan_out_x: 515.0, tan_out_y: 290.0 }
vertex[2455]=PF_PathVertex { x: 3.25, y: 2.0, tan_in_x: 3.25, tan_in_y: 2.0, tan_out_x: 3.25, tan_out_y: 2.0 }
vertex[2456]=PF_PathVertex { x: 515.0, y: 292.0, tan_in_x: 515.0, tan_in_y: 292.0, tan_out_x: 515.0, tan_out_y: 292.0 }
vertex[2457]=PF_PathVertex { x: 1.25, y: 3.0, tan_in_x: 1.25, tan_in_y: 3.0, tan_out_x: 1.25, tan_out_y: 3.0 }
vertex[2458]=PF_PathVertex { x: 516.0, y: 292.0, tan_in_x: 516.0, tan_in_y: 292.0, tan_out_x: 516.0, tan_out_y: 292.0 }
vertex[2459]=PF_PathVertex { x: 2.25, y: 1.0, tan_in_x: 2.25, tan_in_y: 1.0, tan_out_x: 2.25, tan_out_y: 1.0 }
vertex[2460]=PF_PathVertex { x: 516.0, y: 293.0, tan_in_x: 516.0, tan_in_y: 293.0, tan_out_x: 516.0, tan_out_y: 293.0 }
vertex[2461]=PF_PathVertex { x: 1.25, y: 2.0, tan_in_x: 1.25, tan_in_y: 2.0, tan_out_x: 1.25, tan_out_y: 2.0 }
vertex[2462]=PF_PathVertex { x: 517.0, y: 293.0, tan_in_x: 517.0, tan_in_y: 293.0, tan_out_x: 517.0, tan_out_y: 293.0 }
vertex[2463]=PF_PathVertex { x: 1.23828125, y: 1.0, tan_in_x: 1.23828125, tan_in_y: 1.0, tan_out_x: 1.23828125, tan_out_y: 1.0 }
vertex[2464]=PF_PathVertex { x: 517.0, y: 294.0, tan_in_x: 517.0, tan_in_y: 294.0, tan_out_x: 517.0, tan_out_y: 294.0 }
vertex[2465]=PF_PathVertex { x: 1.11865234375, y: 1.0, tan_in_x: 1.11865234375, tan_in_y: 1.0, tan_out_x: 1.11865234375, tan_out_y: 1.0 }
vertex[2466]=PF_PathVertex { x: 512.0, y: 295.0, tan_in_x: 512.0, tan_in_y: 295.0, tan_out_x: 512.0, tan_out_y: 295.0 }
vertex[2467]=PF_PathVertex { x: 3.25, y: 2.0, tan_in_x: 3.25, tan_in_y: 2.0, tan_out_x: 3.25, tan_out_y: 2.0 }
vertex[2468]=PF_PathVertex { x: 512.0, y: 297.0, tan_in_x: 512.0, tan_in_y: 297.0, tan_out_x: 512.0, tan_out_y: 297.0 }
vertex[2469]=PF_PathVertex { x: 1.25, y: 3.0, tan_in_x: 1.25, tan_in_y: 3.0, tan_out_x: 1.25, tan_out_y: 3.0 }
vertex[2470]=PF_PathVertex { x: 513.0, y: 297.0, tan_in_x: 513.0, tan_in_y: 297.0, tan_out_x: 513.0, tan_out_y: 297.0 }
vertex[2471]=PF_PathVertex { x: 2.25, y: 1.0, tan_in_x: 2.25, tan_in_y: 1.0, tan_out_x: 2.25, tan_out_y: 1.0 }
vertex[2472]=PF_PathVertex { x: 513.0, y: 298.0, tan_in_x: 513.0, tan_in_y: 298.0, tan_out_x: 513.0, tan_out_y: 298.0 }
vertex[2473]=PF_PathVertex { x: 1.25, y: 2.0, tan_in_x: 1.25, tan_in_y: 2.0, tan_out_x: 1.25, tan_out_y: 2.0 }
vertex[2474]=PF_PathVertex { x: 514.0, y: 298.0, tan_in_x: 514.0, tan_in_y: 298.0, tan_out_x: 514.0, tan_out_y: 298.0 }
vertex[2475]=PF_PathVertex { x: 1.2490234375, y: 1.0, tan_in_x: 1.2490234375, tan_in_y: 1.0, tan_out_x: 1.2490234375, tan_out_y: 1.0 }
vertex[2476]=PF_PathVertex { x: 514.0, y: 299.0, tan_in_x: 514.0, tan_in_y: 299.0, tan_out_x: 514.0, tan_out_y: 299.0 }
vertex[2477]=PF_PathVertex { x: 1.1549072265625, y: 1.0, tan_in_x: 1.1549072265625, tan_in_y: 1.0, tan_out_x: 1.1549072265625, tan_out_y: 1.0 }
vertex[2478]=PF_PathVertex { x: 515.0, y: 295.0, tan_in_x: 515.0, tan_in_y: 295.0, tan_out_x: 515.0, tan_out_y: 295.0 }
vertex[2479]=PF_PathVertex { x: 1.25, y: 2.0, tan_in_x: 1.25, tan_in_y: 2.0, tan_out_x: 1.25, tan_out_y: 2.0 }
vertex[2480]=PF_PathVertex { x: 516.0, y: 295.0, tan_in_x: 516.0, tan_in_y: 295.0, tan_out_x: 516.0, tan_out_y: 295.0 }
vertex[2481]=PF_PathVertex { x: 1.2186279296875, y: 1.0, tan_in_x: 1.2186279296875, tan_in_y: 1.0, tan_out_x: 1.2186279296875, tan_out_y: 1.0 }
vertex[2482]=PF_PathVertex { x: 516.0, y: 296.0, tan_in_x: 516.0, tan_in_y: 296.0, tan_out_x: 516.0, tan_out_y: 296.0 }
vertex[2483]=PF_PathVertex { x: 1.0833740234375, y: 1.0, tan_in_x: 1.0833740234375, tan_in_y: 1.0, tan_out_x: 1.0833740234375, tan_out_y: 1.0 }
vertex[2484]=PF_PathVertex { x: 517.0, y: 295.0, tan_in_x: 517.0, tan_in_y: 295.0, tan_out_x: 517.0, tan_out_y: 295.0 }
vertex[2485]=PF_PathVertex { x: 1.0078125, y: 1.0, tan_in_x: 1.0078125, tan_in_y: 1.0, tan_out_x: 1.0078125, tan_out_y: 1.0 }
vertex[2486]=PF_PathVertex { x: 515.0, y: 297.0, tan_in_x: 515.0, tan_in_y: 297.0, tan_out_x: 515.0, tan_out_y: 297.0 }
vertex[2487]=PF_PathVertex { x: 1.190185546875, y: 1.0, tan_in_x: 1.190185546875, tan_in_y: 1.0, tan_out_x: 1.190185546875, tan_out_y: 1.0 }
vertex[2488]=PF_PathVertex { x: 515.0, y: 298.0, tan_in_x: 515.0, tan_in_y: 298.0, tan_out_x: 515.0, tan_out_y: 298.0 }
vertex[2489]=PF_PathVertex { x: 1.049072265625, y: 1.0, tan_in_x: 1.049072265625, tan_in_y: 1.0, tan_out_x: 1.049072265625, tan_out_y: 1.0 }
vertex[2490]=PF_PathVertex { x: 518.0, y: 290.0, tan_in_x: 518.0, tan_in_y: 290.0, tan_out_x: 518.0, tan_out_y: 290.0 }
vertex[2491]=PF_PathVertex { x: 1.25, y: 1.0, tan_in_x: 1.25, tan_in_y: 1.0, tan_out_x: 1.25, tan_out_y: 1.0 }
vertex[2492]=PF_PathVertex { x: 518.0, y: 291.0, tan_in_x: 518.0, tan_in_y: 291.0, tan_out_x: 518.0, tan_out_y: 291.0 }
vertex[2493]=PF_PathVertex { x: 1.2490234375, y: 1.0, tan_in_x: 1.2490234375, tan_in_y: 1.0, tan_out_x: 1.2490234375, tan_out_y: 1.0 }
vertex[2494]=PF_PathVertex { x: 519.0, y: 290.0, tan_in_x: 519.0, tan_in_y: 290.0, tan_out_x: 519.0, tan_out_y: 290.0 }
vertex[2495]=PF_PathVertex { x: 1.190185546875, y: 1.0, tan_in_x: 1.190185546875, tan_in_y: 1.0, tan_out_x: 1.190185546875, tan_out_y: 1.0 }
vertex[2496]=PF_PathVertex { x: 519.0, y: 291.0, tan_in_x: 519.0, tan_in_y: 291.0, tan_out_x: 519.0, tan_out_y: 291.0 }
vertex[2497]=PF_PathVertex { x: 1.049072265625, y: 1.0, tan_in_x: 1.049072265625, tan_in_y: 1.0, tan_out_x: 1.049072265625, tan_out_y: 1.0 }
vertex[2498]=PF_PathVertex { x: 518.0, y: 292.0, tan_in_x: 518.0, tan_in_y: 292.0, tan_out_x: 518.0, tan_out_y: 292.0 }
vertex[2499]=PF_PathVertex { x: 1.1549072265625, y: 1.0, tan_in_x: 1.1549072265625, tan_in_y: 1.0, tan_out_x: 1.1549072265625, tan_out_y: 1.0 }
vertex[2500]=PF_PathVertex { x: 518.0, y: 293.0, tan_in_x: 518.0, tan_in_y: 293.0, tan_out_x: 518.0, tan_out_y: 293.0 }
vertex[2501]=PF_PathVertex { x: 1.0235595703125, y: 1.0, tan_in_x: 1.0235595703125, tan_in_y: 1.0, tan_out_x: 1.0235595703125, tan_out_y: 1.0 }
vertex[2502]=PF_PathVertex { x: 525.0, y: 262.0, tan_in_x: 525.0, tan_in_y: 262.0, tan_out_x: 525.0, tan_out_y: 262.0 }
vertex[2503]=PF_PathVertex { x: 6.25, y: 4.0, tan_in_x: 6.25, tan_in_y: 4.0, tan_out_x: 6.25, tan_out_y: 4.0 }
vertex[2504]=PF_PathVertex { x: 525.0, y: 266.0, tan_in_x: 525.0, tan_in_y: 266.0, tan_out_x: 525.0, tan_out_y: 266.0 }
vertex[2505]=PF_PathVertex { x: 3.25, y: 5.0, tan_in_x: 3.25, tan_in_y: 5.0, tan_out_x: 3.25, tan_out_y: 5.0 }
vertex[2506]=PF_PathVertex { x: 528.0, y: 266.0, tan_in_x: 528.0, tan_in_y: 266.0, tan_out_x: 528.0, tan_out_y: 266.0 }
vertex[2507]=PF_PathVertex { x: 3.25, y: 2.0, tan_in_x: 3.25, tan_in_y: 2.0, tan_out_x: 3.25, tan_out_y: 2.0 }
vertex[2508]=PF_PathVertex { x: 528.0, y: 268.0, tan_in_x: 528.0, tan_in_y: 268.0, tan_out_x: 528.0, tan_out_y: 268.0 }
vertex[2509]=PF_PathVertex { x: 1.25, y: 3.0, tan_in_x: 1.25, tan_in_y: 3.0, tan_out_x: 1.25, tan_out_y: 3.0 }
vertex[2510]=PF_PathVertex { x: 529.0, y: 268.0, tan_in_x: 529.0, tan_in_y: 268.0, tan_out_x: 529.0, tan_out_y: 268.0 }
vertex[2511]=PF_PathVertex { x: 2.25, y: 1.0, tan_in_x: 2.25, tan_in_y: 1.0, tan_out_x: 2.25, tan_out_y: 1.0 }
vertex[2512]=PF_PathVertex { x: 529.0, y: 269.0, tan_in_x: 529.0, tan_in_y: 269.0, tan_out_x: 529.0, tan_out_y: 269.0 }
vertex[2513]=PF_PathVertex { x: 1.25, y: 2.0, tan_in_x: 1.25, tan_in_y: 2.0, tan_out_x: 1.25, tan_out_y: 2.0 }
vertex[2514]=PF_PathVertex { x: 530.0, y: 269.0, tan_in_x: 530.0, tan_in_y: 269.0, tan_out_x: 530.0, tan_out_y: 269.0 }
vertex[2515]=PF_PathVertex { x: 1.25, y: 1.0, tan_in_x: 1.25, tan_in_y: 1.0, tan_out_x: 1.25, tan_out_y: 1.0 }
vertex[2516]=PF_PathVertex { x: 530.0, y: 270.0, tan_in_x: 530.0, tan_in_y: 270.0, tan_out_x: 530.0, tan_out_y: 270.0 }
vertex[2517]=PF_PathVertex { x: 1.2490234375, y: 1.0, tan_in_x: 1.2490234375, tan_in_y: 1.0, tan_out_x: 1.2490234375, tan_out_y: 1.0 }
vertex[2518]=PF_PathVertex { x: 531.0, y: 262.0, tan_in_x: 531.0, tan_in_y: 262.0, tan_out_x: 531.0, tan_out_y: 262.0 }
vertex[2519]=PF_PathVertex { x: 3.25, y: 2.0, tan_in_x: 3.25, tan_in_y: 2.0, tan_out_x: 3.25, tan_out_y: 2.0 }
vertex[2520]=PF_PathVertex { x: 531.0, y: 264.0, tan_in_x: 531.0, tan_in_y: 264.0, tan_out_x: 531.0, tan_out_y: 264.0 }
vertex[2521]=PF_PathVertex { x: 1.25, y: 2.0, tan_in_x: 1.25, tan_in_y: 2.0, tan_out_x: 1.25, tan_out_y: 2.0 }
vertex[2522]=PF_PathVertex { x: 532.0, y: 264.0, tan_in_x: 532.0, tan_in_y: 264.0, tan_out_x: 532.0, tan_out_y: 264.0 }
vertex[2523]=PF_PathVertex { x: 1.25, y: 2.0, tan_in_x: 1.25, tan_in_y: 2.0, tan_out_x: 1.25, tan_out_y: 2.0 }
vertex[2524]=PF_PathVertex { x: 533.0, y: 264.0, tan_in_x: 533.0, tan_in_y: 264.0, tan_out_x: 533.0, tan_out_y: 264.0 }
vertex[2525]=PF_PathVertex { x: 1.25, y: 1.0, tan_in_x: 1.25, tan_in_y: 1.0, tan_out_x: 1.25, tan_out_y: 1.0 }
vertex[2526]=PF_PathVertex { x: 533.0, y: 265.0, tan_in_x: 533.0, tan_in_y: 265.0, tan_out_x: 533.0, tan_out_y: 265.0 }
vertex[2527]=PF_PathVertex { x: 1.23828125, y: 1.0, tan_in_x: 1.23828125, tan_in_y: 1.0, tan_out_x: 1.23828125, tan_out_y: 1.0 }
vertex[2528]=PF_PathVertex { x: 534.0, y: 262.0, tan_in_x: 534.0, tan_in_y: 262.0, tan_out_x: 534.0, tan_out_y: 262.0 }
vertex[2529]=PF_PathVertex { x: 1.25, y: 1.0, tan_in_x: 1.25, tan_in_y: 1.0, tan_out_x: 1.25, tan_out_y: 1.0 }
vertex[2530]=PF_PathVertex { x: 534.0, y: 263.0, tan_in_x: 534.0, tan_in_y: 263.0, tan_out_x: 534.0, tan_out_y: 263.0 }
vertex[2531]=PF_PathVertex { x: 1.2490234375, y: 1.0, tan_in_x: 1.2490234375, tan_in_y: 1.0, tan_out_x: 1.2490234375, tan_out_y: 1.0 }
vertex[2532]=PF_PathVertex { x: 535.0, y: 262.0, tan_in_x: 535.0, tan_in_y: 262.0, tan_out_x: 535.0, tan_out_y: 262.0 }
vertex[2533]=PF_PathVertex { x: 1.190185546875, y: 1.0, tan_in_x: 1.190185546875, tan_in_y: 1.0, tan_out_x: 1.190185546875, tan_out_y: 1.0 }
vertex[2534]=PF_PathVertex { x: 535.0, y: 263.0, tan_in_x: 535.0, tan_in_y: 263.0, tan_out_x: 535.0, tan_out_y: 263.0 }
vertex[2535]=PF_PathVertex { x: 1.049072265625, y: 1.0, tan_in_x: 1.049072265625, tan_in_y: 1.0, tan_out_x: 1.049072265625, tan_out_y: 1.0 }
vertex[2536]=PF_PathVertex { x: 534.0, y: 264.0, tan_in_x: 534.0, tan_in_y: 264.0, tan_out_x: 534.0, tan_out_y: 264.0 }
vertex[2537]=PF_PathVertex { x: 1.1549072265625, y: 1.0, tan_in_x: 1.1549072265625, tan_in_y: 1.0, tan_out_x: 1.1549072265625, tan_out_y: 1.0 }
vertex[2538]=PF_PathVertex { x: 534.0, y: 265.0, tan_in_x: 534.0, tan_in_y: 265.0, tan_out_x: 534.0, tan_out_y: 265.0 }
vertex[2539]=PF_PathVertex { x: 1.0235595703125, y: 1.0, tan_in_x: 1.0235595703125, tan_in_y: 1.0, tan_out_x: 1.0235595703125, tan_out_y: 1.0 }
vertex[2540]=PF_PathVertex { x: 531.0, y: 266.0, tan_in_x: 531.0, tan_in_y: 266.0, tan_out_x: 531.0, tan_out_y: 266.0 }
vertex[2541]=PF_PathVertex { x: 1.25, y: 2.0, tan_in_x: 1.25, tan_in_y: 2.0, tan_out_x: 1.25, tan_out_y: 2.0 }
vertex[2542]=PF_PathVertex { x: 532.0, y: 266.0, tan_in_x: 532.0, tan_in_y: 266.0, tan_out_x: 532.0, tan_out_y: 266.0 }
vertex[2543]=PF_PathVertex { x: 1.25, y: 1.0, tan_in_x: 1.25, tan_in_y: 1.0, tan_out_x: 1.25, tan_out_y: 1.0 }
vertex[2544]=PF_PathVertex { x: 532.0, y: 267.0, tan_in_x: 532.0, tan_in_y: 267.0, tan_out_x: 532.0, tan_out_y: 267.0 }
vertex[2545]=PF_PathVertex { x: 1.2186279296875, y: 1.0, tan_in_x: 1.2186279296875, tan_in_y: 1.0, tan_out_x: 1.2186279296875, tan_out_y: 1.0 }
vertex[2546]=PF_PathVertex { x: 533.0, y: 266.0, tan_in_x: 533.0, tan_in_y: 266.0, tan_out_x: 533.0, tan_out_y: 266.0 }
vertex[2547]=PF_PathVertex { x: 1.11865234375, y: 1.0, tan_in_x: 1.11865234375, tan_in_y: 1.0, tan_out_x: 1.11865234375, tan_out_y: 1.0 }
vertex[2548]=PF_PathVertex { x: 533.0, y: 267.0, tan_in_x: 533.0, tan_in_y: 267.0, tan_out_x: 533.0, tan_out_y: 267.0 }
vertex[2549]=PF_PathVertex { x: 1.0078125, y: 1.0, tan_in_x: 1.0078125, tan_in_y: 1.0, tan_out_x: 1.0078125, tan_out_y: 1.0 }
vertex[2550]=PF_PathVertex { x: 531.0, y: 268.0, tan_in_x: 531.0, tan_in_y: 268.0, tan_out_x: 531.0, tan_out_y: 268.0 }
vertex[2551]=PF_PathVertex { x: 1.25, y: 1.0, tan_in_x: 1.25, tan_in_y: 1.0, tan_out_x: 1.25, tan_out_y: 1.0 }
vertex[2552]=PF_PathVertex { x: 531.0, y: 269.0, tan_in_x: 531.0, tan_in_y: 269.0, tan_out_x: 531.0, tan_out_y: 269.0 }
vertex[2553]=PF_PathVertex { x: 1.190185546875, y: 1.0, tan_in_x: 1.190185546875, tan_in_y: 1.0, tan_out_x: 1.190185546875, tan_out_y: 1.0 }
vertex[2554]=PF_PathVertex { x: 531.0, y: 270.0, tan_in_x: 531.0, tan_in_y: 270.0, tan_out_x: 531.0, tan_out_y: 270.0 }
vertex[2555]=PF_PathVertex { x: 1.049072265625, y: 1.0, tan_in_x: 1.049072265625, tan_in_y: 1.0, tan_out_x: 1.049072265625, tan_out_y: 1.0 }
vertex[2556]=PF_PathVertex { x: 532.0, y: 268.0, tan_in_x: 532.0, tan_in_y: 268.0, tan_out_x: 532.0, tan_out_y: 268.0 }
vertex[2557]=PF_PathVertex { x: 1.0833740234375, y: 1.0, tan_in_x: 1.0833740234375, tan_in_y: 1.0, tan_out_x: 1.0833740234375, tan_out_y: 1.0 }
vertex[2558]=PF_PathVertex { x: 525.0, y: 271.0, tan_in_x: 525.0, tan_in_y: 271.0, tan_out_x: 525.0, tan_out_y: 271.0 }
vertex[2559]=PF_PathVertex { x: 3.25, y: 5.0, tan_in_x: 3.25, tan_in_y: 5.0, tan_out_x: 3.25, tan_out_y: 5.0 }
vertex[2560]=PF_PathVertex { x: 528.0, y: 271.0, tan_in_x: 528.0, tan_in_y: 271.0, tan_out_x: 528.0, tan_out_y: 271.0 }
vertex[2561]=PF_PathVertex { x: 1.25, y: 2.0, tan_in_x: 1.25, tan_in_y: 2.0, tan_out_x: 1.25, tan_out_y: 2.0 }
vertex[2562]=PF_PathVertex { x: 529.0, y: 271.0, tan_in_x: 529.0, tan_in_y: 271.0, tan_out_x: 529.0, tan_out_y: 271.0 }
vertex[2563]=PF_PathVertex { x: 1.25, y: 1.0, tan_in_x: 1.25, tan_in_y: 1.0, tan_out_x: 1.25, tan_out_y: 1.0 }
vertex[2564]=PF_PathVertex { x: 529.0, y: 272.0, tan_in_x: 529.0, tan_in_y: 272.0, tan_out_x: 529.0, tan_out_y: 272.0 }
vertex[2565]=PF_PathVertex { x: 1.23828125, y: 1.0, tan_in_x: 1.23828125, tan_in_y: 1.0, tan_out_x: 1.23828125, tan_out_y: 1.0 }
vertex[2566]=PF_PathVertex { x: 530.0, y: 271.0, tan_in_x: 530.0, tan_in_y: 271.0, tan_out_x: 530.0, tan_out_y: 271.0 }
vertex[2567]=PF_PathVertex { x: 1.1549072265625, y: 1.0, tan_in_x: 1.1549072265625, tan_in_y: 1.0, tan_out_x: 1.1549072265625, tan_out_y: 1.0 }
vertex[2568]=PF_PathVertex { x: 530.0, y: 272.0, tan_in_x: 530.0, tan_in_y: 272.0, tan_out_x: 530.0, tan_out_y: 272.0 }
vertex[2569]=PF_PathVertex { x: 1.0235595703125, y: 1.0, tan_in_x: 1.0235595703125, tan_in_y: 1.0, tan_out_x: 1.0235595703125, tan_out_y: 1.0 }
vertex[2570]=PF_PathVertex { x: 528.0, y: 273.0, tan_in_x: 528.0, tan_in_y: 273.0, tan_out_x: 528.0, tan_out_y: 273.0 }
vertex[2571]=PF_PathVertex { x: 1.25, y: 1.0, tan_in_x: 1.25, tan_in_y: 1.0, tan_out_x: 1.25, tan_out_y: 1.0 }
vertex[2572]=PF_PathVertex { x: 528.0, y: 274.0, tan_in_x: 528.0, tan_in_y: 274.0, tan_out_x: 528.0, tan_out_y: 274.0 }
vertex[2573]=PF_PathVertex { x: 1.2186279296875, y: 1.0, tan_in_x: 1.2186279296875, tan_in_y: 1.0, tan_out_x: 1.2186279296875, tan_out_y: 1.0 }
vertex[2574]=PF_PathVertex { x: 528.0, y: 275.0, tan_in_x: 528.0, tan_in_y: 275.0, tan_out_x: 528.0, tan_out_y: 275.0 }
vertex[2575]=PF_PathVertex { x: 1.0833740234375, y: 1.0, tan_in_x: 1.0833740234375, tan_in_y: 1.0, tan_out_x: 1.0833740234375, tan_out_y: 1.0 }
vertex[2576]=PF_PathVertex { x: 529.0, y: 273.0, tan_in_x: 529.0, tan_in_y: 273.0, tan_out_x: 529.0, tan_out_y: 273.0 }
vertex[2577]=PF_PathVertex { x: 1.11865234375, y: 1.0, tan_in_x: 1.11865234375, tan_in_y: 1.0, tan_out_x: 1.11865234375, tan_out_y: 1.0 }
vertex[2578]=PF_PathVertex { x: 529.0, y: 274.0, tan_in_x: 529.0, tan_in_y: 274.0, tan_out_x: 529.0, tan_out_y: 274.0 }
vertex[2579]=PF_PathVertex { x: 1.0078125, y: 1.0, tan_in_x: 1.0078125, tan_in_y: 1.0, tan_out_x: 1.0078125, tan_out_y: 1.0 }
vertex[2580]=PF_PathVertex { x: 525.0, y: 276.0, tan_in_x: 525.0, tan_in_y: 276.0, tan_out_x: 525.0, tan_out_y: 276.0 }
vertex[2581]=PF_PathVertex { x: 1.25, y: 2.0, tan_in_x: 1.25, tan_in_y: 2.0, tan_out_x: 1.25, tan_out_y: 2.0 }
vertex[2582]=PF_PathVertex { x: 526.0, y: 276.0, tan_in_x: 526.0, tan_in_y: 276.0, tan_out_x: 526.0, tan_out_y: 276.0 }
vertex[2583]=PF_PathVertex { x: 1.25, y: 1.0, tan_in_x: 1.25, tan_in_y: 1.0, tan_out_x: 1.25, tan_out_y: 1.0 }
vertex[2584]=PF_PathVertex { x: 526.0, y: 277.0, tan_in_x: 526.0, tan_in_y: 277.0, tan_out_x: 526.0, tan_out_y: 277.0 }
vertex[2585]=PF_PathVertex { x: 1.2490234375, y: 1.0, tan_in_x: 1.2490234375, tan_in_y: 1.0, tan_out_x: 1.2490234375, tan_out_y: 1.0 }
vertex[2586]=PF_PathVertex { x: 527.0, y: 276.0, tan_in_x: 527.0, tan_in_y: 276.0, tan_out_x: 527.0, tan_out_y: 276.0 }
vertex[2587]=PF_PathVertex { x: 1.190185546875, y: 1.0, tan_in_x: 1.190185546875, tan_in_y: 1.0, tan_out_x: 1.190185546875, tan_out_y: 1.0 }
vertex[2588]=PF_PathVertex { x: 527.0, y: 277.0, tan_in_x: 527.0, tan_in_y: 277.0, tan_out_x: 527.0, tan_out_y: 277.0 }
vertex[2589]=PF_PathVertex { x: 1.049072265625, y: 1.0, tan_in_x: 1.049072265625, tan_in_y: 1.0, tan_out_x: 1.049072265625, tan_out_y: 1.0 }
vertex[2590]=PF_PathVertex { x: 525.0, y: 278.0, tan_in_x: 525.0, tan_in_y: 278.0, tan_out_x: 525.0, tan_out_y: 278.0 }
vertex[2591]=PF_PathVertex { x: 1.25, y: 1.0, tan_in_x: 1.25, tan_in_y: 1.0, tan_out_x: 1.25, tan_out_y: 1.0 }
vertex[2592]=PF_PathVertex { x: 525.0, y: 279.0, tan_in_x: 525.0, tan_in_y: 279.0, tan_out_x: 525.0, tan_out_y: 279.0 }
vertex[2593]=PF_PathVertex { x: 1.23828125, y: 1.0, tan_in_x: 1.23828125, tan_in_y: 1.0, tan_out_x: 1.23828125, tan_out_y: 1.0 }
vertex[2594]=PF_PathVertex { x: 525.0, y: 280.0, tan_in_x: 525.0, tan_in_y: 280.0, tan_out_x: 525.0, tan_out_y: 280.0 }
vertex[2595]=PF_PathVertex { x: 1.11865234375, y: 1.0, tan_in_x: 1.11865234375, tan_in_y: 1.0, tan_out_x: 1.11865234375, tan_out_y: 1.0 }
vertex[2596]=PF_PathVertex { x: 526.0, y: 278.0, tan_in_x: 526.0, tan_in_y: 278.0, tan_out_x: 526.0, tan_out_y: 278.0 }
vertex[2597]=PF_PathVertex { x: 1.1549072265625, y: 1.0, tan_in_x: 1.1549072265625, tan_in_y: 1.0, tan_out_x: 1.1549072265625, tan_out_y: 1.0 }
vertex[2598]=PF_PathVertex { x: 526.0, y: 279.0, tan_in_x: 526.0, tan_in_y: 279.0, tan_out_x: 526.0, tan_out_y: 279.0 }
vertex[2599]=PF_PathVertex { x: 1.0235595703125, y: 1.0, tan_in_x: 1.0235595703125, tan_in_y: 1.0, tan_out_x: 1.0235595703125, tan_out_y: 1.0 }
vertex[2600]=PF_PathVertex { x: 525.0, y: 281.0, tan_in_x: 525.0, tan_in_y: 281.0, tan_out_x: 525.0, tan_out_y: 281.0 }
vertex[2601]=PF_PathVertex { x: 1.0078125, y: 1.0, tan_in_x: 1.0078125, tan_in_y: 1.0, tan_out_x: 1.0078125, tan_out_y: 1.0 }
vertex[2602]=PF_PathVertex { x: 550.0, y: 225.0, tan_in_x: 550.0, tan_in_y: 225.0, tan_out_x: 550.0, tan_out_y: 225.0 }
vertex[2603]=PF_PathVertex { x: 3.25, y: 4.0, tan_in_x: 3.25, tan_in_y: 4.0, tan_out_x: 3.25, tan_out_y: 4.0 }
vertex[2604]=PF_PathVertex { x: 553.0, y: 225.0, tan_in_x: 553.0, tan_in_y: 225.0, tan_out_x: 553.0, tan_out_y: 225.0 }
vertex[2605]=PF_PathVertex { x: 3.25, y: 2.0, tan_in_x: 3.25, tan_in_y: 2.0, tan_out_x: 3.25, tan_out_y: 2.0 }
vertex[2606]=PF_PathVertex { x: 553.0, y: 227.0, tan_in_x: 553.0, tan_in_y: 227.0, tan_out_x: 553.0, tan_out_y: 227.0 }
vertex[2607]=PF_PathVertex { x: 1.25, y: 2.0, tan_in_x: 1.25, tan_in_y: 2.0, tan_out_x: 1.25, tan_out_y: 2.0 }
vertex[2608]=PF_PathVertex { x: 554.0, y: 227.0, tan_in_x: 554.0, tan_in_y: 227.0, tan_out_x: 554.0, tan_out_y: 227.0 }
vertex[2609]=PF_PathVertex { x: 1.25, y: 1.0, tan_in_x: 1.25, tan_in_y: 1.0, tan_out_x: 1.25, tan_out_y: 1.0 }
vertex[2610]=PF_PathVertex { x: 554.0, y: 228.0, tan_in_x: 554.0, tan_in_y: 228.0, tan_out_x: 554.0, tan_out_y: 228.0 }
vertex[2611]=PF_PathVertex { x: 1.2490234375, y: 1.0, tan_in_x: 1.2490234375, tan_in_y: 1.0, tan_out_x: 1.2490234375, tan_out_y: 1.0 }
vertex[2612]=PF_PathVertex { x: 555.0, y: 227.0, tan_in_x: 555.0, tan_in_y: 227.0, tan_out_x: 555.0, tan_out_y: 227.0 }
vertex[2613]=PF_PathVertex { x: 1.190185546875, y: 1.0, tan_in_x: 1.190185546875, tan_in_y: 1.0, tan_out_x: 1.190185546875, tan_out_y: 1.0 }
vertex[2614]=PF_PathVertex { x: 555.0, y: 228.0, tan_in_x: 555.0, tan_in_y: 228.0, tan_out_x: 555.0, tan_out_y: 228.0 }
vertex[2615]=PF_PathVertex { x: 1.049072265625, y: 1.0, tan_in_x: 1.049072265625, tan_in_y: 1.0, tan_out_x: 1.049072265625, tan_out_y: 1.0 }
vertex[2616]=PF_PathVertex { x: 550.0, y: 229.0, tan_in_x: 550.0, tan_in_y: 229.0, tan_out_x: 550.0, tan_out_y: 229.0 }
vertex[2617]=PF_PathVertex { x: 3.25, y: 2.0, tan_in_x: 3.25, tan_in_y: 2.0, tan_out_x: 3.25, tan_out_y: 2.0 }
vertex[2618]=PF_PathVertex { x: 550.0, y: 231.0, tan_in_x: 550.0, tan_in_y: 231.0, tan_out_x: 550.0, tan_out_y: 231.0 }
vertex[2619]=PF_PathVertex { x: 1.25, y: 3.0, tan_in_x: 1.25, tan_in_y: 3.0, tan_out_x: 1.25, tan_out_y: 3.0 }
vertex[2620]=PF_PathVertex { x: 551.0, y: 231.0, tan_in_x: 551.0, tan_in_y: 231.0, tan_out_x: 551.0, tan_out_y: 231.0 }
vertex[2621]=PF_PathVertex { x: 2.25, y: 1.0, tan_in_x: 2.25, tan_in_y: 1.0, tan_out_x: 2.25, tan_out_y: 1.0 }
vertex[2622]=PF_PathVertex { x: 551.0, y: 232.0, tan_in_x: 551.0, tan_in_y: 232.0, tan_out_x: 551.0, tan_out_y: 232.0 }
vertex[2623]=PF_PathVertex { x: 1.25, y: 2.0, tan_in_x: 1.25, tan_in_y: 2.0, tan_out_x: 1.25, tan_out_y: 2.0 }
vertex[2624]=PF_PathVertex { x: 552.0, y: 232.0, tan_in_x: 552.0, tan_in_y: 232.0, tan_out_x: 552.0, tan_out_y: 232.0 }
vertex[2625]=PF_PathVertex { x: 1.2186279296875, y: 1.0, tan_in_x: 1.2186279296875, tan_in_y: 1.0, tan_out_x: 1.2186279296875, tan_out_y: 1.0 }
vertex[2626]=PF_PathVertex { x: 552.0, y: 233.0, tan_in_x: 552.0, tan_in_y: 233.0, tan_out_x: 552.0, tan_out_y: 233.0 }
vertex[2627]=PF_PathVertex { x: 1.0833740234375, y: 1.0, tan_in_x: 1.0833740234375, tan_in_y: 1.0, tan_out_x: 1.0833740234375, tan_out_y: 1.0 }
vertex[2628]=PF_PathVertex { x: 553.0, y: 229.0, tan_in_x: 553.0, tan_in_y: 229.0, tan_out_x: 553.0, tan_out_y: 229.0 }
vertex[2629]=PF_PathVertex { x: 1.25, y: 1.0, tan_in_x: 1.25, tan_in_y: 1.0, tan_out_x: 1.25, tan_out_y: 1.0 }
vertex[2630]=PF_PathVertex { x: 553.0, y: 230.0, tan_in_x: 553.0, tan_in_y: 230.0, tan_out_x: 553.0, tan_out_y: 230.0 }
vertex[2631]=PF_PathVertex { x: 1.23828125, y: 1.0, tan_in_x: 1.23828125, tan_in_y: 1.0, tan_out_x: 1.23828125, tan_out_y: 1.0 }
vertex[2632]=PF_PathVertex { x: 554.0, y: 229.0, tan_in_x: 554.0, tan_in_y: 229.0, tan_out_x: 554.0, tan_out_y: 229.0 }
vertex[2633]=PF_PathVertex { x: 1.1549072265625, y: 1.0, tan_in_x: 1.1549072265625, tan_in_y: 1.0, tan_out_x: 1.1549072265625, tan_out_y: 1.0 }
vertex[2634]=PF_PathVertex { x: 554.0, y: 230.0, tan_in_x: 554.0, tan_in_y: 230.0, tan_out_x: 554.0, tan_out_y: 230.0 }
vertex[2635]=PF_PathVertex { x: 1.0235595703125, y: 1.0, tan_in_x: 1.0235595703125, tan_in_y: 1.0, tan_out_x: 1.0235595703125, tan_out_y: 1.0 }
vertex[2636]=PF_PathVertex { x: 553.0, y: 231.0, tan_in_x: 553.0, tan_in_y: 231.0, tan_out_x: 553.0, tan_out_y: 231.0 }
vertex[2637]=PF_PathVertex { x: 1.11865234375, y: 1.0, tan_in_x: 1.11865234375, tan_in_y: 1.0, tan_out_x: 1.11865234375, tan_out_y: 1.0 }
vertex[2638]=PF_PathVertex { x: 553.0, y: 232.0, tan_in_x: 553.0, tan_in_y: 232.0, tan_out_x: 553.0, tan_out_y: 232.0 }
vertex[2639]=PF_PathVertex { x: 1.0078125, y: 1.0, tan_in_x: 1.0078125, tan_in_y: 1.0, tan_out_x: 1.0078125, tan_out_y: 1.0 }
vertex[2640]=PF_PathVertex { x: 556.0, y: 225.0, tan_in_x: 556.0, tan_in_y: 225.0, tan_out_x: 556.0, tan_out_y: 225.0 }
vertex[2641]=PF_PathVertex { x: 1.2186279296875, y: 1.0, tan_in_x: 1.2186279296875, tan_in_y: 1.0, tan_out_x: 1.2186279296875, tan_out_y: 1.0 }
vertex[2642]=PF_PathVertex { x: 556.0, y: 226.0, tan_in_x: 556.0, tan_in_y: 226.0, tan_out_x: 556.0, tan_out_y: 226.0 }
vertex[2643]=PF_PathVertex { x: 1.0833740234375, y: 1.0, tan_in_x: 1.0833740234375, tan_in_y: 1.0, tan_out_x: 1.0833740234375, tan_out_y: 1.0 }
vertex[2644]=PF_PathVertex { x: 557.0, y: 225.0, tan_in_x: 557.0, tan_in_y: 225.0, tan_out_x: 557.0, tan_out_y: 225.0 }
vertex[2645]=PF_PathVertex { x: 1.0078125, y: 1.0, tan_in_x: 1.0078125, tan_in_y: 1.0, tan_out_x: 1.0078125, tan_out_y: 1.0 }
vertex[2646]=PF_PathVertex { x: 550.0, y: 234.0, tan_in_x: 550.0, tan_in_y: 234.0, tan_out_x: 550.0, tan_out_y: 234.0 }
vertex[2647]=PF_PathVertex { x: 1.25, y: 1.0, tan_in_x: 1.25, tan_in_y: 1.0, tan_out_x: 1.25, tan_out_y: 1.0 }
vertex[2648]=PF_PathVertex { x: 550.0, y: 235.0, tan_in_x: 550.0, tan_in_y: 235.0, tan_out_x: 550.0, tan_out_y: 235.0 }
vertex[2649]=PF_PathVertex { x: 1.2490234375, y: 1.0, tan_in_x: 1.2490234375, tan_in_y: 1.0, tan_out_x: 1.2490234375, tan_out_y: 1.0 }
vertex[2650]=PF_PathVertex { x: 551.0, y: 234.0, tan_in_x: 551.0, tan_in_y: 234.0, tan_out_x: 551.0, tan_out_y: 234.0 }
vertex[2651]=PF_PathVertex { x: 1.190185546875, y: 1.0, tan_in_x: 1.190185546875, tan_in_y: 1.0, tan_out_x: 1.190185546875, tan_out_y: 1.0 }
vertex[2652]=PF_PathVertex { x: 551.0, y: 235.0, tan_in_x: 551.0, tan_in_y: 235.0, tan_out_x: 551.0, tan_out_y: 235.0 }
vertex[2653]=PF_PathVertex { x: 1.049072265625, y: 1.0, tan_in_x: 1.049072265625, tan_in_y: 1.0, tan_out_x: 1.049072265625, tan_out_y: 1.0 }
vertex[2654]=PF_PathVertex { x: 550.0, y: 236.0, tan_in_x: 550.0, tan_in_y: 236.0, tan_out_x: 550.0, tan_out_y: 236.0 }
vertex[2655]=PF_PathVertex { x: 1.1549072265625, y: 1.0, tan_in_x: 1.1549072265625, tan_in_y: 1.0, tan_out_x: 1.1549072265625, tan_out_y: 1.0 }
vertex[2656]=PF_PathVertex { x: 550.0, y: 237.0, tan_in_x: 550.0, tan_in_y: 237.0, tan_out_x: 550.0, tan_out_y: 237.0 }
vertex[2657]=PF_PathVertex { x: 1.0235595703125, y: 1.0, tan_in_x: 1.0235595703125, tan_in_y: 1.0, tan_out_x: 1.0235595703125, tan_out_y: 1.0 }
vertex[2658]=PF_PathVertex { x: 400.0, y: 300.0, tan_in_x: 400.0, tan_in_y: 300.0, tan_out_x: 400.0, tan_out_y: 300.0 }
vertex[2659]=PF_PathVertex { x: 50.25, y: 75.0, tan_in_x: 50.25, tan_in_y: 75.0, tan_out_x: 50.25, tan_out_y: 75.0 }
vertex[2660]=PF_PathVertex { x: 450.0, y: 300.0, tan_in_x: 450.0, tan_in_y: 300.0, tan_out_x: 450.0, tan_out_y: 300.0 }
vertex[2661]=PF_PathVertex { x: 25.25, y: 37.0, tan_in_x: 25.25, tan_in_y: 37.0, tan_out_x: 25.25, tan_out_y: 37.0 }
vertex[2662]=PF_PathVertex { x: 475.0, y: 300.0, tan_in_x: 475.0, tan_in_y: 300.0, tan_out_x: 475.0, tan_out_y: 300.0 }
vertex[2663]=PF_PathVertex { x: 25.25, y: 18.0, tan_in_x: 25.25, tan_in_y: 18.0, tan_out_x: 25.25, tan_out_y: 18.0 }
vertex[2664]=PF_PathVertex { x: 475.0, y: 318.0, tan_in_x: 475.0, tan_in_y: 318.0, tan_out_x: 475.0, tan_out_y: 318.0 }
vertex[2665]=PF_PathVertex { x: 12.25, y: 19.0, tan_in_x: 12.25, tan_in_y: 19.0, tan_out_x: 12.25, tan_out_y: 19.0 }
vertex[2666]=PF_PathVertex { x: 487.0, y: 318.0, tan_in_x: 487.0, tan_in_y: 318.0, tan_out_x: 487.0, tan_out_y: 318.0 }
vertex[2667]=PF_PathVertex { x: 6.25, y: 9.0, tan_in_x: 6.25, tan_in_y: 9.0, tan_out_x: 6.25, tan_out_y: 9.0 }
vertex[2668]=PF_PathVertex { x: 493.0, y: 318.0, tan_in_x: 493.0, tan_in_y: 318.0, tan_out_x: 493.0, tan_out_y: 318.0 }
vertex[2669]=PF_PathVertex { x: 7.25, y: 4.0, tan_in_x: 7.25, tan_in_y: 4.0, tan_out_x: 7.25, tan_out_y: 4.0 }
vertex[2670]=PF_PathVertex { x: 493.0, y: 322.0, tan_in_x: 493.0, tan_in_y: 322.0, tan_out_x: 493.0, tan_out_y: 322.0 }
vertex[2671]=PF_PathVertex { x: 3.25, y: 5.0, tan_in_x: 3.25, tan_in_y: 5.0, tan_out_x: 3.25, tan_out_y: 5.0 }
vertex[2672]=PF_PathVertex { x: 496.0, y: 322.0, tan_in_x: 496.0, tan_in_y: 322.0, tan_out_x: 496.0, tan_out_y: 322.0 }
vertex[2673]=PF_PathVertex { x: 4.25, y: 2.0, tan_in_x: 4.25, tan_in_y: 2.0, tan_out_x: 4.25, tan_out_y: 2.0 }
vertex[2674]=PF_PathVertex { x: 496.0, y: 324.0, tan_in_x: 496.0, tan_in_y: 324.0, tan_out_x: 496.0, tan_out_y: 324.0 }
vertex[2675]=PF_PathVertex { x: 2.25, y: 3.0, tan_in_x: 2.25, tan_in_y: 3.0, tan_out_x: 2.25, tan_out_y: 3.0 }
vertex[2676]=PF_PathVertex { x: 498.0, y: 324.0, tan_in_x: 498.0, tan_in_y: 324.0, tan_out_x: 498.0, tan_out_y: 324.0 }
vertex[2677]=PF_PathVertex { x: 2.25, y: 1.0, tan_in_x: 2.25, tan_in_y: 1.0, tan_out_x: 2.25, tan_out_y: 1.0 }
vertex[2678]=PF_PathVertex { x: 498.0, y: 325.0, tan_in_x: 498.0, tan_in_y: 325.0, tan_out_x: 498.0, tan_out_y: 325.0 }
vertex[2679]=PF_PathVertex { x: 1.25, y: 1.0, tan_in_x: 1.25, tan_in_y: 1.0, tan_out_x: 1.25, tan_out_y: 1.0 }
vertex[2680]=PF_PathVertex { x: 498.0, y: 326.0, tan_in_x: 498.0, tan_in_y: 326.0, tan_out_x: 498.0, tan_out_y: 326.0 }
vertex[2681]=PF_PathVertex { x: 1.2490234375, y: 1.0, tan_in_x: 1.2490234375, tan_in_y: 1.0, tan_out_x: 1.2490234375, tan_out_y: 1.0 }
vertex[2682]=PF_PathVertex { x: 499.0, y: 325.0, tan_in_x: 499.0, tan_in_y: 325.0, tan_out_x: 499.0, tan_out_y: 325.0 }
vertex[2683]=PF_PathVertex { x: 1.190185546875, y: 1.0, tan_in_x: 1.190185546875, tan_in_y: 1.0, tan_out_x: 1.190185546875, tan_out_y: 1.0 }
vertex[2684]=PF_PathVertex { x: 499.0, y: 326.0, tan_in_x: 499.0, tan_in_y: 326.0, tan_out_x: 499.0, tan_out_y: 326.0 }
vertex[2685]=PF_PathVertex { x: 1.049072265625, y: 1.0, tan_in_x: 1.049072265625, tan_in_y: 1.0, tan_out_x: 1.049072265625, tan_out_y: 1.0 }
vertex[2686]=PF_PathVertex { x: 487.0, y: 327.0, tan_in_x: 487.0, tan_in_y: 327.0, tan_out_x: 487.0, tan_out_y: 327.0 }
vertex[2687]=PF_PathVertex { x: 6.25, y: 10.0, tan_in_x: 6.25, tan_in_y: 10.0, tan_out_x: 6.25, tan_out_y: 10.0 }
vertex[2688]=PF_PathVertex { x: 493.0, y: 327.0, tan_in_x: 493.0, tan_in_y: 327.0, tan_out_x: 493.0, tan_out_y: 327.0 }
vertex[2689]=PF_PathVertex { x: 3.25, y: 5.0, tan_in_x: 3.25, tan_in_y: 5.0, tan_out_x: 3.25, tan_out_y: 5.0 }
vertex[2690]=PF_PathVertex { x: 496.0, y: 327.0, tan_in_x: 496.0, tan_in_y: 327.0, tan_out_x: 496.0, tan_out_y: 327.0 }
vertex[2691]=PF_PathVertex { x: 1.25, y: 2.0, tan_in_x: 1.25, tan_in_y: 2.0, tan_out_x: 1.25, tan_out_y: 2.0 }
vertex[2692]=PF_PathVertex { x: 497.0, y: 327.0, tan_in_x: 497.0, tan_in_y: 327.0, tan_out_x: 497.0, tan_out_y: 327.0 }
vertex[2693]=PF_PathVertex { x: 1.25, y: 1.0, tan_in_x: 1.25, tan_in_y: 1.0, tan_out_x: 1.25, tan_out_y: 1.0 }
vertex[2694]=PF_PathVertex { x: 497.0, y: 328.0, tan_in_x: 497.0, tan_in_y: 328.0, tan_out_x: 497.0, tan_out_y: 328.0 }
vertex[2695]=PF_PathVertex { x: 1.23828125, y: 1.0, tan_in_x: 1.23828125, tan_in_y: 1.0, tan_out_x: 1.23828125, tan_out_y: 1.0 }
vertex[2696]=PF_PathVertex { x: 498.0, y: 327.0, tan_in_x: 498.0, tan_in_y: 327.0, tan_out_x: 498.0, tan_out_y: 327.0 }
vertex[2697]=PF_PathVertex { x: 1.1549072265625, y: 1.0, tan_in_x: 1.1549072265625, tan_in_y: 1.0, tan_out_x: 1.1549072265625, tan_out_y: 1.0 }
vertex[2698]=PF_PathVertex { x: 498.0, y: 328.0, tan_in_x: 498.0, tan_in_y: 328.0, tan_out_x: 498.0, tan_out_y: 328.0 }
vertex[2699]=PF_PathVertex { x: 1.0235595703125, y: 1.0, tan_in_x: 1.0235595703125, tan_in_y: 1.0, tan_out_x: 1.0235595703125, tan_out_y: 1.0 }
vertex[2700]=PF_PathVertex { x: 496.0, y: 329.0, tan_in_x: 496.0, tan_in_y: 329.0, tan_out_x: 496.0, tan_out_y: 329.0 }
vertex[2701]=PF_PathVertex { x: 1.25, y: 1.0, tan_in_x: 1.25, tan_in_y: 1.0, tan_out_x: 1.25, tan_out_y: 1.0 }
vertex[2702]=PF_PathVertex { x: 497.0, y: 329.0, tan_in_x: 497.0, tan_in_y: 329.0, tan_out_x: 497.0, tan_out_y: 329.0 }
vertex[2703]=PF_PathVertex { x: 1.11865234375, y: 1.0, tan_in_x: 1.11865234375, tan_in_y: 1.0, tan_out_x: 1.11865234375, tan_out_y: 1.0 }
vertex[2704]=PF_PathVertex { x: 496.0, y: 330.0, tan_in_x: 496.0, tan_in_y: 330.0, tan_out_x: 496.0, tan_out_y: 330.0 }
vertex[2705]=PF_PathVertex { x: 1.2186279296875, y: 1.0, tan_in_x: 1.2186279296875, tan_in_y: 1.0, tan_out_x: 1.2186279296875, tan_out_y: 1.0 }
vertex[2706]=PF_PathVertex { x: 496.0, y: 331.0, tan_in_x: 496.0, tan_in_y: 331.0, tan_out_x: 496.0, tan_out_y: 331.0 }
vertex[2707]=PF_PathVertex { x: 1.0833740234375, y: 1.0, tan_in_x: 1.0833740234375, tan_in_y: 1.0, tan_out_x: 1.0833740234375, tan_out_y: 1.0 }
vertex[2708]=PF_PathVertex { x: 497.0, y: 330.0, tan_in_x: 497.0, tan_in_y: 330.0, tan_out_x: 497.0, tan_out_y: 330.0 }
vertex[2709]=PF_PathVertex { x: 1.0078125, y: 1.0, tan_in_x: 1.0078125, tan_in_y: 1.0, tan_out_x: 1.0078125, tan_out_y: 1.0 }
vertex[2710]=PF_PathVertex { x: 493.0, y: 332.0, tan_in_x: 493.0, tan_in_y: 332.0, tan_out_x: 493.0, tan_out_y: 332.0 }
vertex[2711]=PF_PathVertex { x: 1.25, y: 2.0, tan_in_x: 1.25, tan_in_y: 2.0, tan_out_x: 1.25, tan_out_y: 2.0 }
vertex[2712]=PF_PathVertex { x: 494.0, y: 332.0, tan_in_x: 494.0, tan_in_y: 332.0, tan_out_x: 494.0, tan_out_y: 332.0 }
vertex[2713]=PF_PathVertex { x: 1.25, y: 1.0, tan_in_x: 1.25, tan_in_y: 1.0, tan_out_x: 1.25, tan_out_y: 1.0 }
vertex[2714]=PF_PathVertex { x: 494.0, y: 333.0, tan_in_x: 494.0, tan_in_y: 333.0, tan_out_x: 494.0, tan_out_y: 333.0 }
vertex[2715]=PF_PathVertex { x: 1.2490234375, y: 1.0, tan_in_x: 1.2490234375, tan_in_y: 1.0, tan_out_x: 1.2490234375, tan_out_y: 1.0 }
vertex[2716]=PF_PathVertex { x: 495.0, y: 332.0, tan_in_x: 495.0, tan_in_y: 332.0, tan_out_x: 495.0, tan_out_y: 332.0 }
vertex[2717]=PF_PathVertex { x: 1.190185546875, y: 1.0, tan_in_x: 1.190185546875, tan_in_y: 1.0, tan_out_x: 1.190185546875, tan_out_y: 1.0 }
vertex[2718]=PF_PathVertex { x: 495.0, y: 333.0, tan_in_x: 495.0, tan_in_y: 333.0, tan_out_x: 495.0, tan_out_y: 333.0 }
vertex[2719]=PF_PathVertex { x: 1.049072265625, y: 1.0, tan_in_x: 1.049072265625, tan_in_y: 1.0, tan_out_x: 1.049072265625, tan_out_y: 1.0 }
vertex[2720]=PF_PathVertex { x: 493.0, y: 334.0, tan_in_x: 493.0, tan_in_y: 334.0, tan_out_x: 493.0, tan_out_y: 334.0 }
vertex[2721]=PF_PathVertex { x: 1.25, y: 1.0, tan_in_x: 1.25, tan_in_y: 1.0, tan_out_x: 1.25, tan_out_y: 1.0 }
vertex[2722]=PF_PathVertex { x: 493.0, y: 335.0, tan_in_x: 493.0, tan_in_y: 335.0, tan_out_x: 493.0, tan_out_y: 335.0 }
vertex[2723]=PF_PathVertex { x: 1.23828125, y: 1.0, tan_in_x: 1.23828125, tan_in_y: 1.0, tan_out_x: 1.23828125, tan_out_y: 1.0 }
vertex[2724]=PF_PathVertex { x: 493.0, y: 336.0, tan_in_x: 493.0, tan_in_y: 336.0, tan_out_x: 493.0, tan_out_y: 336.0 }
vertex[2725]=PF_PathVertex { x: 1.11865234375, y: 1.0, tan_in_x: 1.11865234375, tan_in_y: 1.0, tan_out_x: 1.11865234375, tan_out_y: 1.0 }
vertex[2726]=PF_PathVertex { x: 494.0, y: 334.0, tan_in_x: 494.0, tan_in_y: 334.0, tan_out_x: 494.0, tan_out_y: 334.0 }
vertex[2727]=PF_PathVertex { x: 1.1549072265625, y: 1.0, tan_in_x: 1.1549072265625, tan_in_y: 1.0, tan_out_x: 1.1549072265625, tan_out_y: 1.0 }
vertex[2728]=PF_PathVertex { x: 494.0, y: 335.0, tan_in_x: 494.0, tan_in_y: 335.0, tan_out_x: 494.0, tan_out_y: 335.0 }
vertex[2729]=PF_PathVertex { x: 1.0235595703125, y: 1.0, tan_in_x: 1.0235595703125, tan_in_y: 1.0, tan_out_x: 1.0235595703125, tan_out_y: 1.0 }
vertex[2730]=PF_PathVertex { x: 450.0, y: 337.0, tan_in_x: 450.0, tan_in_y: 337.0, tan_out_x: 450.0, tan_out_y: 337.0 }
vertex[2731]=PF_PathVertex { x: 25.25, y: 19.0, tan_in_x: 25.25, tan_in_y: 19.0, tan_out_x: 25.25, tan_out_y: 19.0 }
vertex[2732]=PF_PathVertex { x: 450.0, y: 356.0, tan_in_x: 450.0, tan_in_y: 356.0, tan_out_x: 450.0, tan_out_y: 356.0 }
vertex[2733]=PF_PathVertex { x: 12.25, y: 19.0, tan_in_x: 12.25, tan_in_y: 19.0, tan_out_x: 12.25, tan_out_y: 19.0 }
vertex[2734]=PF_PathVertex { x: 462.0, y: 356.0, tan_in_x: 462.0, tan_in_y: 356.0, tan_out_x: 462.0, tan_out_y: 356.0 }
vertex[2735]=PF_PathVertex { x: 13.25, y: 9.0, tan_in_x: 13.25, tan_in_y: 9.0, tan_out_x: 13.25, tan_out_y: 9.0 }
vertex[2736]=PF_PathVertex { x: 462.0, y: 365.0, tan_in_x: 462.0, tan_in_y: 365.0, tan_out_x: 462.0, tan_out_y: 365.0 }
vertex[2737]=PF_PathVertex { x: 6.25, y: 10.0, tan_in_x: 6.25, tan_in_y: 10.0, tan_out_x: 6.25, tan_out_y: 10.0 }
vertex[2738]=PF_PathVertex { x: 468.0, y: 365.0, tan_in_x: 468.0, tan_in_y: 365.0, tan_out_x: 468.0, tan_out_y: 365.0 }
vertex[2739]=PF_PathVertex { x: 3.25, y: 5.0, tan_in_x: 3.25, tan_in_y: 5.0, tan_out_x: 3.25, tan_out_y: 5.0 }
vertex[2740]=PF_PathVertex { x: 471.0, y: 365.0, tan_in_x: 471.0, tan_in_y: 365.0, tan_out_x: 471.0, tan_out_y: 365.0 }
vertex[2741]=PF_PathVertex { x: 4.25, y: 2.0, tan_in_x: 4.25, tan_in_y: 2.0, tan_out_x: 4.25, tan_out_y: 2.0 }
vertex[2742]=PF_PathVertex { x: 471.0, y: 367.0, tan_in_x: 471.0, tan_in_y: 367.0, tan_out_x: 471.0, tan_out_y: 367.0 }
vertex[2743]=PF_PathVertex { x: 2.25, y: 3.0, tan_in_x: 2.25, tan_in_y: 3.0, tan_out_x: 2.25, tan_out_y: 3.0 }
vertex[2744]=PF_PathVertex { x: 473.0, y: 367.0, tan_in_x: 473.0, tan_in_y: 367.0, tan_out_x: 473.0, tan_out_y: 367.0 }
vertex[2745]=PF_PathVertex { x: 2.25, y: 1.0, tan_in_x: 2.25, tan_in_y: 1.0, tan_out_x: 2.25, tan_out_y: 1.0 }
vertex[2746]=PF_PathVertex { x: 473.0, y: 368.0, tan_in_x: 473.0, tan_in_y: 368.0, tan_out_x: 473.0, tan_out_y: 368.0 }
vertex[2747]=PF_PathVertex { x: 1.25, y: 2.0, tan_in_x: 1.25, tan_in_y: 2.0, tan_out_x: 1.25, tan_out_y: 2.0 }
vertex[2748]=PF_PathVertex { x: 474.0, y: 368.0, tan_in_x: 474.0, tan_in_y: 368.0, tan_out_x: 474.0, tan_out_y: 368.0 }
vertex[2749]=PF_PathVertex { x: 1.2490234375, y: 1.0, tan_in_x: 1.2490234375, tan_in_y: 1.0, tan_out_x: 1.2490234375, tan_out_y: 1.0 }
vertex[2750]=PF_PathVertex { x: 474.0, y: 369.0, tan_in_x: 474.0, tan_in_y: 369.0, tan_out_x: 474.0, tan_out_y: 369.0 }
vertex[2751]=PF_PathVertex { x: 1.1549072265625, y: 1.0, tan_in_x: 1.1549072265625, tan_in_y: 1.0, tan_out_x: 1.1549072265625, tan_out_y: 1.0 }
vertex[2752]=PF_PathVertex { x: 468.0, y: 370.0, tan_in_x: 468.0, tan_in_y: 370.0, tan_out_x: 468.0, tan_out_y: 370.0 }
vertex[2753]=PF_PathVertex { x: 3.25, y: 5.0, tan_in_x: 3.25, tan_in_y: 5.0, tan_out_x: 3.25, tan_out_y: 5.0 }
vertex[2754]=PF_PathVertex { x: 471.0, y: 370.0, tan_in_x: 471.0, tan_in_y: 370.0, tan_out_x: 471.0, tan_out_y: 370.0 }
vertex[2755]=PF_PathVertex { x: 2.25, y: 2.0, tan_in_x: 2.25, tan_in_y: 2.0, tan_out_x: 2.25, tan_out_y: 2.0 }
vertex[2756]=PF_PathVertex { x: 473.0, y: 370.0, tan_in_x: 473.0, tan_in_y: 370.0, tan_out_x: 473.0, tan_out_y: 370.0 }
vertex[2757]=PF_PathVertex { x: 1.23828125, y: 1.0, tan_in_x: 1.23828125, tan_in_y: 1.0, tan_out_x: 1.23828125, tan_out_y: 1.0 }
vertex[2758]=PF_PathVertex { x: 473.0, y: 371.0, tan_in_x: 473.0, tan_in_y: 371.0, tan_out_x: 473.0, tan_out_y: 371.0 }
vertex[2759]=PF_PathVertex { x: 1.11865234375, y: 1.0, tan_in_x: 1.11865234375, tan_in_y: 1.0, tan_out_x: 1.11865234375, tan_out_y: 1.0 }
vertex[2760]=PF_PathVertex { x: 474.0, y: 370.0, tan_in_x: 474.0, tan_in_y: 370.0, tan_out_x: 474.0, tan_out_y: 370.0 }
vertex[2761]=PF_PathVertex { x: 1.0235595703125, y: 1.0, tan_in_x: 1.0235595703125, tan_in_y: 1.0, tan_out_x: 1.0235595703125, tan_out_y: 1.0 }
vertex[2762]=PF_PathVertex { x: 471.0, y: 372.0, tan_in_x: 471.0, tan_in_y: 372.0, tan_out_x: 471.0, tan_out_y: 372.0 }
vertex[2763]=PF_PathVertex { x: 1.25, y: 1.0, tan_in_x: 1.25, tan_in_y: 1.0, tan_out_x: 1.25, tan_out_y: 1.0 }
vertex[2764]=PF_PathVertex { x: 472.0, y: 372.0, tan_in_x: 472.0, tan_in_y: 372.0, tan_out_x: 472.0, tan_out_y: 372.0 }
vertex[2765]=PF_PathVertex { x: 1.2186279296875, y: 1.0, tan_in_x: 1.2186279296875, tan_in_y: 1.0, tan_out_x: 1.2186279296875, tan_out_y: 1.0 }
vertex[2766]=PF_PathVertex { x: 471.0, y: 373.0, tan_in_x: 471.0, tan_in_y: 373.0, tan_out_x: 471.0, tan_out_y: 373.0 }
vertex[2767]=PF_PathVertex { x: 1.25, y: 1.0, tan_in_x: 1.25, tan_in_y: 1.0, tan_out_x: 1.25, tan_out_y: 1.0 }
vertex[2768]=PF_PathVertex { x: 471.0, y: 374.0, tan_in_x: 471.0, tan_in_y: 374.0, tan_out_x: 471.0, tan_out_y: 374.0 }
vertex[2769]=PF_PathVertex { x: 1.190185546875, y: 1.0, tan_in_x: 1.190185546875, tan_in_y: 1.0, tan_out_x: 1.190185546875, tan_out_y: 1.0 }
vertex[2770]=PF_PathVertex { x: 472.0, y: 373.0, tan_in_x: 472.0, tan_in_y: 373.0, tan_out_x: 472.0, tan_out_y: 373.0 }
vertex[2771]=PF_PathVertex { x: 1.0833740234375, y: 1.0, tan_in_x: 1.0833740234375, tan_in_y: 1.0, tan_out_x: 1.0833740234375, tan_out_y: 1.0 }
vertex[2772]=PF_PathVertex { x: 473.0, y: 372.0, tan_in_x: 473.0, tan_in_y: 372.0, tan_out_x: 473.0, tan_out_y: 372.0 }
vertex[2773]=PF_PathVertex { x: 1.0078125, y: 1.0, tan_in_x: 1.0078125, tan_in_y: 1.0, tan_out_x: 1.0078125, tan_out_y: 1.0 }
vertex[2774]=PF_PathVertex { x: 475.0, y: 337.0, tan_in_x: 475.0, tan_in_y: 337.0, tan_out_x: 475.0, tan_out_y: 337.0 }
vertex[2775]=PF_PathVertex { x: 12.25, y: 9.0, tan_in_x: 12.25, tan_in_y: 9.0, tan_out_x: 12.25, tan_out_y: 9.0 }
vertex[2776]=PF_PathVertex { x: 475.0, y: 346.0, tan_in_x: 475.0, tan_in_y: 346.0, tan_out_x: 475.0, tan_out_y: 346.0 }
vertex[2777]=PF_PathVertex { x: 6.25, y: 10.0, tan_in_x: 6.25, tan_in_y: 10.0, tan_out_x: 6.25, tan_out_y: 10.0 }
vertex[2778]=PF_PathVertex { x: 481.0, y: 346.0, tan_in_x: 481.0, tan_in_y: 346.0, tan_out_x: 481.0, tan_out_y: 346.0 }
vertex[2779]=PF_PathVertex { x: 3.25, y: 5.0, tan_in_x: 3.25, tan_in_y: 5.0, tan_out_x: 3.25, tan_out_y: 5.0 }
vertex[2780]=PF_PathVertex { x: 484.0, y: 346.0, tan_in_x: 484.0, tan_in_y: 346.0, tan_out_x: 484.0, tan_out_y: 346.0 }
vertex[2781]=PF_PathVertex { x: 1.25, y: 2.0, tan_in_x: 1.25, tan_in_y: 2.0, tan_out_x: 1.25, tan_out_y: 2.0 }
vertex[2782]=PF_PathVertex { x: 485.0, y: 346.0, tan_in_x: 485.0, tan_in_y: 346.0, tan_out_x: 485.0, tan_out_y: 346.0 }
vertex[2783]=PF_PathVertex { x: 1.25, y: 2.0, tan_in_x: 1.25, tan_in_y: 2.0, tan_out_x: 1.25, tan_out_y: 2.0 }
vertex[2784]=PF_PathVertex { x: 486.0, y: 346.0, tan_in_x: 486.0, tan_in_y: 346.0, tan_out_x: 486.0, tan_out_y: 346.0 }
vertex[2785]=PF_PathVertex { x: 1.25, y: 1.0, tan_in_x: 1.25, tan_in_y: 1.0, tan_out_x: 1.25, tan_out_y: 1.0 }
vertex[2786]=PF_PathVertex { x: 486.0, y: 347.0, tan_in_x: 486.0, tan_in_y: 347.0, tan_out_x: 486.0, tan_out_y: 347.0 }
vertex[2787]=PF_PathVertex { x: 1.2490234375, y: 1.0, tan_in_x: 1.2490234375, tan_in_y: 1.0, tan_out_x: 1.2490234375, tan_out_y: 1.0 }
vertex[2788]=PF_PathVertex { x: 484.0, y: 348.0, tan_in_x: 484.0, tan_in_y: 348.0, tan_out_x: 484.0, tan_out_y: 348.0 }
vertex[2789]=PF_PathVertex { x: 1.25, y: 3.0, tan_in_x: 1.25, tan_in_y: 3.0, tan_out_x: 1.25, tan_out_y: 3.0 }
vertex[2790]=PF_PathVertex { x: 485.0, y: 348.0, tan_in_x: 485.0, tan_in_y: 348.0, tan_out_x: 485.0, tan_out_y: 348.0 }
vertex[2791]=PF_PathVertex { x: 1.25, y: 1.0, tan_in_x: 1.25, tan_in_y: 1.0, tan_out_x: 1.25, tan_out_y: 1.0 }
vertex[2792]=PF_PathVertex { x: 486.0, y: 348.0, tan_in_x: 486.0, tan_in_y: 348.0, tan_out_x: 486.0, tan_out_y: 348.0 }
vertex[2793]=PF_PathVertex { x: 1.1549072265625, y: 1.0, tan_in_x: 1.1549072265625, tan_in_y: 1.0, tan_out_x: 1.1549072265625, tan_out_y: 1.0 }
vertex[2794]=PF_PathVertex { x: 485.0, y: 349.0, tan_in_x: 485.0, tan_in_y: 349.0, tan_out_x: 485.0, tan_out_y: 349.0 }
vertex[2795]=PF_PathVertex { x: 1.23828125, y: 1.0, tan_in_x: 1.23828125, tan_in_y: 1.0, tan_out_x: 1.23828125, tan_out_y: 1.0 }
vertex[2796]=PF_PathVertex { x: 485.0, y: 350.0, tan_in_x: 485.0, tan_in_y: 350.0, tan_out_x: 485.0, tan_out_y: 350.0 }
vertex[2797]=PF_PathVertex { x: 1.11865234375, y: 1.0, tan_in_x: 1.11865234375, tan_in_y: 1.0, tan_out_x: 1.11865234375, tan_out_y: 1.0 }
vertex[2798]=PF_PathVertex { x: 486.0, y: 349.0, tan_in_x: 486.0, tan_in_y: 349.0, tan_out_x: 486.0, tan_out_y: 349.0 }
vertex[2799]=PF_PathVertex { x: 1.0235595703125, y: 1.0, tan_in_x: 1.0235595703125, tan_in_y: 1.0, tan_out_x: 1.0235595703125, tan_out_y: 1.0 }
vertex[2800]=PF_PathVertex { x: 481.0, y: 351.0, tan_in_x: 481.0, tan_in_y: 351.0, tan_out_x: 481.0, tan_out_y: 351.0 }
vertex[2801]=PF_PathVertex { x: 3.25, y: 2.0, tan_in_x: 3.25, tan_in_y: 2.0, tan_out_x: 3.25, tan_out_y: 2.0 }
vertex[2802]=PF_PathVertex { x: 481.0, y: 353.0, tan_in_x: 481.0, tan_in_y: 353.0, tan_out_x: 481.0, tan_out_y: 353.0 }
vertex[2803]=PF_PathVertex { x: 1.25, y: 3.0, tan_in_x: 1.25, tan_in_y: 3.0, tan_out_x: 1.25, tan_out_y: 3.0 }
vertex[2804]=PF_PathVertex { x: 482.0, y: 353.0, tan_in_x: 482.0, tan_in_y: 353.0, tan_out_x: 482.0, tan_out_y: 353.0 }
vertex[2805]=PF_PathVertex { x: 1.25, y: 1.0, tan_in_x: 1.25, tan_in_y: 1.0, tan_out_x: 1.25, tan_out_y: 1.0 }
vertex[2806]=PF_PathVertex { x: 483.0, y: 353.0, tan_in_x: 483.0, tan_in_y: 353.0, tan_out_x: 483.0, tan_out_y: 353.0 }
vertex[2807]=PF_PathVertex { x: 1.190185546875, y: 1.0, tan_in_x: 1.190185546875, tan_in_y: 1.0, tan_out_x: 1.190185546875, tan_out_y: 1.0 }
vertex[2808]=PF_PathVertex { x: 482.0, y: 354.0, tan_in_x: 482.0, tan_in_y: 354.0, tan_out_x: 482.0, tan_out_y: 354.0 }
vertex[2809]=PF_PathVertex { x: 1.2490234375, y: 1.0, tan_in_x: 1.2490234375, tan_in_y: 1.0, tan_out_x: 1.2490234375, tan_out_y: 1.0 }
vertex[2810]=PF_PathVertex { x: 482.0, y: 355.0, tan_in_x: 482.0, tan_in_y: 355.0, tan_out_x: 482.0, tan_out_y: 355.0 }
vertex[2811]=PF_PathVertex { x: 1.1549072265625, y: 1.0, tan_in_x: 1.1549072265625, tan_in_y: 1.0, tan_out_x: 1.1549072265625, tan_out_y: 1.0 }
vertex[2812]=PF_PathVertex { x: 483.0, y: 354.0, tan_in_x: 483.0, tan_in_y: 354.0, tan_out_x: 483.0, tan_out_y: 354.0 }
vertex[2813]=PF_PathVertex { x: 1.049072265625, y: 1.0, tan_in_x: 1.049072265625, tan_in_y: 1.0, tan_out_x: 1.049072265625, tan_out_y: 1.0 }
vertex[2814]=PF_PathVertex { x: 484.0, y: 351.0, tan_in_x: 484.0, tan_in_y: 351.0, tan_out_x: 484.0, tan_out_y: 351.0 }
vertex[2815]=PF_PathVertex { x: 1.2186279296875, y: 1.0, tan_in_x: 1.2186279296875, tan_in_y: 1.0, tan_out_x: 1.2186279296875, tan_out_y: 1.0 }
vertex[2816]=PF_PathVertex { x: 484.0, y: 352.0, tan_in_x: 484.0, tan_in_y: 352.0, tan_out_x: 484.0, tan_out_y: 352.0 }
vertex[2817]=PF_PathVertex { x: 1.0833740234375, y: 1.0, tan_in_x: 1.0833740234375, tan_in_y: 1.0, tan_out_x: 1.0833740234375, tan_out_y: 1.0 }
vertex[2818]=PF_PathVertex { x: 485.0, y: 351.0, tan_in_x: 485.0, tan_in_y: 351.0, tan_out_x: 485.0, tan_out_y: 351.0 }
vertex[2819]=PF_PathVertex { x: 1.0078125, y: 1.0, tan_in_x: 1.0078125, tan_in_y: 1.0, tan_out_x: 1.0078125, tan_out_y: 1.0 }
vertex[2820]=PF_PathVertex { x: 487.0, y: 337.0, tan_in_x: 487.0, tan_in_y: 337.0, tan_out_x: 487.0, tan_out_y: 337.0 }
vertex[2821]=PF_PathVertex { x: 3.25, y: 4.0, tan_in_x: 3.25, tan_in_y: 4.0, tan_out_x: 3.25, tan_out_y: 4.0 }
vertex[2822]=PF_PathVertex { x: 490.0, y: 337.0, tan_in_x: 490.0, tan_in_y: 337.0, tan_out_x: 490.0, tan_out_y: 337.0 }
vertex[2823]=PF_PathVertex { x: 1.25, y: 2.0, tan_in_x: 1.25, tan_in_y: 2.0, tan_out_x: 1.25, tan_out_y: 2.0 }
vertex[2824]=PF_PathVertex { x: 491.0, y: 337.0, tan_in_x: 491.0, tan_in_y: 337.0, tan_out_x: 491.0, tan_out_y: 337.0 }
vertex[2825]=PF_PathVertex { x: 1.25, y: 2.0, tan_in_x: 1.25, tan_in_y: 2.0, tan_out_x: 1.25, tan_out_y: 2.0 }
vertex[2826]=PF_PathVertex { x: 492.0, y: 337.0, tan_in_x: 492.0, tan_in_y: 337.0, tan_out_x: 492.0, tan_out_y: 337.0 }
vertex[2827]=PF_PathVertex { x: 1.2186279296875, y: 1.0, tan_in_x: 1.2186279296875, tan_in_y: 1.0, tan_out_x: 1.2186279296875, tan_out_y: 1.0 }
vertex[2828]=PF_PathVertex { x: 492.0, y: 338.0, tan_in_x: 492.0, tan_in_y: 338.0, tan_out_x: 492.0, tan_out_y: 338.0 }
vertex[2829]=PF_PathVertex { x: 1.0833740234375, y: 1.0, tan_in_x: 1.0833740234375, tan_in_y: 1.0, tan_out_x: 1.0833740234375, tan_out_y: 1.0 }
vertex[2830]=PF_PathVertex { x: 490.0, y: 339.0, tan_in_x: 490.0, tan_in_y: 339.0, tan_out_x: 490.0, tan_out_y: 339.0 }
vertex[2831]=PF_PathVertex { x: 1.25, y: 1.0, tan_in_x: 1.25, tan_in_y: 1.0, tan_out_x: 1.25, tan_out_y: 1.0 }
vertex[2832]=PF_PathVertex { x: 490.0, y: 340.0, tan_in_x: 490.0, tan_in_y: 340.0, tan_out_x: 490.0, tan_out_y: 340.0 }
vertex[2833]=PF_PathVertex { x: 1.2490234375, y: 1.0, tan_in_x: 1.2490234375, tan_in_y: 1.0, tan_out_x: 1.2490234375, tan_out_y: 1.0 }
vertex[2834]=PF_PathVertex { x: 491.0, y: 339.0, tan_in_x: 491.0, tan_in_y: 339.0, tan_out_x: 491.0, tan_out_y: 339.0 }
vertex[2835]=PF_PathVertex { x: 1.190185546875, y: 1.0, tan_in_x: 1.190185546875, tan_in_y: 1.0, tan_out_x: 1.190185546875, tan_out_y: 1.0 }
vertex[2836]=PF_PathVertex { x: 491.0, y: 340.0, tan_in_x: 491.0, tan_in_y: 340.0, tan_out_x: 491.0, tan_out_y: 340.0 }
vertex[2837]=PF_PathVertex { x: 1.049072265625, y: 1.0, tan_in_x: 1.049072265625, tan_in_y: 1.0, tan_out_x: 1.049072265625, tan_out_y: 1.0 }
vertex[2838]=PF_PathVertex { x: 487.0, y: 341.0, tan_in_x: 487.0, tan_in_y: 341.0, tan_out_x: 487.0, tan_out_y: 341.0 }
vertex[2839]=PF_PathVertex { x: 1.25, y: 2.0, tan_in_x: 1.25, tan_in_y: 2.0, tan_out_x: 1.25, tan_out_y: 2.0 }
vertex[2840]=PF_PathVertex { x: 488.0, y: 341.0, tan_in_x: 488.0, tan_in_y: 341.0, tan_out_x: 488.0, tan_out_y: 341.0 }
vertex[2841]=PF_PathVertex { x: 1.25, y: 2.0, tan_in_x: 1.25, tan_in_y: 2.0, tan_out_x: 1.25, tan_out_y: 2.0 }
vertex[2842]=PF_PathVertex { x: 489.0, y: 341.0, tan_in_x: 489.0, tan_in_y: 341.0, tan_out_x: 489.0, tan_out_y: 341.0 }
vertex[2843]=PF_PathVertex { x: 1.25, y: 1.0, tan_in_x: 1.25, tan_in_y: 1.0, tan_out_x: 1.25, tan_out_y: 1.0 }
vertex[2844]=PF_PathVertex { x: 489.0, y: 342.0, tan_in_x: 489.0, tan_in_y: 342.0, tan_out_x: 489.0, tan_out_y: 342.0 }
vertex[2845]=PF_PathVertex { x: 1.23828125, y: 1.0, tan_in_x: 1.23828125, tan_in_y: 1.0, tan_out_x: 1.23828125, tan_out_y: 1.0 }
vertex[2846]=PF_PathVertex { x: 487.0, y: 343.0, tan_in_x: 487.0, tan_in_y: 343.0, tan_out_x: 487.0, tan_out_y: 343.0 }
vertex[2847]=PF_PathVertex { x: 1.25, y: 3.0, tan_in_x: 1.25, tan_in_y: 3.0, tan_out_x: 1.25, tan_out_y: 3.0 }
vertex[2848]=PF_PathVertex { x: 488.0, y: 343.0, tan_in_x: 488.0, tan_in_y: 343.0, tan_out_x: 488.0, tan_out_y: 343.0 }
vertex[2849]=PF_PathVertex { x: 1.25, y: 1.0, tan_in_x: 1.25, tan_in_y: 1.0, tan_out_x: 1.25, tan_out_y: 1.0 }
vertex[2850]=PF_PathVertex { x: 489.0, y: 343.0, tan_in_x: 489.0, tan_in_y: 343.0, tan_out_x: 489.0, tan_out_y: 343.0 }
vertex[2851]=PF_PathVertex { x: 1.11865234375, y: 1.0, tan_in_x: 1.11865234375, tan_in_y: 1.0, tan_out_x: 1.11865234375, tan_out_y: 1.0 }
vertex[2852]=PF_PathVertex { x: 488.0, y: 344.0, tan_in_x: 488.0, tan_in_y: 344.0, tan_out_x: 488.0, tan_out_y: 344.0 }
vertex[2853]=PF_PathVertex { x: 1.2186279296875, y: 1.0, tan_in_x: 1.2186279296875, tan_in_y: 1.0, tan_out_x: 1.2186279296875, tan_out_y: 1.0 }
vertex[2854]=PF_PathVertex { x: 488.0, y: 345.0, tan_in_x: 488.0, tan_in_y: 345.0, tan_out_x: 488.0, tan_out_y: 345.0 }
vertex[2855]=PF_PathVertex { x: 1.0833740234375, y: 1.0, tan_in_x: 1.0833740234375, tan_in_y: 1.0, tan_out_x: 1.0833740234375, tan_out_y: 1.0 }
vertex[2856]=PF_PathVertex { x: 489.0, y: 344.0, tan_in_x: 489.0, tan_in_y: 344.0, tan_out_x: 489.0, tan_out_y: 344.0 }
vertex[2857]=PF_PathVertex { x: 1.0078125, y: 1.0, tan_in_x: 1.0078125, tan_in_y: 1.0, tan_out_x: 1.0078125, tan_out_y: 1.0 }
vertex[2858]=PF_PathVertex { x: 490.0, y: 341.0, tan_in_x: 490.0, tan_in_y: 341.0, tan_out_x: 490.0, tan_out_y: 341.0 }
vertex[2859]=PF_PathVertex { x: 1.1549072265625, y: 1.0, tan_in_x: 1.1549072265625, tan_in_y: 1.0, tan_out_x: 1.1549072265625, tan_out_y: 1.0 }
vertex[2860]=PF_PathVertex { x: 490.0, y: 342.0, tan_in_x: 490.0, tan_in_y: 342.0, tan_out_x: 490.0, tan_out_y: 342.0 }
vertex[2861]=PF_PathVertex { x: 1.0235595703125, y: 1.0, tan_in_x: 1.0235595703125, tan_in_y: 1.0, tan_out_x: 1.0235595703125, tan_out_y: 1.0 }
vertex[2862]=PF_PathVertex { x: 493.0, y: 337.0, tan_in_x: 493.0, tan_in_y: 337.0, tan_out_x: 493.0, tan_out_y: 337.0 }
vertex[2863]=PF_PathVertex { x: 1.0078125, y: 1.0, tan_in_x: 1.0078125, tan_in_y: 1.0, tan_out_x: 1.0078125, tan_out_y: 1.0 }
vertex[2864]=PF_PathVertex { x: 487.0, y: 346.0, tan_in_x: 487.0, tan_in_y: 346.0, tan_out_x: 487.0, tan_out_y: 346.0 }
vertex[2865]=PF_PathVertex { x: 1.190185546875, y: 1.0, tan_in_x: 1.190185546875, tan_in_y: 1.0, tan_out_x: 1.190185546875, tan_out_y: 1.0 }
vertex[2866]=PF_PathVertex { x: 487.0, y: 347.0, tan_in_x: 487.0, tan_in_y: 347.0, tan_out_x: 487.0, tan_out_y: 347.0 }
vertex[2867]=PF_PathVertex { x: 1.049072265625, y: 1.0, tan_in_x: 1.049072265625, tan_in_y: 1.0, tan_out_x: 1.049072265625, tan_out_y: 1.0 }
vertex[2868]=PF_PathVertex { x: 475.0, y: 356.0, tan_in_x: 475.0, tan_in_y: 356.0, tan_out_x: 475.0, tan_out_y: 356.0 }
vertex[2869]=PF_PathVertex { x: 3.25, y: 4.0, tan_in_x: 3.25, tan_in_y: 4.0, tan_out_x: 3.25, tan_out_y: 4.0 }
vertex[2870]=PF_PathVertex { x: 478.0, y: 356.0, tan_in_x: 478.0, tan_in_y: 356.0, tan_out_x: 478.0, tan_out_y: 356.0 }
vertex[2871]=PF_PathVertex { x: 3.25, y: 2.0, tan_in_x: 3.25, tan_in_y: 2.0, tan_out_x: 3.25, tan_out_y: 2.0 }
vertex[2872]=PF_PathVertex { x: 478.0, y: 358.0, tan_in_x: 478.0, tan_in_y: 358.0, tan_out_x: 478.0, tan_out_y: 358.0 }
vertex[2873]=PF_PathVertex { x: 1.25, y: 2.0, tan_in_x: 1.25, tan_in_y: 2.0, tan_out_x: 1.25, tan_out_y: 2.0 }
vertex[2874]=PF_PathVertex { x: 479.0, y: 358.0, tan_in_x: 479.0, tan_in_y: 358.0, tan_out_x: 479.0, tan_out_y: 358.0 }
vertex[2875]=PF_PathVertex { x: 1.25, y: 2.0, tan_in_x: 1.25, tan_in_y: 2.0, tan_out_x: 1.25, tan_out_y: 2.0 }
vertex[2876]=PF_PathVertex { x: 480.0, y: 358.0, tan_in_x: 480.0, tan_in_y: 358.0, tan_out_x: 480.0, tan_out_y: 358.0 }
vertex[2877]=PF_PathVertex { x: 1.2186279296875, y: 1.0, tan_in_x: 1.2186279296875, tan_in_y: 1.0, tan_out_x: 1.2186279296875, tan_out_y: 1.0 }
vertex[2878]=PF_PathVertex { x: 480.0, y: 359.0, tan_in_x: 480.0, tan_in_y: 359.0, tan_out_x: 480.0, tan_out_y: 359.0 }
vertex[2879]=PF_PathVertex { x: 1.0833740234375, y: 1.0, tan_in_x: 1.0833740234375, tan_in_y: 1.0, tan_out_x: 1.0833740234375, tan_out_y: 1.0 }
vertex[2880]=PF_PathVertex { x: 475.0, y: 360.0, tan_in_x: 475.0, tan_in_y: 360.0, tan_out_x: 475.0, tan_out_y: 360.0 }
vertex[2881]=PF_PathVertex { x: 3.25, y: 2.0, tan_in_x: 3.25, tan_in_y: 2.0, tan_out_x: 3.25, tan_out_y: 2.0 }
vertex[2882]=PF_PathVertex { x: 475.0, y: 362.0, tan_in_x: 475.0, tan_in_y: 362.0, tan_out_x: 475.0, tan_out_y: 362.0 }
vertex[2883]=PF_PathVertex { x: 1.25, y: 3.0, tan_in_x: 1.25, tan_in_y: 3.0, tan_out_x: 1.25, tan_out_y: 3.0 }
vertex[2884]=PF_PathVertex { x: 476.0, y: 362.0, tan_in_x: 476.0, tan_in_y: 362.0, tan_out_x: 476.0, tan_out_y: 362.0 }
vertex[2885]=PF_PathVertex { x: 2.25, y: 1.0, tan_in_x: 2.25, tan_in_y: 1.0, tan_out_x: 2.25, tan_out_y: 1.0 }
vertex[2886]=PF_PathVertex { x: 476.0, y: 363.0, tan_in_x: 476.0, tan_in_y: 363.0, tan_out_x: 476.0, tan_out_y: 363.0 }
vertex[2887]=PF_PathVertex { x: 1.25, y: 2.0, tan_in_x: 1.25, tan_in_y: 2.0, tan_out_x: 1.25, tan_out_y: 2.0 }
vertex[2888]=PF_PathVertex { x: 477.0, y: 363.0, tan_in_x: 477.0, tan_in_y: 363.0, tan_out_x: 477.0, tan_out_y: 363.0 }
vertex[2889]=PF_PathVertex { x: 1.23828125, y: 1.0, tan_in_x: 1.23828125, tan_in_y: 1.0, tan_out_x: 1.23828125, tan_out_y: 1.0 }
vertex[2890]=PF_PathVertex { x: 477.0, y: 364.0, tan_in_x: 477.0, tan_in_y: 364.0, tan_out_x: 477.0, tan_out_y: 364.0 }
vertex[2891]=PF_PathVertex { x: 1.11865234375, y: 1.0, tan_in_x: 1.11865234375, tan_in_y: 1.0, tan_out_x: 1.11865234375, tan_out_y: 1.0 }
vertex[2892]=PF_PathVertex { x: 478.0, y: 360.0, tan_in_x: 478.0, tan_in_y: 360.0, tan_out_x: 478.0, tan_out_y: 360.0 }
vertex[2893]=PF_PathVertex { x: 1.25, y: 1.0, tan_in_x: 1.25, tan_in_y: 1.0, tan_out_x: 1.25, tan_out_y: 1.0 }
vertex[2894]=PF_PathVertex { x: 478.0, y: 361.0, tan_in_x: 478.0, tan_in_y: 361.0, tan_out_x: 478.0, tan_out_y: 361.0 }
vertex[2895]=PF_PathVertex { x: 1.2490234375, y: 1.0, tan_in_x: 1.2490234375, tan_in_y: 1.0, tan_out_x: 1.2490234375, tan_out_y: 1.0 }
vertex[2896]=PF_PathVertex { x: 479.0, y: 360.0, tan_in_x: 479.0, tan_in_y: 360.0, tan_out_x: 479.0, tan_out_y: 360.0 }
vertex[2897]=PF_PathVertex { x: 1.190185546875, y: 1.0, tan_in_x: 1.190185546875, tan_in_y: 1.0, tan_out_x: 1.190185546875, tan_out_y: 1.0 }
vertex[2898]=PF_PathVertex { x: 479.0, y: 361.0, tan_in_x: 479.0, tan_in_y: 361.0, tan_out_x: 479.0, tan_out_y: 361.0 }
vertex[2899]=PF_PathVertex { x: 1.049072265625, y: 1.0, tan_in_x: 1.049072265625, tan_in_y: 1.0, tan_out_x: 1.049072265625, tan_out_y: 1.0 }
vertex[2900]=PF_PathVertex { x: 478.0, y: 362.0, tan_in_x: 478.0, tan_in_y: 362.0, tan_out_x: 478.0, tan_out_y: 362.0 }
vertex[2901]=PF_PathVertex { x: 1.1549072265625, y: 1.0, tan_in_x: 1.1549072265625, tan_in_y: 1.0, tan_out_x: 1.1549072265625, tan_out_y: 1.0 }
vertex[2902]=PF_PathVertex { x: 478.0, y: 363.0, tan_in_x: 478.0, tan_in_y: 363.0, tan_out_x: 478.0, tan_out_y: 363.0 }
vertex[2903]=PF_PathVertex { x: 1.0235595703125, y: 1.0, tan_in_x: 1.0235595703125, tan_in_y: 1.0, tan_out_x: 1.0235595703125, tan_out_y: 1.0 }
vertex[2904]=PF_PathVertex { x: 481.0, y: 356.0, tan_in_x: 481.0, tan_in_y: 356.0, tan_out_x: 481.0, tan_out_y: 356.0 }
vertex[2905]=PF_PathVertex { x: 1.23828125, y: 1.0, tan_in_x: 1.23828125, tan_in_y: 1.0, tan_out_x: 1.23828125, tan_out_y: 1.0 }
vertex[2906]=PF_PathVertex { x: 481.0, y: 357.0, tan_in_x: 481.0, tan_in_y: 357.0, tan_out_x: 481.0, tan_out_y: 357.0 }
vertex[2907]=PF_PathVertex { x: 1.11865234375, y: 1.0, tan_in_x: 1.11865234375, tan_in_y: 1.0, tan_out_x: 1.11865234375, tan_out_y: 1.0 }
vertex[2908]=PF_PathVertex { x: 482.0, y: 356.0, tan_in_x: 482.0, tan_in_y: 356.0, tan_out_x: 482.0, tan_out_y: 356.0 }
vertex[2909]=PF_PathVertex { x: 1.0235595703125, y: 1.0, tan_in_x: 1.0235595703125, tan_in_y: 1.0, tan_out_x: 1.0235595703125, tan_out_y: 1.0 }
vertex[2910]=PF_PathVertex { x: 481.0, y: 358.0, tan_in_x: 481.0, tan_in_y: 358.0, tan_out_x: 481.0, tan_out_y: 358.0 }
vertex[2911]=PF_PathVertex { x: 1.0078125, y: 1.0, tan_in_x: 1.0078125, tan_in_y: 1.0, tan_out_x: 1.0078125, tan_out_y: 1.0 }
vertex[2912]=PF_PathVertex { x: 475.0, y: 365.0, tan_in_x: 475.0, tan_in_y: 365.0, tan_out_x: 475.0, tan_out_y: 365.0 }
vertex[2913]=PF_PathVertex { x: 1.25, y: 2.0, tan_in_x: 1.25, tan_in_y: 2.0, tan_out_x: 1.25, tan_out_y: 2.0 }
vertex[2914]=PF_PathVertex { x: 476.0, y: 365.0, tan_in_x: 476.0, tan_in_y: 365.0, tan_out_x: 476.0, tan_out_y: 365.0 }
vertex[2915]=PF_PathVertex { x: 1.2186279296875, y: 1.0, tan_in_x: 1.2186279296875, tan_in_y: 1.0, tan_out_x: 1.2186279296875, tan_out_y: 1.0 }
vertex[2916]=PF_PathVertex { x: 476.0, y: 366.0, tan_in_x: 476.0, tan_in_y: 366.0, tan_out_x: 476.0, tan_out_y: 366.0 }
vertex[2917]=PF_PathVertex { x: 1.0833740234375, y: 1.0, tan_in_x: 1.0833740234375, tan_in_y: 1.0, tan_out_x: 1.0833740234375, tan_out_y: 1.0 }
vertex[2918]=PF_PathVertex { x: 477.0, y: 365.0, tan_in_x: 477.0, tan_in_y: 365.0, tan_out_x: 477.0, tan_out_y: 365.0 }
vertex[2919]=PF_PathVertex { x: 1.0078125, y: 1.0, tan_in_x: 1.0078125, tan_in_y: 1.0, tan_out_x: 1.0078125, tan_out_y: 1.0 }
vertex[2920]=PF_PathVertex { x: 475.0, y: 367.0, tan_in_x: 475.0, tan_in_y: 367.0, tan_out_x: 475.0, tan_out_y: 367.0 }
vertex[2921]=PF_PathVertex { x: 1.190185546875, y: 1.0, tan_in_x: 1.190185546875, tan_in_y: 1.0, tan_out_x: 1.190185546875, tan_out_y: 1.0 }
vertex[2922]=PF_PathVertex { x: 475.0, y: 368.0, tan_in_x: 475.0, tan_in_y: 368.0, tan_out_x: 475.0, tan_out_y: 368.0 }
vertex[2923]=PF_PathVertex { x: 1.049072265625, y: 1.0, tan_in_x: 1.049072265625, tan_in_y: 1.0, tan_out_x: 1.049072265625, tan_out_y: 1.0 }
vertex[2924]=PF_PathVertex { x: 400.0, y: 375.0, tan_in_x: 400.0, tan_in_y: 375.0, tan_out_x: 400.0, tan_out_y: 375.0 }
vertex[2925]=PF_PathVertex { x: 50.25, y: 37.0, tan_in_x: 50.25, tan_in_y: 37.0, tan_out_x: 50.25, tan_out_y: 37.0 }
vertex[2926]=PF_PathVertex { x: 400.0, y: 412.0, tan_in_x: 400.0, tan_in_y: 412.0, tan_out_x: 400.0, tan_out_y: 412.0 }
vertex[2927]=PF_PathVertex { x: 25.25, y: 38.0, tan_in_x: 25.25, tan_in_y: 38.0, tan_out_x: 25.25, tan_out_y: 38.0 }
vertex[2928]=PF_PathVertex { x: 425.0, y: 412.0, tan_in_x: 425.0, tan_in_y: 412.0, tan_out_x: 425.0, tan_out_y: 412.0 }
vertex[2929]=PF_PathVertex { x: 12.25, y: 19.0, tan_in_x: 12.25, tan_in_y: 19.0, tan_out_x: 12.25, tan_out_y: 19.0 }
vertex[2930]=PF_PathVertex { x: 437.0, y: 412.0, tan_in_x: 437.0, tan_in_y: 412.0, tan_out_x: 437.0, tan_out_y: 412.0 }
vertex[2931]=PF_PathVertex { x: 6.25, y: 9.0, tan_in_x: 6.25, tan_in_y: 9.0, tan_out_x: 6.25, tan_out_y: 9.0 }
vertex[2932]=PF_PathVertex { x: 443.0, y: 412.0, tan_in_x: 443.0, tan_in_y: 412.0, tan_out_x: 443.0, tan_out_y: 412.0 }
vertex[2933]=PF_PathVertex { x: 3.25, y: 4.0, tan_in_x: 3.25, tan_in_y: 4.0, tan_out_x: 3.25, tan_out_y: 4.0 }
vertex[2934]=PF_PathVertex { x: 446.0, y: 412.0, tan_in_x: 446.0, tan_in_y: 412.0, tan_out_x: 446.0, tan_out_y: 412.0 }
vertex[2935]=PF_PathVertex { x: 2.25, y: 4.0, tan_in_x: 2.25, tan_in_y: 4.0, tan_out_x: 2.25, tan_out_y: 4.0 }
vertex[2936]=PF_PathVertex { x: 448.0, y: 412.0, tan_in_x: 448.0, tan_in_y: 412.0, tan_out_x: 448.0, tan_out_y: 412.0 }
vertex[2937]=PF_PathVertex { x: 1.25, y: 2.0, tan_in_x: 1.25, tan_in_y: 2.0, tan_out_x: 1.25, tan_out_y: 2.0 }
vertex[2938]=PF_PathVertex { x: 449.0, y: 412.0, tan_in_x: 449.0, tan_in_y: 412.0, tan_out_x: 449.0, tan_out_y: 412.0 }
vertex[2939]=PF_PathVertex { x: 1.23828125, y: 1.0, tan_in_x: 1.23828125, tan_in_y: 1.0, tan_out_x: 1.23828125, tan_out_y: 1.0 }
vertex[2940]=PF_PathVertex { x: 449.0, y: 413.0, tan_in_x: 449.0, tan_in_y: 413.0, tan_out_x: 449.0, tan_out_y: 413.0 }
vertex[2941]=PF_PathVertex { x: 1.11865234375, y: 1.0, tan_in_x: 1.11865234375, tan_in_y: 1.0, tan_out_x: 1.11865234375, tan_out_y: 1.0 }
vertex[2942]=PF_PathVertex { x: 448.0, y: 414.0, tan_in_x: 448.0, tan_in_y: 414.0, tan_out_x: 448.0, tan_out_y: 414.0 }
vertex[2943]=PF_PathVertex { x: 1.2186279296875, y: 1.0, tan_in_x: 1.2186279296875, tan_in_y: 1.0, tan_out_x: 1.2186279296875, tan_out_y: 1.0 }
vertex[2944]=PF_PathVertex { x: 448.0, y: 415.0, tan_in_x: 448.0, tan_in_y: 415.0, tan_out_x: 448.0, tan_out_y: 415.0 }
vertex[2945]=PF_PathVertex { x: 1.0833740234375, y: 1.0, tan_in_x: 1.0833740234375, tan_in_y: 1.0, tan_out_x: 1.0833740234375, tan_out_y: 1.0 }
vertex[2946]=PF_PathVertex { x: 449.0, y: 414.0, tan_in_x: 449.0, tan_in_y: 414.0, tan_out_x: 449.0, tan_out_y: 414.0 }
vertex[2947]=PF_PathVertex { x: 1.0078125, y: 1.0, tan_in_x: 1.0078125, tan_in_y: 1.0, tan_out_x: 1.0078125, tan_out_y: 1.0 }
vertex[2948]=PF_PathVertex { x: 443.0, y: 416.0, tan_in_x: 443.0, tan_in_y: 416.0, tan_out_x: 443.0, tan_out_y: 416.0 }
vertex[2949]=PF_PathVertex { x: 3.25, y: 2.0, tan_in_x: 3.25, tan_in_y: 2.0, tan_out_x: 3.25, tan_out_y: 2.0 }
vertex[2950]=PF_PathVertex { x: 443.0, y: 418.0, tan_in_x: 443.0, tan_in_y: 418.0, tan_out_x: 443.0, tan_out_y: 418.0 }
vertex[2951]=PF_PathVertex { x: 1.25, y: 3.0, tan_in_x: 1.25, tan_in_y: 3.0, tan_out_x: 1.25, tan_out_y: 3.0 }
vertex[2952]=PF_PathVertex { x: 444.0, y: 418.0, tan_in_x: 444.0, tan_in_y: 418.0, tan_out_x: 444.0, tan_out_y: 418.0 }
vertex[2953]=PF_PathVertex { x: 2.25, y: 1.0, tan_in_x: 2.25, tan_in_y: 1.0, tan_out_x: 2.25, tan_out_y: 1.0 }
vertex[2954]=PF_PathVertex { x: 444.0, y: 419.0, tan_in_x: 444.0, tan_in_y: 419.0, tan_out_x: 444.0, tan_out_y: 419.0 }
vertex[2955]=PF_PathVertex { x: 1.25, y: 2.0, tan_in_x: 1.25, tan_in_y: 2.0, tan_out_x: 1.25, tan_out_y: 2.0 }
vertex[2956]=PF_PathVertex { x: 445.0, y: 419.0, tan_in_x: 445.0, tan_in_y: 419.0, tan_out_x: 445.0, tan_out_y: 419.0 }
vertex[2957]=PF_PathVertex { x: 1.23828125, y: 1.0, tan_in_x: 1.23828125, tan_in_y: 1.0, tan_out_x: 1.23828125, tan_out_y: 1.0 }
vertex[2958]=PF_PathVertex { x: 445.0, y: 420.0, tan_in_x: 445.0, tan_in_y: 420.0, tan_out_x: 445.0, tan_out_y: 420.0 }
vertex[2959]=PF_PathVertex { x: 1.11865234375, y: 1.0, tan_in_x: 1.11865234375, tan_in_y: 1.0, tan_out_x: 1.11865234375, tan_out_y: 1.0 }
vertex[2960]=PF_PathVertex { x: 446.0, y: 416.0, tan_in_x: 446.0, tan_in_y: 416.0, tan_out_x: 446.0, tan_out_y: 416.0 }
vertex[2961]=PF_PathVertex { x: 1.25, y: 1.0, tan_in_x: 1.25, tan_in_y: 1.0, tan_out_x: 1.25, tan_out_y: 1.0 }
vertex[2962]=PF_PathVertex { x: 446.0, y: 417.0, tan_in_x: 446.0, tan_in_y: 417.0, tan_out_x: 446.0, tan_out_y: 417.0 }
vertex[2963]=PF_PathVertex { x: 1.2490234375, y: 1.0, tan_in_x: 1.2490234375, tan_in_y: 1.0, tan_out_x: 1.2490234375, tan_out_y: 1.0 }
vertex[2964]=PF_PathVertex { x: 447.0, y: 416.0, tan_in_x: 447.0, tan_in_y: 416.0, tan_out_x: 447.0, tan_out_y: 416.0 }
vertex[2965]=PF_PathVertex { x: 1.190185546875, y: 1.0, tan_in_x: 1.190185546875, tan_in_y: 1.0, tan_out_x: 1.190185546875, tan_out_y: 1.0 }
vertex[2966]=PF_PathVertex { x: 447.0, y: 417.0, tan_in_x: 447.0, tan_in_y: 417.0, tan_out_x: 447.0, tan_out_y: 417.0 }
vertex[2967]=PF_PathVertex { x: 1.049072265625, y: 1.0, tan_in_x: 1.049072265625, tan_in_y: 1.0, tan_out_x: 1.049072265625, tan_out_y: 1.0 }
vertex[2968]=PF_PathVertex { x: 446.0, y: 418.0, tan_in_x: 446.0, tan_in_y: 418.0, tan_out_x: 446.0, tan_out_y: 418.0 }
vertex[2969]=PF_PathVertex { x: 1.1549072265625, y: 1.0, tan_in_x: 1.1549072265625, tan_in_y: 1.0, tan_out_x: 1.1549072265625, tan_out_y: 1.0 }
vertex[2970]=PF_PathVertex { x: 446.0, y: 419.0, tan_in_x: 446.0, tan_in_y: 419.0, tan_out_x: 446.0, tan_out_y: 419.0 }
vertex[2971]=PF_PathVertex { x: 1.0235595703125, y: 1.0, tan_in_x: 1.0235595703125, tan_in_y: 1.0, tan_out_x: 1.0235595703125, tan_out_y: 1.0 }
vertex[2972]=PF_PathVertex { x: 437.0, y: 421.0, tan_in_x: 437.0, tan_in_y: 421.0, tan_out_x: 437.0, tan_out_y: 421.0 }
vertex[2973]=PF_PathVertex { x: 3.25, y: 5.0, tan_in_x: 3.25, tan_in_y: 5.0, tan_out_x: 3.25, tan_out_y: 5.0 }
vertex[2974]=PF_PathVertex { x: 440.0, y: 421.0, tan_in_x: 440.0, tan_in_y: 421.0, tan_out_x: 440.0, tan_out_y: 421.0 }
vertex[2975]=PF_PathVertex { x: 3.25, y: 2.0, tan_in_x: 3.25, tan_in_y: 2.0, tan_out_x: 3.25, tan_out_y: 2.0 }
vertex[2976]=PF_PathVertex { x: 440.0, y: 423.0, tan_in_x: 440.0, tan_in_y: 423.0, tan_out_x: 440.0, tan_out_y: 423.0 }
vertex[2977]=PF_PathVertex { x: 1.25, y: 3.0, tan_in_x: 1.25, tan_in_y: 3.0, tan_out_x: 1.25, tan_out_y: 3.0 }
vertex[2978]=PF_PathVertex { x: 441.0, y: 423.0, tan_in_x: 441.0, tan_in_y: 423.0, tan_out_x: 441.0, tan_out_y: 423.0 }
vertex[2979]=PF_PathVertex { x: 2.25, y: 1.0, tan_in_x: 2.25, tan_in_y: 1.0, tan_out_x: 2.25, tan_out_y: 1.0 }
vertex[2980]=PF_PathVertex { x: 441.0, y: 424.0, tan_in_x: 441.0, tan_in_y: 424.0, tan_out_x: 441.0, tan_out_y: 424.0 }
vertex[2981]=PF_PathVertex { x: 1.25, y: 2.0, tan_in_x: 1.25, tan_in_y: 2.0, tan_out_x: 1.25, tan_out_y: 2.0 }
vertex[2982]=PF_PathVertex { x: 442.0, y: 424.0, tan_in_x: 442.0, tan_in_y: 424.0, tan_out_x: 442.0, tan_out_y: 424.0 }
vertex[2983]=PF_PathVertex { x: 1.2490234375, y: 1.0, tan_in_x: 1.2490234375, tan_in_y: 1.0, tan_out_x: 1.2490234375, tan_out_y: 1.0 }
vertex[2984]=PF_PathVertex { x: 442.0, y: 425.0, tan_in_x: 442.0, tan_in_y: 425.0, tan_out_x: 442.0, tan_out_y: 425.0 }
vertex[2985]=PF_PathVertex { x: 1.1549072265625, y: 1.0, tan_in_x: 1.1549072265625, tan_in_y: 1.0, tan_out_x: 1.1549072265625, tan_out_y: 1.0 }
vertex[2986]=PF_PathVertex { x: 437.0, y: 426.0, tan_in_x: 437.0, tan_in_y: 426.0, tan_out_x: 437.0, tan_out_y: 426.0 }
vertex[2987]=PF_PathVertex { x: 3.25, y: 2.0, tan_in_x: 3.25, tan_in_y: 2.0, tan_out_x: 3.25, tan_out_y: 2.0 }
vertex[2988]=PF_PathVertex { x: 437.0, y: 428.0, tan_in_x: 437.0, tan_in_y: 428.0, tan_out_x: 437.0, tan_out_y: 428.0 }
vertex[2989]=PF_PathVertex { x: 1.25, y: 3.0, tan_in_x: 1.25, tan_in_y: 3.0, tan_out_x: 1.25, tan_out_y: 3.0 }
vertex[2990]=PF_PathVertex { x: 438.0, y: 428.0, tan_in_x: 438.0, tan_in_y: 428.0, tan_out_x: 438.0, tan_out_y: 428.0 }
vertex[2991]=PF_PathVertex { x: 2.25, y: 1.0, tan_in_x: 2.25, tan_in_y: 1.0, tan_out_x: 2.25, tan_out_y: 1.0 }
vertex[2992]=PF_PathVertex { x: 438.0, y: 429.0, tan_in_x: 438.0, tan_in_y: 429.0, tan_out_x: 438.0, tan_out_y: 429.0 }
vertex[2993]=PF_PathVertex { x: 1.25, y: 2.0, tan_in_x: 1.25, tan_in_y: 2.0, tan_out_x: 1.25, tan_out_y: 2.0 }
vertex[2994]=PF_PathVertex { x: 439.0, y: 429.0, tan_in_x: 439.0, tan_in_y: 429.0, tan_out_x: 439.0, tan_out_y: 429.0 }
vertex[2995]=PF_PathVertex { x: 1.25, y: 1.0, tan_in_x: 1.25, tan_in_y: 1.0, tan_out_x: 1.25, tan_out_y: 1.0 }
vertex[2996]=PF_PathVertex { x: 439.0, y: 430.0, tan_in_x: 439.0, tan_in_y: 430.0, tan_out_x: 439.0, tan_out_y: 430.0 }
vertex[2997]=PF_PathVertex { x: 1.190185546875, y: 1.0, tan_in_x: 1.190185546875, tan_in_y: 1.0, tan_out_x: 1.190185546875, tan_out_y: 1.0 }
vertex[2998]=PF_PathVertex { x: 440.0, y: 426.0, tan_in_x: 440.0, tan_in_y: 426.0, tan_out_x: 440.0, tan_out_y: 426.0 }
vertex[2999]=PF_PathVertex { x: 1.25, y: 2.0, tan_in_x: 1.25, tan_in_y: 2.0, tan_out_x: 1.25, tan_out_y: 2.0 }
vertex[3000]=PF_PathVertex { x: 441.0, y: 426.0, tan_in_x: 441.0, tan_in_y: 426.0, tan_out_x: 441.0, tan_out_y: 426.0 }
vertex[3001]=PF_PathVertex { x: 1.23828125, y: 1.0, tan_in_x: 1.23828125, tan_in_y: 1.0, tan_out_x: 1.23828125, tan_out_y: 1.0 }
vertex[3002]=PF_PathVertex { x: 441.0, y: 427.0, tan_in_x: 441.0, tan_in_y: 427.0, tan_out_x: 441.0, tan_out_y: 427.0 }
vertex[3003]=PF_PathVertex { x: 1.11865234375, y: 1.0, tan_in_x: 1.11865234375, tan_in_y: 1.0, tan_out_x: 1.11865234375, tan_out_y: 1.0 }
vertex[3004]=PF_PathVertex { x: 442.0, y: 426.0, tan_in_x: 442.0, tan_in_y: 426.0, tan_out_x: 442.0, tan_out_y: 426.0 }
vertex[3005]=PF_PathVertex { x: 1.0235595703125, y: 1.0, tan_in_x: 1.0235595703125, tan_in_y: 1.0, tan_out_x: 1.0235595703125, tan_out_y: 1.0 }
vertex[3006]=PF_PathVertex { x: 440.0, y: 428.0, tan_in_x: 440.0, tan_in_y: 428.0, tan_out_x: 440.0, tan_out_y: 428.0 }
vertex[3007]=PF_PathVertex { x: 1.2186279296875, y: 1.0, tan_in_x: 1.2186279296875, tan_in_y: 1.0, tan_out_x: 1.2186279296875, tan_out_y: 1.0 }
vertex[3008]=PF_PathVertex { x: 440.0, y: 429.0, tan_in_x: 440.0, tan_in_y: 429.0, tan_out_x: 440.0, tan_out_y: 429.0 }
vertex[3009]=PF_PathVertex { x: 1.0833740234375, y: 1.0, tan_in_x: 1.0833740234375, tan_in_y: 1.0, tan_out_x: 1.0833740234375, tan_out_y: 1.0 }
vertex[3010]=PF_PathVertex { x: 441.0, y: 428.0, tan_in_x: 441.0, tan_in_y: 428.0, tan_out_x: 441.0, tan_out_y: 428.0 }
vertex[3011]=PF_PathVertex { x: 1.0078125, y: 1.0, tan_in_x: 1.0078125, tan_in_y: 1.0, tan_out_x: 1.0078125, tan_out_y: 1.0 }
vertex[3012]=PF_PathVertex { x: 443.0, y: 421.0, tan_in_x: 443.0, tan_in_y: 421.0, tan_out_x: 443.0, tan_out_y: 421.0 }
vertex[3013]=PF_PathVertex { x: 1.25, y: 2.0, tan_in_x: 1.25, tan_in_y: 2.0, tan_out_x: 1.25, tan_out_y: 2.0 }
vertex[3014]=PF_PathVertex { x: 444.0, y: 421.0, tan_in_x: 444.0, tan_in_y: 421.0, tan_out_x: 444.0, tan_out_y: 421.0 }
vertex[3015]=PF_PathVertex { x: 1.2186279296875, y: 1.0, tan_in_x: 1.2186279296875, tan_in_y: 1.0, tan_out_x: 1.2186279296875, tan_out_y: 1.0 }
vertex[3016]=PF_PathVertex { x: 444.0, y: 422.0, tan_in_x: 444.0, tan_in_y: 422.0, tan_out_x: 444.0, tan_out_y: 422.0 }
vertex[3017]=PF_PathVertex { x: 1.0833740234375, y: 1.0, tan_in_x: 1.0833740234375, tan_in_y: 1.0, tan_out_x: 1.0833740234375, tan_out_y: 1.0 }
vertex[3018]=PF_PathVertex { x: 445.0, y: 421.0, tan_in_x: 445.0, tan_in_y: 421.0, tan_out_x: 445.0, tan_out_y: 421.0 }
vertex[3019]=PF_PathVertex { x: 1.0078125, y: 1.0, tan_in_x: 1.0078125, tan_in_y: 1.0, tan_out_x: 1.0078125, tan_out_y: 1.0 }
vertex[3020]=PF_PathVertex { x: 443.0, y: 423.0, tan_in_x: 443.0, tan_in_y: 423.0, tan_out_x: 443.0, tan_out_y: 423.0 }
vertex[3021]=PF_PathVertex { x: 1.190185546875, y: 1.0, tan_in_x: 1.190185546875, tan_in_y: 1.0, tan_out_x: 1.190185546875, tan_out_y: 1.0 }
vertex[3022]=PF_PathVertex { x: 443.0, y: 424.0, tan_in_x: 443.0, tan_in_y: 424.0, tan_out_x: 443.0, tan_out_y: 424.0 }
vertex[3023]=PF_PathVertex { x: 1.049072265625, y: 1.0, tan_in_x: 1.049072265625, tan_in_y: 1.0, tan_out_x: 1.049072265625, tan_out_y: 1.0 }
vertex[3024]=PF_PathVertex { x: 425.0, y: 431.0, tan_in_x: 425.0, tan_in_y: 431.0, tan_out_x: 425.0, tan_out_y: 431.0 }
vertex[3025]=PF_PathVertex { x: 6.25, y: 9.0, tan_in_x: 6.25, tan_in_y: 9.0, tan_out_x: 6.25, tan_out_y: 9.0 }
vertex[3026]=PF_PathVertex { x: 431.0, y: 431.0, tan_in_x: 431.0, tan_in_y: 431.0, tan_out_x: 431.0, tan_out_y: 431.0 }
vertex[3027]=PF_PathVertex { x: 6.25, y: 4.0, tan_in_x: 6.25, tan_in_y: 4.0, tan_out_x: 6.25, tan_out_y: 4.0 }
vertex[3028]=PF_PathVertex { x: 431.0, y: 435.0, tan_in_x: 431.0, tan_in_y: 435.0, tan_out_x: 431.0, tan_out_y: 435.0 }
vertex[3029]=PF_PathVertex { x: 3.25, y: 5.0, tan_in_x: 3.25, tan_in_y: 5.0, tan_out_x: 3.25, tan_out_y: 5.0 }
vertex[3030]=PF_PathVertex { x: 434.0, y: 435.0, tan_in_x: 434.0, tan_in_y: 435.0, tan_out_x: 434.0, tan_out_y: 435.0 }
vertex[3031]=PF_PathVertex { x: 1.25, y: 2.0, tan_in_x: 1.25, tan_in_y: 2.0, tan_out_x: 1.25, tan_out_y: 2.0 }
vertex[3032]=PF_PathVertex { x: 435.0, y: 435.0, tan_in_x: 435.0, tan_in_y: 435.0, tan_out_x: 435.0, tan_out_y: 435.0 }
vertex[3033]=PF_PathVertex { x: 1.25, y: 2.0, tan_in_x: 1.25, tan_in_y: 2.0, tan_out_x: 1.25, tan_out_y: 2.0 }
vertex[3034]=PF_PathVertex { x: 436.0, y: 435.0, tan_in_x: 436.0, tan_in_y: 435.0, tan_out_x: 436.0, tan_out_y: 435.0 }
vertex[3035]=PF_PathVertex { x: 1.2186279296875, y: 1.0, tan_in_x: 1.2186279296875, tan_in_y: 1.0, tan_out_x: 1.2186279296875, tan_out_y: 1.0 }
vertex[3036]=PF_PathVertex { x: 436.0, y: 436.0, tan_in_x: 436.0, tan_in_y: 436.0, tan_out_x: 436.0, tan_out_y: 436.0 }
vertex[3037]=PF_PathVertex { x: 1.0833740234375, y: 1.0, tan_in_x: 1.0833740234375, tan_in_y: 1.0, tan_out_x: 1.0833740234375, tan_out_y: 1.0 }
vertex[3038]=PF_PathVertex { x: 434.0, y: 437.0, tan_in_x: 434.0, tan_in_y: 437.0, tan_out_x: 434.0, tan_out_y: 437.0 }
vertex[3039]=PF_PathVertex { x: 1.25, y: 1.0, tan_in_x: 1.25, tan_in_y: 1.0, tan_out_x: 1.25, tan_out_y: 1.0 }
vertex[3040]=PF_PathVertex { x: 434.0, y: 438.0, tan_in_x: 434.0, tan_in_y: 438.0, tan_out_x: 434.0, tan_out_y: 438.0 }
vertex[3041]=PF_PathVertex { x: 1.2490234375, y: 1.0, tan_in_x: 1.2490234375, tan_in_y: 1.0, tan_out_x: 1.2490234375, tan_out_y: 1.0 }
vertex[3042]=PF_PathVertex { x: 434.0, y: 439.0, tan_in_x: 434.0, tan_in_y: 439.0, tan_out_x: 434.0, tan_out_y: 439.0 }
vertex[3043]=PF_PathVertex { x: 1.1549072265625, y: 1.0, tan_in_x: 1.1549072265625, tan_in_y: 1.0, tan_out_x: 1.1549072265625, tan_out_y: 1.0 }
vertex[3044]=PF_PathVertex { x: 435.0, y: 437.0, tan_in_x: 435.0, tan_in_y: 437.0, tan_out_x: 435.0, tan_out_y: 437.0 }
vertex[3045]=PF_PathVertex { x: 1.190185546875, y: 1.0, tan_in_x: 1.190185546875, tan_in_y: 1.0, tan_out_x: 1.190185546875, tan_out_y: 1.0 }
vertex[3046]=PF_PathVertex { x: 435.0, y: 438.0, tan_in_x: 435.0, tan_in_y: 438.0, tan_out_x: 435.0, tan_out_y: 438.0 }
vertex[3047]=PF_PathVertex { x: 1.049072265625, y: 1.0, tan_in_x: 1.049072265625, tan_in_y: 1.0, tan_out_x: 1.049072265625, tan_out_y: 1.0 }
vertex[3048]=PF_PathVertex { x: 425.0, y: 440.0, tan_in_x: 425.0, tan_in_y: 440.0, tan_out_x: 425.0, tan_out_y: 440.0 }
vertex[3049]=PF_PathVertex { x: 6.25, y: 5.0, tan_in_x: 6.25, tan_in_y: 5.0, tan_out_x: 6.25, tan_out_y: 5.0 }
vertex[3050]=PF_PathVertex { x: 425.0, y: 445.0, tan_in_x: 425.0, tan_in_y: 445.0, tan_out_x: 425.0, tan_out_y: 445.0 }
vertex[3051]=PF_PathVertex { x: 3.25, y: 5.0, tan_in_x: 3.25, tan_in_y: 5.0, tan_out_x: 3.25, tan_out_y: 5.0 }
vertex[3052]=PF_PathVertex { x: 428.0, y: 445.0, tan_in_x: 428.0, tan_in_y: 445.0, tan_out_x: 428.0, tan_out_y: 445.0 }
vertex[3053]=PF_PathVertex { x: 1.25, y: 2.0, tan_in_x: 1.25, tan_in_y: 2.0, tan_out_x: 1.25, tan_out_y: 2.0 }
vertex[3054]=PF_PathVertex { x: 429.0, y: 445.0, tan_in_x: 429.0, tan_in_y: 445.0, tan_out_x: 429.0, tan_out_y: 445.0 }
vertex[3055]=PF_PathVertex { x: 1.25, y: 2.0, tan_in_x: 1.25, tan_in_y: 2.0, tan_out_x: 1.25, tan_out_y: 2.0 }
vertex[3056]=PF_PathVertex { x: 430.0, y: 445.0, tan_in_x: 430.0, tan_in_y: 445.0, tan_out_x: 430.0, tan_out_y: 445.0 }
vertex[3057]=PF_PathVertex { x: 1.2490234375, y: 1.0, tan_in_x: 1.2490234375, tan_in_y: 1.0, tan_out_x: 1.2490234375, tan_out_y: 1.0 }
vertex[3058]=PF_PathVertex { x: 430.0, y: 446.0, tan_in_x: 430.0, tan_in_y: 446.0, tan_out_x: 430.0, tan_out_y: 446.0 }
vertex[3059]=PF_PathVertex { x: 1.1549072265625, y: 1.0, tan_in_x: 1.1549072265625, tan_in_y: 1.0, tan_out_x: 1.1549072265625, tan_out_y: 1.0 }
vertex[3060]=PF_PathVertex { x: 428.0, y: 447.0, tan_in_x: 428.0, tan_in_y: 447.0, tan_out_x: 428.0, tan_out_y: 447.0 }
vertex[3061]=PF_PathVertex { x: 1.25, y: 1.0, tan_in_x: 1.25, tan_in_y: 1.0, tan_out_x: 1.25, tan_out_y: 1.0 }
vertex[3062]=PF_PathVertex { x: 428.0, y: 448.0, tan_in_x: 428.0, tan_in_y: 448.0, tan_out_x: 428.0, tan_out_y: 448.0 }
vertex[3063]=PF_PathVertex { x: 1.25, y: 1.0, tan_in_x: 1.25, tan_in_y: 1.0, tan_out_x: 1.25, tan_out_y: 1.0 }
vertex[3064]=PF_PathVertex { x: 428.0, y: 449.0, tan_in_x: 428.0, tan_in_y: 449.0, tan_out_x: 428.0, tan_out_y: 449.0 }
vertex[3065]=PF_PathVertex { x: 1.2186279296875, y: 1.0, tan_in_x: 1.2186279296875, tan_in_y: 1.0, tan_out_x: 1.2186279296875, tan_out_y: 1.0 }
vertex[3066]=PF_PathVertex { x: 429.0, y: 447.0, tan_in_x: 429.0, tan_in_y: 447.0, tan_out_x: 429.0, tan_out_y: 447.0 }
vertex[3067]=PF_PathVertex { x: 1.23828125, y: 1.0, tan_in_x: 1.23828125, tan_in_y: 1.0, tan_out_x: 1.23828125, tan_out_y: 1.0 }
vertex[3068]=PF_PathVertex { x: 430.0, y: 447.0, tan_in_x: 430.0, tan_in_y: 447.0, tan_out_x: 430.0, tan_out_y: 447.0 }
vertex[3069]=PF_PathVertex { x: 1.0235595703125, y: 1.0, tan_in_x: 1.0235595703125, tan_in_y: 1.0, tan_out_x: 1.0235595703125, tan_out_y: 1.0 }
vertex[3070]=PF_PathVertex { x: 429.0, y: 448.0, tan_in_x: 429.0, tan_in_y: 448.0, tan_out_x: 429.0, tan_out_y: 448.0 }
vertex[3071]=PF_PathVertex { x: 1.11865234375, y: 1.0, tan_in_x: 1.11865234375, tan_in_y: 1.0, tan_out_x: 1.11865234375, tan_out_y: 1.0 }
vertex[3072]=PF_PathVertex { x: 429.0, y: 449.0, tan_in_x: 429.0, tan_in_y: 449.0, tan_out_x: 429.0, tan_out_y: 449.0 }
vertex[3073]=PF_PathVertex { x: 1.0078125, y: 1.0, tan_in_x: 1.0078125, tan_in_y: 1.0, tan_out_x: 1.0078125, tan_out_y: 1.0 }
vertex[3074]=PF_PathVertex { x: 431.0, y: 440.0, tan_in_x: 431.0, tan_in_y: 440.0, tan_out_x: 431.0, tan_out_y: 440.0 }
vertex[3075]=PF_PathVertex { x: 1.25, y: 2.0, tan_in_x: 1.25, tan_in_y: 2.0, tan_out_x: 1.25, tan_out_y: 2.0 }
vertex[3076]=PF_PathVertex { x: 432.0, y: 440.0, tan_in_x: 432.0, tan_in_y: 440.0, tan_out_x: 432.0, tan_out_y: 440.0 }
vertex[3077]=PF_PathVertex { x: 1.25, y: 2.0, tan_in_x: 1.25, tan_in_y: 2.0, tan_out_x: 1.25, tan_out_y: 2.0 }
vertex[3078]=PF_PathVertex { x: 433.0, y: 440.0, tan_in_x: 433.0, tan_in_y: 440.0, tan_out_x: 433.0, tan_out_y: 440.0 }
vertex[3079]=PF_PathVertex { x: 1.23828125, y: 1.0, tan_in_x: 1.23828125, tan_in_y: 1.0, tan_out_x: 1.23828125, tan_out_y: 1.0 }
vertex[3080]=PF_PathVertex { x: 433.0, y: 441.0, tan_in_x: 433.0, tan_in_y: 441.0, tan_out_x: 433.0, tan_out_y: 441.0 }
vertex[3081]=PF_PathVertex { x: 1.11865234375, y: 1.0, tan_in_x: 1.11865234375, tan_in_y: 1.0, tan_out_x: 1.11865234375, tan_out_y: 1.0 }
vertex[3082]=PF_PathVertex { x: 431.0, y: 442.0, tan_in_x: 431.0, tan_in_y: 442.0, tan_out_x: 431.0, tan_out_y: 442.0 }
vertex[3083]=PF_PathVertex { x: 1.25, y: 1.0, tan_in_x: 1.25, tan_in_y: 1.0, tan_out_x: 1.25, tan_out_y: 1.0 }
vertex[3084]=PF_PathVertex { x: 431.0, y: 443.0, tan_in_x: 431.0, tan_in_y: 443.0, tan_out_x: 431.0, tan_out_y: 443.0 }
vertex[3085]=PF_PathVertex { x: 1.25, y: 1.0, tan_in_x: 1.25, tan_in_y: 1.0, tan_out_x: 1.25, tan_out_y: 1.0 }
vertex[3086]=PF_PathVertex { x: 431.0, y: 444.0, tan_in_x: 431.0, tan_in_y: 444.0, tan_out_x: 431.0, tan_out_y: 444.0 }
vertex[3087]=PF_PathVertex { x: 1.190185546875, y: 1.0, tan_in_x: 1.190185546875, tan_in_y: 1.0, tan_out_x: 1.190185546875, tan_out_y: 1.0 }
vertex[3088]=PF_PathVertex { x: 432.0, y: 442.0, tan_in_x: 432.0, tan_in_y: 442.0, tan_out_x: 432.0, tan_out_y: 442.0 }
vertex[3089]=PF_PathVertex { x: 1.2186279296875, y: 1.0, tan_in_x: 1.2186279296875, tan_in_y: 1.0, tan_out_x: 1.2186279296875, tan_out_y: 1.0 }
vertex[3090]=PF_PathVertex { x: 433.0, y: 442.0, tan_in_x: 433.0, tan_in_y: 442.0, tan_out_x: 433.0, tan_out_y: 442.0 }
vertex[3091]=PF_PathVertex { x: 1.0078125, y: 1.0, tan_in_x: 1.0078125, tan_in_y: 1.0, tan_out_x: 1.0078125, tan_out_y: 1.0 }
vertex[3092]=PF_PathVertex { x: 432.0, y: 443.0, tan_in_x: 432.0, tan_in_y: 443.0, tan_out_x: 432.0, tan_out_y: 443.0 }
vertex[3093]=PF_PathVertex { x: 1.0833740234375, y: 1.0, tan_in_x: 1.0833740234375, tan_in_y: 1.0, tan_out_x: 1.0833740234375, tan_out_y: 1.0 }
vertex[3094]=PF_PathVertex { x: 434.0, y: 440.0, tan_in_x: 434.0, tan_in_y: 440.0, tan_out_x: 434.0, tan_out_y: 440.0 }
vertex[3095]=PF_PathVertex { x: 1.0235595703125, y: 1.0, tan_in_x: 1.0235595703125, tan_in_y: 1.0, tan_out_x: 1.0235595703125, tan_out_y: 1.0 }
vertex[3096]=PF_PathVertex { x: 431.0, y: 445.0, tan_in_x: 431.0, tan_in_y: 445.0, tan_out_x: 431.0, tan_out_y: 445.0 }
vertex[3097]=PF_PathVertex { x: 1.049072265625, y: 1.0, tan_in_x: 1.049072265625, tan_in_y: 1.0, tan_out_x: 1.049072265625, tan_out_y: 1.0 }
vertex[3098]=PF_PathVertex { x: 437.0, y: 431.0, tan_in_x: 437.0, tan_in_y: 431.0, tan_out_x: 437.0, tan_out_y: 431.0 }
vertex[3099]=PF_PathVertex { x: 1.25, y: 2.0, tan_in_x: 1.25, tan_in_y: 2.0, tan_out_x: 1.25, tan_out_y: 2.0 }
vertex[3100]=PF_PathVertex { x: 438.0, y: 431.0, tan_in_x: 438.0, tan_in_y: 431.0, tan_out_x: 438.0, tan_out_y: 431.0 }
vertex[3101]=PF_PathVertex { x: 1.2490234375, y: 1.0, tan_in_x: 1.2490234375, tan_in_y: 1.0, tan_out_x: 1.2490234375, tan_out_y: 1.0 }
vertex[3102]=PF_PathVertex { x: 438.0, y: 432.0, tan_in_x: 438.0, tan_in_y: 432.0, tan_out_x: 438.0, tan_out_y: 432.0 }
vertex[3103]=PF_PathVertex { x: 1.1549072265625, y: 1.0, tan_in_x: 1.1549072265625, tan_in_y: 1.0, tan_out_x: 1.1549072265625, tan_out_y: 1.0 }
vertex[3104]=PF_PathVertex { x: 439.0, y: 431.0, tan_in_x: 439.0, tan_in_y: 431.0, tan_out_x: 439.0, tan_out_y: 431.0 }
vertex[3105]=PF_PathVertex { x: 1.049072265625, y: 1.0, tan_in_x: 1.049072265625, tan_in_y: 1.0, tan_out_x: 1.049072265625, tan_out_y: 1.0 }
vertex[3106]=PF_PathVertex { x: 437.0, y: 433.0, tan_in_x: 437.0, tan_in_y: 433.0, tan_out_x: 437.0, tan_out_y: 433.0 }
vertex[3107]=PF_PathVertex { x: 1.23828125, y: 1.0, tan_in_x: 1.23828125, tan_in_y: 1.0, tan_out_x: 1.23828125, tan_out_y: 1.0 }
vertex[3108]=PF_PathVertex { x: 437.0, y: 434.0, tan_in_x: 437.0, tan_in_y: 434.0, tan_out_x: 437.0, tan_out_y: 434.0 }
vertex[3109]=PF_PathVertex { x: 1.11865234375, y: 1.0, tan_in_x: 1.11865234375, tan_in_y: 1.0, tan_out_x: 1.11865234375, tan_out_y: 1.0 }
vertex[3110]=PF_PathVertex { x: 438.0, y: 433.0, tan_in_x: 438.0, tan_in_y: 433.0, tan_out_x: 438.0, tan_out_y: 433.0 }
vertex[3111]=PF_PathVertex { x: 1.0235595703125, y: 1.0, tan_in_x: 1.0235595703125, tan_in_y: 1.0, tan_out_x: 1.0235595703125, tan_out_y: 1.0 }
vertex[3112]=PF_PathVertex { x: 437.0, y: 435.0, tan_in_x: 437.0, tan_in_y: 435.0, tan_out_x: 437.0, tan_out_y: 435.0 }
vertex[3113]=PF_PathVertex { x: 1.0078125, y: 1.0, tan_in_x: 1.0078125, tan_in_y: 1.0, tan_out_x: 1.0078125, tan_out_y: 1.0 }
vertex[3114]=PF_PathVertex { x: 450.0, y: 375.0, tan_in_x: 450.0, tan_in_y: 375.0, tan_out_x: 450.0, tan_out_y: 375.0 }
vertex[3115]=PF_PathVertex { x: 12.25, y: 9.0, tan_in_x: 12.25, tan_in_y: 9.0, tan_out_x: 12.25, tan_out_y: 9.0 }
vertex[3116]=PF_PathVertex { x: 450.0, y: 384.0, tan_in_x: 450.0, tan_in_y: 384.0, tan_out_x: 450.0, tan_out_y: 384.0 }
vertex[3117]=PF_PathVertex { x: 6.25, y: 9.0, tan_in_x: 6.25, tan_in_y: 9.0, tan_out_x: 6.25, tan_out_y: 9.0 }
vertex[3118]=PF_PathVertex { x: 456.0, y: 384.0, tan_in_x: 456.0, tan_in_y: 384.0, tan_out_x: 456.0, tan_out_y: 384.0 }
vertex[3119]=PF_PathVertex { x: 6.25, y: 4.0, tan_in_x: 6.25, tan_in_y: 4.0, tan_out_x: 6.25, tan_out_y: 4.0 }
vertex[3120]=PF_PathVertex { x: 456.0, y: 388.0, tan_in_x: 456.0, tan_in_y: 388.0, tan_out_x: 456.0, tan_out_y: 388.0 }
vertex[3121]=PF_PathVertex { x: 3.25, y: 5.0, tan_in_x: 3.25, tan_in_y: 5.0, tan_out_x: 3.25, tan_out_y: 5.0 }
vertex[3122]=PF_PathVertex { x: 459.0, y: 388.0, tan_in_x: 459.0, tan_in_y: 388.0, tan_out_x: 459.0, tan_out_y: 388.0 }
vertex[3123]=PF_PathVertex { x: 3.25, y: 2.0, tan_in_x: 3.25, tan_in_y: 2.0, tan_out_x: 3.25, tan_out_y: 2.0 }
vertex[3124]=PF_PathVertex { x: 459.0, y: 390.0, tan_in_x: 459.0, tan_in_y: 390.0, tan_out_x: 459.0, tan_out_y: 390.0 }
vertex[3125]=PF_PathVertex { x: 1.25, y: 3.0, tan_in_x: 1.25, tan_in_y: 3.0, tan_out_x: 1.25, tan_out_y: 3.0 }
vertex[3126]=PF_PathVertex { x: 460.0, y: 390.0, tan_in_x: 460.0, tan_in_y: 390.0, tan_out_x: 460.0, tan_out_y: 390.0 }
vertex[3127]=PF_PathVertex { x: 2.25, y: 1.0, tan_in_x: 2.25, tan_in_y: 1.0, tan_out_x: 2.25, tan_out_y: 1.0 }
vertex[3128]=PF_PathVertex { x: 460.0, y: 391.0, tan_in_x: 460.0, tan_in_y: 391.0, tan_out_x: 460.0, tan_out_y: 391.0 }
vertex[3129]=PF_PathVertex { x: 1.25, y: 2.0, tan_in_x: 1.25, tan_in_y: 2.0, tan_out_x: 1.25, tan_out_y: 2.0 }
vertex[3130]=PF_PathVertex { x: 461.0, y: 391.0, tan_in_x: 461.0, tan_in_y: 391.0, tan_out_x: 461.0, tan_out_y: 391.0 }
vertex[3131]=PF_PathVertex { x: 1.23828125, y: 1.0, tan_in_x: 1.23828125, tan_in_y: 1.0, tan_out_x: 1.23828125, tan_out_y: 1.0 }
vertex[3132]=PF_PathVertex { x: 461.0, y: 392.0, tan_in_x: 461.0, tan_in_y: 392.0, tan_out_x: 461.0, tan_out_y: 392.0 }
vertex[3133]=PF_PathVertex { x: 1.11865234375, y: 1.0, tan_in_x: 1.11865234375, tan_in_y: 1.0, tan_out_x: 1.11865234375, tan_out_y: 1.0 }
vertex[3134]=PF_PathVertex { x: 462.0, y: 375.0, tan_in_x: 462.0, tan_in_y: 375.0, tan_out_x: 462.0, tan_out_y: 375.0 }
vertex[3135]=PF_PathVertex { x: 6.25, y: 4.0, tan_in_x: 6.25, tan_in_y: 4.0, tan_out_x: 6.25, tan_out_y: 4.0 }
vertex[3136]=PF_PathVertex { x: 462.0, y: 379.0, tan_in_x: 462.0, tan_in_y: 379.0, tan_out_x: 462.0, tan_out_y: 379.0 }
vertex[3137]=PF_PathVertex { x: 3.25, y: 5.0, tan_in_x: 3.25, tan_in_y: 5.0, tan_out_x: 3.25, tan_out_y: 5.0 }
vertex[3138]=PF_PathVertex { x: 465.0, y: 379.0, tan_in_x: 465.0, tan_in_y: 379.0, tan_out_x: 465.0, tan_out_y: 379.0 }
vertex[3139]=PF_PathVertex { x: 3.25, y: 2.0, tan_in_x: 3.25, tan_in_y: 2.0, tan_out_x: 3.25, tan_out_y: 2.0 }
vertex[3140]=PF_PathVertex { x: 465.0, y: 381.0, tan_in_x: 465.0, tan_in_y: 381.0, tan_out_x: 465.0, tan_out_y: 381.0 }
vertex[3141]=PF_PathVertex { x: 1.25, y: 3.0, tan_in_x: 1.25, tan_in_y: 3.0, tan_out_x: 1.25, tan_out_y: 3.0 }
vertex[3142]=PF_PathVertex { x: 466.0, y: 381.0, tan_in_x: 466.0, tan_in_y: 381.0, tan_out_x: 466.0, tan_out_y: 381.0 }
vertex[3143]=PF_PathVertex { x: 1.25, y: 1.0, tan_in_x: 1.25, tan_in_y: 1.0, tan_out_x: 1.25, tan_out_y: 1.0 }
vertex[3144]=PF_PathVertex { x: 467.0, y: 381.0, tan_in_x: 467.0, tan_in_y: 381.0, tan_out_x: 467.0, tan_out_y: 381.0 }
vertex[3145]=PF_PathVertex { x: 1.190185546875, y: 1.0, tan_in_x: 1.190185546875, tan_in_y: 1.0, tan_out_x: 1.190185546875, tan_out_y: 1.0 }
vertex[3146]=PF_PathVertex { x: 466.0, y: 382.0, tan_in_x: 466.0, tan_in_y: 382.0, tan_out_x: 466.0, tan_out_y: 382.0 }
vertex[3147]=PF_PathVertex { x: 1.2490234375, y: 1.0, tan_in_x: 1.2490234375, tan_in_y: 1.0, tan_out_x: 1.2490234375, tan_out_y: 1.0 }
vertex[3148]=PF_PathVertex { x: 466.0, y: 383.0, tan_in_x: 466.0, tan_in_y: 383.0, tan_out_x: 466.0, tan_out_y: 383.0 }
vertex[3149]=PF_PathVertex { x: 1.1549072265625, y: 1.0, tan_in_x: 1.1549072265625, tan_in_y: 1.0, tan_out_x: 1.1549072265625, tan_out_y: 1.0 }
vertex[3150]=PF_PathVertex { x: 467.0, y: 382.0, tan_in_x: 467.0, tan_in_y: 382.0, tan_out_x: 467.0, tan_out_y: 382.0 }
vertex[3151]=PF_PathVertex { x: 1.049072265625, y: 1.0, tan_in_x: 1.049072265625, tan_in_y: 1.0, tan_out_x: 1.049072265625, tan_out_y: 1.0 }
vertex[3152]=PF_PathVertex { x: 468.0, y: 375.0, tan_in_x: 468.0, tan_in_y: 375.0, tan_out_x: 468.0, tan_out_y: 375.0 }
vertex[3153]=PF_PathVertex { x: 1.25, y: 2.0, tan_in_x: 1.25, tan_in_y: 2.0, tan_out_x: 1.25, tan_out_y: 2.0 }
vertex[3154]=PF_PathVertex { x: 469.0, y: 375.0, tan_in_x: 469.0, tan_in_y: 375.0, tan_out_x: 469.0, tan_out_y: 375.0 }
vertex[3155]=PF_PathVertex { x: 1.25, y: 2.0, tan_in_x: 1.25, tan_in_y: 2.0, tan_out_x: 1.25, tan_out_y: 2.0 }
vertex[3156]=PF_PathVertex { x: 470.0, y: 375.0, tan_in_x: 470.0, tan_in_y: 375.0, tan_out_x: 470.0, tan_out_y: 375.0 }
vertex[3157]=PF_PathVertex { x: 1.2490234375, y: 1.0, tan_in_x: 1.2490234375, tan_in_y: 1.0, tan_out_x: 1.2490234375, tan_out_y: 1.0 }
vertex[3158]=PF_PathVertex { x: 470.0, y: 376.0, tan_in_x: 470.0, tan_in_y: 376.0, tan_out_x: 470.0, tan_out_y: 376.0 }
vertex[3159]=PF_PathVertex { x: 1.1549072265625, y: 1.0, tan_in_x: 1.1549072265625, tan_in_y: 1.0, tan_out_x: 1.1549072265625, tan_out_y: 1.0 }
vertex[3160]=PF_PathVertex { x: 468.0, y: 377.0, tan_in_x: 468.0, tan_in_y: 377.0, tan_out_x: 468.0, tan_out_y: 377.0 }
vertex[3161]=PF_PathVertex { x: 1.25, y: 2.0, tan_in_x: 1.25, tan_in_y: 2.0, tan_out_x: 1.25, tan_out_y: 2.0 }
vertex[3162]=PF_PathVertex { x: 469.0, y: 377.0, tan_in_x: 469.0, tan_in_y: 377.0, tan_out_x: 469.0, tan_out_y: 377.0 }
vertex[3163]=PF_PathVertex { x: 1.23828125, y: 1.0, tan_in_x: 1.23828125, tan_in_y: 1.0, tan_out_x: 1.23828125, tan_out_y: 1.0 }
vertex[3164]=PF_PathVertex { x: 469.0, y: 378.0, tan_in_x: 469.0, tan_in_y: 378.0, tan_out_x: 469.0, tan_out_y: 378.0 }
vertex[3165]=PF_PathVertex { x: 1.11865234375, y: 1.0, tan_in_x: 1.11865234375, tan_in_y: 1.0, tan_out_x: 1.11865234375, tan_out_y: 1.0 }
vertex[3166]=PF_PathVertex { x: 470.0, y: 377.0, tan_in_x: 470.0, tan_in_y: 377.0, tan_out_x: 470.0, tan_out_y: 377.0 }
vertex[3167]=PF_PathVertex { x: 1.0235595703125, y: 1.0, tan_in_x: 1.0235595703125, tan_in_y: 1.0, tan_out_x: 1.0235595703125, tan_out_y: 1.0 }
vertex[3168]=PF_PathVertex { x: 471.0, y: 375.0, tan_in_x: 471.0, tan_in_y: 375.0, tan_out_x: 471.0, tan_out_y: 375.0 }
vertex[3169]=PF_PathVertex { x: 1.049072265625, y: 1.0, tan_in_x: 1.049072265625, tan_in_y: 1.0, tan_out_x: 1.049072265625, tan_out_y: 1.0 }
vertex[3170]=PF_PathVertex { x: 468.0, y: 379.0, tan_in_x: 468.0, tan_in_y: 379.0, tan_out_x: 468.0, tan_out_y: 379.0 }
vertex[3171]=PF_PathVertex { x: 1.2186279296875, y: 1.0, tan_in_x: 1.2186279296875, tan_in_y: 1.0, tan_out_x: 1.2186279296875, tan_out_y: 1.0 }
vertex[3172]=PF_PathVertex { x: 468.0, y: 380.0, tan_in_x: 468.0, tan_in_y: 380.0, tan_out_x: 468.0, tan_out_y: 380.0 }
vertex[3173]=PF_PathVertex { x: 1.0833740234375, y: 1.0, tan_in_x: 1.0833740234375, tan_in_y: 1.0, tan_out_x: 1.0833740234375, tan_out_y: 1.0 }
vertex[3174]=PF_PathVertex { x: 469.0, y: 379.0, tan_in_x: 469.0, tan_in_y: 379.0, tan_out_x: 469.0, tan_out_y: 379.0 }
vertex[3175]=PF_PathVertex { x: 1.0078125, y: 1.0, tan_in_x: 1.0078125, tan_in_y: 1.0, tan_out_x: 1.0078125, tan_out_y: 1.0 }
vertex[3176]=PF_PathVertex { x: 462.0, y: 384.0, tan_in_x: 462.0, tan_in_y: 384.0, tan_out_x: 462.0, tan_out_y: 384.0 }
vertex[3177]=PF_PathVertex { x: 3.25, y: 2.0, tan_in_x: 3.25, tan_in_y: 2.0, tan_out_x: 3.25, tan_out_y: 2.0 }
vertex[3178]=PF_PathVertex { x: 462.0, y: 386.0, tan_in_x: 462.0, tan_in_y: 386.0, tan_out_x: 462.0, tan_out_y: 386.0 }
vertex[3179]=PF_PathVertex { x: 1.25, y: 2.0, tan_in_x: 1.25, tan_in_y: 2.0, tan_out_x: 1.25, tan_out_y: 2.0 }
vertex[3180]=PF_PathVertex { x: 463.0, y: 386.0, tan_in_x: 463.0, tan_in_y: 386.0, tan_out_x: 463.0, tan_out_y: 386.0 }
vertex[3181]=PF_PathVertex { x: 1.25, y: 2.0, tan_in_x: 1.25, tan_in_y: 2.0, tan_out_x: 1.25, tan_out_y: 2.0 }
vertex[3182]=PF_PathVertex { x: 464.0, y: 386.0, tan_in_x: 464.0, tan_in_y: 386.0, tan_out_x: 464.0, tan_out_y: 386.0 }
vertex[3183]=PF_PathVertex { x: 1.2186279296875, y: 1.0, tan_in_x: 1.2186279296875, tan_in_y: 1.0, tan_out_x: 1.2186279296875, tan_out_y: 1.0 }
vertex[3184]=PF_PathVertex { x: 464.0, y: 387.0, tan_in_x: 464.0, tan_in_y: 387.0, tan_out_x: 464.0, tan_out_y: 387.0 }
vertex[3185]=PF_PathVertex { x: 1.0833740234375, y: 1.0, tan_in_x: 1.0833740234375, tan_in_y: 1.0, tan_out_x: 1.0833740234375, tan_out_y: 1.0 }
vertex[3186]=PF_PathVertex { x: 465.0, y: 384.0, tan_in_x: 465.0, tan_in_y: 384.0, tan_out_x: 465.0, tan_out_y: 384.0 }
vertex[3187]=PF_PathVertex { x: 1.23828125, y: 1.0, tan_in_x: 1.23828125, tan_in_y: 1.0, tan_out_x: 1.23828125, tan_out_y: 1.0 }
vertex[3188]=PF_PathVertex { x: 465.0, y: 385.0, tan_in_x: 465.0, tan_in_y: 385.0, tan_out_x: 465.0, tan_out_y: 385.0 }
vertex[3189]=PF_PathVertex { x: 1.11865234375, y: 1.0, tan_in_x: 1.11865234375, tan_in_y: 1.0, tan_out_x: 1.11865234375, tan_out_y: 1.0 }
vertex[3190]=PF_PathVertex { x: 466.0, y: 384.0, tan_in_x: 466.0, tan_in_y: 384.0, tan_out_x: 466.0, tan_out_y: 384.0 }
vertex[3191]=PF_PathVertex { x: 1.0235595703125, y: 1.0, tan_in_x: 1.0235595703125, tan_in_y: 1.0, tan_out_x: 1.0235595703125, tan_out_y: 1.0 }
vertex[3192]=PF_PathVertex { x: 465.0, y: 386.0, tan_in_x: 465.0, tan_in_y: 386.0, tan_out_x: 465.0, tan_out_y: 386.0 }
vertex[3193]=PF_PathVertex { x: 1.0078125, y: 1.0, tan_in_x: 1.0078125, tan_in_y: 1.0, tan_out_x: 1.0078125, tan_out_y: 1.0 }
vertex[3194]=PF_PathVertex { x: 462.0, y: 388.0, tan_in_x: 462.0, tan_in_y: 388.0, tan_out_x: 462.0, tan_out_y: 388.0 }
vertex[3195]=PF_PathVertex { x: 1.25, y: 1.0, tan_in_x: 1.25, tan_in_y: 1.0, tan_out_x: 1.25, tan_out_y: 1.0 }
vertex[3196]=PF_PathVertex { x: 462.0, y: 389.0, tan_in_x: 462.0, tan_in_y: 389.0, tan_out_x: 462.0, tan_out_y: 389.0 }
vertex[3197]=PF_PathVertex { x: 1.2490234375, y: 1.0, tan_in_x: 1.2490234375, tan_in_y: 1.0, tan_out_x: 1.2490234375, tan_out_y: 1.0 }
vertex[3198]=PF_PathVertex { x: 463.0, y: 388.0, tan_in_x: 463.0, tan_in_y: 388.0, tan_out_x: 463.0, tan_out_y: 388.0 }
vertex[3199]=PF_PathVertex { x: 1.190185546875, y: 1.0, tan_in_x: 1.190185546875, tan_in_y: 1.0, tan_out_x: 1.190185546875, tan_out_y: 1.0 }
vertex[3200]=PF_PathVertex { x: 463.0, y: 389.0, tan_in_x: 463.0, tan_in_y: 389.0, tan_out_x: 463.0, tan_out_y: 389.0 }
vertex[3201]=PF_PathVertex { x: 1.049072265625, y: 1.0, tan_in_x: 1.049072265625, tan_in_y: 1.0, tan_out_x: 1.049072265625, tan_out_y: 1.0 }
vertex[3202]=PF_PathVertex { x: 462.0, y: 390.0, tan_in_x: 462.0, tan_in_y: 390.0, tan_out_x: 462.0, tan_out_y: 390.0 }
vertex[3203]=PF_PathVertex { x: 1.1549072265625, y: 1.0, tan_in_x: 1.1549072265625, tan_in_y: 1.0, tan_out_x: 1.1549072265625, tan_out_y: 1.0 }
vertex[3204]=PF_PathVertex { x: 462.0, y: 391.0, tan_in_x: 462.0, tan_in_y: 391.0, tan_out_x: 462.0, tan_out_y: 391.0 }
vertex[3205]=PF_PathVertex { x: 1.0235595703125, y: 1.0, tan_in_x: 1.0235595703125, tan_in_y: 1.0, tan_out_x: 1.0235595703125, tan_out_y: 1.0 }
vertex[3206]=PF_PathVertex { x: 450.0, y: 393.0, tan_in_x: 450.0, tan_in_y: 393.0, tan_out_x: 450.0, tan_out_y: 393.0 }
vertex[3207]=PF_PathVertex { x: 6.25, y: 9.0, tan_in_x: 6.25, tan_in_y: 9.0, tan_out_x: 6.25, tan_out_y: 9.0 }
vertex[3208]=PF_PathVertex { x: 456.0, y: 393.0, tan_in_x: 456.0, tan_in_y: 393.0, tan_out_x: 456.0, tan_out_y: 393.0 }
vertex[3209]=PF_PathVertex { x: 3.25, y: 2.0, tan_in_x: 3.25, tan_in_y: 2.0, tan_out_x: 3.25, tan_out_y: 2.0 }
vertex[3210]=PF_PathVertex { x: 456.0, y: 395.0, tan_in_x: 456.0, tan_in_y: 395.0, tan_out_x: 456.0, tan_out_y: 395.0 }
vertex[3211]=PF_PathVertex { x: 1.25, y: 2.0, tan_in_x: 1.25, tan_in_y: 2.0, tan_out_x: 1.25, tan_out_y: 2.0 }
vertex[3212]=PF_PathVertex { x: 457.0, y: 395.0, tan_in_x: 457.0, tan_in_y: 395.0, tan_out_x: 457.0, tan_out_y: 395.0 }
vertex[3213]=PF_PathVertex { x: 1.25, y: 2.0, tan_in_x: 1.25, tan_in_y: 2.0, tan_out_x: 1.25, tan_out_y: 2.0 }
vertex[3214]=PF_PathVertex { x: 458.0, y: 395.0, tan_in_x: 458.0, tan_in_y: 395.0, tan_out_x: 458.0, tan_out_y: 395.0 }
vertex[3215]=PF_PathVertex { x: 1.25, y: 1.0, tan_in_x: 1.25, tan_in_y: 1.0, tan_out_x: 1.25, tan_out_y: 1.0 }
vertex[3216]=PF_PathVertex { x: 458.0, y: 396.0, tan_in_x: 458.0, tan_in_y: 396.0, tan_out_x: 458.0, tan_out_y: 396.0 }
vertex[3217]=PF_PathVertex { x: 1.2490234375, y: 1.0, tan_in_x: 1.2490234375, tan_in_y: 1.0, tan_out_x: 1.2490234375, tan_out_y: 1.0 }
vertex[3218]=PF_PathVertex { x: 459.0, y: 393.0, tan_in_x: 459.0, tan_in_y: 393.0, tan_out_x: 459.0, tan_out_y: 393.0 }
vertex[3219]=PF_PathVertex { x: 1.25, y: 2.0, tan_in_x: 1.25, tan_in_y: 2.0, tan_out_x: 1.25, tan_out_y: 2.0 }
vertex[3220]=PF_PathVertex { x: 460.0, y: 393.0, tan_in_x: 460.0, tan_in_y: 393.0, tan_out_x: 460.0, tan_out_y: 393.0 }
vertex[3221]=PF_PathVertex { x: 1.2186279296875, y: 1.0, tan_in_x: 1.2186279296875, tan_in_y: 1.0, tan_out_x: 1.2186279296875, tan_out_y: 1.0 }
vertex[3222]=PF_PathVertex { x: 460.0, y: 394.0, tan_in_x: 460.0, tan_in_y: 394.0, tan_out_x: 460.0, tan_out_y: 394.0 }
vertex[3223]=PF_PathVertex { x: 1.0833740234375, y: 1.0, tan_in_x: 1.0833740234375, tan_in_y: 1.0, tan_out_x: 1.0833740234375, tan_out_y: 1.0 }
vertex[3224]=PF_PathVertex { x: 461.0, y: 393.0, tan_in_x: 461.0, tan_in_y: 393.0, tan_out_x: 461.0, tan_out_y: 393.0 }
vertex[3225]=PF_PathVertex { x: 1.0078125, y: 1.0, tan_in_x: 1.0078125, tan_in_y: 1.0, tan_out_x: 1.0078125, tan_out_y: 1.0 }
vertex[3226]=PF_PathVertex { x: 459.0, y: 395.0, tan_in_x: 459.0, tan_in_y: 395.0, tan_out_x: 459.0, tan_out_y: 395.0 }
vertex[3227]=PF_PathVertex { x: 1.190185546875, y: 1.0, tan_in_x: 1.190185546875, tan_in_y: 1.0, tan_out_x: 1.190185546875, tan_out_y: 1.0 }
vertex[3228]=PF_PathVertex { x: 459.0, y: 396.0, tan_in_x: 459.0, tan_in_y: 396.0, tan_out_x: 459.0, tan_out_y: 396.0 }
vertex[3229]=PF_PathVertex { x: 1.049072265625, y: 1.0, tan_in_x: 1.049072265625, tan_in_y: 1.0, tan_out_x: 1.049072265625, tan_out_y: 1.0 }
vertex[3230]=PF_PathVertex { x: 456.0, y: 397.0, tan_in_x: 456.0, tan_in_y: 397.0, tan_out_x: 456.0, tan_out_y: 397.0 }
vertex[3231]=PF_PathVertex { x: 1.25, y: 2.0, tan_in_x: 1.25, tan_in_y: 2.0, tan_out_x: 1.25, tan_out_y: 2.0 }
vertex[3232]=PF_PathVertex { x: 457.0, y: 397.0, tan_in_x: 457.0, tan_in_y: 397.0, tan_out_x: 457.0, tan_out_y: 397.0 }
vertex[3233]=PF_PathVertex { x: 1.25, y: 1.0, tan_in_x: 1.25, tan_in_y: 1.0, tan_out_x: 1.25, tan_out_y: 1.0 }
vertex[3234]=PF_PathVertex { x: 457.0, y: 398.0, tan_in_x: 457.0, tan_in_y: 398.0, tan_out_x: 457.0, tan_out_y: 398.0 }
vertex[3235]=PF_PathVertex { x: 1.23828125, y: 1.0, tan_in_x: 1.23828125, tan_in_y: 1.0, tan_out_x: 1.23828125, tan_out_y: 1.0 }
vertex[3236]=PF_PathVertex { x: 458.0, y: 397.0, tan_in_x: 458.0, tan_in_y: 397.0, tan_out_x: 458.0, tan_out_y: 397.0 }
vertex[3237]=PF_PathVertex { x: 1.1549072265625, y: 1.0, tan_in_x: 1.1549072265625, tan_in_y: 1.0, tan_out_x: 1.1549072265625, tan_out_y: 1.0 }
vertex[3238]=PF_PathVertex { x: 458.0, y: 398.0, tan_in_x: 458.0, tan_in_y: 398.0, tan_out_x: 458.0, tan_out_y: 398.0 }
vertex[3239]=PF_PathVertex { x: 1.0235595703125, y: 1.0, tan_in_x: 1.0235595703125, tan_in_y: 1.0, tan_out_x: 1.0235595703125, tan_out_y: 1.0 }
vertex[3240]=PF_PathVertex { x: 456.0, y: 399.0, tan_in_x: 456.0, tan_in_y: 399.0, tan_out_x: 456.0, tan_out_y: 399.0 }
vertex[3241]=PF_PathVertex { x: 1.25, y: 1.0, tan_in_x: 1.25, tan_in_y: 1.0, tan_out_x: 1.25, tan_out_y: 1.0 }
vertex[3242]=PF_PathVertex { x: 456.0, y: 400.0, tan_in_x: 456.0, tan_in_y: 400.0, tan_out_x: 456.0, tan_out_y: 400.0 }
vertex[3243]=PF_PathVertex { x: 1.2186279296875, y: 1.0, tan_in_x: 1.2186279296875, tan_in_y: 1.0, tan_out_x: 1.2186279296875, tan_out_y: 1.0 }
vertex[3244]=PF_PathVertex { x: 456.0, y: 401.0, tan_in_x: 456.0, tan_in_y: 401.0, tan_out_x: 456.0, tan_out_y: 401.0 }
vertex[3245]=PF_PathVertex { x: 1.0833740234375, y: 1.0, tan_in_x: 1.0833740234375, tan_in_y: 1.0, tan_out_x: 1.0833740234375, tan_out_y: 1.0 }
vertex[3246]=PF_PathVertex { x: 457.0, y: 399.0, tan_in_x: 457.0, tan_in_y: 399.0, tan_out_x: 457.0, tan_out_y: 399.0 }
vertex[3247]=PF_PathVertex { x: 1.11865234375, y: 1.0, tan_in_x: 1.11865234375, tan_in_y: 1.0, tan_out_x: 1.11865234375, tan_out_y: 1.0 }
vertex[3248]=PF_PathVertex { x: 457.0, y: 400.0, tan_in_x: 457.0, tan_in_y: 400.0, tan_out_x: 457.0, tan_out_y: 400.0 }
vertex[3249]=PF_PathVertex { x: 1.0078125, y: 1.0, tan_in_x: 1.0078125, tan_in_y: 1.0, tan_out_x: 1.0078125, tan_out_y: 1.0 }
vertex[3250]=PF_PathVertex { x: 450.0, y: 402.0, tan_in_x: 450.0, tan_in_y: 402.0, tan_out_x: 450.0, tan_out_y: 402.0 }
vertex[3251]=PF_PathVertex { x: 3.25, y: 5.0, tan_in_x: 3.25, tan_in_y: 5.0, tan_out_x: 3.25, tan_out_y: 5.0 }
vertex[3252]=PF_PathVertex { x: 453.0, y: 402.0, tan_in_x: 453.0, tan_in_y: 402.0, tan_out_x: 453.0, tan_out_y: 402.0 }
vertex[3253]=PF_PathVertex { x: 1.25, y: 2.0, tan_in_x: 1.25, tan_in_y: 2.0, tan_out_x: 1.25, tan_out_y: 2.0 }
vertex[3254]=PF_PathVertex { x: 454.0, y: 402.0, tan_in_x: 454.0, tan_in_y: 402.0, tan_out_x: 454.0, tan_out_y: 402.0 }
vertex[3255]=PF_PathVertex { x: 1.25, y: 1.0, tan_in_x: 1.25, tan_in_y: 1.0, tan_out_x: 1.25, tan_out_y: 1.0 }
vertex[3256]=PF_PathVertex { x: 454.0, y: 403.0, tan_in_x: 454.0, tan_in_y: 403.0, tan_out_x: 454.0, tan_out_y: 403.0 }
vertex[3257]=PF_PathVertex { x: 1.2490234375, y: 1.0, tan_in_x: 1.2490234375, tan_in_y: 1.0, tan_out_x: 1.2490234375, tan_out_y: 1.0 }
vertex[3258]=PF_PathVertex { x: 455.0, y: 402.0, tan_in_x: 455.0, tan_in_y: 402.0, tan_out_x: 455.0, tan_out_y: 402.0 }
vertex[3259]=PF_PathVertex { x: 1.190185546875, y: 1.0, tan_in_x: 1.190185546875, tan_in_y: 1.0, tan_out_x: 1.190185546875, tan_out_y: 1.0 }
vertex[3260]=PF_PathVertex { x: 455.0, y: 403.0, tan_in_x: 455.0, tan_in_y: 403.0, tan_out_x: 455.0, tan_out_y: 403.0 }
vertex[3261]=PF_PathVertex { x: 1.049072265625, y: 1.0, tan_in_x: 1.049072265625, tan_in_y: 1.0, tan_out_x: 1.049072265625, tan_out_y: 1.0 }
vertex[3262]=PF_PathVertex { x: 453.0, y: 404.0, tan_in_x: 453.0, tan_in_y: 404.0, tan_out_x: 453.0, tan_out_y: 404.0 }
vertex[3263]=PF_PathVertex { x: 1.25, y: 1.0, tan_in_x: 1.25, tan_in_y: 1.0, tan_out_x: 1.25, tan_out_y: 1.0 }
vertex[3264]=PF_PathVertex { x: 453.0, y: 405.0, tan_in_x: 453.0, tan_in_y: 405.0, tan_out_x: 453.0, tan_out_y: 405.0 }
vertex[3265]=PF_PathVertex { x: 1.23828125, y: 1.0, tan_in_x: 1.23828125, tan_in_y: 1.0, tan_out_x: 1.23828125, tan_out_y: 1.0 }
vertex[3266]=PF_PathVertex { x: 453.0, y: 406.0, tan_in_x: 453.0, tan_in_y: 406.0, tan_out_x: 453.0, tan_out_y: 406.0 }
vertex[3267]=PF_PathVertex { x: 1.11865234375, y: 1.0, tan_in_x: 1.11865234375, tan_in_y: 1.0, tan_out_x: 1.11865234375, tan_out_y: 1.0 }
vertex[3268]=PF_PathVertex { x: 454.0, y: 404.0, tan_in_x: 454.0, tan_in_y: 404.0, tan_out_x: 454.0, tan_out_y: 404.0 }
vertex[3269]=PF_PathVertex { x: 1.1549072265625, y: 1.0, tan_in_x: 1.1549072265625, tan_in_y: 1.0, tan_out_x: 1.1549072265625, tan_out_y: 1.0 }
vertex[3270]=PF_PathVertex { x: 454.0, y: 405.0, tan_in_x: 454.0, tan_in_y: 405.0, tan_out_x: 454.0, tan_out_y: 405.0 }
vertex[3271]=PF_PathVertex { x: 1.0235595703125, y: 1.0, tan_in_x: 1.0235595703125, tan_in_y: 1.0, tan_out_x: 1.0235595703125, tan_out_y: 1.0 }
vertex[3272]=PF_PathVertex { x: 450.0, y: 407.0, tan_in_x: 450.0, tan_in_y: 407.0, tan_out_x: 450.0, tan_out_y: 407.0 }
vertex[3273]=PF_PathVertex { x: 1.25, y: 2.0, tan_in_x: 1.25, tan_in_y: 2.0, tan_out_x: 1.25, tan_out_y: 2.0 }
vertex[3274]=PF_PathVertex { x: 451.0, y: 407.0, tan_in_x: 451.0, tan_in_y: 407.0, tan_out_x: 451.0, tan_out_y: 407.0 }
vertex[3275]=PF_PathVertex { x: 1.25, y: 2.0, tan_in_x: 1.25, tan_in_y: 2.0, tan_out_x: 1.25, tan_out_y: 2.0 }
vertex[3276]=PF_PathVertex { x: 452.0, y: 407.0, tan_in_x: 452.0, tan_in_y: 407.0, tan_out_x: 452.0, tan_out_y: 407.0 }
vertex[3277]=PF_PathVertex { x: 1.2186279296875, y: 1.0, tan_in_x: 1.2186279296875, tan_in_y: 1.0, tan_out_x: 1.2186279296875, tan_out_y: 1.0 }
vertex[3278]=PF_PathVertex { x: 452.0, y: 408.0, tan_in_x: 452.0, tan_in_y: 408.0, tan_out_x: 452.0, tan_out_y: 408.0 }
vertex[3279]=PF_PathVertex { x: 1.0833740234375, y: 1.0, tan_in_x: 1.0833740234375, tan_in_y: 1.0, tan_out_x: 1.0833740234375, tan_out_y: 1.0 }
vertex[3280]=PF_PathVertex { x: 450.0, y: 409.0, tan_in_x: 450.0, tan_in_y: 409.0, tan_out_x: 450.0, tan_out_y: 409.0 }
vertex[3281]=PF_PathVertex { x: 1.25, y: 1.0, tan_in_x: 1.25, tan_in_y: 1.0, tan_out_x: 1.25, tan_out_y: 1.0 }
vertex[3282]=PF_PathVertex { x: 450.0, y: 410.0, tan_in_x: 450.0, tan_in_y: 410.0, tan_out_x: 450.0, tan_out_y: 410.0 }
vertex[3283]=PF_PathVertex { x: 1.2490234375, y: 1.0, tan_in_x: 1.2490234375, tan_in_y: 1.0, tan_out_x: 1.2490234375, tan_out_y: 1.0 }
vertex[3284]=PF_PathVertex { x: 450.0, y: 411.0, tan_in_x: 450.0, tan_in_y: 411.0, tan_out_x: 450.0, tan_out_y: 411.0 }
vertex[3285]=PF_PathVertex { x: 1.1549072265625, y: 1.0, tan_in_x: 1.1549072265625, tan_in_y: 1.0, tan_out_x: 1.1549072265625, tan_out_y: 1.0 }
vertex[3286]=PF_PathVertex { x: 451.0, y: 409.0, tan_in_x: 451.0, tan_in_y: 409.0, tan_out_x: 451.0, tan_out_y: 409.0 }
vertex[3287]=PF_PathVertex { x: 1.190185546875, y: 1.0, tan_in_x: 1.190185546875, tan_in_y: 1.0, tan_out_x: 1.190185546875, tan_out_y: 1.0 }
vertex[3288]=PF_PathVertex { x: 451.0, y: 410.0, tan_in_x: 451.0, tan_in_y: 410.0, tan_out_x: 451.0, tan_out_y: 410.0 }
vertex[3289]=PF_PathVertex { x: 1.049072265625, y: 1.0, tan_in_x: 1.049072265625, tan_in_y: 1.0, tan_out_x: 1.049072265625, tan_out_y: 1.0 }
vertex[3290]=PF_PathVertex { x: 453.0, y: 407.0, tan_in_x: 453.0, tan_in_y: 407.0, tan_out_x: 453.0, tan_out_y: 407.0 }
vertex[3291]=PF_PathVertex { x: 1.0078125, y: 1.0, tan_in_x: 1.0078125, tan_in_y: 1.0, tan_out_x: 1.0078125, tan_out_y: 1.0 }
vertex[3292]=PF_PathVertex { x: 450.0, y: 412.0, tan_in_x: 450.0, tan_in_y: 412.0, tan_out_x: 450.0, tan_out_y: 412.0 }
vertex[3293]=PF_PathVertex { x: 1.0235595703125, y: 1.0, tan_in_x: 1.0235595703125, tan_in_y: 1.0, tan_out_x: 1.0235595703125, tan_out_y: 1.0 }
vertex[3294]=PF_PathVertex { x: 500.0, y: 300.0, tan_in_x: 500.0, tan_in_y: 300.0, tan_out_x: 500.0, tan_out_y: 300.0 }
vertex[3295]=PF_PathVertex { x: 6.25, y: 9.0, tan_in_x: 6.25, tan_in_y: 9.0, tan_out_x: 6.25, tan_out_y: 9.0 }
vertex[3296]=PF_PathVertex { x: 506.0, y: 300.0, tan_in_x: 506.0, tan_in_y: 300.0, tan_out_x: 506.0, tan_out_y: 300.0 }
vertex[3297]=PF_PathVertex { x: 6.25, y: 4.0, tan_in_x: 6.25, tan_in_y: 4.0, tan_out_x: 6.25, tan_out_y: 4.0 }
vertex[3298]=PF_PathVertex { x: 506.0, y: 304.0, tan_in_x: 506.0, tan_in_y: 304.0, tan_out_x: 506.0, tan_out_y: 304.0 }
vertex[3299]=PF_PathVertex { x: 3.25, y: 5.0, tan_in_x: 3.25, tan_in_y: 5.0, tan_out_x: 3.25, tan_out_y: 5.0 }
vertex[3300]=PF_PathVertex { x: 509.0, y: 304.0, tan_in_x: 509.0, tan_in_y: 304.0, tan_out_x: 509.0, tan_out_y: 304.0 }
vertex[3301]=PF_PathVertex { x: 1.25, y: 2.0, tan_in_x: 1.25, tan_in_y: 2.0, tan_out_x: 1.25, tan_out_y: 2.0 }
vertex[3302]=PF_PathVertex { x: 510.0, y: 304.0, tan_in_x: 510.0, tan_in_y: 304.0, tan_out_x: 510.0, tan_out_y: 304.0 }
vertex[3303]=PF_PathVertex { x: 1.25, y: 1.0, tan_in_x: 1.25, tan_in_y: 1.0, tan_out_x: 1.25, tan_out_y: 1.0 }
vertex[3304]=PF_PathVertex { x: 510.0, y: 305.0, tan_in_x: 510.0, tan_in_y: 305.0, tan_out_x: 510.0, tan_out_y: 305.0 }
vertex[3305]=PF_PathVertex { x: 1.2490234375, y: 1.0, tan_in_x: 1.2490234375, tan_in_y: 1.0, tan_out_x: 1.2490234375, tan_out_y: 1.0 }
vertex[3306]=PF_PathVertex { x: 511.0, y: 304.0, tan_in_x: 511.0, tan_in_y: 304.0, tan_out_x: 511.0, tan_out_y: 304.0 }
vertex[3307]=PF_PathVertex { x: 1.190185546875, y: 1.0, tan_in_x: 1.190185546875, tan_in_y: 1.0, tan_out_x: 1.190185546875, tan_out_y: 1.0 }
vertex[3308]=PF_PathVertex { x: 511.0, y: 305.0, tan_in_x: 511.0, tan_in_y: 305.0, tan_out_x: 511.0, tan_out_y: 305.0 }
vertex[3309]=PF_PathVertex { x: 1.049072265625, y: 1.0, tan_in_x: 1.049072265625, tan_in_y: 1.0, tan_out_x: 1.049072265625, tan_out_y: 1.0 }
vertex[3310]=PF_PathVertex { x: 509.0, y: 306.0, tan_in_x: 509.0, tan_in_y: 306.0, tan_out_x: 509.0, tan_out_y: 306.0 }
vertex[3311]=PF_PathVertex { x: 1.25, y: 1.0, tan_in_x: 1.25, tan_in_y: 1.0, tan_out_x: 1.25, tan_out_y: 1.0 }
vertex[3312]=PF_PathVertex { x: 509.0, y: 307.0, tan_in_x: 509.0, tan_in_y: 307.0, tan_out_x: 509.0, tan_out_y: 307.0 }
vertex[3313]=PF_PathVertex { x: 1.23828125, y: 1.0, tan_in_x: 1.23828125, tan_in_y: 1.0, tan_out_x: 1.23828125, tan_out_y: 1.0 }
vertex[3314]=PF_PathVertex { x: 509.0, y: 308.0, tan_in_x: 509.0, tan_in_y: 308.0, tan_out_x: 509.0, tan_out_y: 308.0 }
vertex[3315]=PF_PathVertex { x: 1.11865234375, y: 1.0, tan_in_x: 1.11865234375, tan_in_y: 1.0, tan_out_x: 1.11865234375, tan_out_y: 1.0 }
vertex[3316]=PF_PathVertex { x: 510.0, y: 306.0, tan_in_x: 510.0, tan_in_y: 306.0, tan_out_x: 510.0, tan_out_y: 306.0 }
vertex[3317]=PF_PathVertex { x: 1.1549072265625, y: 1.0, tan_in_x: 1.1549072265625, tan_in_y: 1.0, tan_out_x: 1.1549072265625, tan_out_y: 1.0 }
vertex[3318]=PF_PathVertex { x: 510.0, y: 307.0, tan_in_x: 510.0, tan_in_y: 307.0, tan_out_x: 510.0, tan_out_y: 307.0 }
vertex[3319]=PF_PathVertex { x: 1.0235595703125, y: 1.0, tan_in_x: 1.0235595703125, tan_in_y: 1.0, tan_out_x: 1.0235595703125, tan_out_y: 1.0 }
vertex[3320]=PF_PathVertex { x: 500.0, y: 309.0, tan_in_x: 500.0, tan_in_y: 309.0, tan_out_x: 500.0, tan_out_y: 309.0 }
vertex[3321]=PF_PathVertex { x: 6.25, y: 4.0, tan_in_x: 6.25, tan_in_y: 4.0, tan_out_x: 6.25, tan_out_y: 4.0 }
vertex[3322]=PF_PathVertex { x: 500.0, y: 313.0, tan_in_x: 500.0, tan_in_y: 313.0, tan_out_x: 500.0, tan_out_y: 313.0 }
vertex[3323]=PF_PathVertex { x: 3.25, y: 5.0, tan_in_x: 3.25, tan_in_y: 5.0, tan_out_x: 3.25, tan_out_y: 5.0 }
vertex[3324]=PF_PathVertex { x: 503.0, y: 313.0, tan_in_x: 503.0, tan_in_y: 313.0, tan_out_x: 503.0, tan_out_y: 313.0 }
vertex[3325]=PF_PathVertex { x: 1.25, y: 2.0, tan_in_x: 1.25, tan_in_y: 2.0, tan_out_x: 1.25, tan_out_y: 2.0 }
vertex[3326]=PF_PathVertex { x: 504.0, y: 313.0, tan_in_x: 504.0, tan_in_y: 313.0, tan_out_x: 504.0, tan_out_y: 313.0 }
vertex[3327]=PF_PathVertex { x: 1.25, y: 2.0, tan_in_x: 1.25, tan_in_y: 2.0, tan_out_x: 1.25, tan_out_y: 2.0 }
vertex[3328]=PF_PathVertex { x: 505.0, y: 313.0, tan_in_x: 505.0, tan_in_y: 313.0, tan_out_x: 505.0, tan_out_y: 313.0 }
vertex[3329]=PF_PathVertex { x: 1.25, y: 1.0, tan_in_x: 1.25, tan_in_y: 1.0, tan_out_x: 1.25, tan_out_y: 1.0 }
vertex[3330]=PF_PathVertex { x: 505.0, y: 314.0, tan_in_x: 505.0, tan_in_y: 314.0, tan_out_x: 505.0, tan_out_y: 314.0 }
vertex[3331]=PF_PathVertex { x: 1.23828125, y: 1.0, tan_in_x: 1.23828125, tan_in_y: 1.0, tan_out_x: 1.23828125, tan_out_y: 1.0 }
vertex[3332]=PF_PathVertex { x: 503.0, y: 315.0, tan_in_x: 503.0, tan_in_y: 315.0, tan_out_x: 503.0, tan_out_y: 315.0 }
vertex[3333]=PF_PathVertex { x: 1.25, y: 3.0, tan_in_x: 1.25, tan_in_y: 3.0, tan_out_x: 1.25, tan_out_y: 3.0 }
vertex[3334]=PF_PathVertex { x: 504.0, y: 315.0, tan_in_x: 504.0, tan_in_y: 315.0, tan_out_x: 504.0, tan_out_y: 315.0 }
vertex[3335]=PF_PathVertex { x: 1.25, y: 1.0, tan_in_x: 1.25, tan_in_y: 1.0, tan_out_x: 1.25, tan_out_y: 1.0 }
vertex[3336]=PF_PathVertex { x: 505.0, y: 315.0, tan_in_x: 505.0, tan_in_y: 315.0, tan_out_x: 505.0, tan_out_y: 315.0 }
vertex[3337]=PF_PathVertex { x: 1.11865234375, y: 1.0, tan_in_x: 1.11865234375, tan_in_y: 1.0, tan_out_x: 1.11865234375, tan_out_y: 1.0 }
vertex[3338]=PF_PathVertex { x: 504.0, y: 316.0, tan_in_x: 504.0, tan_in_y: 316.0, tan_out_x: 504.0, tan_out_y: 316.0 }
vertex[3339]=PF_PathVertex { x: 1.2186279296875, y: 1.0, tan_in_x: 1.2186279296875, tan_in_y: 1.0, tan_out_x: 1.2186279296875, tan_out_y: 1.0 }
vertex[3340]=PF_PathVertex { x: 504.0, y: 317.0, tan_in_x: 504.0, tan_in_y: 317.0, tan_out_x: 504.0, tan_out_y: 317.0 }
vertex[3341]=PF_PathVertex { x: 1.0833740234375, y: 1.0, tan_in_x: 1.0833740234375, tan_in_y: 1.0, tan_out_x: 1.0833740234375, tan_out_y: 1.0 }
vertex[3342]=PF_PathVertex { x: 505.0, y: 316.0, tan_in_x: 505.0, tan_in_y: 316.0, tan_out_x: 505.0, tan_out_y: 316.0 }
vertex[3343]=PF_PathVertex { x: 1.0078125, y: 1.0, tan_in_x: 1.0078125, tan_in_y: 1.0, tan_out_x: 1.0078125, tan_out_y: 1.0 }
vertex[3344]=PF_PathVertex { x: 506.0, y: 309.0, tan_in_x: 506.0, tan_in_y: 309.0, tan_out_x: 506.0, tan_out_y: 309.0 }
vertex[3345]=PF_PathVertex { x: 1.25, y: 2.0, tan_in_x: 1.25, tan_in_y: 2.0, tan_out_x: 1.25, tan_out_y: 2.0 }
vertex[3346]=PF_PathVertex { x: 507.0, y: 309.0, tan_in_x: 507.0, tan_in_y: 309.0, tan_out_x: 507.0, tan_out_y: 309.0 }
vertex[3347]=PF_PathVertex { x: 1.25, y: 2.0, tan_in_x: 1.25, tan_in_y: 2.0, tan_out_x: 1.25, tan_out_y: 2.0 }
vertex[3348]=PF_PathVertex { x: 508.0, y: 309.0, tan_in_x: 508.0, tan_in_y: 309.0, tan_out_x: 508.0, tan_out_y: 309.0 }
vertex[3349]=PF_PathVertex { x: 1.2186279296875, y: 1.0, tan_in_x: 1.2186279296875, tan_in_y: 1.0, tan_out_x: 1.2186279296875, tan_out_y: 1.0 }
vertex[3350]=PF_PathVertex { x: 508.0, y: 310.0, tan_in_x: 508.0, tan_in_y: 310.0, tan_out_x: 508.0, tan_out_y: 310.0 }
vertex[3351]=PF_PathVertex { x: 1.0833740234375, y: 1.0, tan_in_x: 1.0833740234375, tan_in_y: 1.0, tan_out_x: 1.0833740234375, tan_out_y: 1.0 }
vertex[3352]=PF_PathVertex { x: 506.0, y: 311.0, tan_in_x: 506.0, tan_in_y: 311.0, tan_out_x: 506.0, tan_out_y: 311.0 }
vertex[3353]=PF_PathVertex { x: 1.25, y: 1.0, tan_in_x: 1.25, tan_in_y: 1.0, tan_out_x: 1.25, tan_out_y: 1.0 }
vertex[3354]=PF_PathVertex { x: 506.0, y: 312.0, tan_in_x: 506.0, tan_in_y: 312.0, tan_out_x: 506.0, tan_out_y: 312.0 }
vertex[3355]=PF_PathVertex { x: 1.2490234375, y: 1.0, tan_in_x: 1.2490234375, tan_in_y: 1.0, tan_out_x: 1.2490234375, tan_out_y: 1.0 }
vertex[3356]=PF_PathVertex { x: 507.0, y: 311.0, tan_in_x: 507.0, tan_in_y: 311.0, tan_out_x: 507.0, tan_out_y: 311.0 }
vertex[3357]=PF_PathVertex { x: 1.190185546875, y: 1.0, tan_in_x: 1.190185546875, tan_in_y: 1.0, tan_out_x: 1.190185546875, tan_out_y: 1.0 }
vertex[3358]=PF_PathVertex { x: 507.0, y: 312.0, tan_in_x: 507.0, tan_in_y: 312.0, tan_out_x: 507.0, tan_out_y: 312.0 }
vertex[3359]=PF_PathVertex { x: 1.049072265625, y: 1.0, tan_in_x: 1.049072265625, tan_in_y: 1.0, tan_out_x: 1.049072265625, tan_out_y: 1.0 }
vertex[3360]=PF_PathVertex { x: 509.0, y: 309.0, tan_in_x: 509.0, tan_in_y: 309.0, tan_out_x: 509.0, tan_out_y: 309.0 }
vertex[3361]=PF_PathVertex { x: 1.0078125, y: 1.0, tan_in_x: 1.0078125, tan_in_y: 1.0, tan_out_x: 1.0078125, tan_out_y: 1.0 }
vertex[3362]=PF_PathVertex { x: 506.0, y: 313.0, tan_in_x: 506.0, tan_in_y: 313.0, tan_out_x: 506.0, tan_out_y: 313.0 }
vertex[3363]=PF_PathVertex { x: 1.1549072265625, y: 1.0, tan_in_x: 1.1549072265625, tan_in_y: 1.0, tan_out_x: 1.1549072265625, tan_out_y: 1.0 }
vertex[3364]=PF_PathVertex { x: 506.0, y: 314.0, tan_in_x: 506.0, tan_in_y: 314.0, tan_out_x: 506.0, tan_out_y: 314.0 }
vertex[3365]=PF_PathVertex { x: 1.0235595703125, y: 1.0, tan_in_x: 1.0235595703125, tan_in_y: 1.0, tan_out_x: 1.0235595703125, tan_out_y: 1.0 }
vertex[3366]=PF_PathVertex { x: 512.0, y: 300.0, tan_in_x: 512.0, tan_in_y: 300.0, tan_out_x: 512.0, tan_out_y: 300.0 }
vertex[3367]=PF_PathVertex { x: 1.25, y: 2.0, tan_in_x: 1.25, tan_in_y: 2.0, tan_out_x: 1.25, tan_out_y: 2.0 }
vertex[3368]=PF_PathVertex { x: 513.0, y: 300.0, tan_in_x: 513.0, tan_in_y: 300.0, tan_out_x: 513.0, tan_out_y: 300.0 }
vertex[3369]=PF_PathVertex { x: 1.23828125, y: 1.0, tan_in_x: 1.23828125, tan_in_y: 1.0, tan_out_x: 1.23828125, tan_out_y: 1.0 }
vertex[3370]=PF_PathVertex { x: 513.0, y: 301.0, tan_in_x: 513.0, tan_in_y: 301.0, tan_out_x: 513.0, tan_out_y: 301.0 }
vertex[3371]=PF_PathVertex { x: 1.11865234375, y: 1.0, tan_in_x: 1.11865234375, tan_in_y: 1.0, tan_out_x: 1.11865234375, tan_out_y: 1.0 }
vertex[3372]=PF_PathVertex { x: 514.0, y: 300.0, tan_in_x: 514.0, tan_in_y: 300.0, tan_out_x: 514.0, tan_out_y: 300.0 }
vertex[3373]=PF_PathVertex { x: 1.0235595703125, y: 1.0, tan_in_x: 1.0235595703125, tan_in_y: 1.0, tan_out_x: 1.0235595703125, tan_out_y: 1.0 }
vertex[3374]=PF_PathVertex { x: 512.0, y: 302.0, tan_in_x: 512.0, tan_in_y: 302.0, tan_out_x: 512.0, tan_out_y: 302.0 }
vertex[3375]=PF_PathVertex { x: 1.2186279296875, y: 1.0, tan_in_x: 1.2186279296875, tan_in_y: 1.0, tan_out_x: 1.2186279296875, tan_out_y: 1.0 }
vertex[3376]=PF_PathVertex { x: 512.0, y: 303.0, tan_in_x: 512.0, tan_in_y: 303.0, tan_out_x: 512.0, tan_out_y: 303.0 }
vertex[3377]=PF_PathVertex { x: 1.0833740234375, y: 1.0, tan_in_x: 1.0833740234375, tan_in_y: 1.0, tan_out_x: 1.0833740234375, tan_out_y: 1.0 }
vertex[3378]=PF_PathVertex { x: 513.0, y: 302.0, tan_in_x: 513.0, tan_in_y: 302.0, tan_out_x: 513.0, tan_out_y: 302.0 }
vertex[3379]=PF_PathVertex { x: 1.0078125, y: 1.0, tan_in_x: 1.0078125, tan_in_y: 1.0, tan_out_x: 1.0078125, tan_out_y: 1.0 }
vertex[3380]=PF_PathVertex { x: 500.0, y: 318.0, tan_in_x: 500.0, tan_in_y: 318.0, tan_out_x: 500.0, tan_out_y: 318.0 }
vertex[3381]=PF_PathVertex { x: 1.25, y: 2.0, tan_in_x: 1.25, tan_in_y: 2.0, tan_out_x: 1.25, tan_out_y: 2.0 }
vertex[3382]=PF_PathVertex { x: 501.0, y: 318.0, tan_in_x: 501.0, tan_in_y: 318.0, tan_out_x: 501.0, tan_out_y: 318.0 }
vertex[3383]=PF_PathVertex { x: 1.25, y: 2.0, tan_in_x: 1.25, tan_in_y: 2.0, tan_out_x: 1.25, tan_out_y: 2.0 }
vertex[3384]=PF_PathVertex { x: 502.0, y: 318.0, tan_in_x: 502.0, tan_in_y: 318.0, tan_out_x: 502.0, tan_out_y: 318.0 }
vertex[3385]=PF_PathVertex { x: 1.25, y: 1.0, tan_in_x: 1.25, tan_in_y: 1.0, tan_out_x: 1.25, tan_out_y: 1.0 }
vertex[3386]=PF_PathVertex { x: 502.0, y: 319.0, tan_in_x: 502.0, tan_in_y: 319.0, tan_out_x: 502.0, tan_out_y: 319.0 }
vertex[3387]=PF_PathVertex { x: 1.2490234375, y: 1.0, tan_in_x: 1.2490234375, tan_in_y: 1.0, tan_out_x: 1.2490234375, tan_out_y: 1.0 }
vertex[3388]=PF_PathVertex { x: 500.0, y: 320.0, tan_in_x: 500.0, tan_in_y: 320.0, tan_out_x: 500.0, tan_out_y: 320.0 }
vertex[3389]=PF_PathVertex { x: 1.25, y: 2.0, tan_in_x: 1.25, tan_in_y: 2.0, tan_out_x: 1.25, tan_out_y: 2.0 }
vertex[3390]=PF_PathVertex { x: 501.0, y: 320.0, tan_in_x: 501.0, tan_in_y: 320.0, tan_out_x: 501.0, tan_out_y: 320.0 }
vertex[3391]=PF_PathVertex { x: 1.25, y: 1.0, tan_in_x: 1.25, tan_in_y: 1.0, tan_out_x: 1.25, tan_out_y: 1.0 }
vertex[3392]=PF_PathVertex { x: 501.0, y: 321.0, tan_in_x: 501.0, tan_in_y: 321.0, tan_out_x: 501.0, tan_out_y: 321.0 }
vertex[3393]=PF_PathVertex { x: 1.23828125, y: 1.0, tan_in_x: 1.23828125, tan_in_y: 1.0, tan_out_x: 1.23828125, tan_out_y: 1.0 }
vertex[3394]=PF_PathVertex { x: 502.0, y: 320.0, tan_in_x: 502.0, tan_in_y: 320.0, tan_out_x: 502.0, tan_out_y: 320.0 }
vertex[3395]=PF_PathVertex { x: 1.1549072265625, y: 1.0, tan_in_x: 1.1549072265625, tan_in_y: 1.0, tan_out_x: 1.1549072265625, tan_out_y: 1.0 }
vertex[3396]=PF_PathVertex { x: 502.0, y: 321.0, tan_in_x: 502.0, tan_in_y: 321.0, tan_out_x: 502.0, tan_out_y: 321.0 }
vertex[3397]=PF_PathVertex { x: 1.0235595703125, y: 1.0, tan_in_x: 1.0235595703125, tan_in_y: 1.0, tan_out_x: 1.0235595703125, tan_out_y: 1.0 }
vertex[3398]=PF_PathVertex { x: 503.0, y: 318.0, tan_in_x: 503.0, tan_in_y: 318.0, tan_out_x: 503.0, tan_out_y: 318.0 }
vertex[3399]=PF_PathVertex { x: 1.190185546875, y: 1.0, tan_in_x: 1.190185546875, tan_in_y: 1.0, tan_out_x: 1.190185546875, tan_out_y: 1.0 }
vertex[3400]=PF_PathVertex { x: 503.0, y: 319.0, tan_in_x: 503.0, tan_in_y: 319.0, tan_out_x: 503.0, tan_out_y: 319.0 }
vertex[3401]=PF_PathVertex { x: 1.049072265625, y: 1.0, tan_in_x: 1.049072265625, tan_in_y: 1.0, tan_out_x: 1.049072265625, tan_out_y: 1.0 }
vertex[3402]=PF_PathVertex { x: 500.0, y: 322.0, tan_in_x: 500.0, tan_in_y: 322.0, tan_out_x: 500.0, tan_out_y: 322.0 }
vertex[3403]=PF_PathVertex { x: 1.25, y: 1.0, tan_in_x: 1.25, tan_in_y: 1.0, tan_out_x: 1.25, tan_out_y: 1.0 }
vertex[3404]=PF_PathVertex { x: 500.0, y: 323.0, tan_in_x: 500.0, tan_in_y: 323.0, tan_out_x: 500.0, tan_out_y: 323.0 }
vertex[3405]=PF_PathVertex { x: 1.2186279296875, y: 1.0, tan_in_x: 1.2186279296875, tan_in_y: 1.0, tan_out_x: 1.2186279296875, tan_out_y: 1.0 }
vertex[3406]=PF_PathVertex { x: 501.0, y: 322.0, tan_in_x: 501.0, tan_in_y: 322.0, tan_out_x: 501.0, tan_out_y: 322.0 }
vertex[3407]=PF_PathVertex { x: 1.11865234375, y: 1.0, tan_in_x: 1.11865234375, tan_in_y: 1.0, tan_out_x: 1.11865234375, tan_out_y: 1.0 }
vertex[3408]=PF_PathVertex { x: 501.0, y: 323.0, tan_in_x: 501.0, tan_in_y: 323.0, tan_out_x: 501.0, tan_out_y: 323.0 }
vertex[3409]=PF_PathVertex { x: 1.0078125, y: 1.0, tan_in_x: 1.0078125, tan_in_y: 1.0, tan_out_x: 1.0078125, tan_out_y: 1.0 }
vertex[3410]=PF_PathVertex { x: 500.0, y: 324.0, tan_in_x: 500.0, tan_in_y: 324.0, tan_out_x: 500.0, tan_out_y: 324.0 }
vertex[3411]=PF_PathVertex { x: 1.0833740234375, y: 1.0, tan_in_x: 1.0833740234375, tan_in_y: 1.0, tan_out_x: 1.0833740234375, tan_out_y: 1.0 }
vertex[3412]=PF_PathVertex { x: 400.0, y: 450.0, tan_in_x: 400.0, tan_in_y: 450.0, tan_out_x: 400.0, tan_out_y: 450.0 }
vertex[3413]=PF_PathVertex { x: 12.25, y: 18.0, tan_in_x: 12.25, tan_in_y: 18.0, tan_out_x: 12.25, tan_out_y: 18.0 }
vertex[3414]=PF_PathVertex { x: 412.0, y: 450.0, tan_in_x: 412.0, tan_in_y: 450.0, tan_out_x: 412.0, tan_out_y: 450.0 }
vertex[3415]=PF_PathVertex { x: 6.25, y: 9.0, tan_in_x: 6.25, tan_in_y: 9.0, tan_out_x: 6.25, tan_out_y: 9.0 }
vertex[3416]=PF_PathVertex { x: 418.0, y: 450.0, tan_in_x: 418.0, tan_in_y: 450.0, tan_out_x: 418.0, tan_out_y: 450.0 }
vertex[3417]=PF_PathVertex { x: 7.25, y: 4.0, tan_in_x: 7.25, tan_in_y: 4.0, tan_out_x: 7.25, tan_out_y: 4.0 }
vertex[3418]=PF_PathVertex { x: 418.0, y: 454.0, tan_in_x: 418.0, tan_in_y: 454.0, tan_out_x: 418.0, tan_out_y: 454.0 }
vertex[3419]=PF_PathVertex { x: 3.25, y: 5.0, tan_in_x: 3.25, tan_in_y: 5.0, tan_out_x: 3.25, tan_out_y: 5.0 }
vertex[3420]=PF_PathVertex { x: 421.0, y: 454.0, tan_in_x: 421.0, tan_in_y: 454.0, tan_out_x: 421.0, tan_out_y: 454.0 }
vertex[3421]=PF_PathVertex { x: 4.25, y: 2.0, tan_in_x: 4.25, tan_in_y: 2.0, tan_out_x: 4.25, tan_out_y: 2.0 }
vertex[3422]=PF_PathVertex { x: 421.0, y: 456.0, tan_in_x: 421.0, tan_in_y: 456.0, tan_out_x: 421.0, tan_out_y: 456.0 }
vertex[3423]=PF_PathVertex { x: 2.25, y: 3.0, tan_in_x: 2.25, tan_in_y: 3.0, tan_out_x: 2.25, tan_out_y: 3.0 }
vertex[3424]=PF_PathVertex { x: 423.0, y: 456.0, tan_in_x: 423.0, tan_in_y: 456.0, tan_out_x: 423.0, tan_out_y: 456.0 }
vertex[3425]=PF_PathVertex { x: 1.25, y: 1.0, tan_in_x: 1.25, tan_in_y: 1.0, tan_out_x: 1.25, tan_out_y: 1.0 }
vertex[3426]=PF_PathVertex { x: 424.0, y: 456.0, tan_in_x: 424.0, tan_in_y: 456.0, tan_out_x: 424.0, tan_out_y: 456.0 }
vertex[3427]=PF_PathVertex { x: 1.2186279296875, y: 1.0, tan_in_x: 1.2186279296875, tan_in_y: 1.0, tan_out_x: 1.2186279296875, tan_out_y: 1.0 }
vertex[3428]=PF_PathVertex { x: 423.0, y: 457.0, tan_in_x: 423.0, tan_in_y: 457.0, tan_out_x: 423.0, tan_out_y: 457.0 }
vertex[3429]=PF_PathVertex { x: 1.25, y: 1.0, tan_in_x: 1.25, tan_in_y: 1.0, tan_out_x: 1.25, tan_out_y: 1.0 }
vertex[3430]=PF_PathVertex { x: 423.0, y: 458.0, tan_in_x: 423.0, tan_in_y: 458.0, tan_out_x: 423.0, tan_out_y: 458.0 }
vertex[3431]=PF_PathVertex { x: 1.190185546875, y: 1.0, tan_in_x: 1.190185546875, tan_in_y: 1.0, tan_out_x: 1.190185546875, tan_out_y: 1.0 }
vertex[3432]=PF_PathVertex { x: 424.0, y: 457.0, tan_in_x: 424.0, tan_in_y: 457.0, tan_out_x: 424.0, tan_out_y: 457.0 }
vertex[3433]=PF_PathVertex { x: 1.0833740234375, y: 1.0, tan_in_x: 1.0833740234375, tan_in_y: 1.0, tan_out_x: 1.0833740234375, tan_out_y: 1.0 }
vertex[3434]=PF_PathVertex { x: 412.0, y: 459.0, tan_in_x: 412.0, tan_in_y: 459.0, tan_out_x: 412.0, tan_out_y: 459.0 }
vertex[3435]=PF_PathVertex { x: 6.25, y: 9.0, tan_in_x: 6.25, tan_in_y: 9.0, tan_out_x: 6.25, tan_out_y: 9.0 }
vertex[3436]=PF_PathVertex { x: 418.0, y: 459.0, tan_in_x: 418.0, tan_in_y: 459.0, tan_out_x: 418.0, tan_out_y: 459.0 }
vertex[3437]=PF_PathVertex { x: 3.25, y: 4.0, tan_in_x: 3.25, tan_in_y: 4.0, tan_out_x: 3.25, tan_out_y: 4.0 }
vertex[3438]=PF_PathVertex { x: 421.0, y: 459.0, tan_in_x: 421.0, tan_in_y: 459.0, tan_out_x: 421.0, tan_out_y: 459.0 }
vertex[3439]=PF_PathVertex { x: 1.25, y: 2.0, tan_in_x: 1.25, tan_in_y: 2.0, tan_out_x: 1.25, tan_out_y: 2.0 }
vertex[3440]=PF_PathVertex { x: 422.0, y: 459.0, tan_in_x: 422.0, tan_in_y: 459.0, tan_out_x: 422.0, tan_out_y: 459.0 }
vertex[3441]=PF_PathVertex { x: 1.2490234375, y: 1.0, tan_in_x: 1.2490234375, tan_in_y: 1.0, tan_out_x: 1.2490234375, tan_out_y: 1.0 }
vertex[3442]=PF_PathVertex { x: 422.0, y: 460.0, tan_in_x: 422.0, tan_in_y: 460.0, tan_out_x: 422.0, tan_out_y: 460.0 }
vertex[3443]=PF_PathVertex { x: 1.1549072265625, y: 1.0, tan_in_x: 1.1549072265625, tan_in_y: 1.0, tan_out_x: 1.1549072265625, tan_out_y: 1.0 }
vertex[3444]=PF_PathVertex { x: 421.0, y: 461.0, tan_in_x: 421.0, tan_in_y: 461.0, tan_out_x: 421.0, tan_out_y: 461.0 }
vertex[3445]=PF_PathVertex { x: 1.23828125, y: 1.0, tan_in_x: 1.23828125, tan_in_y: 1.0, tan_out_x: 1.23828125, tan_out_y: 1.0 }
vertex[3446]=PF_PathVertex { x: 421.0, y: 462.0, tan_in_x: 421.0, tan_in_y: 462.0, tan_out_x: 421.0, tan_out_y: 462.0 }
vertex[3447]=PF_PathVertex { x: 1.11865234375, y: 1.0, tan_in_x: 1.11865234375, tan_in_y: 1.0, tan_out_x: 1.11865234375, tan_out_y: 1.0 }
vertex[3448]=PF_PathVertex { x: 422.0, y: 461.0, tan_in_x: 422.0, tan_in_y: 461.0, tan_out_x: 422.0, tan_out_y: 461.0 }
vertex[3449]=PF_PathVertex { x: 1.0235595703125, y: 1.0, tan_in_x: 1.0235595703125, tan_in_y: 1.0, tan_out_x: 1.0235595703125, tan_out_y: 1.0 }
vertex[3450]=PF_PathVertex { x: 423.0, y: 459.0, tan_in_x: 423.0, tan_in_y: 459.0, tan_out_x: 423.0, tan_out_y: 459.0 }
vertex[3451]=PF_PathVertex { x: 1.049072265625, y: 1.0, tan_in_x: 1.049072265625, tan_in_y: 1.0, tan_out_x: 1.049072265625, tan_out_y: 1.0 }
vertex[3452]=PF_PathVertex { x: 418.0, y: 463.0, tan_in_x: 418.0, tan_in_y: 463.0, tan_out_x: 418.0, tan_out_y: 463.0 }
vertex[3453]=PF_PathVertex { x: 1.25, y: 2.0, tan_in_x: 1.25, tan_in_y: 2.0, tan_out_x: 1.25, tan_out_y: 2.0 }
vertex[3454]=PF_PathVertex { x: 419.0, y: 463.0, tan_in_x: 419.0, tan_in_y: 463.0, tan_out_x: 419.0, tan_out_y: 463.0 }
vertex[3455]=PF_PathVertex { x: 1.25, y: 2.0, tan_in_x: 1.25, tan_in_y: 2.0, tan_out_x: 1.25, tan_out_y: 2.0 }
vertex[3456]=PF_PathVertex { x: 420.0, y: 463.0, tan_in_x: 420.0, tan_in_y: 463.0, tan_out_x: 420.0, tan_out_y: 463.0 }
vertex[3457]=PF_PathVertex { x: 1.2186279296875, y: 1.0, tan_in_x: 1.2186279296875, tan_in_y: 1.0, tan_out_x: 1.2186279296875, tan_out_y: 1.0 }
vertex[3458]=PF_PathVertex { x: 420.0, y: 464.0, tan_in_x: 420.0, tan_in_y: 464.0, tan_out_x: 420.0, tan_out_y: 464.0 }
vertex[3459]=PF_PathVertex { x: 1.0833740234375, y: 1.0, tan_in_x: 1.0833740234375, tan_in_y: 1.0, tan_out_x: 1.0833740234375, tan_out_y: 1.0 }
vertex[3460]=PF_PathVertex { x: 418.0, y: 465.0, tan_in_x: 418.0, tan_in_y: 465.0, tan_out_x: 418.0, tan_out_y: 465.0 }
vertex[3461]=PF_PathVertex { x: 1.25, y: 1.0, tan_in_x: 1.25, tan_in_y: 1.0, tan_out_x: 1.25, tan_out_y: 1.0 }
vertex[3462]=PF_PathVertex { x: 418.0, y: 466.0, tan_in_x: 418.0, tan_in_y: 466.0, tan_out_x: 418.0, tan_out_y: 466.0 }
vertex[3463]=PF_PathVertex { x: 1.2490234375, y: 1.0, tan_in_x: 1.2490234375, tan_in_y: 1.0, tan_out_x: 1.2490234375, tan_out_y: 1.0 }
vertex[3464]=PF_PathVertex { x: 418.0, y: 467.0, tan_in_x: 418.0, tan_in_y: 467.0, tan_out_x: 418.0, tan_out_y: 467.0 }
vertex[3465]=PF_PathVertex { x: 1.1549072265625, y: 1.0, tan_in_x: 1.1549072265625, tan_in_y: 1.0, tan_out_x: 1.1549072265625, tan_out_y: 1.0 }
vertex[3466]=PF_PathVertex { x: 419.0, y: 465.0, tan_in_x: 419.0, tan_in_y: 465.0, tan_out_x: 419.0, tan_out_y: 465.0 }
vertex[3467]=PF_PathVertex { x: 1.190185546875, y: 1.0, tan_in_x: 1.190185546875, tan_in_y: 1.0, tan_out_x: 1.190185546875, tan_out_y: 1.0 }
vertex[3468]=PF_PathVertex { x: 419.0, y: 466.0, tan_in_x: 419.0, tan_in_y: 466.0, tan_out_x: 419.0, tan_out_y: 466.0 }
vertex[3469]=PF_PathVertex { x: 1.049072265625, y: 1.0, tan_in_x: 1.049072265625, tan_in_y: 1.0, tan_out_x: 1.049072265625, tan_out_y: 1.0 }
vertex[3470]=PF_PathVertex { x: 421.0, y: 463.0, tan_in_x: 421.0, tan_in_y: 463.0, tan_out_x: 421.0, tan_out_y: 463.0 }
vertex[3471]=PF_PathVertex { x: 1.0078125, y: 1.0, tan_in_x: 1.0078125, tan_in_y: 1.0, tan_out_x: 1.0078125, tan_out_y: 1.0 }
vertex[3472]=PF_PathVertex { x: 400.0, y: 468.0, tan_in_x: 400.0, tan_in_y: 468.0, tan_out_x: 400.0, tan_out_y: 468.0 }
vertex[3473]=PF_PathVertex { x: 12.25, y: 9.0, tan_in_x: 12.25, tan_in_y: 9.0, tan_out_x: 12.25, tan_out_y: 9.0 }
vertex[3474]=PF_PathVertex { x: 400.0, y: 477.0, tan_in_x: 400.0, tan_in_y: 477.0, tan_out_x: 400.0, tan_out_y: 477.0 }
vertex[3475]=PF_PathVertex { x: 6.25, y: 10.0, tan_in_x: 6.25, tan_in_y: 10.0, tan_out_x: 6.25, tan_out_y: 10.0 }
vertex[3476]=PF_PathVertex { x: 406.0, y: 477.0, tan_in_x: 406.0, tan_in_y: 477.0, tan_out_x: 406.0, tan_out_y: 477.0 }
vertex[3477]=PF_PathVertex { x: 3.25, y: 5.0, tan_in_x: 3.25, tan_in_y: 5.0, tan_out_x: 3.25, tan_out_y: 5.0 }
vertex[3478]=PF_PathVertex { x: 409.0, y: 477.0, tan_in_x: 409.0, tan_in_y: 477.0, tan_out_x: 409.0, tan_out_y: 477.0 }
vertex[3479]=PF_PathVertex { x: 3.25, y: 2.0, tan_in_x: 3.25, tan_in_y: 2.0, tan_out_x: 3.25, tan_out_y: 2.0 }
vertex[3480]=PF_PathVertex { x: 409.0, y: 479.0, tan_in_x: 409.0, tan_in_y: 479.0, tan_out_x: 409.0, tan_out_y: 479.0 }
vertex[3481]=PF_PathVertex { x: 1.25, y: 3.0, tan_in_x: 1.25, tan_in_y: 3.0, tan_out_x: 1.25, tan_out_y: 3.0 }
vertex[3482]=PF_PathVertex { x: 410.0, y: 479.0, tan_in_x: 410.0, tan_in_y: 479.0, tan_out_x: 410.0, tan_out_y: 479.0 }
vertex[3483]=PF_PathVertex { x: 1.25, y: 1.0, tan_in_x: 1.25, tan_in_y: 1.0, tan_out_x: 1.25, tan_out_y: 1.0 }
vertex[3484]=PF_PathVertex { x: 411.0, y: 479.0, tan_in_x: 411.0, tan_in_y: 479.0, tan_out_x: 411.0, tan_out_y: 479.0 }
vertex[3485]=PF_PathVertex { x: 1.190185546875, y: 1.0, tan_in_x: 1.190185546875, tan_in_y: 1.0, tan_out_x: 1.190185546875, tan_out_y: 1.0 }
vertex[3486]=PF_PathVertex { x: 410.0, y: 480.0, tan_in_x: 410.0, tan_in_y: 480.0, tan_out_x: 410.0, tan_out_y: 480.0 }
vertex[3487]=PF_PathVertex { x: 1.2490234375, y: 1.0, tan_in_x: 1.2490234375, tan_in_y: 1.0, tan_out_x: 1.2490234375, tan_out_y: 1.0 }
vertex[3488]=PF_PathVertex { x: 410.0, y: 481.0, tan_in_x: 410.0, tan_in_y: 481.0, tan_out_x: 410.0, tan_out_y: 481.0 }
vertex[3489]=PF_PathVertex { x: 1.1549072265625, y: 1.0, tan_in_x: 1.1549072265625, tan_in_y: 1.0, tan_out_x: 1.1549072265625, tan_out_y: 1.0 }
vertex[3490]=PF_PathVertex { x: 411.0, y: 480.0, tan_in_x: 411.0, tan_in_y: 480.0, tan_out_x: 411.0, tan_out_y: 480.0 }
vertex[3491]=PF_PathVertex { x: 1.049072265625, y: 1.0, tan_in_x: 1.049072265625, tan_in_y: 1.0, tan_out_x: 1.049072265625, tan_out_y: 1.0 }
vertex[3492]=PF_PathVertex { x: 406.0, y: 482.0, tan_in_x: 406.0, tan_in_y: 482.0, tan_out_x: 406.0, tan_out_y: 482.0 }
vertex[3493]=PF_PathVertex { x: 3.25, y: 2.0, tan_in_x: 3.25, tan_in_y: 2.0, tan_out_x: 3.25, tan_out_y: 2.0 }
vertex[3494]=PF_PathVertex { x: 406.0, y: 484.0, tan_in_x: 406.0, tan_in_y: 484.0, tan_out_x: 406.0, tan_out_y: 484.0 }
vertex[3495]=PF_PathVertex { x: 1.25, y: 3.0, tan_in_x: 1.25, tan_in_y: 3.0, tan_out_x: 1.25, tan_out_y: 3.0 }
vertex[3496]=PF_PathVertex { x: 407.0, y: 484.0, tan_in_x: 407.0, tan_in_y: 484.0, tan_out_x: 407.0, tan_out_y: 484.0 }
vertex[3497]=PF_PathVertex { x: 1.25, y: 1.0, tan_in_x: 1.25, tan_in_y: 1.0, tan_out_x: 1.25, tan_out_y: 1.0 }
vertex[3498]=PF_PathVertex { x: 408.0, y: 484.0, tan_in_x: 408.0, tan_in_y: 484.0, tan_out_x: 408.0, tan_out_y: 484.0 }
vertex[3499]=PF_PathVertex { x: 1.2186279296875, y: 1.0, tan_in_x: 1.2186279296875, tan_in_y: 1.0, tan_out_x: 1.2186279296875, tan_out_y: 1.0 }
vertex[3500]=PF_PathVertex { x: 407.0, y: 485.0, tan_in_x: 407.0, tan_in_y: 485.0, tan_out_x: 407.0, tan_out_y: 485.0 }
vertex[3501]=PF_PathVertex { x: 1.25, y: 1.0, tan_in_x: 1.25, tan_in_y: 1.0, tan_out_x: 1.25, tan_out_y: 1.0 }
vertex[3502]=PF_PathVertex { x: 407.0, y: 486.0, tan_in_x: 407.0, tan_in_y: 486.0, tan_out_x: 407.0, tan_out_y: 486.0 }
vertex[3503]=PF_PathVertex { x: 1.190185546875, y: 1.0, tan_in_x: 1.190185546875, tan_in_y: 1.0, tan_out_x: 1.190185546875, tan_out_y: 1.0 }
vertex[3504]=PF_PathVertex { x: 408.0, y: 485.0, tan_in_x: 408.0, tan_in_y: 485.0, tan_out_x: 408.0, tan_out_y: 485.0 }
vertex[3505]=PF_PathVertex { x: 1.0833740234375, y: 1.0, tan_in_x: 1.0833740234375, tan_in_y: 1.0, tan_out_x: 1.0833740234375, tan_out_y: 1.0 }
vertex[3506]=PF_PathVertex { x: 409.0, y: 482.0, tan_in_x: 409.0, tan_in_y: 482.0, tan_out_x: 409.0, tan_out_y: 482.0 }
vertex[3507]=PF_PathVertex { x: 1.23828125, y: 1.0, tan_in_x: 1.23828125, tan_in_y: 1.0, tan_out_x: 1.23828125, tan_out_y: 1.0 }
vertex[3508]=PF_PathVertex { x: 409.0, y: 483.0, tan_in_x: 409.0, tan_in_y: 483.0, tan_out_x: 409.0, tan_out_y: 483.0 }
vertex[3509]=PF_PathVertex { x: 1.11865234375, y: 1.0, tan_in_x: 1.11865234375, tan_in_y: 1.0, tan_out_x: 1.11865234375, tan_out_y: 1.0 }
vertex[3510]=PF_PathVertex { x: 410.0, y: 482.0, tan_in_x: 410.0, tan_in_y: 482.0, tan_out_x: 410.0, tan_out_y: 482.0 }
vertex[3511]=PF_PathVertex { x: 1.0235595703125, y: 1.0, tan_in_x: 1.0235595703125, tan_in_y: 1.0, tan_out_x: 1.0235595703125, tan_out_y: 1.0 }
vertex[3512]=PF_PathVertex { x: 409.0, y: 484.0, tan_in_x: 409.0, tan_in_y: 484.0, tan_out_x: 409.0, tan_out_y: 484.0 }
vertex[3513]=PF_PathVertex { x: 1.0078125, y: 1.0, tan_in_x: 1.0078125, tan_in_y: 1.0, tan_out_x: 1.0078125, tan_out_y: 1.0 }
vertex[3514]=PF_PathVertex { x: 412.0, y: 468.0, tan_in_x: 412.0, tan_in_y: 468.0, tan_out_x: 412.0, tan_out_y: 468.0 }
vertex[3515]=PF_PathVertex { x: 3.25, y: 4.0, tan_in_x: 3.25, tan_in_y: 4.0, tan_out_x: 3.25, tan_out_y: 4.0 }
vertex[3516]=PF_PathVertex { x: 415.0, y: 468.0, tan_in_x: 415.0, tan_in_y: 468.0, tan_out_x: 415.0, tan_out_y: 468.0 }
vertex[3517]=PF_PathVertex { x: 1.25, y: 2.0, tan_in_x: 1.25, tan_in_y: 2.0, tan_out_x: 1.25, tan_out_y: 2.0 }
vertex[3518]=PF_PathVertex { x: 416.0, y: 468.0, tan_in_x: 416.0, tan_in_y: 468.0, tan_out_x: 416.0, tan_out_y: 468.0 }
vertex[3519]=PF_PathVertex { x: 1.25, y: 2.0, tan_in_x: 1.25, tan_in_y: 2.0, tan_out_x: 1.25, tan_out_y: 2.0 }
vertex[3520]=PF_PathVertex { x: 417.0, y: 468.0, tan_in_x: 417.0, tan_in_y: 468.0, tan_out_x: 417.0, tan_out_y: 468.0 }
vertex[3521]=PF_PathVertex { x: 1.23828125, y: 1.0, tan_in_x: 1.23828125, tan_in_y: 1.0, tan_out_x: 1.23828125, tan_out_y: 1.0 }
vertex[3522]=PF_PathVertex { x: 417.0, y: 469.0, tan_in_x: 417.0, tan_in_y: 469.0, tan_out_x: 417.0, tan_out_y: 469.0 }
vertex[3523]=PF_PathVertex { x: 1.11865234375, y: 1.0, tan_in_x: 1.11865234375, tan_in_y: 1.0, tan_out_x: 1.11865234375, tan_out_y: 1.0 }
vertex[3524]=PF_PathVertex { x: 415.0, y: 470.0, tan_in_x: 415.0, tan_in_y: 470.0, tan_out_x: 415.0, tan_out_y: 470.0 }
vertex[3525]=PF_PathVertex { x: 1.25, y: 2.0, tan_in_x: 1.25, tan_in_y: 2.0, tan_out_x: 1.25, tan_out_y: 2.0 }
vertex[3526]=PF_PathVertex { x: 416.0, y: 470.0, tan_in_x: 416.0, tan_in_y: 470.0, tan_out_x: 416.0, tan_out_y: 470.0 }
vertex[3527]=PF_PathVertex { x: 1.2186279296875, y: 1.0, tan_in_x: 1.2186279296875, tan_in_y: 1.0, tan_out_x: 1.2186279296875, tan_out_y: 1.0 }
vertex[3528]=PF_PathVertex { x: 416.0, y: 471.0, tan_in_x: 416.0, tan_in_y: 471.0, tan_out_x: 416.0, tan_out_y: 471.0 }
vertex[3529]=PF_PathVertex { x: 1.0833740234375, y: 1.0, tan_in_x: 1.0833740234375, tan_in_y: 1.0, tan_out_x: 1.0833740234375, tan_out_y: 1.0 }
vertex[3530]=PF_PathVertex { x: 417.0, y: 470.0, tan_in_x: 417.0, tan_in_y: 470.0, tan_out_x: 417.0, tan_out_y: 470.0 }
vertex[3531]=PF_PathVertex { x: 1.0078125, y: 1.0, tan_in_x: 1.0078125, tan_in_y: 1.0, tan_out_x: 1.0078125, tan_out_y: 1.0 }
vertex[3532]=PF_PathVertex { x: 412.0, y: 472.0, tan_in_x: 412.0, tan_in_y: 472.0, tan_out_x: 412.0, tan_out_y: 472.0 }
vertex[3533]=PF_PathVertex { x: 1.25, y: 2.0, tan_in_x: 1.25, tan_in_y: 2.0, tan_out_x: 1.25, tan_out_y: 2.0 }
vertex[3534]=PF_PathVertex { x: 413.0, y: 472.0, tan_in_x: 413.0, tan_in_y: 472.0, tan_out_x: 413.0, tan_out_y: 472.0 }
vertex[3535]=PF_PathVertex { x: 1.25, y: 2.0, tan_in_x: 1.25, tan_in_y: 2.0, tan_out_x: 1.25, tan_out_y: 2.0 }
vertex[3536]=PF_PathVertex { x: 414.0, y: 472.0, tan_in_x: 414.0, tan_in_y: 472.0, tan_out_x: 414.0, tan_out_y: 472.0 }
vertex[3537]=PF_PathVertex { x: 1.25, y: 1.0, tan_in_x: 1.25, tan_in_y: 1.0, tan_out_x: 1.25, tan_out_y: 1.0 }
vertex[3538]=PF_PathVertex { x: 414.0, y: 473.0, tan_in_x: 414.0, tan_in_y: 473.0, tan_out_x: 414.0, tan_out_y: 473.0 }
vertex[3539]=PF_PathVertex { x: 1.2490234375, y: 1.0, tan_in_x: 1.2490234375, tan_in_y: 1.0, tan_out_x: 1.2490234375, tan_out_y: 1.0 }
vertex[3540]=PF_PathVertex { x: 412.0, y: 474.0, tan_in_x: 412.0, tan_in_y: 474.0, tan_out_x: 412.0, tan_out_y: 474.0 }
vertex[3541]=PF_PathVertex { x: 1.25, y: 3.0, tan_in_x: 1.25, tan_in_y: 3.0, tan_out_x: 1.25, tan_out_y: 3.0 }
vertex[3542]=PF_PathVertex { x: 413.0, y: 474.0, tan_in_x: 413.0, tan_in_y: 474.0, tan_out_x: 413.0, tan_out_y: 474.0 }
vertex[3543]=PF_PathVertex { x: 1.25, y: 1.0, tan_in_x: 1.25, tan_in_y: 1.0, tan_out_x: 1.25, tan_out_y: 1.0 }
vertex[3544]=PF_PathVertex { x: 414.0, y: 474.0, tan_in_x: 414.0, tan_in_y: 474.0, tan_out_x: 414.0, tan_out_y: 474.0 }
vertex[3545]=PF_PathVertex { x: 1.1549072265625, y: 1.0, tan_in_x: 1.1549072265625, tan_in_y: 1.0, tan_out_x: 1.1549072265625, tan_out_y: 1.0 }
vertex[3546]=PF_PathVertex { x: 413.0, y: 475.0, tan_in_x: 413.0, tan_in_y: 475.0, tan_out_x: 413.0, tan_out_y: 475.0 }
vertex[3547]=PF_PathVertex { x: 1.23828125, y: 1.0, tan_in_x: 1.23828125, tan_in_y: 1.0, tan_out_x: 1.23828125, tan_out_y: 1.0 }
vertex[3548]=PF_PathVertex { x: 413.0, y: 476.0, tan_in_x: 413.0, tan_in_y: 476.0, tan_out_x: 413.0, tan_out_y: 476.0 }
vertex[3549]=PF_PathVertex { x: 1.11865234375, y: 1.0, tan_in_x: 1.11865234375, tan_in_y: 1.0, tan_out_x: 1.11865234375, tan_out_y: 1.0 }
vertex[3550]=PF_PathVertex { x: 414.0, y: 475.0, tan_in_x: 414.0, tan_in_y: 475.0, tan_out_x: 414.0, tan_out_y: 475.0 }
vertex[3551]=PF_PathVertex { x: 1.0235595703125, y: 1.0, tan_in_x: 1.0235595703125, tan_in_y: 1.0, tan_out_x: 1.0235595703125, tan_out_y: 1.0 }
vertex[3552]=PF_PathVertex { x: 415.0, y: 472.0, tan_in_x: 415.0, tan_in_y: 472.0, tan_out_x: 415.0, tan_out_y: 472.0 }
vertex[3553]=PF_PathVertex { x: 1.190185546875, y: 1.0, tan_in_x: 1.190185546875, tan_in_y: 1.0, tan_out_x: 1.190185546875, tan_out_y: 1.0 }
vertex[3554]=PF_PathVertex { x: 415.0, y: 473.0, tan_in_x: 415.0, tan_in_y: 473.0, tan_out_x: 415.0, tan_out_y: 473.0 }
vertex[3555]=PF_PathVertex { x: 1.049072265625, y: 1.0, tan_in_x: 1.049072265625, tan_in_y: 1.0, tan_out_x: 1.049072265625, tan_out_y: 1.0 }
vertex[3556]=PF_PathVertex { x: 418.0, y: 468.0, tan_in_x: 418.0, tan_in_y: 468.0, tan_out_x: 418.0, tan_out_y: 468.0 }
vertex[3557]=PF_PathVertex { x: 1.0235595703125, y: 1.0, tan_in_x: 1.0235595703125, tan_in_y: 1.0, tan_out_x: 1.0235595703125, tan_out_y: 1.0 }
vertex[3558]=PF_PathVertex { x: 412.0, y: 477.0, tan_in_x: 412.0, tan_in_y: 477.0, tan_out_x: 412.0, tan_out_y: 477.0 }
vertex[3559]=PF_PathVertex { x: 1.2186279296875, y: 1.0, tan_in_x: 1.2186279296875, tan_in_y: 1.0, tan_out_x: 1.2186279296875, tan_out_y: 1.0 }
vertex[3560]=PF_PathVertex { x: 412.0, y: 478.0, tan_in_x: 412.0, tan_in_y: 478.0, tan_out_x: 412.0, tan_out_y: 478.0 }
vertex[3561]=PF_PathVertex { x: 1.0833740234375, y: 1.0, tan_in_x: 1.0833740234375, tan_in_y: 1.0, tan_out_x: 1.0833740234375, tan_out_y: 1.0 }
vertex[3562]=PF_PathVertex { x: 413.0, y: 477.0, tan_in_x: 413.0, tan_in_y: 477.0, tan_out_x: 413.0, tan_out_y: 477.0 }
vertex[3563]=PF_PathVertex { x: 1.0078125, y: 1.0, tan_in_x: 1.0078125, tan_in_y: 1.0, tan_out_x: 1.0078125, tan_out_y: 1.0 }
vertex[3564]=PF_PathVertex { x: 425.0, y: 450.0, tan_in_x: 425.0, tan_in_y: 450.0, tan_out_x: 425.0, tan_out_y: 450.0 }
vertex[3565]=PF_PathVertex { x: 1.25, y: 2.0, tan_in_x: 1.25, tan_in_y: 2.0, tan_out_x: 1.25, tan_out_y: 2.0 }
vertex[3566]=PF_PathVertex { x: 426.0, y: 450.0, tan_in_x: 426.0, tan_in_y: 450.0, tan_out_x: 426.0, tan_out_y: 450.0 }
vertex[3567]=PF_PathVertex { x: 1.25, y: 2.0, tan_in_x: 1.25, tan_in_y: 2.0, tan_out_x: 1.25, tan_out_y: 2.0 }
vertex[3568]=PF_PathVertex { x: 427.0, y: 450.0, tan_in_x: 427.0, tan_in_y: 450.0, tan_out_x: 427.0, tan_out_y: 450.0 }
vertex[3569]=PF_PathVertex { x: 1.25, y: 1.0, tan_in_x: 1.25, tan_in_y: 1.0, tan_out_x: 1.25, tan_out_y: 1.0 }
vertex[3570]=PF_PathVertex { x: 427.0, y: 451.0, tan_in_x: 427.0, tan_in_y: 451.0, tan_out_x: 427.0, tan_out_y: 451.0 }
vertex[3571]=PF_PathVertex { x: 1.190185546875, y: 1.0, tan_in_x: 1.190185546875, tan_in_y: 1.0, tan_out_x: 1.190185546875, tan_out_y: 1.0 }
vertex[3572]=PF_PathVertex { x: 425.0, y: 452.0, tan_in_x: 425.0, tan_in_y: 452.0, tan_out_x: 425.0, tan_out_y: 452.0 }
vertex[3573]=PF_PathVertex { x: 1.25, y: 2.0, tan_in_x: 1.25, tan_in_y: 2.0, tan_out_x: 1.25, tan_out_y: 2.0 }
vertex[3574]=PF_PathVertex { x: 426.0, y: 452.0, tan_in_x: 426.0, tan_in_y: 452.0, tan_out_x: 426.0, tan_out_y: 452.0 }
vertex[3575]=PF_PathVertex { x: 1.2490234375, y: 1.0, tan_in_x: 1.2490234375, tan_in_y: 1.0, tan_out_x: 1.2490234375, tan_out_y: 1.0 }
vertex[3576]=PF_PathVertex { x: 426.0, y: 453.0, tan_in_x: 426.0, tan_in_y: 453.0, tan_out_x: 426.0, tan_out_y: 453.0 }
vertex[3577]=PF_PathVertex { x: 1.1549072265625, y: 1.0, tan_in_x: 1.1549072265625, tan_in_y: 1.0, tan_out_x: 1.1549072265625, tan_out_y: 1.0 }
vertex[3578]=PF_PathVertex { x: 427.0, y: 452.0, tan_in_x: 427.0, tan_in_y: 452.0, tan_out_x: 427.0, tan_out_y: 452.0 }
vertex[3579]=PF_PathVertex { x: 1.049072265625, y: 1.0, tan_in_x: 1.049072265625, tan_in_y: 1.0, tan_out_x: 1.049072265625, tan_out_y: 1.0 }
vertex[3580]=PF_PathVertex { x: 428.0, y: 450.0, tan_in_x: 428.0, tan_in_y: 450.0, tan_out_x: 428.0, tan_out_y: 450.0 }
vertex[3581]=PF_PathVertex { x: 1.0833740234375, y: 1.0, tan_in_x: 1.0833740234375, tan_in_y: 1.0, tan_out_x: 1.0833740234375, tan_out_y: 1.0 }
vertex[3582]=PF_PathVertex { x: 425.0, y: 454.0, tan_in_x: 425.0, tan_in_y: 454.0, tan_out_x: 425.0, tan_out_y: 454.0 }
vertex[3583]=PF_PathVertex { x: 1.23828125, y: 1.0, tan_in_x: 1.23828125, tan_in_y: 1.0, tan_out_x: 1.23828125, tan_out_y: 1.0 }
vertex[3584]=PF_PathVertex { x: 425.0, y: 455.0, tan_in_x: 425.0, tan_in_y: 455.0, tan_out_x: 425.0, tan_out_y: 455.0 }
vertex[3585]=PF_PathVertex { x: 1.11865234375, y: 1.0, tan_in_x: 1.11865234375, tan_in_y: 1.0, tan_out_x: 1.11865234375, tan_out_y: 1.0 }
vertex[3586]=PF_PathVertex { x: 426.0, y: 454.0, tan_in_x: 426.0, tan_in_y: 454.0, tan_out_x: 426.0, tan_out_y: 454.0 }
vertex[3587]=PF_PathVertex { x: 1.0235595703125, y: 1.0, tan_in_x: 1.0235595703125, tan_in_y: 1.0, tan_out_x: 1.0235595703125, tan_out_y: 1.0 }
vertex[3588]=PF_PathVertex { x: 425.0, y: 456.0, tan_in_x: 425.0, tan_in_y: 456.0, tan_out_x: 425.0, tan_out_y: 456.0 }
vertex[3589]=PF_PathVertex { x: 1.0078125, y: 1.0, tan_in_x: 1.0078125, tan_in_y: 1.0, tan_out_x: 1.0078125, tan_out_y: 1.0 }
vertex[3590]=PF_PathVertex { x: 400.0, y: 487.0, tan_in_x: 400.0, tan_in_y: 487.0, tan_out_x: 400.0, tan_out_y: 487.0 }
vertex[3591]=PF_PathVertex { x: 3.25, y: 4.0, tan_in_x: 3.25, tan_in_y: 4.0, tan_out_x: 3.25, tan_out_y: 4.0 }
vertex[3592]=PF_PathVertex { x: 403.0, y: 487.0, tan_in_x: 403.0, tan_in_y: 487.0, tan_out_x: 403.0, tan_out_y: 487.0 }
vertex[3593]=PF_PathVertex { x: 3.25, y: 2.0, tan_in_x: 3.25, tan_in_y: 2.0, tan_out_x: 3.25, tan_out_y: 2.0 }
vertex[3594]=PF_PathVertex { x: 403.0, y: 489.0, tan_in_x: 403.0, tan_in_y: 489.0, tan_out_x: 403.0, tan_out_y: 489.0 }
vertex[3595]=PF_PathVertex { x: 1.25, y: 2.0, tan_in_x: 1.25, tan_in_y: 2.0, tan_out_x: 1.25, tan_out_y: 2.0 }
vertex[3596]=PF_PathVertex { x: 404.0, y: 489.0, tan_in_x: 404.0, tan_in_y: 489.0, tan_out_x: 404.0, tan_out_y: 489.0 }
vertex[3597]=PF_PathVertex { x: 1.25, y: 2.0, tan_in_x: 1.25, tan_in_y: 2.0, tan_out_x: 1.25, tan_out_y: 2.0 }
vertex[3598]=PF_PathVertex { x: 405.0, y: 489.0, tan_in_x: 405.0, tan_in_y: 489.0, tan_out_x: 405.0, tan_out_y: 489.0 }
vertex[3599]=PF_PathVertex { x: 1.23828125, y: 1.0, tan_in_x: 1.23828125, tan_in_y: 1.0, tan_out_x: 1.23828125, tan_out_y: 1.0 }
vertex[3600]=PF_PathVertex { x: 405.0, y: 490.0, tan_in_x: 405.0, tan_in_y: 490.0, tan_out_x: 405.0, tan_out_y: 490.0 }
vertex[3601]=PF_PathVertex { x: 1.11865234375, y: 1.0, tan_in_x: 1.11865234375, tan_in_y: 1.0, tan_out_x: 1.11865234375, tan_out_y: 1.0 }
vertex[3602]=PF_PathVertex { x: 400.0, y: 491.0, tan_in_x: 400.0, tan_in_y: 491.0, tan_out_x: 400.0, tan_out_y: 491.0 }
vertex[3603]=PF_PathVertex { x: 3.25, y: 2.0, tan_in_x: 3.25, tan_in_y: 2.0, tan_out_x: 3.25, tan_out_y: 2.0 }
vertex[3604]=PF_PathVertex { x: 400.0, y: 493.0, tan_in_x: 400.0, tan_in_y: 493.0, tan_out_x: 400.0, tan_out_y: 493.0 }
vertex[3605]=PF_PathVertex { x: 1.25, y: 3.0, tan_in_x: 1.25, tan_in_y: 3.0, tan_out_x: 1.25, tan_out_y: 3.0 }
vertex[3606]=PF_PathVertex { x: 401.0, y: 493.0, tan_in_x: 401.0, tan_in_y: 493.0, tan_out_x: 401.0, tan_out_y: 493.0 }
vertex[3607]=PF_PathVertex { x: 2.25, y: 1.0, tan_in_x: 2.25, tan_in_y: 1.0, tan_out_x: 2.25, tan_out_y: 1.0 }
vertex[3608]=PF_PathVertex { x: 401.0, y: 494.0, tan_in_x: 401.0, tan_in_y: 494.0, tan_out_x: 401.0, tan_out_y: 494.0 }
vertex[3609]=PF_PathVertex { x: 1.25, y: 2.0, tan_in_x: 1.25, tan_in_y: 2.0, tan_out_x: 1.25, tan_out_y: 2.0 }
vertex[3610]=PF_PathVertex { x: 402.0, y: 494.0, tan_in_x: 402.0, tan_in_y: 494.0, tan_out_x: 402.0, tan_out_y: 494.0 }
vertex[3611]=PF_PathVertex { x: 1.2490234375, y: 1.0, tan_in_x: 1.2490234375, tan_in_y: 1.0, tan_out_x: 1.2490234375, tan_out_y: 1.0 }
vertex[3612]=PF_PathVertex { x: 402.0, y: 495.0, tan_in_x: 402.0, tan_in_y: 495.0, tan_out_x: 402.0, tan_out_y: 495.0 }
vertex[3613]=PF_PathVertex { x: 1.1549072265625, y: 1.0, tan_in_x: 1.1549072265625, tan_in_y: 1.0, tan_out_x: 1.1549072265625, tan_out_y: 1.0 }
vertex[3614]=PF_PathVertex { x: 403.0, y: 491.0, tan_in_x: 403.0, tan_in_y: 491.0, tan_out_x: 403.0, tan_out_y: 491.0 }
vertex[3615]=PF_PathVertex { x: 1.25, y: 2.0, tan_in_x: 1.25, tan_in_y: 2.0, tan_out_x: 1.25, tan_out_y: 2.0 }
vertex[3616]=PF_PathVertex { x: 404.0, y: 491.0, tan_in_x: 404.0, tan_in_y: 491.0, tan_out_x: 404.0, tan_out_y: 491.0 }
vertex[3617]=PF_PathVertex { x: 1.2186279296875, y: 1.0, tan_in_x: 1.2186279296875, tan_in_y: 1.0, tan_out_x: 1.2186279296875, tan_out_y: 1.0 }
vertex[3618]=PF_PathVertex { x: 404.0, y: 492.0, tan_in_x: 404.0, tan_in_y: 492.0, tan_out_x: 404.0, tan_out_y: 492.0 }
vertex[3619]=PF_PathVertex { x: 1.0833740234375, y: 1.0, tan_in_x: 1.0833740234375, tan_in_y: 1.0, tan_out_x: 1.0833740234375, tan_out_y: 1.0 }
vertex[3620]=PF_PathVertex { x: 405.0, y: 491.0, tan_in_x: 405.0, tan_in_y: 491.0, tan_out_x: 405.0, tan_out_y: 491.0 }
vertex[3621]=PF_PathVertex { x: 1.0078125, y: 1.0, tan_in_x: 1.0078125, tan_in_y: 1.0, tan_out_x: 1.0078125, tan_out_y: 1.0 }
vertex[3622]=PF_PathVertex { x: 403.0, y: 493.0, tan_in_x: 403.0, tan_in_y: 493.0, tan_out_x: 403.0, tan_out_y: 493.0 }
vertex[3623]=PF_PathVertex { x: 1.190185546875, y: 1.0, tan_in_x: 1.190185546875, tan_in_y: 1.0, tan_out_x: 1.190185546875, tan_out_y: 1.0 }
vertex[3624]=PF_PathVertex { x: 403.0, y: 494.0, tan_in_x: 403.0, tan_in_y: 494.0, tan_out_x: 403.0, tan_out_y: 494.0 }
vertex[3625]=PF_PathVertex { x: 1.049072265625, y: 1.0, tan_in_x: 1.049072265625, tan_in_y: 1.0, tan_out_x: 1.049072265625, tan_out_y: 1.0 }
vertex[3626]=PF_PathVertex { x: 406.0, y: 487.0, tan_in_x: 406.0, tan_in_y: 487.0, tan_out_x: 406.0, tan_out_y: 487.0 }
vertex[3627]=PF_PathVertex { x: 1.2490234375, y: 1.0, tan_in_x: 1.2490234375, tan_in_y: 1.0, tan_out_x: 1.2490234375, tan_out_y: 1.0 }
vertex[3628]=PF_PathVertex { x: 406.0, y: 488.0, tan_in_x: 406.0, tan_in_y: 488.0, tan_out_x: 406.0, tan_out_y: 488.0 }
vertex[3629]=PF_PathVertex { x: 1.1549072265625, y: 1.0, tan_in_x: 1.1549072265625, tan_in_y: 1.0, tan_out_x: 1.1549072265625, tan_out_y: 1.0 }
vertex[3630]=PF_PathVertex { x: 407.0, y: 487.0, tan_in_x: 407.0, tan_in_y: 487.0, tan_out_x: 407.0, tan_out_y: 487.0 }
vertex[3631]=PF_PathVertex { x: 1.049072265625, y: 1.0, tan_in_x: 1.049072265625, tan_in_y: 1.0, tan_out_x: 1.049072265625, tan_out_y: 1.0 }
vertex[3632]=PF_PathVertex { x: 406.0, y: 489.0, tan_in_x: 406.0, tan_in_y: 489.0, tan_out_x: 406.0, tan_out_y: 489.0 }
vertex[3633]=PF_PathVertex { x: 1.0235595703125, y: 1.0, tan_in_x: 1.0235595703125, tan_in_y: 1.0, tan_out_x: 1.0235595703125, tan_out_y: 1.0 }
vertex[3634]=PF_PathVertex { x: 400.0, y: 496.0, tan_in_x: 400.0, tan_in_y: 496.0, tan_out_x: 400.0, tan_out_y: 496.0 }
vertex[3635]=PF_PathVertex { x: 1.25, y: 2.0, tan_in_x: 1.25, tan_in_y: 2.0, tan_out_x: 1.25, tan_out_y: 2.0 }
vertex[3636]=PF_PathVertex { x: 401.0, y: 496.0, tan_in_x: 401.0, tan_in_y: 496.0, tan_out_x: 401.0, tan_out_y: 496.0 }
vertex[3637]=PF_PathVertex { x: 1.23828125, y: 1.0, tan_in_x: 1.23828125, tan_in_y: 1.0, tan_out_x: 1.23828125, tan_out_y: 1.0 }
vertex[3638]=PF_PathVertex { x: 401.0, y: 497.0, tan_in_x: 401.0, tan_in_y: 497.0, tan_out_x: 401.0, tan_out_y: 497.0 }
vertex[3639]=PF_PathVertex { x: 1.11865234375, y: 1.0, tan_in_x: 1.11865234375, tan_in_y: 1.0, tan_out_x: 1.11865234375, tan_out_y: 1.0 }
vertex[3640]=PF_PathVertex { x: 402.0, y: 496.0, tan_in_x: 402.0, tan_in_y: 496.0, tan_out_x: 402.0, tan_out_y: 496.0 }
vertex[3641]=PF_PathVertex { x: 1.0235595703125, y: 1.0, tan_in_x: 1.0235595703125, tan_in_y: 1.0, tan_out_x: 1.0235595703125, tan_out_y: 1.0 }
vertex[3642]=PF_PathVertex { x: 400.0, y: 498.0, tan_in_x: 400.0, tan_in_y: 498.0, tan_out_x: 400.0, tan_out_y: 498.0 }
vertex[3643]=PF_PathVertex { x: 1.2186279296875, y: 1.0, tan_in_x: 1.2186279296875, tan_in_y: 1.0, tan_out_x: 1.2186279296875, tan_out_y: 1.0 }
vertex[3644]=PF_PathVertex { x: 400.0, y: 499.0, tan_in_x: 400.0, tan_in_y: 499.0, tan_out_x: 400.0, tan_out_y: 499.0 }
vertex[3645]=PF_PathVertex { x: 1.0833740234375, y: 1.0, tan_in_x: 1.0833740234375, tan_in_y: 1.0, tan_out_x: 1.0833740234375, tan_out_y: 1.0 }
vertex[3646]=PF_PathVertex { x: 401.0, y: 498.0, tan_in_x: 401.0, tan_in_y: 498.0, tan_out_x: 401.0, tan_out_y: 498.0 }
vertex[3647]=PF_PathVertex { x: 1.0078125, y: 1.0, tan_in_x: 1.0078125, tan_in_y: 1.0, tan_out_x: 1.0078125, tan_out_y: 1.0 }

[time=1789897368216 pid=32872 thread=ThreadId(3)]
PF_AUXILIARY
auxiliary_channel_count=0
auxiliary_coverage_found=false

